case_id,nfp,n_base_coils,status,score,iota_min,iota_max,iota_midpoint,iota_sign
0,4,1,no_axis,0.12840045939306682,,,,missing
1,5,1,ok,3.2966476665704314,-0.8142839074134827,-0.699616559271637,-0.7569502333425598,negative
2,6,1,no_surface,0.35816915536510463,,,,missing
3,7,1,no_surface,0.3000697989785557,,,,missing
4,8,1,ok,7.350381306249543,-1.4629775024283467,-1.4494959591054297,-1.4562367307668882,negative
5,2,2,no_axis,0.12177975875592212,,,,missing
6,3,2,no_axis,0.12443888535674652,,,,missing
7,4,2,no_axis,0.12258722302796357,,,,missing
8,5,2,no_surface,0.27661209483314136,,,,missing
9,6,2,no_axis,0.11723436602100262,,,,missing
10,7,2,ok,3.687148637430736,-0.5612358656012818,-0.5558752296764019,-0.5585555476388419,negative
11,8,2,no_surface,0.3073649131069033,,,,missing
12,2,3,no_axis,0.11994809145085589,,,,missing
13,3,3,no_axis,0.11817931133700772,,,,missing
14,4,3,no_axis,0.12217568608013095,,,,missing
15,5,3,ok,1.6411762379855184,-0.6267494559288025,-0.5427665804752749,-0.5847580182020387,negative
16,6,3,drift_rejected,0.3135282712832172,,,,missing
17,7,3,ok,11.261710740035717,-0.6226403651515916,-0.557843029499054,-0.5902416973253228,negative
18,8,3,no_surface,0.2463556046336017,,,,missing
19,2,4,no_axis,0.11909513390619285,,,,missing
20,3,4,no_surface,0.2520430275883418,,,,missing
21,4,4,no_axis,0.10791309400679686,,,,missing
22,5,4,no_axis,0.11051401499195664,,,,missing
23,6,4,no_axis,0.1097800243033969,,,,missing
24,7,4,no_surface,0.23540144455275863,,,,missing
25,8,4,ok,10.49596348004548,-0.44848837641804873,-0.34184345602989197,-0.39516591622397035,negative
26,4,1,no_surface,0.33136184603078583,,,,missing
27,5,1,no_axis,0.12536144859633758,,,,missing
28,6,1,ok,4.656038115659658,-0.9439501814356874,-0.9280132949352264,-0.9359817381854569,negative
29,7,1,ok,3.0658583017782717,-0.8520592188212027,-0.6430193185806274,-0.747539268700915,negative
30,8,1,no_axis,0.1220006306247413,,,,missing
31,2,2,no_axis,0.12065345272101165,,,,missing
32,3,2,no_surface,0.25058728470231156,,,,missing
33,4,2,no_axis,0.11994558482826863,,,,missing
34,5,2,no_axis,0.11730387024673855,,,,missing
35,6,2,no_surface,0.24289827849055184,,,,missing
36,7,2,no_surface,0.29319299927457,,,,missing
37,8,2,ok,41.28193800856665,-0.9215277694165707,-0.9034762509831732,-0.912502010199872,negative
38,2,3,no_axis,0.12264055935679992,,,,missing
39,3,3,no_axis,0.12649960324055506,,,,missing
40,4,3,drift_rejected,0.26848569703203123,,,,missing
41,5,3,no_axis,0.11050626174731507,,,,missing
42,6,3,drift_rejected,0.39185999102523233,,,,missing
43,7,3,ok,4.211416969701311,-0.6157423869847075,-0.5775459855794907,-0.596644186282099,negative
44,8,3,no_surface,0.2542582253204664,,,,missing
45,2,4,no_axis,0.12005648578860194,,,,missing
46,3,4,no_axis,0.11337309399062732,,,,missing
47,4,4,drift_rejected,0.2822980547513173,,,,missing
48,5,4,no_axis,0.11221704067231285,,,,missing
49,6,4,no_axis,0.10689655856796379,,,,missing
50,7,4,no_axis,0.11030453645246766,,,,missing
51,8,4,no_surface,0.27832416301280954,,,,missing
52,4,1,no_surface,0.3328819750368011,,,,missing
53,5,1,no_surface,0.2858286755916262,,,,missing
54,6,1,no_axis,0.11399150327152854,,,,missing
55,7,1,no_axis,0.12269639776693769,,,,missing
56,8,1,no_axis,0.1155666448069799,,,,missing
57,2,2,no_surface,0.2765994547504617,,,,missing
58,3,2,no_surface,0.27606045039198296,,,,missing
59,4,2,no_axis,0.12034434292769658,,,,missing
60,5,2,no_axis,0.10915577845460389,,,,missing
61,6,2,drift_rejected,0.34505173712877113,,,,missing
62,7,2,no_surface,0.25535630252425195,,,,missing
63,8,2,ok,30.837281361496863,-0.8010563305992598,-0.7883617920187268,-0.7947090613089933,negative
64,2,3,no_axis,0.12034389431433071,,,,missing
65,3,3,no_axis,0.1218456375929947,,,,missing
66,4,3,no_axis,0.11881327350463294,,,,missing
67,5,3,no_axis,0.11036188757326137,,,,missing
68,6,3,no_surface,0.3130908299245484,,,,missing
69,7,3,ok,4.360060735327644,-0.7503529053896266,-0.44417351484298706,-0.5972632101163069,negative
70,8,3,ok,25.070024547118482,-0.9708418250083923,-0.9041378497382556,-0.937489837373324,negative
71,2,4,no_axis,0.12043969881523237,,,,missing
72,3,4,no_axis,0.11543103543379943,,,,missing
73,4,4,no_axis,0.10848027420661702,,,,missing
74,5,4,no_axis,0.11206722358906779,,,,missing
75,6,4,no_surface,0.24345785704003206,,,,missing
76,7,4,no_surface,0.2456328133167166,,,,missing
77,8,4,no_axis,0.10974236976389136,,,,missing
78,4,1,no_axis,0.12692087834356977,,,,missing
79,5,1,no_surface,0.35789062500628166,,,,missing
80,6,1,no_axis,0.12553524906082622,,,,missing
81,7,1,ok,7.435817418179065,-1.57845538854599,-1.477930627073705,-1.5281930078098473,negative
82,8,1,no_surface,0.3436374768457486,,,,missing
83,2,2,no_axis,0.12258115483842336,,,,missing
84,3,2,no_axis,0.11867713706522023,,,,missing
85,4,2,no_axis,0.11826058223883307,,,,missing
86,5,2,no_axis,0.12030026751097436,,,,missing
87,6,2,no_axis,0.1188917955961657,,,,missing
88,7,2,ok,5.53627876022124,-0.8973363084021768,-0.8409415243707331,-0.8691389163864549,negative
89,8,2,no_axis,0.10754953988793314,,,,missing
90,2,3,no_axis,0.12010597724659236,,,,missing
91,3,3,no_axis,0.12041190010883096,,,,missing
92,4,3,drift_rejected,0.298911412831191,,,,missing
93,5,3,ok,4.841950888157096,-0.8071766002193037,-0.7871757016366364,-0.79717615092797,negative
94,6,3,ok,14.905104487617011,-0.5378870550688447,-0.5279335945087417,-0.5329103247887932,negative
95,7,3,drift_rejected,0.3635146174943108,,,,missing
96,8,3,ok,19.656608819855737,-0.6013017634574042,-0.5427088623326812,-0.5720053128950426,negative
97,2,4,no_surface,0.2503858829401614,,,,missing
98,3,4,no_surface,0.2803161287009691,,,,missing
99,4,4,no_axis,0.12099342706543714,,,,missing
100,5,4,no_axis,0.115497811113254,,,,missing
101,6,4,no_axis,0.1103052651566679,,,,missing
102,7,4,no_surface,0.27419549808857835,,,,missing
103,8,4,no_axis,0.10342978881340348,,,,missing
104,4,1,no_surface,0.27433988919866137,,,,missing
105,5,1,no_axis,0.1273993434041513,,,,missing
106,6,1,no_surface,0.3157913837080865,,,,missing
107,7,1,no_surface,0.32858200666394466,,,,missing
108,8,1,drift_rejected,0.3498785643827548,,,,missing
109,2,2,no_axis,0.12325438703845491,,,,missing
110,3,2,no_surface,0.2550219957296551,,,,missing
111,4,2,no_axis,0.12433828832196825,,,,missing
112,5,2,no_axis,0.12175522855164414,,,,missing
113,6,2,no_axis,0.11857351781374668,,,,missing
114,7,2,no_axis,0.11091880192764786,,,,missing
115,8,2,ok,7.47291671503386,-1.4317108392715454,-1.1219970817622296,-1.2768539605168874,negative
116,2,3,no_axis,0.11976987536436344,,,,missing
117,3,3,no_axis,0.11802379529138472,,,,missing
118,4,3,no_axis,0.11593219463272016,,,,missing
119,5,3,no_axis,0.11562837223460887,,,,missing
120,6,3,no_axis,0.1138175992560095,,,,missing
121,7,3,ok,24.9347347149028,-0.7185220662732751,-0.7074959221306004,-0.7130089942019378,negative
122,8,3,no_surface,0.2558567340811789,,,,missing
123,2,4,no_axis,0.1171144015599241,,,,missing
124,3,4,no_axis,0.11850476665117884,,,,missing
125,4,4,no_axis,0.11391451595709033,,,,missing
126,5,4,no_axis,0.1127281471966519,,,,missing
127,6,4,no_axis,0.10747221153953951,,,,missing
128,7,4,no_axis,0.11561645725357561,,,,missing
129,8,4,no_surface,0.2414718419053036,,,,missing
130,4,1,no_surface,0.361402025528623,,,,missing
131,5,1,no_axis,0.12152201991734245,,,,missing
132,6,1,ok,5.486783232799405,-0.9409420788288116,-0.9276083147755968,-0.9342751968022043,negative
133,7,1,ok,5.394585499509,-1.3571211099624634,-1.0743034599737076,-1.2157122849680855,negative
134,8,1,drift_rejected,0.34498546115980067,,,,missing
135,2,2,no_axis,0.12209976261855333,,,,missing
136,3,2,no_axis,0.11761726562379621,,,,missing
137,4,2,drift_rejected,0.2854324707485763,,,,missing
138,5,2,no_surface,0.3106658673925645,,,,missing
139,6,2,no_axis,0.11319179919836093,,,,missing
140,7,2,no_surface,0.2704612740265703,,,,missing
141,8,2,ok,14.227210361197669,-0.861043605953455,-0.8509026322115305,-0.8559731190824927,negative
142,2,3,no_axis,0.12099547134675866,,,,missing
143,3,3,no_surface,0.25531859774182414,,,,missing
144,4,3,drift_rejected,0.26181287677119164,,,,missing
145,5,3,drift_rejected,0.34612900178006434,,,,missing
146,6,3,no_axis,0.10779221741352883,,,,missing
147,7,3,no_surface,0.2457147319800188,,,,missing
148,8,3,ok,29.200522858235473,-0.8571086055664906,-0.7904556691646576,-0.823782137365574,negative
149,2,4,no_axis,0.1159919671695054,,,,missing
150,3,4,no_axis,0.11744957729031413,,,,missing
151,4,4,no_axis,0.11940437514197022,,,,missing
152,5,4,no_axis,0.10400943314512234,,,,missing
153,6,4,no_axis,0.11738630695266601,,,,missing
154,7,4,no_surface,0.2468646919561361,,,,missing
155,8,4,ok,18.021751896498156,-0.5626885618790818,-0.5532548330722914,-0.5579716974756865,negative
156,4,1,drift_rejected,0.3585049192999251,,,,missing
157,5,1,no_axis,0.12095872192713475,,,,missing
158,6,1,drift_rejected,0.36851355607942066,,,,missing
159,7,1,drift_rejected,0.34491366252557537,,,,missing
160,8,1,no_axis,0.1206553928531369,,,,missing
161,2,2,no_axis,0.12437800047978205,,,,missing
162,3,2,no_axis,0.12077598968345699,,,,missing
163,4,2,no_surface,0.2702068084425405,,,,missing
164,5,2,drift_rejected,0.3576888203496925,,,,missing
165,6,2,no_axis,0.1066692859400683,,,,missing
166,7,2,ok,8.429191281196413,-0.9015865413185927,-0.8634453689087785,-0.8825159551136856,negative
167,8,2,ok,4.827440579121869,-0.40119413230751805,-0.24833214282989502,-0.32476313756870656,negative
168,2,3,no_axis,0.12038888924287974,,,,missing
169,3,3,no_surface,0.2575320177349042,,,,missing
170,4,3,no_surface,0.24554421049809394,,,,missing
171,5,3,no_axis,0.11643038372083947,,,,missing
172,6,3,no_surface,0.2673474581557441,,,,missing
173,7,3,ok,5.976820656550966,-1.3976397514343262,-1.1849082926418268,-1.2912740220380765,negative
174,8,3,drift_rejected,0.35395396636631293,,,,missing
175,2,4,no_axis,0.11702465077651847,,,,missing
176,3,4,no_axis,0.11916806868192127,,,,missing
177,4,4,no_surface,0.25334770089053865,,,,missing
178,5,4,no_axis,0.11444875056743714,,,,missing
179,6,4,no_axis,0.10740331769311234,,,,missing
180,7,4,no_axis,0.10779362814117369,,,,missing
181,8,4,no_axis,0.11100849348645832,,,,missing
182,4,1,no_surface,0.2720852416981437,,,,missing
183,5,1,ok,3.8005116222804745,-0.9828722178936005,-0.9154240709511755,-0.9491481444223879,negative
184,6,1,drift_rejected,0.3298491053010595,,,,missing
185,7,1,no_surface,0.3187953667580766,,,,missing
186,8,1,ok,6.3562028645336355,-1.6117990612983704,-1.5390467381963502,-1.5754228997473603,negative
187,2,2,no_axis,0.12391063910184386,,,,missing
188,3,2,no_axis,0.1239873616413652,,,,missing
189,4,2,drift_rejected,0.35405961674094855,,,,missing
190,5,2,ok,2.457214537220067,-0.5075769284673655,-0.4842166006565094,-0.49589676456193743,negative
191,6,2,ok,2.9230990021600634,-1.1150456666946411,-0.7974745899424801,-0.9562601283185606,negative
192,7,2,ok,6.066459933787459,-0.6457799873914793,-0.6329799633139195,-0.6393799753526994,negative
193,8,2,no_surface,0.25686686823233634,,,,missing
194,2,3,no_axis,0.12180351226760971,,,,missing
195,3,3,no_axis,0.12201984214787054,,,,missing
196,4,3,no_axis,0.11041592592173399,,,,missing
197,5,3,no_axis,0.11188985600750873,,,,missing
198,6,3,no_surface,0.2623739673134379,,,,missing
199,7,3,ok,24.435789693344873,-0.7351310297737814,-0.6449248194694519,-0.6900279246216167,negative
200,8,3,ok,15.929803511924375,-0.5316603348590001,-0.46779865026474,-0.49972949256187005,negative
201,2,4,no_axis,0.11611153239645494,,,,missing
202,3,4,no_axis,0.1163310613591214,,,,missing
203,4,4,no_axis,0.11034887752000762,,,,missing
204,5,4,no_axis,0.11491182854900697,,,,missing
205,6,4,no_axis,0.11363499255634034,,,,missing
206,7,4,ok,38.375340606588274,-0.9637544644065201,-0.9511941707276783,-0.9574743175670992,negative
207,8,4,no_axis,0.11100942076468026,,,,missing
208,4,1,no_surface,0.33180158352145633,,,,missing
209,5,1,no_surface,0.3156191447682728,,,,missing
210,6,1,ok,4.361456933621393,-1.472751259803772,-1.309042864949918,-1.3908970623768449,negative
211,7,1,drift_rejected,0.3315470884362827,,,,missing
212,8,1,drift_rejected,0.3232317791621631,,,,missing
213,2,2,no_axis,0.12417745219568727,,,,missing
214,3,2,no_axis,0.11980478231854062,,,,missing
215,4,2,no_axis,0.11904000943734544,,,,missing
216,5,2,no_axis,0.12169698809360757,,,,missing
217,6,2,no_axis,0.12052449107662143,,,,missing
218,7,2,no_axis,0.1092952778983844,,,,missing
219,8,2,ok,35.65021416728973,-0.7881292684293172,-0.7561911568133495,-0.7721602126213334,negative
220,2,3,no_axis,0.12608224526366116,,,,missing
221,3,3,no_surface,0.26076088563004435,,,,missing
222,4,3,no_axis,0.11954567957077389,,,,missing
223,5,3,no_axis,0.114803731090722,,,,missing
224,6,3,no_axis,0.1090920571289959,,,,missing
225,7,3,no_axis,0.11538737887374861,,,,missing
226,8,3,no_surface,0.3020163999502046,,,,missing
227,2,4,no_axis,0.11981766802232066,,,,missing
228,3,4,no_axis,0.12253780183532328,,,,missing
229,4,4,no_axis,0.11254455027150484,,,,missing
230,5,4,no_axis,0.10965188542171898,,,,missing
231,6,4,no_axis,0.11568484458668248,,,,missing
232,7,4,no_surface,0.2709296126904092,,,,missing
233,8,4,no_surface,0.2428295149722454,,,,missing
234,4,1,no_axis,0.12747715360196887,,,,missing
235,5,1,no_surface,0.29679939497455127,,,,missing
236,6,1,drift_rejected,0.3661472637624202,,,,missing
237,7,1,ok,2.133952671641116,-0.596652260216439,-0.5170123279094696,-0.5568322940629543,negative
238,8,1,ok,7.291681005923008,-1.3323907107114792,-1.3137035020299945,-1.323047106370737,negative
239,2,2,no_axis,0.12500953857206687,,,,missing
240,3,2,no_axis,0.1210073403616482,,,,missing
241,4,2,no_axis,0.12256257712067034,,,,missing
242,5,2,drift_rejected,0.33630421037999864,,,,missing
243,6,2,no_axis,0.11150567501183595,,,,missing
244,7,2,no_axis,0.10909735894086314,,,,missing
245,8,2,no_surface,0.2807750917185724,,,,missing
246,2,3,no_axis,0.12562318342849735,,,,missing
247,3,3,no_surface,0.2513839481890553,,,,missing
248,4,3,no_axis,0.1115615523769728,,,,missing
249,5,3,no_axis,0.11405276355612388,,,,missing
250,6,3,no_surface,0.26417368736844105,,,,missing
251,7,3,drift_rejected,0.3198925590631891,,,,missing
252,8,3,no_surface,0.30404921713432764,,,,missing
253,2,4,no_axis,0.12202860741194346,,,,missing
254,3,4,no_axis,0.1236821778003736,,,,missing
255,4,4,no_axis,0.11071697104824126,,,,missing
256,5,4,no_axis,0.1120958968374095,,,,missing
257,6,4,no_axis,0.10905928756835968,,,,missing
258,7,4,ok,6.015277782074843,-1.3178996443748474,-1.1799322184436638,-1.2489159314092557,negative
259,8,4,no_axis,0.11178252585868005,,,,missing
260,4,1,no_axis,0.12666516002267442,,,,missing
261,5,1,drift_rejected,0.3409900342447107,,,,missing
262,6,1,drift_rejected,0.3531820548012139,,,,missing
263,7,1,no_axis,0.12238510862520041,,,,missing
264,8,1,ok,5.946531663745805,-0.940507037560913,-0.9168405532836914,-0.9286737954223022,negative
265,2,2,no_axis,0.12735091530115425,,,,missing
266,3,2,drift_rejected,0.2758633416378004,,,,missing
267,4,2,no_axis,0.12323214110234558,,,,missing
268,5,2,no_axis,0.1170412049369145,,,,missing
269,6,2,ok,8.712524234085391,-0.6348067844315735,-0.6291301454443993,-0.6319684649379864,negative
270,7,2,no_surface,0.3148195658839216,,,,missing
271,8,2,no_surface,0.2610796514146552,,,,missing
272,2,3,no_axis,0.11802976665454955,,,,missing
273,3,3,no_axis,0.11716226542584487,,,,missing
274,4,3,no_axis,0.1182967018856719,,,,missing
275,5,3,no_axis,0.11461203141915932,,,,missing
276,6,3,no_surface,0.28358041222332186,,,,missing
277,7,3,ok,7.949007726261242,-0.9976412831326554,-0.9718479812145233,-0.9847446321735893,negative
278,8,3,ok,10.627170841092363,-0.4903179364639828,-0.3481820523738861,-0.41924999441893446,negative
279,2,4,no_axis,0.11442469245533762,,,,missing
280,3,4,no_surface,0.24821033678756343,,,,missing
281,4,4,no_axis,0.12039060455390416,,,,missing
282,5,4,no_surface,0.29612073959535956,,,,missing
283,6,4,no_axis,0.11059531530670019,,,,missing
284,7,4,no_axis,0.11263955434886452,,,,missing
285,8,4,no_surface,0.25237747541840666,,,,missing
286,4,1,no_surface,0.29621619414957195,,,,missing
287,5,1,drift_rejected,0.28661925519808,,,,missing
288,6,1,ok,6.326976125389343,-0.9979578852653503,-0.9462195243607815,-0.972088704813066,negative
289,7,1,drift_rejected,0.3508644731216394,,,,missing
290,8,1,no_surface,0.33965473320286654,,,,missing
291,2,2,no_surface,0.2622027412845042,,,,missing
292,3,2,flux_rejected,0.2845296562415552,,,,missing
293,4,2,no_axis,0.12206424020776262,,,,missing
294,5,2,no_surface,0.2784160807538542,,,,missing
295,6,2,no_axis,0.1180788268955359,,,,missing
296,7,2,drift_rejected,0.2623124299343474,,,,missing
297,8,2,ok,10.120759232808078,-0.7699255590009255,-0.7479394357434739,-0.7589324973721997,negative
298,2,3,no_axis,0.11949515444739991,,,,missing
299,3,3,no_axis,0.11777868535948657,,,,missing
300,4,3,drift_rejected,0.3462788863250899,,,,missing
301,5,3,no_axis,0.1189979997038073,,,,missing
302,6,3,no_surface,0.2956865193431892,,,,missing
303,7,3,no_axis,0.10870751437596655,,,,missing
304,8,3,ok,15.288837509372259,-0.916427843272686,-0.900361387394822,-0.908394615333754,negative
305,2,4,no_axis,0.11695178155141386,,,,missing
306,3,4,no_axis,0.12004194221739269,,,,missing
307,4,4,no_axis,0.11204042430545802,,,,missing
308,5,4,no_surface,0.23936902016143835,,,,missing
309,6,4,no_axis,0.10701046026806212,,,,missing
310,7,4,no_axis,0.10932717255168184,,,,missing
311,8,4,no_surface,0.29262266792505165,,,,missing
312,4,1,no_axis,0.12883289970361442,,,,missing
313,5,1,ok,5.569758367710177,-0.9655492603778839,-0.9336241091047166,-0.9495866847413003,negative
314,6,1,no_surface,0.2990606547482606,,,,missing
315,7,1,ok,4.548249836414532,-0.8554125800728798,-0.8406183280496539,-0.8480154540612668,negative
316,8,1,no_surface,0.30621526033318286,,,,missing
317,2,2,no_axis,0.12458396148837608,,,,missing
318,3,2,no_axis,0.1228300438150922,,,,missing
319,4,2,no_axis,0.12325098595809932,,,,missing
320,5,2,ok,3.222761652184979,-0.8725206591852396,-0.8204606175422668,-0.8464906383637532,negative
321,6,2,no_surface,0.3026888247131507,,,,missing
322,7,2,ok,2.6083314464891774,-0.4967995549600337,-0.34099912643432617,-0.41889934069717993,negative
323,8,2,no_surface,0.31390680454199305,,,,missing
324,2,3,no_axis,0.11950531823425403,,,,missing
325,3,3,no_axis,0.1235766916144923,,,,missing
326,4,3,no_axis,0.11848009529142459,,,,missing
327,5,3,no_axis,0.11875021140574019,,,,missing
328,6,3,no_surface,0.2627483073202213,,,,missing
329,7,3,no_axis,0.10987601359914963,,,,missing
330,8,3,no_surface,0.25155540673441573,,,,missing
331,2,4,no_axis,0.12246120850071321,,,,missing
332,3,4,no_surface,0.25702829606154826,,,,missing
333,4,4,no_axis,0.11606738387814174,,,,missing
334,5,4,no_axis,0.11241441619726189,,,,missing
335,6,4,no_axis,0.11028902401449898,,,,missing
336,7,4,no_axis,0.10915616649740018,,,,missing
337,8,4,no_surface,0.23942333914638125,,,,missing
338,4,1,no_surface,0.2783249471250142,,,,missing
339,5,1,drift_rejected,0.37405561772708157,,,,missing
340,6,1,no_surface,0.3384964500093376,,,,missing
341,7,1,no_surface,0.3397959485812273,,,,missing
342,8,1,ok,6.109683868913466,-1.3419745042920113,-1.3291656882551393,-1.3355700962735753,negative
343,2,2,no_axis,0.1230753048887827,,,,missing
344,3,2,no_axis,0.12371270598919706,,,,missing
345,4,2,no_surface,0.2863988877810115,,,,missing
346,5,2,no_axis,0.1240928393375693,,,,missing
347,6,2,no_axis,0.11574831206082828,,,,missing
348,7,2,ok,5.77017545132417,-0.8176528811454773,-0.7689662584816519,-0.7933095698135646,negative
349,8,2,no_surface,0.27576481732516606,,,,missing
350,2,3,no_axis,0.1245584399490338,,,,missing
351,3,3,no_axis,0.12198121709999431,,,,missing
352,4,3,drift_rejected,0.2694153556266796,,,,missing
353,5,3,no_axis,0.1138257872625971,,,,missing
354,6,3,ok,12.614041031392663,-0.5454632271093722,-0.5406060442127526,-0.5430346356610625,negative
355,7,3,no_axis,0.11263545989220328,,,,missing
356,8,3,ok,2.164079432954765,-0.7299952766494626,-0.45149725675582886,-0.5907462667026457,negative
357,2,4,no_axis,0.11527203574312578,,,,missing
358,3,4,no_axis,0.1227255396564153,,,,missing
359,4,4,no_axis,0.11394813298907665,,,,missing
360,5,4,no_surface,0.278792710641982,,,,missing
361,6,4,no_axis,0.10955924549087277,,,,missing
362,7,4,no_axis,0.10630880430020138,,,,missing
363,8,4,drift_rejected,0.289941078492612,,,,missing
364,4,1,no_surface,0.2859065122502143,,,,missing
365,5,1,no_surface,0.3159310454513614,,,,missing
366,6,1,no_surface,0.27174890112354716,,,,missing
367,7,1,ok,5.63782200956257,-1.5040966272354126,-1.4091875278170016,-1.4566420775262072,negative
368,8,1,no_surface,0.30916593623299765,,,,missing
369,2,2,no_axis,0.1252532704589852,,,,missing
370,3,2,no_axis,0.12234012372181156,,,,missing
371,4,2,no_axis,0.11810160621468685,,,,missing
372,5,2,no_axis,0.11933838588287182,,,,missing
373,6,2,ok,6.199281762767057,-0.7906735447293096,-0.780441846978586,-0.7855576958539479,negative
374,7,2,ok,5.129455493396877,-0.7331184667976626,-0.7154470756649971,-0.7242827712313298,negative
375,8,2,no_surface,0.29216428739577,,,,missing
376,2,3,no_axis,0.12103753102304055,,,,missing
377,3,3,no_axis,0.11966732706234336,,,,missing
378,4,3,no_axis,0.1140823108146333,,,,missing
379,5,3,no_axis,0.10612340970833645,,,,missing
380,6,3,no_surface,0.276411282564866,,,,missing
381,7,3,drift_rejected,0.30683895542820516,,,,missing
382,8,3,no_axis,0.1110104470922621,,,,missing
383,2,4,no_axis,0.115587327825241,,,,missing
384,3,4,no_axis,0.11877309976161968,,,,missing
385,4,4,no_axis,0.11425757321602453,,,,missing
386,5,4,no_axis,0.1166737601331651,,,,missing
387,6,4,no_surface,0.29519139771426745,,,,missing
388,7,4,no_axis,0.1076047820511394,,,,missing
389,8,4,no_axis,0.10774045195088876,,,,missing
390,4,1,no_surface,0.3087477878606398,,,,missing
391,5,1,no_surface,0.35183861413958595,,,,missing
392,6,1,ok,5.198732367628976,-0.8765577966721377,-0.8572515696287155,-0.8669046831504266,negative
393,7,1,flux_rejected,0.3576576172600514,,,,missing
394,8,1,drift_rejected,0.30797295027401167,,,,missing
395,2,2,no_axis,0.12126518250974855,,,,missing
396,3,2,no_axis,0.12108775545068284,,,,missing
397,4,2,no_axis,0.12431317452187612,,,,missing
398,5,2,drift_rejected,0.3905666730715585,,,,missing
399,6,2,ok,2.9513663918625945,-0.6679615443109248,-0.6367197632789612,-0.652340653794943,negative
400,7,2,ok,4.746824619396755,-0.7874569291559601,-0.7612783716789261,-0.774367650417443,negative
401,8,2,no_axis,0.10965946914285514,,,,missing
402,2,3,no_axis,0.12031888271732552,,,,missing
403,3,3,no_axis,0.12116038978042493,,,,missing
404,4,3,no_axis,0.12175365415909685,,,,missing
405,5,3,no_axis,0.11772525393961475,,,,missing
406,6,3,no_axis,0.10923946403565994,,,,missing
407,7,3,ok,26.595731803466848,-0.7391425388745898,-0.7257286692344355,-0.7324356040545126,negative
408,8,3,ok,19.330420844824523,-0.6200576424598694,-0.604141082544068,-0.6120993625019686,negative
409,2,4,no_axis,0.12111166468948219,,,,missing
410,3,4,no_axis,0.11554721379444682,,,,missing
411,4,4,no_surface,0.2609095623670056,,,,missing
412,5,4,no_axis,0.1139254192512496,,,,missing
413,6,4,ok,9.587892569479132,-0.5411491375202061,-0.5133749097585678,-0.527262023639387,negative
414,7,4,no_surface,0.2518062374825101,,,,missing
415,8,4,no_axis,0.10294603383785901,,,,missing
416,4,1,ok,2.8236201097728553,-0.7078899458934972,-0.7029835495171743,-0.7054367477053358,negative
417,5,1,ok,2.414277107585626,-0.6293491067630664,-0.6031658798456192,-0.6162574933043428,negative
418,6,1,no_surface,0.2884543395510813,,,,missing
419,7,1,no_surface,0.3096246867326675,,,,missing
420,8,1,drift_rejected,0.38941546331566984,,,,missing
421,2,2,no_axis,0.1188547518896984,,,,missing
422,3,2,no_axis,0.1205327327193912,,,,missing
423,4,2,no_surface,0.2730026133645662,,,,missing
424,5,2,no_axis,0.11874932324600307,,,,missing
425,6,2,ok,4.90916778574401,-0.7799960672855377,-0.7620774136419344,-0.771036740463736,negative
426,7,2,ok,17.09891035319616,-0.6324178470099581,-0.6207474534032044,-0.6265826502065812,negative
427,8,2,no_surface,0.2946030626470321,,,,missing
428,2,3,no_axis,0.12101561775490054,,,,missing
429,3,3,no_axis,0.1209053364281232,,,,missing
430,4,3,no_axis,0.11584637027780341,,,,missing
431,5,3,no_surface,0.27198022570790636,,,,missing
432,6,3,ok,6.393638281282215,-0.42528579444293446,-0.41840168088674545,-0.42184373766483996,negative
433,7,3,no_surface,0.25586692086176505,,,,missing
434,8,3,no_axis,0.10866009597644753,,,,missing
435,2,4,no_axis,0.1211791784669344,,,,missing
436,3,4,no_axis,0.11173680362066662,,,,missing
437,4,4,no_surface,0.2549645096766146,,,,missing
438,5,4,no_axis,0.11256901157221162,,,,missing
439,6,4,no_axis,0.10737103788491897,,,,missing
440,7,4,no_axis,0.10744599960399731,,,,missing
441,8,4,no_surface,0.25241851784303243,,,,missing
442,4,1,no_surface,0.3171992108383199,,,,missing
443,5,1,flux_rejected,0.34155478731041433,,,,missing
444,6,1,no_axis,0.12306340131536958,,,,missing
445,7,1,no_surface,0.33750066176860033,,,,missing
446,8,1,ok,7.324297427371188,-1.2983316932014204,-1.2139595746994019,-1.2561456339504111,negative
447,2,2,no_axis,0.11959044340135527,,,,missing
448,3,2,no_axis,0.12578279335796105,,,,missing
449,4,2,ok,1.9898847904787955,-0.6947704553604126,-0.5485033412057086,-0.6216368982830607,negative
450,5,2,no_surface,0.33251544103995934,,,,missing
451,6,2,no_axis,0.10642081611535043,,,,missing
452,7,2,ok,3.363323997330234,-0.8049947487721412,-0.6041305065155029,-0.704562627643822,negative
453,8,2,ok,5.541118953460505,-0.9775969982147217,-0.840851453842053,-0.9092242260283874,negative
454,2,3,no_axis,0.12354020736603127,,,,missing
455,3,3,no_surface,0.2548224276285042,,,,missing
456,4,3,no_axis,0.12228242973058899,,,,missing
457,5,3,no_axis,0.1113072181177385,,,,missing
458,6,3,no_axis,0.10753546691883781,,,,missing
459,7,3,no_surface,0.2735716239405789,,,,missing
460,8,3,no_surface,0.2516435826435668,,,,missing
461,2,4,no_axis,0.12112043459613027,,,,missing
462,3,4,no_axis,0.11629468239567076,,,,missing
463,4,4,no_axis,0.11995746186817058,,,,missing
464,5,4,no_axis,0.11147903418677524,,,,missing
465,6,4,no_axis,0.11097141470089321,,,,missing
466,7,4,drift_rejected,0.2673755523317314,,,,missing
467,8,4,no_axis,0.1063888086367746,,,,missing
468,4,1,no_axis,0.124525420827338,,,,missing
469,5,1,no_surface,0.3102488107744146,,,,missing
470,6,1,no_axis,0.12715896951981384,,,,missing
471,7,1,no_surface,0.3460876177124666,,,,missing
472,8,1,ok,7.29485671541301,-1.2437516626104805,-1.1997505128383636,-1.2217510877244222,negative
473,2,2,no_axis,0.12318998982558094,,,,missing
474,3,2,no_axis,0.12545141194908724,,,,missing
475,4,2,no_surface,0.27448834309595466,,,,missing
476,5,2,no_axis,0.12026484294865838,,,,missing
477,6,2,no_surface,0.2889676617525669,,,,missing
478,7,2,no_surface,0.27318866246432555,,,,missing
479,8,2,ok,7.19857127087785,-1.0196773409843445,-0.952065043181983,-0.9858711920831638,negative
480,2,3,no_axis,0.11908401940371104,,,,missing
481,3,3,no_axis,0.12161798261396334,,,,missing
482,4,3,no_axis,0.11186955916642581,,,,missing
483,5,3,no_axis,0.11171344988059113,,,,missing
484,6,3,no_axis,0.11376468337613235,,,,missing
485,7,3,drift_rejected,0.24985558143377792,,,,missing
486,8,3,no_axis,0.10583569008547591,,,,missing
487,2,4,no_axis,0.1209967385582347,,,,missing
488,3,4,no_axis,0.11727115998175229,,,,missing
489,4,4,no_axis,0.11706963948827603,,,,missing
490,5,4,drift_rejected,0.3305865175712582,,,,missing
491,6,4,ok,12.25354719374548,-0.47688532638059145,-0.4203972816467285,-0.44864130401366,negative
492,7,4,no_axis,0.11075963138891426,,,,missing
493,8,4,ok,9.528313639762041,-0.9463346235583416,-0.9311288669705391,-0.9387317452644404,negative
494,4,1,no_axis,0.12696130330589298,,,,missing
495,5,1,no_surface,0.3047260295295721,,,,missing
496,6,1,no_surface,0.29798820210828103,,,,missing
497,7,1,ok,6.028414241209161,-1.369967333972454,-1.3459856105169983,-1.3579764722447263,negative
498,8,1,ok,7.057012682424528,-1.4599151611328125,-1.288857632328521,-1.3743863967306669,negative
499,2,2,no_axis,0.12285119820634145,,,,missing
500,3,2,no_axis,0.12275606437855571,,,,missing
501,4,2,no_axis,0.12200278313409903,,,,missing
502,5,2,ok,2.019895304863716,-0.48487623044663525,-0.4441659450531006,-0.4645210877498679,negative
503,6,2,no_axis,0.11455791604254675,,,,missing
504,7,2,ok,11.660625316035802,-0.8585586641752735,-0.8266939416978114,-0.8426263029365424,negative
505,8,2,no_axis,0.11041412894951248,,,,missing
506,2,3,no_axis,0.1232701063434897,,,,missing
507,3,3,no_axis,0.1230107662394814,,,,missing
508,4,3,no_axis,0.11266845351189719,,,,missing
509,5,3,no_axis,0.11819260614777923,,,,missing
510,6,3,no_axis,0.11107969227822803,,,,missing
511,7,3,no_axis,0.11382218255721231,,,,missing
512,8,3,no_surface,0.2560686529515486,,,,missing
513,2,4,no_axis,0.11390249926203214,,,,missing
514,3,4,no_axis,0.11701028267965821,,,,missing
515,4,4,no_surface,0.2825825507434078,,,,missing
516,5,4,no_axis,0.11025466802993965,,,,missing
517,6,4,no_surface,0.23970533490154622,,,,missing
518,7,4,no_surface,0.2891902756769674,,,,missing
519,8,4,drift_rejected,0.3067718894926661,,,,missing
520,4,1,no_surface,0.25706527900744225,,,,missing
521,5,1,no_surface,0.29992844010975095,,,,missing
522,6,1,no_surface,0.34451870268118445,,,,missing
523,7,1,ok,4.67825116679609,-0.7612381060607731,-0.7542369063143326,-0.7577375061875529,negative
524,8,1,no_surface,0.3356358110483392,,,,missing
525,2,2,no_axis,0.12568406285424502,,,,missing
526,3,2,no_axis,0.12143097089326804,,,,missing
527,4,2,drift_rejected,0.34299999944497833,,,,missing
528,5,2,no_axis,0.11688175540360357,,,,missing
529,6,2,no_surface,0.25979454924540896,,,,missing
530,7,2,no_axis,0.11199652614498937,,,,missing
531,8,2,ok,24.833300451429377,-1.1238455714175621,-1.0822117578252244,-1.1030286646213932,negative
532,2,3,no_axis,0.11759086435838784,,,,missing
533,3,3,no_axis,0.12155088668073336,,,,missing
534,4,3,no_axis,0.12064003361417897,,,,missing
535,5,3,no_axis,0.11270272160421645,,,,missing
536,6,3,no_axis,0.11385114426114643,,,,missing
537,7,3,no_surface,0.240099122245792,,,,missing
538,8,3,no_axis,0.10982089438844478,,,,missing
539,2,4,no_axis,0.11769918375990679,,,,missing
540,3,4,no_axis,0.1151394259548631,,,,missing
541,4,4,ok,1.60994221610471,-0.5514633101411164,-0.5499150571813848,-0.5506891836612506,negative
542,5,4,no_axis,0.10904958880439819,,,,missing
543,6,4,no_axis,0.11136198144698593,,,,missing
544,7,4,no_axis,0.11407526130451975,,,,missing
545,8,4,no_axis,0.1033235829656646,,,,missing
546,4,1,drift_rejected,0.3327833274177665,,,,missing
547,5,1,no_axis,0.12369327524029744,,,,missing
548,6,1,no_surface,0.3063166582100299,,,,missing
549,7,1,ok,4.888999773287247,-1.6765399769364202,-1.6522815724166757,-1.664410774676548,negative
550,8,1,ok,5.185693727950873,-0.8116572666493664,-0.7261249721050262,-0.7688911193771963,negative
551,2,2,no_surface,0.2595073662162198,,,,missing
552,3,2,no_axis,0.1253446620731574,,,,missing
553,4,2,no_axis,0.1243863553929659,,,,missing
554,5,2,no_axis,0.12006036786046761,,,,missing
555,6,2,ok,4.9011695634586365,-0.8649903850041145,-0.8534105563144292,-0.8592004706592719,negative
556,7,2,ok,22.86005801446619,-0.8006650071114395,-0.7914215256086693,-0.7960432663600544,negative
557,8,2,no_surface,0.311888672936875,,,,missing
558,2,3,no_axis,0.12258871898945577,,,,missing
559,3,3,no_axis,0.12224834960276912,,,,missing
560,4,3,drift_rejected,0.2716231850823593,,,,missing
561,5,3,drift_rejected,0.26777342752425537,,,,missing
562,6,3,ok,4.388535557655317,-0.5434933900007265,-0.46164122223854065,-0.5025673061196336,negative
563,7,3,ok,7.525279226404846,-1.4013546705245972,-1.1901634725710577,-1.2957590715478275,negative
564,8,3,no_surface,0.25431357441988317,,,,missing
565,2,4,no_axis,0.11729683510617978,,,,missing
566,3,4,no_axis,0.11746824486972132,,,,missing
567,4,4,no_axis,0.1131382646632166,,,,missing
568,5,4,no_axis,0.11497513431761344,,,,missing
569,6,4,no_axis,0.1088055981034471,,,,missing
570,7,4,no_surface,0.24422520601882144,,,,missing
571,8,4,ok,5.152079778008731,-0.699480115523915,-0.49825429916381836,-0.5988672073438667,negative
572,4,1,drift_rejected,0.30608122334191507,,,,missing
573,5,1,no_axis,0.12265596500851822,,,,missing
574,6,1,ok,5.046625485962649,-1.0610495805740356,-1.019060409138332,-1.0400549948561837,negative
575,7,1,ok,6.588840379736859,-0.8407777655735874,-0.8351741267187055,-0.8379759461461465,negative
576,8,1,no_surface,0.2920983983144702,,,,missing
577,2,2,no_axis,0.1203511674568955,,,,missing
578,3,2,no_axis,0.12000408600418354,,,,missing
579,4,2,no_surface,0.29592718692653214,,,,missing
580,5,2,no_surface,0.3520304966688394,,,,missing
581,6,2,no_surface,0.32192807090009606,,,,missing
582,7,2,no_axis,0.11187738061959336,,,,missing
583,8,2,no_axis,0.11456778725119901,,,,missing
584,2,3,no_axis,0.11973902194196556,,,,missing
585,3,3,drift_rejected,0.279692519029205,,,,missing
586,4,3,no_axis,0.11178493362971918,,,,missing
587,5,3,no_axis,0.1108517140148241,,,,missing
588,6,3,no_axis,0.10845287097315258,,,,missing
589,7,3,no_axis,0.11099476337270023,,,,missing
590,8,3,ok,11.415745894127566,-0.5334269091250462,-0.43333685398101807,-0.48338188155303213,negative
591,2,4,no_axis,0.11474307705336668,,,,missing
592,3,4,no_surface,0.2649351765365338,,,,missing
593,4,4,no_axis,0.12222184461602421,,,,missing
594,5,4,drift_rejected,0.264827254349927,,,,missing
595,6,4,no_axis,0.11256205470099812,,,,missing
596,7,4,no_surface,0.24215249123546606,,,,missing
597,8,4,no_surface,0.2838239637159754,,,,missing
598,4,1,drift_rejected,0.3298656935403635,,,,missing
599,5,1,no_surface,0.29755392914898704,,,,missing
600,6,1,drift_rejected,0.36124659383110164,,,,missing
601,7,1,ok,7.011584767485244,-1.170223206281662,-1.1150069613509326,-1.1426150838162972,negative
602,8,1,ok,6.40097535412918,-1.6884300708770752,-1.5623318340450434,-1.6253809524610592,negative
603,2,2,no_axis,0.12530511892357554,,,,missing
604,3,2,no_axis,0.12092675382801127,,,,missing
605,4,2,no_axis,0.11922803737320475,,,,missing
606,5,2,no_axis,0.1201746283293149,,,,missing
607,6,2,no_axis,0.12102046305632033,,,,missing
608,7,2,ok,6.552769447402043,-1.021109030396441,-0.8638845682144165,-0.9424967993054287,negative
609,8,2,ok,9.554874079525247,-1.4062305837869644,-1.3852419765535735,-1.395736280170269,negative
610,2,3,no_axis,0.11833986155246044,,,,missing
611,3,3,no_axis,0.12195291027563876,,,,missing
612,4,3,no_surface,0.2583820382822786,,,,missing
613,5,3,no_axis,0.11430291399022947,,,,missing
614,6,3,no_axis,0.10972556192170826,,,,missing
615,7,3,no_surface,0.26558058906687376,,,,missing
616,8,3,no_surface,0.2528807942849955,,,,missing
617,2,4,no_axis,0.1215386491805587,,,,missing
618,3,4,no_axis,0.11668596746413772,,,,missing
619,4,4,no_axis,0.11963897424476905,,,,missing
620,5,4,no_surface,0.24764576907659996,,,,missing
621,6,4,no_axis,0.1142970223779099,,,,missing
622,7,4,no_axis,0.10658830990942528,,,,missing
623,8,4,no_surface,0.26279352511696563,,,,missing
624,4,1,no_surface,0.3314854844526989,,,,missing
625,5,1,no_axis,0.12806886760695188,,,,missing
626,6,1,ok,5.729761338240281,-1.0358456835240233,-1.0160011872649193,-1.0259234353944713,negative
627,7,1,ok,4.331628766061131,-0.888906248664045,-0.8613760620355606,-0.8751411553498027,negative
628,8,1,no_axis,0.12223345834482147,,,,missing
629,2,2,no_axis,0.12214648856765836,,,,missing
630,3,2,no_axis,0.1246882451630073,,,,missing
631,4,2,no_axis,0.12253853761354516,,,,missing
632,5,2,no_axis,0.11664679010634826,,,,missing
633,6,2,no_axis,0.11703138613092111,,,,missing
634,7,2,no_axis,0.1109757824434867,,,,missing
635,8,2,ok,4.203849507430577,-0.6363676435667537,-0.5362362265586853,-0.5863019350627194,negative
636,2,3,no_axis,0.12025304900944625,,,,missing
637,3,3,no_axis,0.12184234911180787,,,,missing
638,4,3,no_axis,0.12287838558455857,,,,missing
639,5,3,no_axis,0.11851193295238086,,,,missing
640,6,3,no_axis,0.11138799187498316,,,,missing
641,7,3,ok,15.906027513912044,-0.7613253891468048,-0.7164879987339995,-0.7389066939404021,negative
642,8,3,no_surface,0.2661242512088196,,,,missing
643,2,4,no_axis,0.11196477482983086,,,,missing
644,3,4,no_axis,0.12103726703199676,,,,missing
645,4,4,no_axis,0.10973380001186239,,,,missing
646,5,4,no_axis,0.11067277164770901,,,,missing
647,6,4,no_axis,0.11292898509759935,,,,missing
648,7,4,no_axis,0.11308664430535612,,,,missing
649,8,4,no_axis,0.10308898161235978,,,,missing
650,4,1,no_surface,0.3452471774850137,,,,missing
651,5,1,no_axis,0.11972796851621133,,,,missing
652,6,1,no_surface,0.30383238796742856,,,,missing
653,7,1,ok,7.0745740067738,-1.2027812158743656,-1.1835573488319977,-1.1931692823531816,negative
654,8,1,ok,4.866930415425878,-1.8838971555233002,-1.8243568275032402,-1.85412699151327,negative
655,2,2,no_axis,0.12523982332890593,,,,missing
656,3,2,no_axis,0.12388616656030521,,,,missing
657,4,2,drift_rejected,0.28689763420436215,,,,missing
658,5,2,no_axis,0.12284268071802057,,,,missing
659,6,2,no_axis,0.11839758703979625,,,,missing
660,7,2,no_surface,0.34221546345507947,,,,missing
661,8,2,no_surface,0.24753694606807164,,,,missing
662,2,3,no_axis,0.12158689111152848,,,,missing
663,3,3,no_axis,0.12252440659656408,,,,missing
664,4,3,no_axis,0.11911945054400885,,,,missing
665,5,3,no_axis,0.10785968707127269,,,,missing
666,6,3,drift_rejected,0.26496902471102163,,,,missing
667,7,3,no_axis,0.11069739924372982,,,,missing
668,8,3,no_axis,0.10921327884652686,,,,missing
669,2,4,no_axis,0.11284957617712948,,,,missing
670,3,4,no_axis,0.1165576991721457,,,,missing
671,4,4,no_axis,0.11947151275951112,,,,missing
672,5,4,no_axis,0.10920296551748557,,,,missing
673,6,4,no_axis,0.11232751033007826,,,,missing
674,7,4,drift_rejected,0.29866724902882,,,,missing
675,8,4,no_axis,0.10819266997888077,,,,missing
676,4,1,no_axis,0.1220194465342577,,,,missing
677,5,1,no_axis,0.12846630247944457,,,,missing
678,6,1,drift_rejected,0.35867139565469847,,,,missing
679,7,1,ok,5.789860163295802,-1.6515246629714966,-1.521697021477552,-1.5866108422245242,negative
680,8,1,ok,7.00818404692158,-1.2642189166479756,-1.2537587014878826,-1.258988809067929,negative
681,2,2,no_surface,0.2716884008258044,,,,missing
682,3,2,no_axis,0.1254381651369408,,,,missing
683,4,2,no_axis,0.11734637647017979,,,,missing
684,5,2,ok,1.861262768636375,-0.6946847438812256,-0.6449738380828532,-0.6698292909820394,negative
685,6,2,no_axis,0.10971189004088887,,,,missing
686,7,2,no_surface,0.31302254666191653,,,,missing
687,8,2,no_surface,0.2957854761766542,,,,missing
688,2,3,no_axis,0.1251132333838165,,,,missing
689,3,3,no_axis,0.11731670795013399,,,,missing
690,4,3,no_axis,0.11690998652769152,,,,missing
691,5,3,no_axis,0.11768337515012112,,,,missing
692,6,3,no_surface,0.2824052625891806,,,,missing
693,7,3,no_axis,0.11177625584080307,,,,missing
694,8,3,no_axis,0.10844521296135257,,,,missing
695,2,4,no_axis,0.12030385409596905,,,,missing
696,3,4,no_axis,0.12114286710257166,,,,missing
697,4,4,no_surface,0.2531735720356026,,,,missing
698,5,4,no_axis,0.10476909098081344,,,,missing
699,6,4,no_surface,0.308329618198115,,,,missing
700,7,4,ok,44.586035657103544,-0.9148846417665482,-0.8878549969248208,-0.9013698193456845,negative
701,8,4,no_axis,0.10519589464679813,,,,missing
702,4,1,no_surface,0.2973048194131421,,,,missing
703,5,1,no_axis,0.12710531087827598,,,,missing
704,6,1,no_surface,0.29605650076297724,,,,missing
705,7,1,ok,5.203503943828236,-1.5784223675727844,-1.4609896747685804,-1.5197060211706823,negative
706,8,1,ok,8.370971421693923,-1.2683590650558472,-1.0781949906414023,-1.1732770278486249,negative
707,2,2,no_axis,0.12095599945553584,,,,missing
708,3,2,no_axis,0.12462208639157633,,,,missing
709,4,2,no_axis,0.1259172479374845,,,,missing
710,5,2,no_axis,0.11678856868535324,,,,missing
711,6,2,ok,3.554493853144286,-0.7425877600908279,-0.7266342970571389,-0.7346110285739834,negative
712,7,2,ok,18.621774420757976,-0.6867191307246685,-0.675733342811981,-0.6812262367683248,negative
713,8,2,drift_rejected,0.3573316449737321,,,,missing
714,2,3,no_axis,0.12310760835821209,,,,missing
715,3,3,no_axis,0.11996366352007092,,,,missing
716,4,3,no_axis,0.117734746291701,,,,missing
717,5,3,no_axis,0.11819484319955974,,,,missing
718,6,3,no_axis,0.10433806845015128,,,,missing
719,7,3,ok,7.977155079868324,-0.6485200126694036,-0.6022756603935632,-0.6253978365314834,negative
720,8,3,drift_rejected,0.3803099450254788,,,,missing
721,2,4,no_axis,0.11649542166936594,,,,missing
722,3,4,no_axis,0.10977133534271995,,,,missing
723,4,4,drift_rejected,0.3044475272108376,,,,missing
724,5,4,no_axis,0.1166787002440159,,,,missing
725,6,4,no_axis,0.11058163019077703,,,,missing
726,7,4,ok,1.8315716541078246,-0.6311081200838089,-0.6098791806087596,-0.6204936503462842,negative
727,8,4,ok,37.96346614955505,-0.8860199262849069,-0.833544829625033,-0.8597823779549699,negative
728,4,1,no_surface,0.32498726882604323,,,,missing
729,5,1,ok,3.374105881290315,-0.8776464367391174,-0.7366859912872314,-0.8071662140131743,negative
730,6,1,ok,6.084731512066086,-1.1721709966659546,-1.1537854388301745,-1.1629782177480645,negative
731,7,1,ok,6.742032641476338,-0.9830827869422495,-0.9567232429981232,-0.9699030149701864,negative
732,8,1,ok,8.918439303118223,-1.1921213378211744,-1.1750235485865814,-1.1835724432038779,negative
733,2,2,no_axis,0.12441671040823628,,,,missing
734,3,2,no_axis,0.12444206562338944,,,,missing
735,4,2,no_axis,0.12194914690720166,,,,missing
736,5,2,drift_rejected,0.33929158866308,,,,missing
737,6,2,no_axis,0.11988916962414549,,,,missing
738,7,2,drift_rejected,0.3721464574679978,,,,missing
739,8,2,ok,2.667274268498019,-0.7341725601536824,-0.5875139832496643,-0.6608432717016733,negative
740,2,3,no_axis,0.1189757259643711,,,,missing
741,3,3,no_axis,0.11932423108615242,,,,missing
742,4,3,no_axis,0.11773832439398715,,,,missing
743,5,3,no_axis,0.115712776770731,,,,missing
744,6,3,no_axis,0.11688120636954664,,,,missing
745,7,3,no_surface,0.30134651663378254,,,,missing
746,8,3,no_surface,0.2578365854031343,,,,missing
747,2,4,no_axis,0.12174519741034746,,,,missing
748,3,4,no_axis,0.12061296338248678,,,,missing
749,4,4,no_axis,0.11438018941767517,,,,missing
750,5,4,no_surface,0.2816261404640697,,,,missing
751,6,4,no_axis,0.10973428188324857,,,,missing
752,7,4,drift_rejected,0.31530165326219256,,,,missing
753,8,4,no_axis,0.10971213756740102,,,,missing
754,4,1,no_axis,0.12903164715382942,,,,missing
755,5,1,no_surface,0.28332220436681116,,,,missing
756,6,1,ok,5.833920273878614,-0.8199523638747064,-0.8162691948040126,-0.8181107793393595,negative
757,7,1,no_surface,0.3519645217332439,,,,missing
758,8,1,ok,4.779881831934876,-1.8946276903152466,-1.5189376979658473,-1.7067826941405468,negative
759,2,2,no_axis,0.12383329232615777,,,,missing
760,3,2,no_surface,0.26761237318771286,,,,missing
761,4,2,no_axis,0.12499076854349045,,,,missing
762,5,2,no_axis,0.11187471667977385,,,,missing
763,6,2,no_surface,0.2842408190173188,,,,missing
764,7,2,ok,2.5166342836894615,-0.6806573731559356,-0.6037896573543549,-0.6422235152551452,negative
765,8,2,ok,12.339507303579795,-0.913861895990897,-0.8930290526067745,-0.9034454742988357,negative
766,2,3,no_axis,0.12309277279792674,,,,missing
767,3,3,no_axis,0.12249829177557525,,,,missing
768,4,3,no_axis,0.11928322588536772,,,,missing
769,5,3,no_surface,0.28903105548811603,,,,missing
770,6,3,no_axis,0.11138281763227004,,,,missing
771,7,3,ok,8.585007146327698,-0.5995703136340982,-0.4748549461364746,-0.5372126298852864,negative
772,8,3,no_surface,0.24346809717570472,,,,missing
773,2,4,no_axis,0.1165619282438508,,,,missing
774,3,4,no_axis,0.11457038730675012,,,,missing
775,4,4,drift_rejected,0.2600483420303632,,,,missing
776,5,4,no_axis,0.11089787967748924,,,,missing
777,6,4,no_axis,0.11321973971173493,,,,missing
778,7,4,no_surface,0.2489713379329641,,,,missing
779,8,4,drift_rejected,0.2999886430615587,,,,missing
780,4,1,no_surface,0.27448612550392837,,,,missing
781,5,1,drift_rejected,0.371459264354632,,,,missing
782,6,1,ok,3.4923683676581705,-0.6659549789274033,-0.6575224287807941,-0.6617387038540987,negative
783,7,1,ok,7.358086894743421,-1.1552643179893494,-1.0610078012383881,-1.1081360596138687,negative
784,8,1,ok,6.371917656052808,-1.0390326976776123,-0.960276921414285,-0.9996548095459487,negative
785,2,2,no_axis,0.12424297503148073,,,,missing
786,3,2,no_surface,0.2761504024580898,,,,missing
787,4,2,no_surface,0.29927005072331664,,,,missing
788,5,2,no_axis,0.11815895648155009,,,,missing
789,6,2,no_axis,0.11235384172980617,,,,missing
790,7,2,ok,7.03636247065995,-0.6298665077188844,-0.6261054887001016,-0.6279859982094931,negative
791,8,2,ok,6.167710170144827,-0.901365429636376,-0.8257465362548828,-0.8635559829456294,negative
792,2,3,no_axis,0.12636938344854529,,,,missing
793,3,3,no_axis,0.12060699297086473,,,,missing
794,4,3,no_axis,0.12065611805489343,,,,missing
795,5,3,drift_rejected,0.35173119134117653,,,,missing
796,6,3,no_surface,0.25093932539168246,,,,missing
797,7,3,no_surface,0.24450436631825487,,,,missing
798,8,3,no_axis,0.11393132660736666,,,,missing
799,2,4,no_axis,0.11893934688975177,,,,missing
800,3,4,no_axis,0.11553978825921636,,,,missing
801,4,4,drift_rejected,0.29444926952869016,,,,missing
802,5,4,no_axis,0.11636917831790526,,,,missing
803,6,4,ok,4.750583837055319,-1.1364029049873352,-1.0735031553850582,-1.1049530301861967,negative
804,7,4,drift_rejected,0.3749358689745566,,,,missing
805,8,4,no_surface,0.23818048361557675,,,,missing
806,4,1,no_surface,0.29829948954870805,,,,missing
807,5,1,no_axis,0.1274581346472482,,,,missing
808,6,1,ok,6.196711047311531,-0.9566625434294111,-0.9539523728264044,-0.9553074581279077,negative
809,7,1,no_axis,0.12379564551035596,,,,missing
810,8,1,no_surface,0.3389371500479656,,,,missing
811,2,2,no_axis,0.1242084968677602,,,,missing
812,3,2,no_axis,0.12112561326559411,,,,missing
813,4,2,ok,1.2335451364742371,-0.4016284759227059,-0.3538331687450409,-0.3777308223338734,negative
814,5,2,ok,2.626451471198466,-0.7765417819640044,-0.7183453142642975,-0.7474435481141509,negative
815,6,2,ok,5.30264934598004,-1.0123160582775406,-0.966321736574173,-0.9893188974258568,negative
816,7,2,no_surface,0.30234775093573885,,,,missing
817,8,2,ok,18.61349408617186,-0.65358966588974,-0.6408460064194733,-0.6472178361546066,negative
818,2,3,no_axis,0.1183025189623592,,,,missing
819,3,3,no_surface,0.26998173653637036,,,,missing
820,4,3,no_axis,0.1150570577026975,,,,missing
821,5,3,no_axis,0.11821259838003195,,,,missing
822,6,3,no_axis,0.10282434732024284,,,,missing
823,7,3,no_surface,0.2827612435228539,,,,missing
824,8,3,no_axis,0.10934204824234664,,,,missing
825,2,4,no_axis,0.12256360979435964,,,,missing
826,3,4,no_axis,0.1187600194941073,,,,missing
827,4,4,drift_rejected,0.3152740004896639,,,,missing
828,5,4,no_axis,0.11035391398047388,,,,missing
829,6,4,no_axis,0.1133356192893196,,,,missing
830,7,4,ok,14.875720727029826,-0.8450689136658952,-0.7667495310306549,-0.8059092223482751,negative
831,8,4,no_surface,0.24585079526446543,,,,missing
832,4,1,no_surface,0.2985450105580425,,,,missing
833,5,1,flux_rejected,0.3818386104937335,,,,missing
834,6,1,no_axis,0.1268186210634522,,,,missing
835,7,1,ok,6.877214512964992,-1.3915853034704924,-1.3792835500075529,-1.3854344267390226,negative
836,8,1,drift_rejected,0.374696365033645,,,,missing
837,2,2,no_axis,0.12338755343968873,,,,missing
838,3,2,no_surface,0.27015911184586394,,,,missing
839,4,2,drift_rejected,0.3304872166410037,,,,missing
840,5,2,no_axis,0.11703511655173396,,,,missing
841,6,2,no_surface,0.2538726230491809,,,,missing
842,7,2,ok,7.46090754359316,-1.2032479643821716,-0.9594007635050261,-1.0813243639435988,negative
843,8,2,no_axis,0.10971772954732013,,,,missing
844,2,3,no_axis,0.120718346676694,,,,missing
845,3,3,no_axis,0.12028667895352968,,,,missing
846,4,3,no_axis,0.11410133008244557,,,,missing
847,5,3,no_axis,0.11710445550459431,,,,missing
848,6,3,no_axis,0.11952697537708655,,,,missing
849,7,3,drift_rejected,0.2721293661026249,,,,missing
850,8,3,no_surface,0.26511775026682133,,,,missing
851,2,4,no_axis,0.12141694333308276,,,,missing
852,3,4,no_axis,0.11686857350707332,,,,missing
853,4,4,no_axis,0.12090427888372401,,,,missing
854,5,4,no_axis,0.10932678691491418,,,,missing
855,6,4,no_axis,0.11252182429642539,,,,missing
856,7,4,no_surface,0.26021273384884536,,,,missing
857,8,4,ok,8.700362453788543,-0.38133346759757103,-0.28974372148513794,-0.3355385945413545,negative
858,4,1,no_axis,0.12584408589564974,,,,missing
859,5,1,no_axis,0.1260549664368375,,,,missing
860,6,1,flux_rejected,0.3312222736094677,,,,missing
861,7,1,no_surface,0.29140687141679433,,,,missing
862,8,1,drift_rejected,0.3274841096068762,,,,missing
863,2,2,no_axis,0.12380585184178781,,,,missing
864,3,2,no_axis,0.12281400301615031,,,,missing
865,4,2,drift_rejected,0.2788816203673339,,,,missing
866,5,2,no_axis,0.11623010578080964,,,,missing
867,6,2,no_axis,0.11390687430521179,,,,missing
868,7,2,ok,4.371648234122511,-0.5895219731626494,-0.49941927194595337,-0.5444706225543015,negative
869,8,2,no_surface,0.30952805311160236,,,,missing
870,2,3,no_axis,0.120758875893701,,,,missing
871,3,3,no_axis,0.12056038181970404,,,,missing
872,4,3,no_axis,0.1136804611527639,,,,missing
873,5,3,no_axis,0.12098672134681698,,,,missing
874,6,3,drift_rejected,0.3619457401414571,,,,missing
875,7,3,ok,13.156267169188903,-0.5948601547394612,-0.41432493925094604,-0.5045925469952036,negative
876,8,3,no_axis,0.10847473982707706,,,,missing
877,2,4,no_axis,0.12122426746726891,,,,missing
878,3,4,no_axis,0.11727113484321075,,,,missing
879,4,4,no_axis,0.11997404400248057,,,,missing
880,5,4,no_axis,0.10978521642902826,,,,missing
881,6,4,no_surface,0.2777736920607285,,,,missing
882,7,4,no_surface,0.24363944056569517,,,,missing
883,8,4,no_axis,0.1045784797764659,,,,missing
884,4,1,no_surface,0.2949629193909081,,,,missing
885,5,1,flux_rejected,0.4683309794391193,,,,missing
886,6,1,no_axis,0.12611281131977922,,,,missing
887,7,1,ok,6.244781781573034,-1.2666221266605537,-1.222187489271164,-1.244404807965859,negative
888,8,1,no_surface,0.3440113193606418,,,,missing
889,2,2,no_axis,0.12049413932907282,,,,missing
890,3,2,no_axis,0.12577670640179484,,,,missing
891,4,2,drift_rejected,0.33660450180501295,,,,missing
892,5,2,no_axis,0.11918995878386335,,,,missing
893,6,2,no_axis,0.12217414647338327,,,,missing
894,7,2,no_surface,0.2500496867160868,,,,missing
895,8,2,drift_rejected,0.33496396942505935,,,,missing
896,2,3,no_axis,0.11856261388050318,,,,missing
897,3,3,no_axis,0.11731438672470483,,,,missing
898,4,3,no_axis,0.11706220310606846,,,,missing
899,5,3,no_axis,0.11530189960749866,,,,missing
900,6,3,no_surface,0.24103947465030778,,,,missing
901,7,3,no_surface,0.26251793970654635,,,,missing
902,8,3,no_axis,0.10266969978264084,,,,missing
903,2,4,no_axis,0.12117662352463837,,,,missing
904,3,4,no_axis,0.11977607085369112,,,,missing
905,4,4,no_axis,0.1165051265554769,,,,missing
906,5,4,drift_rejected,0.2857541572581628,,,,missing
907,6,4,drift_rejected,0.2577179825033484,,,,missing
908,7,4,no_surface,0.2497144564474177,,,,missing
909,8,4,no_axis,0.10638677908462552,,,,missing
910,4,1,no_surface,0.301303950214734,,,,missing
911,5,1,drift_rejected,0.3138962751407537,,,,missing
912,6,1,no_axis,0.1270935835543245,,,,missing
913,7,1,ok,6.8829302565133705,-1.2741610407829285,-1.2446982169006275,-1.2594296288417781,negative
914,8,1,ok,5.387649659141466,-1.641691155731678,-1.6318469567896146,-1.6367690562606463,negative
915,2,2,no_axis,0.12365659775740763,,,,missing
916,3,2,no_axis,0.12360685933187586,,,,missing
917,4,2,no_surface,0.2677915525657028,,,,missing
918,5,2,no_surface,0.34466353736136635,,,,missing
919,6,2,ok,4.637297842273263,-0.9843369126319885,-0.8330142025514926,-0.9086755575917406,negative
920,7,2,no_axis,0.10788075302084062,,,,missing
921,8,2,ok,28.70914999038484,-0.8687138582479672,-0.8452613869649319,-0.8569876226064496,negative
922,2,3,no_surface,0.2633016667541878,,,,missing
923,3,3,no_axis,0.12157295505569138,,,,missing
924,4,3,no_surface,0.2550232187952674,,,,missing
925,5,3,no_axis,0.11845265036767981,,,,missing
926,6,3,no_axis,0.11402461040022704,,,,missing
927,7,3,no_axis,0.11015226406401353,,,,missing
928,8,3,no_axis,0.11624900873898869,,,,missing
929,2,4,no_axis,0.11645200043062771,,,,missing
930,3,4,no_surface,0.250564124990155,,,,missing
931,4,4,no_surface,0.2550027026426999,,,,missing
932,5,4,drift_rejected,0.36128734808422197,,,,missing
933,6,4,no_axis,0.11228065887927466,,,,missing
934,7,4,ok,13.469724021784193,-1.1689977645874023,-1.0353556540683495,-1.102176709327876,negative
935,8,4,ok,10.981947014474107,-0.8834595815783818,-0.691757082939148,-0.7876083322587648,negative
936,4,1,no_axis,0.12632129944460022,,,,missing
937,5,1,no_surface,0.3031022751494709,,,,missing
938,6,1,no_surface,0.2939606732353406,,,,missing
939,7,1,ok,5.873143653976498,-1.259983353316784,-1.2475514618745247,-1.2537674075956544,negative
940,8,1,no_surface,0.3339365287684907,,,,missing
941,2,2,no_axis,0.12327596693030884,,,,missing
942,3,2,no_surface,0.28111510089674296,,,,missing
943,4,2,no_axis,0.12120084909550913,,,,missing
944,5,2,no_axis,0.12072902328339447,,,,missing
945,6,2,no_surface,0.30459470236743136,,,,missing
946,7,2,drift_rejected,0.2982470265025236,,,,missing
947,8,2,drift_rejected,0.36048031094442917,,,,missing
948,2,3,no_axis,0.12066058670402313,,,,missing
949,3,3,no_axis,0.1256698313724058,,,,missing
950,4,3,no_axis,0.12341339469823885,,,,missing
951,5,3,no_surface,0.2835888102417185,,,,missing
952,6,3,drift_rejected,0.3625445349289135,,,,missing
953,7,3,no_axis,0.11023410045375436,,,,missing
954,8,3,no_surface,0.24300606226432564,,,,missing
955,2,4,no_axis,0.12130945323778597,,,,missing
956,3,4,no_axis,0.12156705552573553,,,,missing
957,4,4,no_surface,0.24365342407116716,,,,missing
958,5,4,no_axis,0.11544170320784344,,,,missing
959,6,4,no_surface,0.27859045039295954,,,,missing
960,7,4,no_surface,0.2330254273206871,,,,missing
961,8,4,no_axis,0.10778142583443302,,,,missing
962,4,1,no_surface,0.30866754068011915,,,,missing
963,5,1,drift_rejected,0.3047949671815909,,,,missing
964,6,1,no_axis,0.12712931185685622,,,,missing
965,7,1,ok,8.916308365947454,-1.049289733171463,-1.015891233918041,-1.0325904835447521,negative
966,8,1,ok,8.494271958270799,-1.4749174639582634,-1.4546190325725812,-1.4647682482654223,negative
967,2,2,no_axis,0.12229606607277121,,,,missing
968,3,2,no_axis,0.12081089417933209,,,,missing
969,4,2,no_axis,0.12306169106850995,,,,missing
970,5,2,no_surface,0.2714495382515023,,,,missing
971,6,2,no_axis,0.11698526611964287,,,,missing
972,7,2,drift_rejected,0.32458601822428845,,,,missing
973,8,2,no_surface,0.2624049710230601,,,,missing
974,2,3,no_axis,0.11982841058214076,,,,missing
975,3,3,no_axis,0.12179099072917161,,,,missing
976,4,3,no_axis,0.12137135285344464,,,,missing
977,5,3,no_axis,0.11168388400199543,,,,missing
978,6,3,no_axis,0.10769597175508426,,,,missing
979,7,3,drift_rejected,0.25276160701556666,,,,missing
980,8,3,no_surface,0.2604271194250674,,,,missing
981,2,4,no_axis,0.11933796508919484,,,,missing
982,3,4,no_axis,0.1190644595936554,,,,missing
983,4,4,no_axis,0.10794406102633763,,,,missing
984,5,4,no_axis,0.11701778051977185,,,,missing
985,6,4,no_axis,0.10271397774135443,,,,missing
986,7,4,no_axis,0.10704746537868091,,,,missing
987,8,4,no_axis,0.11059357788993573,,,,missing
988,4,1,no_axis,0.1249810561389053,,,,missing
989,5,1,no_surface,0.28424898488136857,,,,missing
990,6,1,no_surface,0.3121437349931266,,,,missing
991,7,1,drift_rejected,0.35552002910305414,,,,missing
992,8,1,ok,4.08466392621231,-2.0511409044265747,-1.517026260215645,-1.7840835823211099,negative
993,2,2,no_axis,0.12296772798847733,,,,missing
994,3,2,no_axis,0.12540359380408436,,,,missing
995,4,2,no_axis,0.12070184072579977,,,,missing
996,5,2,no_axis,0.11611413903432027,,,,missing
997,6,2,no_axis,0.11783420191055467,,,,missing
998,7,2,ok,12.031900031160347,-1.0477043346245767,-1.02023945748806,-1.0339718960563182,negative
999,8,2,ok,32.83860244569108,-0.9765647198825662,-0.9709022296132922,-0.9737334747479292,negative
1000,2,3,no_axis,0.12146782959831876,,,,missing
1001,3,3,no_axis,0.11824264177282702,,,,missing
1002,4,3,no_axis,0.11832867002725717,,,,missing
1003,5,3,no_axis,0.11429334809886196,,,,missing
1004,6,3,no_axis,0.11614739509676507,,,,missing
1005,7,3,no_axis,0.1102546837450922,,,,missing
1006,8,3,ok,12.22893250435234,-0.8048170827980943,-0.6807541847229004,-0.7427856337604973,negative
1007,2,4,no_axis,0.11837843200289642,,,,missing
1008,3,4,no_axis,0.11985881163712529,,,,missing
1009,4,4,no_axis,0.11668781462482324,,,,missing
1010,5,4,no_axis,0.1186415823243799,,,,missing
1011,6,4,no_axis,0.11088032672157394,,,,missing
1012,7,4,no_axis,0.1097050845549469,,,,missing
1013,8,4,no_axis,0.10633698792843299,,,,missing
1014,4,1,no_surface,0.2755827236178451,,,,missing
1015,5,1,ok,2.9911112406525344,-0.7159204338880749,-0.6897473782300949,-0.7028339060590849,negative
1016,6,1,no_axis,0.1216399174256344,,,,missing
1017,7,1,no_axis,0.12336586557465812,,,,missing
1018,8,1,ok,5.703498717750672,-0.9375717538330325,-0.7713456749916077,-0.8544587144123201,negative
1019,2,2,no_axis,0.12546138387402878,,,,missing
1020,3,2,no_axis,0.12338256887719537,,,,missing
1021,4,2,no_axis,0.12292368177081997,,,,missing
1022,5,2,no_axis,0.12190647633465534,,,,missing
1023,6,2,no_surface,0.2612309478925771,,,,missing
1024,7,2,ok,11.062424066428283,-0.8901507148611276,-0.763917088508606,-0.8270339016848668,negative
1025,8,2,ok,27.430693440914737,-0.9570133950127558,-0.9433466201277125,-0.9501800075702342,negative
1026,2,3,no_axis,0.11971326721075114,,,,missing
1027,3,3,no_axis,0.1215010570328624,,,,missing
1028,4,3,no_axis,0.11548069185703405,,,,missing
1029,5,3,no_axis,0.1191235593102623,,,,missing
1030,6,3,drift_rejected,0.2549048626628967,,,,missing
1031,7,3,no_surface,0.25379760693213327,,,,missing
1032,8,3,ok,13.753435071383324,-0.7560422900680225,-0.5851907730102539,-0.6706165315391381,negative
1033,2,4,no_axis,0.11728339828359911,,,,missing
1034,3,4,no_axis,0.12106776363572541,,,,missing
1035,4,4,no_axis,0.11903430500557675,,,,missing
1036,5,4,no_axis,0.11364010625722759,,,,missing
1037,6,4,no_axis,0.11228814431069317,,,,missing
1038,7,4,no_axis,0.1090605039891512,,,,missing
1039,8,4,no_axis,0.10789145979538228,,,,missing
1040,4,1,no_axis,0.12911100143731583,,,,missing
1041,5,1,no_surface,0.3109393551950146,,,,missing
1042,6,1,no_axis,0.12321659794792328,,,,missing
1043,7,1,ok,7.39350565336523,-1.1043975567016016,-1.096483446949476,-1.1004405018255388,negative
1044,8,1,no_axis,0.12198334542024769,,,,missing
1045,2,2,no_axis,0.12168652040857615,,,,missing
1046,3,2,no_axis,0.12182485736206028,,,,missing
1047,4,2,drift_rejected,0.2853978496431893,,,,missing
1048,5,2,no_axis,0.11402494948254126,,,,missing
1049,6,2,no_axis,0.11261917544346692,,,,missing
1050,7,2,no_axis,0.1101292492170283,,,,missing
1051,8,2,no_surface,0.25421929373931323,,,,missing
1052,2,3,no_axis,0.12231617443427555,,,,missing
1053,3,3,no_surface,0.2933719038565698,,,,missing
1054,4,3,no_surface,0.2712928538616481,,,,missing
1055,5,3,no_axis,0.11949502581715621,,,,missing
1056,6,3,drift_rejected,0.37534054181314497,,,,missing
1057,7,3,no_surface,0.2573818753105541,,,,missing
1058,8,3,no_surface,0.25043066142006964,,,,missing
1059,2,4,no_axis,0.12126182949443409,,,,missing
1060,3,4,no_surface,0.2648808375683341,,,,missing
1061,4,4,no_axis,0.11098853978815469,,,,missing
1062,5,4,no_axis,0.11728098063320394,,,,missing
1063,6,4,ok,9.649182002296035,-0.5640828516344717,-0.48491036891937256,-0.5244966102769222,negative
1064,7,4,no_surface,0.2433161874075021,,,,missing
1065,8,4,no_surface,0.29788642202124,,,,missing
1066,4,1,no_surface,0.28696479227841964,,,,missing
1067,5,1,no_surface,0.30987176898324953,,,,missing
1068,6,1,drift_rejected,0.3663798968323295,,,,missing
1069,7,1,ok,3.311817356508119,-0.7275503426790237,-0.7055791120980569,-0.7165647273885403,negative
1070,8,1,ok,2.543538909485352,-0.8155502080917358,-0.7249097887564345,-0.7702299984240852,negative
1071,2,2,no_axis,0.12403304910518892,,,,missing
1072,3,2,no_surface,0.2612019294482126,,,,missing
1073,4,2,no_axis,0.12359951688015952,,,,missing
1074,5,2,no_surface,0.30140937739411977,,,,missing
1075,6,2,no_axis,0.11716434543354781,,,,missing
1076,7,2,no_axis,0.11219839011093224,,,,missing
1077,8,2,no_axis,0.11716582618064944,,,,missing
1078,2,3,no_axis,0.12331077634261925,,,,missing
1079,3,3,no_surface,0.24831236979415242,,,,missing
1080,4,3,no_surface,0.26831259359994925,,,,missing
1081,5,3,no_surface,0.3268658343847348,,,,missing
1082,6,3,no_axis,0.1113794273825604,,,,missing
1083,7,3,no_axis,0.11216354613674523,,,,missing
1084,8,3,ok,19.550000811050978,-0.9030100703239441,-0.80184350938164,-0.852426789852792,negative
1085,2,4,no_axis,0.10752565849500458,,,,missing
1086,3,4,no_axis,0.1189902497720931,,,,missing
1087,4,4,no_axis,0.11118365919939471,,,,missing
1088,5,4,no_axis,0.10956025767794363,,,,missing
1089,6,4,no_surface,0.2454493335611565,,,,missing
1090,7,4,no_axis,0.10591641806285604,,,,missing
1091,8,4,no_surface,0.3114177313596688,,,,missing
1092,4,1,no_axis,0.12927830314149574,,,,missing
1093,5,1,no_axis,0.13041589460268785,,,,missing
1094,6,1,ok,5.637040532947477,-1.301181674003601,-1.1211998440690467,-1.2111907590363238,negative
1095,7,1,ok,4.7577763711511665,-1.3606733083724976,-1.1661558610089262,-1.2634145846907119,negative
1096,8,1,ok,6.600522856867182,-1.8224573135375977,-1.5938754027155393,-1.7081663581265685,negative
1097,2,2,no_axis,0.12189847527345835,,,,missing
1098,3,2,no_axis,0.11967610761773002,,,,missing
1099,4,2,drift_rejected,0.3755168551699761,,,,missing
1100,5,2,drift_rejected,0.35450386803483414,,,,missing
1101,6,2,no_axis,0.10535929789185615,,,,missing
1102,7,2,no_axis,0.1139610000688907,,,,missing
1103,8,2,no_axis,0.1126191898205755,,,,missing
1104,2,3,no_axis,0.11925223726156356,,,,missing
1105,3,3,no_axis,0.12097456700148945,,,,missing
1106,4,3,drift_rejected,0.2671035755109022,,,,missing
1107,5,3,no_surface,0.2756891562119721,,,,missing
1108,6,3,drift_rejected,0.29107956055744816,,,,missing
1109,7,3,drift_rejected,0.29136316078529995,,,,missing
1110,8,3,ok,36.43546423585079,-1.0665748799789365,-1.0429208935022871,-1.054747886740612,negative
1111,2,4,no_axis,0.1208518757447079,,,,missing
1112,3,4,no_axis,0.11537692260754061,,,,missing
1113,4,4,no_axis,0.11275148457658363,,,,missing
1114,5,4,no_axis,0.11454256886724408,,,,missing
1115,6,4,no_axis,0.11083899260787622,,,,missing
1116,7,4,no_axis,0.11057975736988657,,,,missing
1117,8,4,no_surface,0.2866439048046287,,,,missing
1118,4,1,no_axis,0.12877907772070402,,,,missing
1119,5,1,ok,3.5044385398946205,-0.8156334697633048,-0.7612307369709015,-0.7884321033671031,negative
1120,6,1,drift_rejected,0.38116371942461086,,,,missing
1121,7,1,ok,7.3645760832917695,-1.2889808416366577,-1.231861656509878,-1.2604212490732678,negative
1122,8,1,ok,9.231968423566586,-1.3585481643676758,-1.2637666431686454,-1.3111574037681606,negative
1123,2,2,no_axis,0.11933150555499508,,,,missing
1124,3,2,no_axis,0.12440811032689761,,,,missing
1125,4,2,no_axis,0.12102456802142246,,,,missing
1126,5,2,no_axis,0.11046778799466697,,,,missing
1127,6,2,ok,9.604116793151835,-0.6109427720075473,-0.6048807540201533,-0.6079117630138503,negative
1128,7,2,ok,9.831362165442645,-0.8871658816933632,-0.8506346126342409,-0.8689002471638021,negative
1129,8,2,no_surface,0.3046221428246582,,,,missing
1130,2,3,no_axis,0.122911657983322,,,,missing
1131,3,3,no_axis,0.12235128695734682,,,,missing
1132,4,3,drift_rejected,0.2784043270804087,,,,missing
1133,5,3,no_axis,0.1200180666795186,,,,missing
1134,6,3,no_surface,0.26168107421758013,,,,missing
1135,7,3,ok,6.822615634894006,-0.5273365175180266,-0.42488470673561096,-0.47611061212681877,negative
1136,8,3,no_axis,0.10645367842928377,,,,missing
1137,2,4,no_axis,0.11915045694838244,,,,missing
1138,3,4,no_axis,0.11828018844666172,,,,missing
1139,4,4,no_axis,0.1123609896228335,,,,missing
1140,5,4,drift_rejected,0.2608098654107835,,,,missing
1141,6,4,no_axis,0.11300932948878105,,,,missing
1142,7,4,no_axis,0.10965538326976419,,,,missing
1143,8,4,no_axis,0.10974549945402419,,,,missing
1144,4,1,no_surface,0.2711240254445302,,,,missing
1145,5,1,no_axis,0.12480815929121528,,,,missing
1146,6,1,no_axis,0.1245945897719431,,,,missing
1147,7,1,drift_rejected,0.3025857425849939,,,,missing
1148,8,1,drift_rejected,0.30718064054255606,,,,missing
1149,2,2,no_axis,0.12191794216670045,,,,missing
1150,3,2,no_axis,0.12286009285039981,,,,missing
1151,4,2,no_surface,0.2735664053916927,,,,missing
1152,5,2,no_axis,0.1234789355438593,,,,missing
1153,6,2,no_axis,0.11847385569965965,,,,missing
1154,7,2,ok,16.16605096000936,-0.5498344045070874,-0.536741839622237,-0.5432881220646621,negative
1155,8,2,ok,14.48388825247655,-0.8842136105075303,-0.8455195611997729,-0.8648665858536516,negative
1156,2,3,no_axis,0.11994414870627608,,,,missing
1157,3,3,no_surface,0.29890544680121967,,,,missing
1158,4,3,no_surface,0.26729061209185534,,,,missing
1159,5,3,no_axis,0.1167410585708135,,,,missing
1160,6,3,no_axis,0.11127238056297373,,,,missing
1161,7,3,ok,19.66207193771487,-0.6892318106329328,-0.5915488600730896,-0.6403903353530112,negative
1162,8,3,no_axis,0.11112723668381859,,,,missing
1163,2,4,no_axis,0.11167682083847918,,,,missing
1164,3,4,no_axis,0.11859327694274535,,,,missing
1165,4,4,no_axis,0.11683889356035482,,,,missing
1166,5,4,no_surface,0.24145806178174364,,,,missing
1167,6,4,no_surface,0.3085291053691013,,,,missing
1168,7,4,no_axis,0.10913887244852126,,,,missing
1169,8,4,ok,36.987094423211275,-0.8430554270744324,-0.8155247017306844,-0.8292900644025584,negative
1170,4,1,no_surface,0.3180132187781884,,,,missing
1171,5,1,drift_rejected,0.31205306568804103,,,,missing
1172,6,1,no_surface,0.308496005361801,,,,missing
1173,7,1,ok,7.334594472207293,-1.1717017748573568,-1.0425503253936768,-1.1071260501255167,negative
1174,8,1,drift_rejected,0.35363914357568715,,,,missing
1175,2,2,no_axis,0.12163474176082581,,,,missing
1176,3,2,no_axis,0.12031068468386992,,,,missing
1177,4,2,no_axis,0.12303257506674448,,,,missing
1178,5,2,no_surface,0.3184564669024442,,,,missing
1179,6,2,drift_rejected,0.3899955262732094,,,,missing
1180,7,2,no_axis,0.110436508883795,,,,missing
1181,8,2,no_surface,0.30465338165828065,,,,missing
1182,2,3,no_axis,0.12137374718541845,,,,missing
1183,3,3,no_surface,0.27409583487048,,,,missing
1184,4,3,no_axis,0.12022056708027606,,,,missing
1185,5,3,no_axis,0.11280350213374404,,,,missing
1186,6,3,ok,5.683532379347406,-0.7300280332338926,-0.6605846285820007,-0.6953063309079467,negative
1187,7,3,no_surface,0.255431330652009,,,,missing
1188,8,3,ok,21.879140216883393,-1.0752856226648644,-0.9913386100195837,-1.033312116342224,negative
1189,2,4,no_axis,0.11618361249292847,,,,missing
1190,3,4,no_axis,0.1154579440062935,,,,missing
1191,4,4,no_axis,0.11249210446691305,,,,missing
1192,5,4,no_surface,0.26847047727019274,,,,missing
1193,6,4,no_axis,0.11043591744147639,,,,missing
1194,7,4,no_surface,0.27316558178886474,,,,missing
1195,8,4,ok,31.324717332564774,-0.7179392686287335,-0.6979208334571662,-0.7079300510429498,negative
1196,4,1,no_axis,0.1282716199367815,,,,missing
1197,5,1,no_surface,0.31395476520400556,,,,missing
1198,6,1,no_axis,0.12666583312598867,,,,missing
1199,7,1,ok,6.808426165207882,-0.8021119530823015,-0.7707365619636521,-0.7864242575229768,negative
1200,8,1,ok,10.552392743469253,-0.8331654667854309,-0.7945087346548572,-0.813837100720144,negative
1201,2,2,no_axis,0.12408940264787022,,,,missing
1202,3,2,no_axis,0.1251333438115346,,,,missing
1203,4,2,no_axis,0.12136219029970584,,,,missing
1204,5,2,no_axis,0.11927564627584315,,,,missing
1205,6,2,no_surface,0.3176898588169344,,,,missing
1206,7,2,no_surface,0.270291405409525,,,,missing
1207,8,2,no_axis,0.10887885035480459,,,,missing
1208,2,3,no_axis,0.12306673041939842,,,,missing
1209,3,3,no_axis,0.11751003175805746,,,,missing
1210,4,3,no_surface,0.28320853484648173,,,,missing
1211,5,3,no_axis,0.11703085993087153,,,,missing
1212,6,3,ok,12.00215220074814,-0.5552926409882974,-0.5503389609978809,-0.5528158009930892,negative
1213,7,3,no_surface,0.2740408728409051,,,,missing
1214,8,3,no_axis,0.11101861928626029,,,,missing
1215,2,4,no_axis,0.11821730188554097,,,,missing
1216,3,4,no_axis,0.11683495527933721,,,,missing
1217,4,4,no_axis,0.11443374533601487,,,,missing
1218,5,4,no_axis,0.11568260653995546,,,,missing
1219,6,4,no_surface,0.2580395603567955,,,,missing
1220,7,4,no_axis,0.11731131033846201,,,,missing
1221,8,4,no_surface,0.2987203695711549,,,,missing
1222,4,1,drift_rejected,0.3597613993477125,,,,missing
1223,5,1,no_axis,0.1267237501960705,,,,missing
1224,6,1,ok,5.203002725565349,-1.302588164806366,-1.229679823051286,-1.2661339939288259,negative
1225,7,1,no_surface,0.2933693427027701,,,,missing
1226,8,1,no_surface,0.29198194563789387,,,,missing
1227,2,2,no_surface,0.2675177283434863,,,,missing
1228,3,2,no_axis,0.11993491035737427,,,,missing
1229,4,2,no_axis,0.12505479895961746,,,,missing
1230,5,2,ok,3.445910550480914,-0.7370444392004739,-0.7131923735141754,-0.7251184063573246,negative
1231,6,2,no_surface,0.25912222069251495,,,,missing
1232,7,2,ok,4.49329811811088,-0.8337859809398651,-0.7568646870841396,-0.7953253340120023,negative
1233,8,2,no_surface,0.28086538942197037,,,,missing
1234,2,3,no_axis,0.12106462192733745,,,,missing
1235,3,3,no_axis,0.12038790978775732,,,,missing
1236,4,3,no_axis,0.11707543561157528,,,,missing
1237,5,3,no_axis,0.12142146326365313,,,,missing
1238,6,3,no_surface,0.24696746565128944,,,,missing
1239,7,3,ok,7.821918426749838,-0.43934853341741237,-0.3315313160419464,-0.38543992472967936,negative
1240,8,3,no_axis,0.10791180780145454,,,,missing
1241,2,4,no_axis,0.11834876863881977,,,,missing
1242,3,4,no_axis,0.1203578833077875,,,,missing
1243,4,4,no_axis,0.1130501709242353,,,,missing
1244,5,4,no_axis,0.10994867104918692,,,,missing
1245,6,4,no_axis,0.10842618288642925,,,,missing
1246,7,4,no_surface,0.29868684110551535,,,,missing
1247,8,4,ok,7.662635901688025,-0.7865547498929351,-0.6342934966087341,-0.7104241232508346,negative
1248,4,1,drift_rejected,0.3183555274954599,,,,missing
1249,5,1,flux_rejected,0.385616393228424,,,,missing
1250,6,1,no_surface,0.2791160956833956,,,,missing
1251,7,1,ok,4.425285858121741,-0.8171788118779659,-0.8062678997646587,-0.8117233558213124,negative
1252,8,1,ok,9.177545334851011,-1.1859842538833618,-1.1379304803511867,-1.1619573671172743,negative
1253,2,2,no_axis,0.12257592383135499,,,,missing
1254,3,2,no_axis,0.12769761938676347,,,,missing
1255,4,2,no_axis,0.12233961662353077,,,,missing
1256,5,2,no_axis,0.11721874324902903,,,,missing
1257,6,2,no_axis,0.12068661523833889,,,,missing
1258,7,2,ok,16.490672387028752,-0.6569935905722776,-0.6467128026574003,-0.6518531966148389,negative
1259,8,2,ok,24.94708488536528,-1.1817603554027516,-1.1271765555875364,-1.1544684554951439,negative
1260,2,3,no_axis,0.1220017094531743,,,,missing
1261,3,3,no_surface,0.2545796957145993,,,,missing
1262,4,3,no_surface,0.25753313196413447,,,,missing
1263,5,3,no_axis,0.11313103631596984,,,,missing
1264,6,3,no_axis,0.11022133956531109,,,,missing
1265,7,3,drift_rejected,0.2688032529116146,,,,missing
1266,8,3,no_surface,0.24641955486147182,,,,missing
1267,2,4,no_axis,0.1180715872105866,,,,missing
1268,3,4,no_axis,0.11879217264332179,,,,missing
1269,4,4,drift_rejected,0.2871580430376169,,,,missing
1270,5,4,no_axis,0.10769218502575749,,,,missing
1271,6,4,no_axis,0.11018286657824317,,,,missing
1272,7,4,no_axis,0.11055883379145431,,,,missing
1273,8,4,ok,36.69889165392798,-0.7858585007488728,-0.7765184515836132,-0.781188476166243,negative
1274,4,1,drift_rejected,0.37349433458042436,,,,missing
1275,5,1,ok,3.2043209517407343,-0.7339256213575681,-0.709138885140419,-0.7215322532489936,negative
1276,6,1,no_axis,0.12466402330547476,,,,missing
1277,7,1,no_surface,0.29309997490948747,,,,missing
1278,8,1,ok,7.706014103224192,-1.2508352473358835,-1.2438901723242841,-1.247362709830084,negative
1279,2,2,no_surface,0.26896173245362526,,,,missing
1280,3,2,no_axis,0.11950061406836408,,,,missing
1281,4,2,no_axis,0.11239066447730957,,,,missing
1282,5,2,no_axis,0.11690785345243365,,,,missing
1283,6,2,no_axis,0.11804311509736616,,,,missing
1284,7,2,drift_rejected,0.2840411037352985,,,,missing
1285,8,2,ok,5.500792527140362,-1.2437323331832886,-1.093172161370487,-1.1684522472768877,negative
1286,2,3,no_axis,0.11616192768431349,,,,missing
1287,3,3,no_axis,0.11984647754996205,,,,missing
1288,4,3,no_axis,0.12133752063683341,,,,missing
1289,5,3,no_axis,0.11794356543838524,,,,missing
1290,6,3,no_axis,0.11424086517467447,,,,missing
1291,7,3,drift_rejected,0.35982588307145563,,,,missing
1292,8,3,no_surface,0.24404300037620544,,,,missing
1293,2,4,no_axis,0.1226590220891462,,,,missing
1294,3,4,no_axis,0.10933359603128401,,,,missing
1295,4,4,drift_rejected,0.2639272424080722,,,,missing
1296,5,4,no_axis,0.11141085701451628,,,,missing
1297,6,4,no_axis,0.10601004396674954,,,,missing
1298,7,4,ok,3.0792012864118217,-0.6865890258783197,-0.6114752888679504,-0.649032157373135,negative
1299,8,4,no_axis,0.09881146198686037,,,,missing
1300,4,1,no_surface,0.31298971688808525,,,,missing
1301,5,1,no_surface,0.3049931902511234,,,,missing
1302,6,1,drift_rejected,0.2969190694803068,,,,missing
1303,7,1,no_axis,0.12467086183718397,,,,missing
1304,8,1,ok,7.680343673158435,-1.4527680575847626,-1.4034618722544705,-1.4281149649196165,negative
1305,2,2,no_axis,0.12009899204919389,,,,missing
1306,3,2,no_surface,0.27716860632239554,,,,missing
1307,4,2,no_axis,0.1268404709593011,,,,missing
1308,5,2,no_axis,0.1189886324956776,,,,missing
1309,6,2,no_axis,0.11200778844978064,,,,missing
1310,7,2,no_axis,0.11462563448862917,,,,missing
1311,8,2,no_surface,0.30198252574815115,,,,missing
1312,2,3,no_axis,0.12197989316635963,,,,missing
1313,3,3,no_surface,0.26032709539395044,,,,missing
1314,4,3,no_axis,0.12129860193389808,,,,missing
1315,5,3,no_axis,0.11950993858504054,,,,missing
1316,6,3,no_axis,0.10857727807908263,,,,missing
1317,7,3,no_axis,0.11251393244773136,,,,missing
1318,8,3,ok,13.723415845257167,-0.6904645005842374,-0.44753873348236084,-0.5690016170332991,negative
1319,2,4,no_axis,0.12094981405623584,,,,missing
1320,3,4,no_axis,0.11550426652502413,,,,missing
1321,4,4,no_axis,0.11306174385600667,,,,missing
1322,5,4,ok,1.6780459595324926,-0.758971095085144,-0.6163134917916218,-0.6876422934383829,negative
1323,6,4,ok,8.084550222596906,-0.46525993893280165,-0.4080224931240082,-0.4366412160284049,negative
1324,7,4,ok,22.222406084269394,-0.7312168572713122,-0.6976587809877454,-0.7144378191295289,negative
1325,8,4,ok,23.781912216483548,-0.732695147395134,-0.7035907722388572,-0.7181429598169956,negative
1326,4,1,no_axis,0.12392080438980001,,,,missing
1327,5,1,no_surface,0.31273517054516947,,,,missing
1328,6,1,no_axis,0.12263967450047858,,,,missing
1329,7,1,no_axis,0.12441632066215942,,,,missing
1330,8,1,no_surface,0.3088749500955519,,,,missing
1331,2,2,no_axis,0.12314179459657137,,,,missing
1332,3,2,no_axis,0.12542005287890517,,,,missing
1333,4,2,no_axis,0.12250303565640293,,,,missing
1334,5,2,no_axis,0.1188314548952598,,,,missing
1335,6,2,no_surface,0.30519561659682853,,,,missing
1336,7,2,ok,3.29874142520511,-0.808666744945924,-0.6712464094161987,-0.7399565771810614,negative
1337,8,2,ok,6.570122334979309,-0.7914994727074588,-0.6901458501815796,-0.7408226614445192,negative
1338,2,3,no_axis,0.11931084120092367,,,,missing
1339,3,3,no_axis,0.11886721759656943,,,,missing
1340,4,3,no_axis,0.12077076109897167,,,,missing
1341,5,3,ok,1.7942647868732997,-0.38576333224773407,-0.3662713357396517,-0.37601733399369286,negative
1342,6,3,drift_rejected,0.29649370521327717,,,,missing
1343,7,3,no_axis,0.11368105094088875,,,,missing
1344,8,3,ok,2.2823761186708866,-0.7448680175745624,-0.5212464332580566,-0.6330572254163096,negative
1345,2,4,no_axis,0.11915635245246595,,,,missing
1346,3,4,no_axis,0.11914347059896069,,,,missing
1347,4,4,no_axis,0.11540057094782204,,,,missing
1348,5,4,no_axis,0.107869064227515,,,,missing
1349,6,4,ok,7.547018438149079,-1.1114649772644043,-0.982997297965852,-1.0472311376151282,negative
1350,7,4,drift_rejected,0.36438087705614997,,,,missing
1351,8,4,no_surface,0.23371868123967318,,,,missing
1352,4,1,no_surface,0.2738997450481117,,,,missing
1353,5,1,drift_rejected,0.3542264155309913,,,,missing
1354,6,1,no_axis,0.11890664560428242,,,,missing
1355,7,1,ok,6.238285209832828,-0.9270908646285534,-0.917065122969059,-0.9220779937988062,negative
1356,8,1,ok,8.789806366693735,-1.1109964358158069,-1.1004891814388396,-1.105742808627323,negative
1357,2,2,no_axis,0.12375101376182387,,,,missing
1358,3,2,no_axis,0.1253374350615158,,,,missing
1359,4,2,no_axis,0.1232650428229202,,,,missing
1360,5,2,no_surface,0.2759143011513316,,,,missing
1361,6,2,ok,1.9708410305674449,-0.6340490135221306,-0.5588054060935974,-0.596427209807864,negative
1362,7,2,no_axis,0.11966483580660199,,,,missing
1363,8,2,ok,18.028914743356207,-0.9943452738810086,-0.8602133393287659,-0.9272793066048872,negative
1364,2,3,no_axis,0.1251314834091275,,,,missing
1365,3,3,no_axis,0.12015376347661089,,,,missing
1366,4,3,no_axis,0.11370129762216666,,,,missing
1367,5,3,no_axis,0.11294913492761566,,,,missing
1368,6,3,no_axis,0.11316614134928371,,,,missing
1369,7,3,no_surface,0.24608075802281915,,,,missing
1370,8,3,ok,30.382074726305653,-0.8159977621352735,-0.7485656142234802,-0.7822816881793768,negative
1371,2,4,no_axis,0.12026855783700502,,,,missing
1372,3,4,no_axis,0.1192832773782651,,,,missing
1373,4,4,no_axis,0.10968536253314515,,,,missing
1374,5,4,no_surface,0.277652271207236,,,,missing
1375,6,4,no_axis,0.11747453573396625,,,,missing
1376,7,4,no_surface,0.2431627102145289,,,,missing
1377,8,4,ok,15.425144563876156,-0.7429364272561054,-0.6212502121925354,-0.6820933197243204,negative
1378,4,1,no_axis,0.12713605926528118,,,,missing
1379,5,1,no_axis,0.1270078526783028,,,,missing
1380,6,1,drift_rejected,0.33775072226438385,,,,missing
1381,7,1,ok,6.636215470854544,-1.496109426021576,-1.3956875183547226,-1.4458984721881492,negative
1382,8,1,no_surface,0.33302731891114434,,,,missing
1383,2,2,no_axis,0.12687706302856605,,,,missing
1384,3,2,no_axis,0.11940867914096431,,,,missing
1385,4,2,no_axis,0.12128918614071163,,,,missing
1386,5,2,no_axis,0.11528656598954215,,,,missing
1387,6,2,no_surface,0.25793998933662143,,,,missing
1388,7,2,ok,6.134584977784417,-1.0559209325994476,-1.0539949522068561,-1.0549579424031519,negative
1389,8,2,no_surface,0.2529280023651651,,,,missing
1390,2,3,no_axis,0.12050421413861345,,,,missing
1391,3,3,no_axis,0.11988351886361713,,,,missing
1392,4,3,no_surface,0.2490613435369856,,,,missing
1393,5,3,no_axis,0.11040916390944402,,,,missing
1394,6,3,drift_rejected,0.2646072595897167,,,,missing
1395,7,3,ok,16.204844225609015,-0.9190117424436147,-0.8875424899196499,-0.9032771161816323,negative
1396,8,3,no_surface,0.2969634595151767,,,,missing
1397,2,4,no_axis,0.11403927041570894,,,,missing
1398,3,4,no_axis,0.1212962543435407,,,,missing
1399,4,4,no_axis,0.11991248215213715,,,,missing
1400,5,4,no_axis,0.11710457300572862,,,,missing
1401,6,4,ok,3.297089215256718,-0.6709562037140131,-0.6656235119516103,-0.6682898578328117,negative
1402,7,4,no_surface,0.2373071241799034,,,,missing
1403,8,4,no_surface,0.23898722518562732,,,,missing
1404,4,1,drift_rejected,0.34545667007778047,,,,missing
1405,5,1,no_axis,0.12495150617487416,,,,missing
1406,6,1,no_axis,0.1274278149213772,,,,missing
1407,7,1,ok,4.802843156985019,-0.9054876105929892,-0.8605499863624573,-0.8830187984777232,negative
1408,8,1,ok,7.461521383812611,-1.1875287741422653,-1.1533567312956499,-1.1704427527189576,negative
1409,2,2,no_axis,0.12417757566614929,,,,missing
1410,3,2,no_axis,0.12094681614816119,,,,missing
1411,4,2,no_axis,0.1249146741377937,,,,missing
1412,5,2,no_axis,0.11921268861841626,,,,missing
1413,6,2,no_axis,0.11620567212314206,,,,missing
1414,7,2,ok,4.998384878195842,-1.643414855003357,-1.3869514299070183,-1.5151831424551876,negative
1415,8,2,drift_rejected,0.288251907504379,,,,missing
1416,2,3,no_axis,0.12127097059321533,,,,missing
1417,3,3,no_axis,0.12229177593926358,,,,missing
1418,4,3,no_axis,0.11560973855888892,,,,missing
1419,5,3,no_axis,0.11358909042759441,,,,missing
1420,6,3,drift_rejected,0.31423376518125157,,,,missing
1421,7,3,no_axis,0.11230649636464339,,,,missing
1422,8,3,no_surface,0.24580845842370513,,,,missing
1423,2,4,no_axis,0.12291463625092597,,,,missing
1424,3,4,no_axis,0.11875767659331266,,,,missing
1425,4,4,no_axis,0.12016475398386904,,,,missing
1426,5,4,no_axis,0.11534599034076501,,,,missing
1427,6,4,no_surface,0.2411503578123107,,,,missing
1428,7,4,no_axis,0.10847460464912469,,,,missing
1429,8,4,no_surface,0.24122509292205066,,,,missing
1430,4,1,no_axis,0.12699181449085098,,,,missing
1431,5,1,drift_rejected,0.3681964657815419,,,,missing
1432,6,1,no_axis,0.12550189069579745,,,,missing
1433,7,1,no_surface,0.3424258871944191,,,,missing
1434,8,1,ok,7.036157698806869,-1.3716258729590864,-1.1583610773086548,-1.2649934751338705,negative
1435,2,2,no_axis,0.1231457237685931,,,,missing
1436,3,2,no_axis,0.11957501791306896,,,,missing
1437,4,2,drift_rejected,0.2833876736973154,,,,missing
1438,5,2,no_axis,0.1216464485865422,,,,missing
1439,6,2,no_surface,0.28446854445432657,,,,missing
1440,7,2,no_axis,0.11628248126008137,,,,missing
1441,8,2,ok,40.823814078717064,-1.0279068225162575,-0.9972242712974548,-1.0125655469068562,negative
1442,2,3,no_axis,0.11851857802157229,,,,missing
1443,3,3,no_axis,0.11694525668088879,,,,missing
1444,4,3,no_axis,0.11994878267764929,,,,missing
1445,5,3,no_surface,0.26631746288743385,,,,missing
1446,6,3,no_axis,0.11555925729581092,,,,missing
1447,7,3,ok,7.806647428281324,-0.6169739477336407,-0.6107052608438767,-0.6138396042887586,negative
1448,8,3,no_surface,0.28770378021581416,,,,missing
1449,2,4,no_axis,0.12159118967886479,,,,missing
1450,3,4,no_axis,0.1170936640694083,,,,missing
1451,4,4,no_axis,0.11787720787300382,,,,missing
1452,5,4,no_axis,0.11300161304207063,,,,missing
1453,6,4,no_axis,0.11015237881549832,,,,missing
1454,7,4,ok,17.225812333470156,-0.8105911588321292,-0.7751007080078125,-0.7928459334199709,negative
1455,8,4,no_axis,0.1067657196491956,,,,missing
1456,4,1,no_surface,0.30574525527663043,,,,missing
1457,5,1,no_axis,0.12470444319323654,,,,missing
1458,6,1,no_axis,0.12479574060895404,,,,missing
1459,7,1,drift_rejected,0.353678550290842,,,,missing
1460,8,1,drift_rejected,0.3654434818940043,,,,missing
1461,2,2,no_axis,0.12198751760044463,,,,missing
1462,3,2,no_axis,0.11940940791927267,,,,missing
1463,4,2,no_axis,0.1188277537506385,,,,missing
1464,5,2,no_axis,0.11268207324938317,,,,missing
1465,6,2,ok,5.282831621553352,-0.5244212746620178,-0.5174062901306381,-0.5209137823963279,negative
1466,7,2,no_axis,0.10928744266991708,,,,missing
1467,8,2,no_axis,0.10974158914721988,,,,missing
1468,2,3,no_axis,0.12592903052313906,,,,missing
1469,3,3,no_surface,0.25600248037530005,,,,missing
1470,4,3,no_surface,0.25014386982602255,,,,missing
1471,5,3,no_axis,0.11755874383769827,,,,missing
1472,6,3,no_axis,0.11434147373676702,,,,missing
1473,7,3,ok,9.79406877577941,-1.2080596089363098,-1.0730208115731386,-1.1405402102547242,negative
1474,8,3,no_surface,0.2659403001711669,,,,missing
1475,2,4,no_axis,0.12386602572176067,,,,missing
1476,3,4,no_axis,0.11734356704941168,,,,missing
1477,4,4,no_axis,0.11722795593105365,,,,missing
1478,5,4,no_surface,0.23715603363910792,,,,missing
1479,6,4,no_axis,0.11336640297209576,,,,missing
1480,7,4,no_axis,0.10872555241338609,,,,missing
1481,8,4,ok,20.615533279400037,-0.6303745904846975,-0.5552061796188354,-0.5927903850517664,negative
1482,4,1,no_axis,0.1260942660892613,,,,missing
1483,5,1,no_axis,0.12560454232318868,,,,missing
1484,6,1,no_surface,0.28196906180960407,,,,missing
1485,7,1,ok,4.868894343960325,-1.6029497385025024,-1.466072612881231,-1.5345111756918666,negative
1486,8,1,ok,8.645103868938188,-1.0789148733019829,-1.0552691430729553,-1.067092008187469,negative
1487,2,2,no_axis,0.12594546621991332,,,,missing
1488,3,2,drift_rejected,0.29682019980616997,,,,missing
1489,4,2,no_axis,0.12393101954672198,,,,missing
1490,5,2,ok,2.603689313077571,-0.5120179061374761,-0.4979746788740158,-0.504996292505746,negative
1491,6,2,no_axis,0.11756407559955658,,,,missing
1492,7,2,ok,11.9664356952655,-0.5152983984490291,-0.4965484824533132,-0.5059234404511712,negative
1493,8,2,no_surface,0.2782056483302092,,,,missing
1494,2,3,no_axis,0.12063071187843646,,,,missing
1495,3,3,no_axis,0.12290259945566573,,,,missing
1496,4,3,no_axis,0.11748857090983156,,,,missing
1497,5,3,no_axis,0.11076559505048107,,,,missing
1498,6,3,no_axis,0.11412709331373608,,,,missing
1499,7,3,no_surface,0.301237418572226,,,,missing
1500,8,3,no_surface,0.24211244347321795,,,,missing
1501,2,4,no_axis,0.12021700058510142,,,,missing
1502,3,4,no_axis,0.11854967635738556,,,,missing
1503,4,4,no_axis,0.11618737843534843,,,,missing
1504,5,4,no_axis,0.10340610030901687,,,,missing
1505,6,4,no_surface,0.257715010625497,,,,missing
1506,7,4,drift_rejected,0.2592025627445127,,,,missing
1507,8,4,ok,20.118358868589244,-1.2923108637332916,-1.2473607922127963,-1.269835827973044,negative
1508,4,1,no_axis,0.13007807330791407,,,,missing
1509,5,1,no_axis,0.12464253505145753,,,,missing
1510,6,1,no_axis,0.12499790207575508,,,,missing
1511,7,1,ok,4.109455473315756,-0.9246893402564416,-0.872430831193924,-0.8985600857251828,negative
1512,8,1,ok,9.76183814669621,-0.8486804068088531,-0.8294791616618674,-0.8390797842353603,negative
1513,2,2,no_surface,0.26822206439255164,,,,missing
1514,3,2,no_axis,0.12168967215590494,,,,missing
1515,4,2,no_axis,0.12159283654462419,,,,missing
1516,5,2,no_surface,0.2711438075007992,,,,missing
1517,6,2,no_axis,0.11735848201885526,,,,missing
1518,7,2,drift_rejected,0.37976797363755793,,,,missing
1519,8,2,no_surface,0.2704769200557876,,,,missing
1520,2,3,no_axis,0.12041173467681424,,,,missing
1521,3,3,no_axis,0.12021873911772184,,,,missing
1522,4,3,no_axis,0.1175238016823068,,,,missing
1523,5,3,no_axis,0.11869033743041424,,,,missing
1524,6,3,no_axis,0.11124161243367908,,,,missing
1525,7,3,no_axis,0.11155592731327542,,,,missing
1526,8,3,no_axis,0.10778291537520185,,,,missing
1527,2,4,no_axis,0.12370020664603132,,,,missing
1528,3,4,no_axis,0.12088226044547666,,,,missing
1529,4,4,no_axis,0.11568061044262466,,,,missing
1530,5,4,no_surface,0.24657890300039195,,,,missing
1531,6,4,ok,4.371439671553751,-1.0277087688446045,-0.8474057039077383,-0.9375572363761714,negative
1532,7,4,no_axis,0.10927607246830162,,,,missing
1533,8,4,no_surface,0.2326057417478956,,,,missing
1534,4,1,no_axis,0.12861734828735238,,,,missing
1535,5,1,drift_rejected,0.30242909306714333,,,,missing
1536,6,1,no_axis,0.12464803597392943,,,,missing
1537,7,1,drift_rejected,0.3662250765645754,,,,missing
1538,8,1,ok,3.8899672476122866,-0.7917807289458866,-0.6439629197120667,-0.7178718243289766,negative
1539,2,2,no_axis,0.12349864059357502,,,,missing
1540,3,2,no_axis,0.12652005260061272,,,,missing
1541,4,2,no_axis,0.12013943967165241,,,,missing
1542,5,2,no_axis,0.11941106395611255,,,,missing
1543,6,2,no_surface,0.25281426841997245,,,,missing
1544,7,2,ok,4.1669371181065085,-0.8553104562219671,-0.8074353188276291,-0.8313728875247981,negative
1545,8,2,drift_rejected,0.34917833873315357,,,,missing
1546,2,3,no_axis,0.12041036202550831,,,,missing
1547,3,3,drift_rejected,0.2593625298996886,,,,missing
1548,4,3,no_axis,0.11787447003652765,,,,missing
1549,5,3,no_axis,0.11457342030479299,,,,missing
1550,6,3,no_axis,0.10620649757363668,,,,missing
1551,7,3,no_axis,0.10289326691206405,,,,missing
1552,8,3,no_axis,0.10579805980395525,,,,missing
1553,2,4,no_axis,0.11988889393122559,,,,missing
1554,3,4,no_axis,0.11841267223361905,,,,missing
1555,4,4,no_axis,0.11596793426707908,,,,missing
1556,5,4,no_axis,0.11510326282132677,,,,missing
1557,6,4,no_axis,0.11194064417977667,,,,missing
1558,7,4,ok,1.6274267145605221,-0.6051816046237946,-0.5408916589839414,-0.573036631803868,negative
1559,8,4,no_surface,0.25095828853709046,,,,missing
1560,4,1,no_axis,0.12530089589243462,,,,missing
1561,5,1,no_surface,0.3135183442023094,,,,missing
1562,6,1,ok,6.944665214680164,-1.1409325301647186,-1.0940309355243447,-1.1174817328445317,negative
1563,7,1,no_axis,0.12552674447742165,,,,missing
1564,8,1,ok,7.216844688522783,-1.3883523046970367,-1.3616217550338086,-1.3749870298654225,negative
1565,2,2,no_axis,0.12209550640523253,,,,missing
1566,3,2,no_axis,0.12378958471972973,,,,missing
1567,4,2,no_axis,0.12169377664072825,,,,missing
1568,5,2,no_surface,0.27592019395042333,,,,missing
1569,6,2,drift_rejected,0.33961072017948785,,,,missing
1570,7,2,no_axis,0.10803153270970807,,,,missing
1571,8,2,no_surface,0.2927730009270883,,,,missing
1572,2,3,no_axis,0.12216507733920463,,,,missing
1573,3,3,no_axis,0.12278465645099208,,,,missing
1574,4,3,no_axis,0.12270114555007672,,,,missing
1575,5,3,no_axis,0.11467497040518329,,,,missing
1576,6,3,no_surface,0.32557082411237154,,,,missing
1577,7,3,no_surface,0.25127845685012984,,,,missing
1578,8,3,no_axis,0.11534932063362409,,,,missing
1579,2,4,no_axis,0.12289199617398833,,,,missing
1580,3,4,no_surface,0.26320852762763597,,,,missing
1581,4,4,no_surface,0.2547438426141976,,,,missing
1582,5,4,no_surface,0.2855608158727731,,,,missing
1583,6,4,no_axis,0.11224713175938922,,,,missing
1584,7,4,no_axis,0.10893677417365957,,,,missing
1585,8,4,no_surface,0.26980950639022266,,,,missing
1586,4,1,no_axis,0.12652388413476473,,,,missing
1587,5,1,no_axis,0.12611113410503677,,,,missing
1588,6,1,no_surface,0.2793458502454538,,,,missing
1589,7,1,ok,2.144705757837391,-0.6980382019817908,-0.5504933595657349,-0.6242657807737628,negative
1590,8,1,ok,6.280760427917467,-1.5799543261528015,-1.5432663034644727,-1.561610314808637,negative
1591,2,2,no_surface,0.26406741333323996,,,,missing
1592,3,2,no_axis,0.12755018331012055,,,,missing
1593,4,2,no_axis,0.11430391764844279,,,,missing
1594,5,2,no_surface,0.27578790739293313,,,,missing
1595,6,2,no_axis,0.1164913985430828,,,,missing
1596,7,2,no_surface,0.2535624446243205,,,,missing
1597,8,2,no_surface,0.2644080371575466,,,,missing
1598,2,3,no_axis,0.12397390436240237,,,,missing
1599,3,3,no_axis,0.11803709928750335,,,,missing
1600,4,3,no_axis,0.12017334435533927,,,,missing
1601,5,3,no_axis,0.11732453175546315,,,,missing
1602,6,3,ok,2.8330548632280053,-0.6586112154059851,-0.5484791398048401,-0.6035451776054126,negative
1603,7,3,drift_rejected,0.27223895342834176,,,,missing
1604,8,3,no_axis,0.10632380789994023,,,,missing
1605,2,4,no_axis,0.12220625718217588,,,,missing
1606,3,4,no_axis,0.11617693559472629,,,,missing
1607,4,4,no_axis,0.11945914457734011,,,,missing
1608,5,4,no_axis,0.11370640351915869,,,,missing
1609,6,4,no_axis,0.11142702112285773,,,,missing
1610,7,4,ok,15.911013294058943,-0.5859047397971153,-0.5657323418223787,-0.575818540809747,negative
1611,8,4,no_axis,0.10895912809943811,,,,missing
1612,4,1,no_surface,0.286432792435567,,,,missing
1613,5,1,drift_rejected,0.3807736140783476,,,,missing
1614,6,1,no_surface,0.30229297325606996,,,,missing
1615,7,1,no_surface,0.2939406170726487,,,,missing
1616,8,1,ok,8.505890450337255,-1.2113103866577148,-1.1745215402449443,-1.1929159634513296,negative
1617,2,2,no_axis,0.12371403706068802,,,,missing
1618,3,2,no_axis,0.1263342666523682,,,,missing
1619,4,2,no_surface,0.2623841676250613,,,,missing
1620,5,2,no_surface,0.30558764953630724,,,,missing
1621,6,2,no_surface,0.2779064498834319,,,,missing
1622,7,2,no_surface,0.30993499966016885,,,,missing
1623,8,2,no_axis,0.10985194685909079,,,,missing
1624,2,3,no_axis,0.12346130970937985,,,,missing
1625,3,3,no_axis,0.11794537330141493,,,,missing
1626,4,3,no_surface,0.27266454626066045,,,,missing
1627,5,3,no_surface,0.26218173730847694,,,,missing
1628,6,3,no_surface,0.2756193045610321,,,,missing
1629,7,3,no_axis,0.110503130321006,,,,missing
1630,8,3,drift_rejected,0.2632380246003936,,,,missing
1631,2,4,no_axis,0.1175721013274373,,,,missing
1632,3,4,no_axis,0.11900976872207868,,,,missing
1633,4,4,no_axis,0.11313176705718085,,,,missing
1634,5,4,no_axis,0.11370478143878503,,,,missing
1635,6,4,no_axis,0.10605343620725627,,,,missing
1636,7,4,no_axis,0.1048581988933,,,,missing
1637,8,4,ok,35.474963664626934,-0.7807255003459684,-0.7568652865883643,-0.7687953934671663,negative
1638,4,1,no_surface,0.3150205112643729,,,,missing
1639,5,1,drift_rejected,0.3952757697086032,,,,missing
1640,6,1,no_axis,0.12504378548767375,,,,missing
1641,7,1,no_axis,0.12300283034573645,,,,missing
1642,8,1,no_surface,0.3387281984166089,,,,missing
1643,2,2,no_axis,0.1227675263364908,,,,missing
1644,3,2,drift_rejected,0.3269692711737778,,,,missing
1645,4,2,drift_rejected,0.26348174044218015,,,,missing
1646,5,2,no_axis,0.12066234528768426,,,,missing
1647,6,2,no_surface,0.3035304863261448,,,,missing
1648,7,2,no_axis,0.11005949578208851,,,,missing
1649,8,2,no_surface,0.24974977246887292,,,,missing
1650,2,3,no_axis,0.11832822063022981,,,,missing
1651,3,3,no_surface,0.2642782790607471,,,,missing
1652,4,3,no_axis,0.11950842069372239,,,,missing
1653,5,3,drift_rejected,0.28118773908920625,,,,missing
1654,6,3,no_axis,0.11036786564679463,,,,missing
1655,7,3,no_axis,0.1144379436607703,,,,missing
1656,8,3,no_axis,0.10862591389955426,,,,missing
1657,2,4,no_axis,0.12047457925035926,,,,missing
1658,3,4,no_axis,0.11229501288992867,,,,missing
1659,4,4,no_axis,0.11242367580341939,,,,missing
1660,5,4,no_axis,0.11497209662302697,,,,missing
1661,6,4,no_axis,0.10870167629346139,,,,missing
1662,7,4,no_axis,0.11099473726454578,,,,missing
1663,8,4,ok,10.825339353136586,-0.8217178647755645,-0.814767436675809,-0.8182426507256868,negative
1664,4,1,no_axis,0.12262292673386443,,,,missing
1665,5,1,no_axis,0.12451222114794076,,,,missing
1666,6,1,drift_rejected,0.27620788951650105,,,,missing
1667,7,1,no_axis,0.12290950207018073,,,,missing
1668,8,1,ok,7.612589063013228,-1.097183107108073,-1.0950370006217516,-1.0961100538649124,negative
1669,2,2,no_axis,0.12404245125989369,,,,missing
1670,3,2,no_axis,0.12027802747453804,,,,missing
1671,4,2,no_axis,0.12451632209163091,,,,missing
1672,5,2,no_axis,0.11966374222977988,,,,missing
1673,6,2,no_axis,0.11021412422967927,,,,missing
1674,7,2,no_axis,0.1096354414218856,,,,missing
1675,8,2,ok,42.5328164977635,-0.9401883275465728,-0.9017189267454582,-0.9209536271460155,negative
1676,2,3,no_axis,0.1228487984604227,,,,missing
1677,3,3,no_axis,0.1238823988153398,,,,missing
1678,4,3,no_surface,0.25776667339392034,,,,missing
1679,5,3,no_axis,0.11507133779649115,,,,missing
1680,6,3,no_axis,0.11197696153633928,,,,missing
1681,7,3,drift_rejected,0.30602797421437294,,,,missing
1682,8,3,ok,11.136138048225236,-0.8301203032741731,-0.708795964717865,-0.769458133996019,negative
1683,2,4,no_axis,0.1191382073770727,,,,missing
1684,3,4,no_axis,0.11745275455218795,,,,missing
1685,4,4,no_axis,0.10662131250162994,,,,missing
1686,5,4,no_axis,0.1083694327511454,,,,missing
1687,6,4,drift_rejected,0.2564527816715171,,,,missing
1688,7,4,no_axis,0.10418242231899894,,,,missing
1689,8,4,no_surface,0.2586982016702229,,,,missing
1690,4,1,no_surface,0.2826030967029048,,,,missing
1691,5,1,no_surface,0.2849676079932992,,,,missing
1692,6,1,no_surface,0.3469821241102595,,,,missing
1693,7,1,ok,7.363019043851772,-1.0082453857358438,-0.982418647048473,-0.9953320163921584,negative
1694,8,1,ok,5.045367631639276,-1.1097043752670288,-0.8879621896423364,-0.9988332824546826,negative
1695,2,2,no_axis,0.12425873190866153,,,,missing
1696,3,2,no_axis,0.12084098951877667,,,,missing
1697,4,2,no_axis,0.12451893054284212,,,,missing
1698,5,2,no_surface,0.3042029110299962,,,,missing
1699,6,2,drift_rejected,0.3348929794531341,,,,missing
1700,7,2,no_surface,0.2664526442480969,,,,missing
1701,8,2,no_surface,0.28842818051214036,,,,missing
1702,2,3,no_axis,0.1207113749827848,,,,missing
1703,3,3,no_axis,0.12150832011995777,,,,missing
1704,4,3,no_axis,0.11226439666352879,,,,missing
1705,5,3,no_surface,0.25428196359871974,,,,missing
1706,6,3,no_axis,0.10588295716928611,,,,missing
1707,7,3,ok,4.603708915734168,-0.585926711211861,-0.5751648788038787,-0.5805457950078698,negative
1708,8,3,no_surface,0.29100775254069444,,,,missing
1709,2,4,no_axis,0.12074190718301642,,,,missing
1710,3,4,no_axis,0.11686043039917311,,,,missing
1711,4,4,no_axis,0.11185168006198234,,,,missing
1712,5,4,no_axis,0.11716063882785244,,,,missing
1713,6,4,no_axis,0.11461952984103761,,,,missing
1714,7,4,ok,18.33787191041673,-0.53096685372293,-0.5246175173706716,-0.5277921855468009,negative
1715,8,4,no_axis,0.10345815391876004,,,,missing
1716,4,1,no_axis,0.12609553392151654,,,,missing
1717,5,1,no_axis,0.12631571775181968,,,,missing
1718,6,1,ok,3.736494768251066,-1.0323317646980286,-0.9075589380916873,-0.9699453513948579,negative
1719,7,1,ok,4.777620917222792,-1.7652831077575684,-1.7029889145858872,-1.7341360111717279,negative
1720,8,1,ok,7.464188683936479,-1.2755805253982544,-1.176552106939785,-1.2260663161690197,negative
1721,2,2,no_axis,0.12117959272150741,,,,missing
1722,3,2,no_axis,0.12653939400560585,,,,missing
1723,4,2,no_axis,0.11907407244776791,,,,missing
1724,5,2,no_axis,0.12401897188253677,,,,missing
1725,6,2,no_axis,0.10516951459218499,,,,missing
1726,7,2,no_surface,0.31233999328984524,,,,missing
1727,8,2,drift_rejected,0.3676687052333739,,,,missing
1728,2,3,no_axis,0.12205231427174781,,,,missing
1729,3,3,no_axis,0.12112093147441792,,,,missing
1730,4,3,no_axis,0.11205471248458294,,,,missing
1731,5,3,no_axis,0.11625643479526544,,,,missing
1732,6,3,no_axis,0.10923403010355259,,,,missing
1733,7,3,no_surface,0.24117188406474527,,,,missing
1734,8,3,ok,24.76338567806947,-0.917143702507019,-0.8635715899628901,-0.8903576462349545,negative
1735,2,4,no_axis,0.11708390682030012,,,,missing
1736,3,4,no_axis,0.11788348461012442,,,,missing
1737,4,4,no_surface,0.25434058212281146,,,,missing
1738,5,4,no_axis,0.11326745386954423,,,,missing
1739,6,4,no_axis,0.11489240654713302,,,,missing
1740,7,4,no_axis,0.10801777594402905,,,,missing
1741,8,4,no_axis,0.10824444394524052,,,,missing
1742,4,1,no_axis,0.12577203396377198,,,,missing
1743,5,1,no_axis,0.12605553997989416,,,,missing
1744,6,1,ok,5.074856851570955,-0.989220494506123,-0.984780857725832,-0.9870006761159775,negative
1745,7,1,drift_rejected,0.29360115546392057,,,,missing
1746,8,1,no_surface,0.29246366000768903,,,,missing
1747,2,2,no_axis,0.12102525210537551,,,,missing
1748,3,2,no_axis,0.12341517915189876,,,,missing
1749,4,2,no_surface,0.3073280918056167,,,,missing
1750,5,2,no_surface,0.2586494561954395,,,,missing
1751,6,2,no_axis,0.1139895974585105,,,,missing
1752,7,2,no_axis,0.10742669696043353,,,,missing
1753,8,2,flux_rejected,0.46630291542937324,,,,missing
1754,2,3,no_axis,0.12161667735593668,,,,missing
1755,3,3,no_axis,0.11983417669920471,,,,missing
1756,4,3,no_axis,0.11254312860697323,,,,missing
1757,5,3,no_axis,0.11277169917823227,,,,missing
1758,6,3,no_axis,0.11078000567002913,,,,missing
1759,7,3,no_surface,0.25449437921275564,,,,missing
1760,8,3,no_surface,0.25217100950032323,,,,missing
1761,2,4,no_surface,0.24226393085458817,,,,missing
1762,3,4,no_axis,0.12288662733566268,,,,missing
1763,4,4,no_surface,0.2492676786208457,,,,missing
1764,5,4,no_axis,0.1089955981711242,,,,missing
1765,6,4,no_axis,0.11475333671294781,,,,missing
1766,7,4,no_surface,0.2564993452523802,,,,missing
1767,8,4,no_axis,0.1083907980917261,,,,missing
1768,4,1,no_surface,0.2841256877161999,,,,missing
1769,5,1,no_surface,0.29789231208727246,,,,missing
1770,6,1,no_axis,0.12602834195906998,,,,missing
1771,7,1,ok,6.6505312432889445,-1.495047152042389,-1.464236487999617,-1.479641820021003,negative
1772,8,1,ok,6.688101974133501,-1.4621362386917298,-1.3325005173683167,-1.3973183780300231,negative
1773,2,2,no_axis,0.12217124633201265,,,,missing
1774,3,2,no_axis,0.11880982612844937,,,,missing
1775,4,2,no_axis,0.11820054835765259,,,,missing
1776,5,2,no_surface,0.32639523673660664,,,,missing
1777,6,2,no_surface,0.2734431342974954,,,,missing
1778,7,2,no_axis,0.11227983285528423,,,,missing
1779,8,2,ok,5.897816855022769,-1.4910393133759499,-1.4774618104611605,-1.484250561918555,negative
1780,2,3,no_axis,0.12160565456751726,,,,missing
1781,3,3,no_surface,0.2761928955910307,,,,missing
1782,4,3,no_axis,0.11708536095987943,,,,missing
1783,5,3,no_axis,0.11030754508725907,,,,missing
1784,6,3,no_axis,0.11019547386047707,,,,missing
1785,7,3,no_axis,0.11094298131856578,,,,missing
1786,8,3,no_axis,0.10845655830349073,,,,missing
1787,2,4,no_axis,0.12238061490535018,,,,missing
1788,3,4,no_axis,0.1165841395117892,,,,missing
1789,4,4,no_axis,0.11729783749146397,,,,missing
1790,5,4,no_axis,0.1074660686581441,,,,missing
1791,6,4,no_axis,0.11005643850439972,,,,missing
1792,7,4,no_axis,0.10750661008930743,,,,missing
1793,8,4,ok,2.7779564713186575,-0.6026387996971607,-0.5926788343849753,-0.5976588170410679,negative
1794,4,1,no_surface,0.3302703149671841,,,,missing
1795,5,1,drift_rejected,0.37222494324658373,,,,missing
1796,6,1,no_axis,0.12299351323259783,,,,missing
1797,7,1,ok,6.26729859167362,-1.3719415601831197,-1.312397301197052,-1.342169430690086,negative
1798,8,1,ok,5.614359980494167,-1.7918720245361328,-1.3993227231941767,-1.5955973738651548,negative
1799,2,2,no_axis,0.12458072210421885,,,,missing
1800,3,2,no_axis,0.12070970571844249,,,,missing
1801,4,2,ok,1.9391923694800248,-0.751717746257782,-0.6447578326841634,-0.6982377894709727,negative
1802,5,2,no_axis,0.11171319345150482,,,,missing
1803,6,2,no_axis,0.11162029591466378,,,,missing
1804,7,2,no_axis,0.11109269430888197,,,,missing
1805,8,2,no_surface,0.2890531034707019,,,,missing
1806,2,3,no_axis,0.11811837457199835,,,,missing
1807,3,3,no_axis,0.12168278654281227,,,,missing
1808,4,3,no_axis,0.11648918166919522,,,,missing
1809,5,3,no_axis,0.11129082733674095,,,,missing
1810,6,3,no_surface,0.25959007430620556,,,,missing
1811,7,3,no_axis,0.10834368526763614,,,,missing
1812,8,3,no_axis,0.11008622325957139,,,,missing
1813,2,4,no_axis,0.12148763121374886,,,,missing
1814,3,4,no_axis,0.11520724724159909,,,,missing
1815,4,4,drift_rejected,0.26489388153781784,,,,missing
1816,5,4,no_axis,0.10596906296653552,,,,missing
1817,6,4,no_axis,0.11111082974203235,,,,missing
1818,7,4,ok,5.228280746514788,-0.8647028657753713,-0.8285072594881058,-0.8466050626317385,negative
1819,8,4,ok,7.663155122517958,-0.4830806323395972,-0.3638466000556946,-0.4234636161976459,negative
1820,4,1,ok,1.573661191513242,-0.5175145603716373,-0.5076248666008076,-0.5125697134862225,negative
1821,5,1,no_surface,0.3060025781526896,,,,missing
1822,6,1,no_surface,0.3404485894155607,,,,missing
1823,7,1,ok,4.860279193553181,-1.0171789954714745,-0.9109032154083252,-0.9640411054398998,negative
1824,8,1,ok,7.184019291275691,-1.2214901757258014,-1.1062126159667969,-1.163851395846299,negative
1825,2,2,no_axis,0.12404786549688569,,,,missing
1826,3,2,no_surface,0.2602929986380466,,,,missing
1827,4,2,no_axis,0.1251586962724274,,,,missing
1828,5,2,no_axis,0.12408375070908165,,,,missing
1829,6,2,ok,5.763206523038918,-0.8006213692259704,-0.7875088713354547,-0.7940651202807125,negative
1830,7,2,no_surface,0.2629364385869059,,,,missing
1831,8,2,ok,6.904974432777225,-1.2214966509349419,-1.089420735836029,-1.1554586933854853,negative
1832,2,3,no_axis,0.12219734181285807,,,,missing
1833,3,3,no_axis,0.11526876194529255,,,,missing
1834,4,3,flux_rejected,0.2887474167332989,,,,missing
1835,5,3,no_axis,0.11461969038720894,,,,missing
1836,6,3,no_surface,0.31015318031726663,,,,missing
1837,7,3,no_axis,0.11109918859074426,,,,missing
1838,8,3,no_axis,0.11484078457013691,,,,missing
1839,2,4,no_axis,0.11906615121711384,,,,missing
1840,3,4,no_axis,0.1199513035185642,,,,missing
1841,4,4,no_surface,0.2586624527436269,,,,missing
1842,5,4,no_axis,0.11429510196577329,,,,missing
1843,6,4,ok,10.430298435040987,-0.5393944861225649,-0.352769136428833,-0.44608181127569896,negative
1844,7,4,ok,14.416748732249856,-0.741169620085126,-0.605782687664032,-0.673476153874579,negative
1845,8,4,ok,4.878609324421216,-1.0942990183830261,-1.0565336860496723,-1.0754163522163491,negative
1846,4,1,no_surface,0.3352714412817105,,,,missing
1847,5,1,no_axis,0.1248524769100023,,,,missing
1848,6,1,drift_rejected,0.3157630691923431,,,,missing
1849,7,1,ok,6.765282966359055,-1.3717973232269287,-1.2744498659355252,-1.323123594581227,negative
1850,8,1,ok,8.887818806996211,-1.1547474755354925,-1.1440726023948955,-1.149410038965194,negative
1851,2,2,no_axis,0.12511461451008815,,,,missing
1852,3,2,no_surface,0.2649669889143103,,,,missing
1853,4,2,no_surface,0.2751561385892603,,,,missing
1854,5,2,no_axis,0.12281901207266109,,,,missing
1855,6,2,no_axis,0.12080290149448954,,,,missing
1856,7,2,no_axis,0.11996228933226315,,,,missing
1857,8,2,no_axis,0.11450666799497136,,,,missing
1858,2,3,no_axis,0.12329865685487647,,,,missing
1859,3,3,no_axis,0.12175698589805278,,,,missing
1860,4,3,no_surface,0.267673757991035,,,,missing
1861,5,3,ok,3.0668604345807657,-0.34958046611515947,-0.34290327660956255,-0.346241871362361,negative
1862,6,3,drift_rejected,0.342414906408385,,,,missing
1863,7,3,no_surface,0.2589809384963798,,,,missing
1864,8,3,ok,29.618742170606748,-0.716470908929116,-0.7074524435314017,-0.7119616762302589,negative
1865,2,4,no_axis,0.12023220349787792,,,,missing
1866,3,4,no_axis,0.11433356725687736,,,,missing
1867,4,4,no_axis,0.11323348350353662,,,,missing
1868,5,4,no_surface,0.2406209703534594,,,,missing
1869,6,4,no_axis,0.10950563382397183,,,,missing
1870,7,4,drift_rejected,0.28210456344872986,,,,missing
1871,8,4,no_axis,0.1106374278069775,,,,missing
1872,4,1,no_surface,0.32024294345021187,,,,missing
1873,5,1,no_surface,0.34492378019180275,,,,missing
1874,6,1,no_axis,0.12674087349682664,,,,missing
1875,7,1,no_surface,0.3070373745692728,,,,missing
1876,8,1,ok,7.3954248791199335,-1.1891724223785718,-1.1185108423233032,-1.1538416323509375,negative
1877,2,2,no_axis,0.11714334965520445,,,,missing
1878,3,2,no_axis,0.1228551605820659,,,,missing
1879,4,2,drift_rejected,0.3596218520203239,,,,missing
1880,5,2,no_axis,0.11662505014257026,,,,missing
1881,6,2,ok,5.823285120090483,-1.0241938005995261,-1.0051103755831718,-1.014652088091349,negative
1882,7,2,ok,2.5582573804206805,-0.7289412679003284,-0.6075716018676758,-0.6682564348840021,negative
1883,8,2,no_surface,0.25319609009487265,,,,missing
1884,2,3,no_axis,0.12390200720425962,,,,missing
1885,3,3,no_axis,0.1243713780638561,,,,missing
1886,4,3,no_axis,0.12039437124128749,,,,missing
1887,5,3,no_axis,0.11534454487876095,,,,missing
1888,6,3,no_axis,0.110794843659741,,,,missing
1889,7,3,no_surface,0.2506882480737499,,,,missing
1890,8,3,no_surface,0.27018363405031043,,,,missing
1891,2,4,no_axis,0.11750857322196857,,,,missing
1892,3,4,no_axis,0.11897229863524142,,,,missing
1893,4,4,no_axis,0.11074397489007581,,,,missing
1894,5,4,no_surface,0.2867909121191792,,,,missing
1895,6,4,ok,18.319357557287343,-0.7346591204404831,-0.7032783008767547,-0.7189687106586189,negative
1896,7,4,no_surface,0.24749047598314783,,,,missing
1897,8,4,no_axis,0.10941638677952813,,,,missing
1898,4,1,no_surface,0.2817147933881382,,,,missing
1899,5,1,no_axis,0.12018652255338105,,,,missing
1900,6,1,no_axis,0.12755503493786668,,,,missing
1901,7,1,no_surface,0.3253933005581964,,,,missing
1902,8,1,ok,7.069970152260837,-1.674593113891789,-1.5965197682380676,-1.6355564410649284,negative
1903,2,2,no_axis,0.12179019614350778,,,,missing
1904,3,2,no_surface,0.2659160300283056,,,,missing
1905,4,2,no_axis,0.11905423061193243,,,,missing
1906,5,2,no_axis,0.11732022917172527,,,,missing
1907,6,2,ok,2.3647929954163778,-0.8088127091631272,-0.5748278498649597,-0.6918202795140435,negative
1908,7,2,no_axis,0.11220017298863379,,,,missing
1909,8,2,ok,8.477516662022508,-1.6772629022598267,-1.33182139181401,-1.5045421470369185,negative
1910,2,3,no_axis,0.11953399160500727,,,,missing
1911,3,3,no_surface,0.2563171931160723,,,,missing
1912,4,3,no_axis,0.11861536740068307,,,,missing
1913,5,3,no_axis,0.11686272043868172,,,,missing
1914,6,3,no_axis,0.10505754611351481,,,,missing
1915,7,3,ok,5.834491458313027,-1.4482039213180542,-1.2767209870923233,-1.3624624542051889,negative
1916,8,3,ok,4.274885492936675,-0.8389056955963006,-0.7989604026079178,-0.8189330491021092,negative
1917,2,4,no_axis,0.12129368095957649,,,,missing
1918,3,4,no_axis,0.11764936864187776,,,,missing
1919,4,4,ok,1.2777760407142142,-0.4538147300481796,-0.42966776385644834,-0.441741246952314,negative
1920,5,4,no_axis,0.11490642665778056,,,,missing
1921,6,4,no_axis,0.10720799852983494,,,,missing
1922,7,4,ok,15.267999604623599,-0.6683262738767588,-0.6470921486616135,-0.6577092112691861,negative
1923,8,4,no_surface,0.2784216559879739,,,,missing
1924,4,1,no_surface,0.29432421700675343,,,,missing
1925,5,1,flux_rejected,0.3971967324596926,,,,missing
1926,6,1,no_axis,0.12230407286558634,,,,missing
1927,7,1,ok,6.846447013725682,-1.1615713355136763,-1.0161020159721375,-1.0888366757429069,negative
1928,8,1,ok,4.113525992515126,-0.7329178728645562,-0.7267145138155772,-0.7298161933400666,negative
1929,2,2,no_axis,0.1209375584170903,,,,missing
1930,3,2,no_surface,0.2681572209218224,,,,missing
1931,4,2,no_axis,0.1193516804378476,,,,missing
1932,5,2,drift_rejected,0.3293965631533671,,,,missing
1933,6,2,no_axis,0.11099773358666375,,,,missing
1934,7,2,ok,6.998030407212586,-0.7955335854037952,-0.746123880147934,-0.7708287327758645,negative
1935,8,2,no_axis,0.11072264717508662,,,,missing
1936,2,3,no_axis,0.12152314554100166,,,,missing
1937,3,3,no_axis,0.12405279854713834,,,,missing
1938,4,3,no_surface,0.24722100159893123,,,,missing
1939,5,3,no_axis,0.11583815724824048,,,,missing
1940,6,3,no_axis,0.11305391615860574,,,,missing
1941,7,3,ok,9.513954390929301,-0.4714637947056137,-0.46233426965773106,-0.4668990321816724,negative
1942,8,3,no_surface,0.25788139021039647,,,,missing
1943,2,4,no_axis,0.12079032730585942,,,,missing
1944,3,4,no_axis,0.11957023793202826,,,,missing
1945,4,4,no_axis,0.10849947124134954,,,,missing
1946,5,4,no_axis,0.10752328230243116,,,,missing
1947,6,4,no_axis,0.11094587972038067,,,,missing
1948,7,4,ok,18.42017712138282,-0.995819540694356,-0.9904860392580863,-0.9931527899762211,negative
1949,8,4,no_axis,0.11109908411492964,,,,missing
1950,4,1,no_axis,0.12953761551120827,,,,missing
1951,5,1,no_axis,0.12687811848433095,,,,missing
1952,6,1,no_surface,0.2830050607128966,,,,missing
1953,7,1,ok,5.290076215599229,-0.9548256397247314,-0.9457083620946749,-0.9502670009097032,negative
1954,8,1,ok,6.324089347420491,-0.9595576866092596,-0.8266157507896423,-0.8930867186994509,negative
1955,2,2,no_surface,0.2538361256483707,,,,missing
1956,3,2,no_axis,0.12270529350035697,,,,missing
1957,4,2,no_axis,0.11738283895317576,,,,missing
1958,5,2,no_surface,0.2640994045546683,,,,missing
1959,6,2,no_axis,0.12288478934801728,,,,missing
1960,7,2,no_axis,0.1064475966602797,,,,missing
1961,8,2,ok,6.662024190177571,-1.6765596866607666,-1.4418320789872128,-1.5591958828239898,negative
1962,2,3,no_axis,0.11756229537589913,,,,missing
1963,3,3,no_surface,0.2985364262409198,,,,missing
1964,4,3,no_axis,0.1131338037383492,,,,missing
1965,5,3,no_axis,0.11408780648561974,,,,missing
1966,6,3,no_surface,0.33845552217445546,,,,missing
1967,7,3,no_surface,0.24858728377057748,,,,missing
1968,8,3,no_axis,0.11268802953848248,,,,missing
1969,2,4,no_axis,0.11507374235300621,,,,missing
1970,3,4,no_axis,0.12073689831492969,,,,missing
1971,4,4,no_axis,0.11395980108830646,,,,missing
1972,5,4,no_axis,0.10711572568661228,,,,missing
1973,6,4,ok,17.30403181019855,-0.49997869634483033,-0.4895217119862032,-0.49475020416551674,negative
1974,7,4,no_axis,0.11015324409897416,,,,missing
1975,8,4,ok,46.62885534128796,-1.011335193016213,-0.9944492616500319,-1.0028922273331224,negative
1976,4,1,no_axis,0.12245228684108388,,,,missing
1977,5,1,no_axis,0.12545836794809417,,,,missing
1978,6,1,ok,3.152433754441266,-0.8379013597251851,-0.6680705547332764,-0.7529859572292308,negative
1979,7,1,drift_rejected,0.3870211664292962,,,,missing
1980,8,1,ok,4.205509499870533,-0.7625059932470322,-0.7366764029743288,-0.7495911981106804,negative
1981,2,2,no_axis,0.12000625818489297,,,,missing
1982,3,2,no_axis,0.12415280962546356,,,,missing
1983,4,2,no_axis,0.12038653081443554,,,,missing
1984,5,2,ok,3.5872982294561364,-1.0240824818611145,-0.8692746345518557,-0.9466785582064852,negative
1985,6,2,ok,4.6682040608439745,-0.9283187538385391,-0.912743082469007,-0.9205309181537731,negative
1986,7,2,no_axis,0.10644684772968649,,,,missing
1987,8,2,no_surface,0.27791200408426087,,,,missing
1988,2,3,no_axis,0.12147500971584974,,,,missing
1989,3,3,no_axis,0.11901768553063724,,,,missing
1990,4,3,drift_rejected,0.34831215657233294,,,,missing
1991,5,3,no_surface,0.2700746825881403,,,,missing
1992,6,3,no_axis,0.11611924347926697,,,,missing
1993,7,3,no_surface,0.2455209373265611,,,,missing
1994,8,3,no_surface,0.2878304451336798,,,,missing
1995,2,4,no_axis,0.12255648972002116,,,,missing
1996,3,4,no_axis,0.11624923954296058,,,,missing
1997,4,4,no_axis,0.11465502132708659,,,,missing
1998,5,4,no_axis,0.11055538169135615,,,,missing
1999,6,4,no_surface,0.2554898221131262,,,,missing
2000,7,4,no_surface,0.2918582137836544,,,,missing
2001,8,4,no_surface,0.24247898633890907,,,,missing
2002,4,1,no_axis,0.1246845212124208,,,,missing
2003,5,1,drift_rejected,0.36376289835134495,,,,missing
2004,6,1,drift_rejected,0.3371779158375446,,,,missing
2005,7,1,ok,5.818650703881123,-1.254419771267615,-1.1925534307956696,-1.2234866010316423,negative
2006,8,1,no_surface,0.3119233356776869,,,,missing
2007,2,2,no_axis,0.12226587039202817,,,,missing
2008,3,2,no_axis,0.11957390973254936,,,,missing
2009,4,2,drift_rejected,0.35315972680590785,,,,missing
2010,5,2,no_surface,0.2762373786909438,,,,missing
2011,6,2,no_surface,0.23023293902641384,,,,missing
2012,7,2,no_axis,0.1181306041455118,,,,missing
2013,8,2,ok,4.748048346650306,-0.6256284399614138,-0.38889890909194946,-0.5072636745266816,negative
2014,2,3,no_axis,0.12393186666528425,,,,missing
2015,3,3,no_surface,0.2719550971986525,,,,missing
2016,4,3,no_surface,0.2679216183483335,,,,missing
2017,5,3,no_axis,0.12024955735444294,,,,missing
2018,6,3,no_surface,0.2644384358967999,,,,missing
2019,7,3,no_axis,0.1108667422122553,,,,missing
2020,8,3,no_axis,0.10810661875456454,,,,missing
2021,2,4,no_axis,0.12233487576807547,,,,missing
2022,3,4,no_axis,0.11711359582502068,,,,missing
2023,4,4,no_axis,0.11820385302425912,,,,missing
2024,5,4,no_surface,0.2515023558861334,,,,missing
2025,6,4,no_axis,0.101809428624838,,,,missing
2026,7,4,ok,4.311372799787082,-0.5514799798398061,-0.5149304378558325,-0.5332052088478193,negative
2027,8,4,drift_rejected,0.35161816116927636,,,,missing
2028,4,1,no_axis,0.1245285469025179,,,,missing
2029,5,1,no_surface,0.3241953124302514,,,,missing
2030,6,1,no_axis,0.12625221186884442,,,,missing
2031,7,1,drift_rejected,0.3552756438365563,,,,missing
2032,8,1,ok,10.47817085386625,-1.1833627110914364,-1.0973547101020813,-1.1403587105967588,negative
2033,2,2,no_axis,0.1234878111600337,,,,missing
2034,3,2,no_axis,0.12631716543055113,,,,missing
2035,4,2,no_surface,0.2757846280958833,,,,missing
2036,5,2,no_surface,0.28081843762281916,,,,missing
2037,6,2,ok,3.6140580926984383,-0.5726717604695087,-0.5399939715862274,-0.5563328660278681,negative
2038,7,2,no_surface,0.30536498842744275,,,,missing
2039,8,2,no_axis,0.1091576354202158,,,,missing
2040,2,3,no_axis,0.12325375044279821,,,,missing
2041,3,3,no_axis,0.1216000869054692,,,,missing
2042,4,3,no_axis,0.1220993943156769,,,,missing
2043,5,3,no_axis,0.11429538166336382,,,,missing
2044,6,3,no_surface,0.24389455978790464,,,,missing
2045,7,3,no_surface,0.2685962269169102,,,,missing
2046,8,3,no_axis,0.11232066092139653,,,,missing
2047,2,4,no_axis,0.12389417680546887,,,,missing
2048,3,4,no_axis,0.11713432716373612,,,,missing
2049,4,4,no_axis,0.1214996891388835,,,,missing
2050,5,4,no_axis,0.10603610950249012,,,,missing
2051,6,4,ok,11.100605708184132,-0.3717801364351205,-0.3454870507121086,-0.3586335935736146,negative
2052,7,4,no_surface,0.26095707062288387,,,,missing
2053,8,4,no_axis,0.10836308688058682,,,,missing
2054,4,1,no_axis,0.11911400794901128,,,,missing
2055,5,1,no_surface,0.3270058484851166,,,,missing
2056,6,1,no_surface,0.3320424678682856,,,,missing
2057,7,1,drift_rejected,0.32685611144378934,,,,missing
2058,8,1,ok,7.600427645666379,-1.68241760507226,-1.6689064386695875,-1.6756620218709237,negative
2059,2,2,no_axis,0.1186369543912639,,,,missing
2060,3,2,no_axis,0.12399283691516766,,,,missing
2061,4,2,drift_rejected,0.30326412846000067,,,,missing
2062,5,2,ok,5.792211623850086,-0.9215081334114075,-0.8218264027138872,-0.8716672680626474,negative
2063,6,2,no_axis,0.11128385486231232,,,,missing
2064,7,2,ok,10.007694447839617,-0.9718821038835321,-0.9649021734017528,-0.9683921386426424,negative
2065,8,2,no_axis,0.10776863342851983,,,,missing
2066,2,3,no_axis,0.12335027885142527,,,,missing
2067,3,3,no_axis,0.12130188927632397,,,,missing
2068,4,3,no_surface,0.27552164532927637,,,,missing
2069,5,3,no_axis,0.1084431743034078,,,,missing
2070,6,3,no_surface,0.25377407088156734,,,,missing
2071,7,3,drift_rejected,0.3260227801938176,,,,missing
2072,8,3,ok,25.266912645729484,-1.1540220379829407,-1.1160751642300721,-1.1350486011065064,negative
2073,2,4,no_axis,0.12217189756901217,,,,missing
2074,3,4,no_axis,0.1159507759667843,,,,missing
2075,4,4,no_axis,0.11808234483753142,,,,missing
2076,5,4,drift_rejected,0.37556421837434134,,,,missing
2077,6,4,no_axis,0.11430868841694974,,,,missing
2078,7,4,drift_rejected,0.31213202887904273,,,,missing
2079,8,4,no_surface,0.2506231864956873,,,,missing
2080,4,1,no_axis,0.12887687116936494,,,,missing
2081,5,1,no_axis,0.12659101369126163,,,,missing
2082,6,1,ok,5.0061872210798235,-0.8412229523962579,-0.8165991902351379,-0.828911071315698,negative
2083,7,1,drift_rejected,0.34500341980905586,,,,missing
2084,8,1,drift_rejected,0.3666820683341513,,,,missing
2085,2,2,no_axis,0.12022593300393154,,,,missing
2086,3,2,no_axis,0.1251537074211224,,,,missing
2087,4,2,no_surface,0.2677416465399014,,,,missing
2088,5,2,no_surface,0.2783262539247977,,,,missing
2089,6,2,no_surface,0.29588508718941675,,,,missing
2090,7,2,no_axis,0.1142706147705189,,,,missing
2091,8,2,ok,13.187848826514857,-0.5349157476085901,-0.4142634868621826,-0.47458961723538634,negative
2092,2,3,no_axis,0.1215915903938176,,,,missing
2093,3,3,no_axis,0.12364991773140771,,,,missing
2094,4,3,no_surface,0.27972584284465685,,,,missing
2095,5,3,no_axis,0.11525177379308403,,,,missing
2096,6,3,no_axis,0.1136895542765223,,,,missing
2097,7,3,no_axis,0.11211958086053615,,,,missing
2098,8,3,no_axis,0.10958224148389828,,,,missing
2099,2,4,no_axis,0.1212187617076028,,,,missing
2100,3,4,no_axis,0.11530983262717627,,,,missing
2101,4,4,no_axis,0.116685205734887,,,,missing
2102,5,4,no_axis,0.11176211200288144,,,,missing
2103,6,4,no_axis,0.11069827615114365,,,,missing
2104,7,4,no_surface,0.2456754688594113,,,,missing
2105,8,4,no_axis,0.10859276584178312,,,,missing
2106,4,1,no_axis,0.12808379411846912,,,,missing
2107,5,1,no_surface,0.3143230552208667,,,,missing
2108,6,1,ok,5.3420203921449,-0.9788526296615601,-0.8889662444722833,-0.9339094370669216,negative
2109,7,1,no_axis,0.11740132127161747,,,,missing
2110,8,1,no_axis,0.1232030531490659,,,,missing
2111,2,2,no_axis,0.12044314673123441,,,,missing
2112,3,2,no_surface,0.25146636461669714,,,,missing
2113,4,2,ok,0.9421534175902238,-0.300219215172336,-0.2931701344986823,-0.29669467483550915,negative
2114,5,2,no_axis,0.12336978599648019,,,,missing
2115,6,2,no_surface,0.27370905512137494,,,,missing
2116,7,2,no_axis,0.1124386633448123,,,,missing
2117,8,2,no_surface,0.2942580234143701,,,,missing
2118,2,3,no_axis,0.11804990003939385,,,,missing
2119,3,3,no_axis,0.11980362100088811,,,,missing
2120,4,3,no_axis,0.12091616083960087,,,,missing
2121,5,3,no_axis,0.11124728813738823,,,,missing
2122,6,3,no_axis,0.10951898652196164,,,,missing
2123,7,3,ok,11.406400991794866,-0.5917187602639205,-0.49727940559387207,-0.5444990829288963,negative
2124,8,3,ok,17.387614417281206,-0.8986578697128422,-0.8870069665459368,-0.8928324181293895,negative
2125,2,4,no_axis,0.11737602014307734,,,,missing
2126,3,4,no_axis,0.11691408415427469,,,,missing
2127,4,4,no_axis,0.11385858337080793,,,,missing
2128,5,4,no_axis,0.11020497489791277,,,,missing
2129,6,4,no_axis,0.10853275583249603,,,,missing
2130,7,4,no_axis,0.10910268703379744,,,,missing
2131,8,4,drift_rejected,0.32851037896078994,,,,missing
2132,4,1,drift_rejected,0.3168486990464029,,,,missing
2133,5,1,no_axis,0.1247152307304478,,,,missing
2134,6,1,ok,2.8730366765381143,-0.806580662727356,-0.7391276593959601,-0.772854161061658,negative
2135,7,1,no_axis,0.12141697839013046,,,,missing
2136,8,1,ok,8.708193530169435,-1.3565838932991028,-1.2517143036072422,-1.3041490984531725,negative
2137,2,2,no_surface,0.265545931462864,,,,missing
2138,3,2,no_axis,0.12278355045704814,,,,missing
2139,4,2,no_axis,0.12499706891565841,,,,missing
2140,5,2,no_axis,0.11938060792464973,,,,missing
2141,6,2,no_surface,0.26448896326850174,,,,missing
2142,7,2,ok,19.755824121577295,-0.6497058529030116,-0.6424825080556658,-0.6460941804793388,negative
2143,8,2,ok,13.633494779970725,-0.8747262805541292,-0.8477122054400499,-0.8612192429970895,negative
2144,2,3,no_axis,0.1178301279797127,,,,missing
2145,3,3,no_axis,0.11798997477914691,,,,missing
2146,4,3,no_axis,0.11979867653921966,,,,missing
2147,5,3,no_surface,0.27187010020591734,,,,missing
2148,6,3,no_axis,0.10970166602515277,,,,missing
2149,7,3,no_surface,0.2491530118789798,,,,missing
2150,8,3,no_surface,0.2473042137251843,,,,missing
2151,2,4,no_axis,0.11656361438601204,,,,missing
2152,3,4,no_axis,0.11934242973220373,,,,missing
2153,4,4,no_axis,0.10581573334366673,,,,missing
2154,5,4,no_axis,0.10866733163145517,,,,missing
2155,6,4,drift_rejected,0.35048810533048413,,,,missing
2156,7,4,no_axis,0.11215731349150367,,,,missing
2157,8,4,no_surface,0.24582357547908806,,,,missing
2158,4,1,no_axis,0.13095193015429415,,,,missing
2159,5,1,no_surface,0.3127029741450451,,,,missing
2160,6,1,ok,6.3090679730996175,-1.0750402361154556,-1.0352036021330633,-1.0551219191242596,negative
2161,7,1,drift_rejected,0.35244490387587185,,,,missing
2162,8,1,no_axis,0.12310794964641994,,,,missing
2163,2,2,no_axis,0.12239762638593138,,,,missing
2164,3,2,no_axis,0.12159461590267517,,,,missing
2165,4,2,no_axis,0.12297469530671151,,,,missing
2166,5,2,no_axis,0.12018940357676089,,,,missing
2167,6,2,ok,3.5771050431854037,-0.9312757849693298,-0.8178069578126745,-0.8745413713910022,negative
2168,7,2,ok,4.970473556995823,-0.8378921914845705,-0.8275921619732413,-0.8327421767289058,negative
2169,8,2,ok,8.590003172161893,-1.3784314393997192,-1.1660802424764134,-1.2722558409380662,negative
2170,2,3,no_axis,0.11702654552707824,,,,missing
2171,3,3,no_axis,0.12205858258484004,,,,missing
2172,4,3,no_axis,0.11822032108030811,,,,missing
2173,5,3,no_surface,0.293474726836159,,,,missing
2174,6,3,ok,1.6577400751493807,-0.5360950558077271,-0.4347851574420929,-0.48544010662491,negative
2175,7,3,drift_rejected,0.26878275295123427,,,,missing
2176,8,3,ok,9.813649893453503,-0.8117165587956348,-0.6801496744155884,-0.7459331166056116,negative
2177,2,4,no_axis,0.1204857143538807,,,,missing
2178,3,4,no_surface,0.2541907472580159,,,,missing
2179,4,4,no_axis,0.11389075207790084,,,,missing
2180,5,4,no_axis,0.11596334450644848,,,,missing
2181,6,4,no_axis,0.11844374483792726,,,,missing
2182,7,4,no_axis,0.10712227315731133,,,,missing
2183,8,4,drift_rejected,0.3805543583485014,,,,missing
2184,4,1,no_axis,0.12372873203320056,,,,missing
2185,5,1,no_surface,0.2771295779472478,,,,missing
2186,6,1,drift_rejected,0.3650411890095657,,,,missing
2187,7,1,no_axis,0.12737683035633215,,,,missing
2188,8,1,ok,6.047027285515125,-1.7457730770111084,-1.5758095980875908,-1.6607913375493495,negative
2189,2,2,no_axis,0.12409703562387556,,,,missing
2190,3,2,no_axis,0.1252393370173584,,,,missing
2191,4,2,no_axis,0.12119910274352391,,,,missing
2192,5,2,no_surface,0.26536406581489375,,,,missing
2193,6,2,ok,7.227635499316185,-1.130523681640625,-1.034326842946912,-1.0824252622937685,negative
2194,7,2,ok,5.755189667323987,-1.754783034324646,-1.3997056966439783,-1.577244365484312,negative
2195,8,2,ok,26.1123203115217,-0.7007225304841995,-0.6740795331685507,-0.6874010318263751,negative
2196,2,3,no_axis,0.11802727178588013,,,,missing
2197,3,3,no_axis,0.12315061447244156,,,,missing
2198,4,3,drift_rejected,0.34459636143105,,,,missing
2199,5,3,no_axis,0.10875077152782422,,,,missing
2200,6,3,drift_rejected,0.2929344507803153,,,,missing
2201,7,3,no_surface,0.2794402483482396,,,,missing
2202,8,3,no_surface,0.2841402792781348,,,,missing
2203,2,4,no_axis,0.12050088396571018,,,,missing
2204,3,4,no_axis,0.11869110286644612,,,,missing
2205,4,4,drift_rejected,0.3405516520392777,,,,missing
2206,5,4,no_surface,0.23469889640542246,,,,missing
2207,6,4,drift_rejected,0.37101392629148644,,,,missing
2208,7,4,no_axis,0.10952799643247908,,,,missing
2209,8,4,no_axis,0.10151531394065497,,,,missing
2210,4,1,no_surface,0.2973875400269244,,,,missing
2211,5,1,ok,5.422891751697461,-1.1458085179328918,-1.093410005572848,-1.11960926175287,negative
2212,6,1,drift_rejected,0.3422150729294386,,,,missing
2213,7,1,flux_rejected,0.3438420094369594,,,,missing
2214,8,1,ok,5.648463535143814,-1.2944300174713135,-1.1681800985247373,-1.2313050579980254,negative
2215,2,2,no_axis,0.12632844085152303,,,,missing
2216,3,2,no_axis,0.12278704774655809,,,,missing
2217,4,2,no_axis,0.11737820567381568,,,,missing
2218,5,2,no_axis,0.1228584055193259,,,,missing
2219,6,2,flux_rejected,0.31308666703224497,,,,missing
2220,7,2,no_axis,0.10798516792186011,,,,missing
2221,8,2,drift_rejected,0.36524100169317114,,,,missing
2222,2,3,no_axis,0.11958862148683802,,,,missing
2223,3,3,no_axis,0.11837336264636114,,,,missing
2224,4,3,no_axis,0.11593080472211448,,,,missing
2225,5,3,no_axis,0.11391224956378346,,,,missing
2226,6,3,ok,8.178460201653879,-0.6742061798914383,-0.6115917265415192,-0.6428989532164787,negative
2227,7,3,ok,8.738786811198771,-0.580667861339636,-0.3680679202079773,-0.47436789077380664,negative
2228,8,3,no_surface,0.2778234082522301,,,,missing
2229,2,4,no_axis,0.11825521694034165,,,,missing
2230,3,4,no_axis,0.12236090590613265,,,,missing
2231,4,4,no_axis,0.10692189934943573,,,,missing
2232,5,4,no_surface,0.2927037786592835,,,,missing
2233,6,4,no_axis,0.11582764246159581,,,,missing
2234,7,4,no_surface,0.2659254628875557,,,,missing
2235,8,4,no_axis,0.10743836252757884,,,,missing
2236,4,1,no_surface,0.29913666386092297,,,,missing
2237,5,1,ok,4.802327540236734,-1.22916841506958,-1.163659262809078,-1.196413838939329,negative
2238,6,1,no_axis,0.1250101293827577,,,,missing
2239,7,1,ok,6.608251585676143,-0.9154194965958595,-0.8985391148235993,-0.9069793057097294,negative
2240,8,1,ok,5.738099494625558,-1.7490159273147583,-1.5987395024417153,-1.6738777148782367,negative
2241,2,2,no_axis,0.12369806512946369,,,,missing
2242,3,2,no_surface,0.2928409906980161,,,,missing
2243,4,2,no_axis,0.11797485700551745,,,,missing
2244,5,2,no_axis,0.11891034098592793,,,,missing
2245,6,2,no_surface,0.3015166994283511,,,,missing
2246,7,2,ok,5.719519811738764,-0.6924581461901477,-0.5162605047225952,-0.6043593254563715,negative
2247,8,2,ok,6.09871176992974,-0.6914067878178451,-0.4246729612350464,-0.5580398745264458,negative
2248,2,3,no_axis,0.11918870299220084,,,,missing
2249,3,3,no_axis,0.11837743713241378,,,,missing
2250,4,3,no_axis,0.11130530377095459,,,,missing
2251,5,3,no_axis,0.11915492561309755,,,,missing
2252,6,3,no_axis,0.11477815963494156,,,,missing
2253,7,3,no_surface,0.2505537476110273,,,,missing
2254,8,3,ok,23.087699262250045,-0.6590623903108874,-0.6056499183177948,-0.6323561543143411,negative
2255,2,4,no_axis,0.1173009862810889,,,,missing
2256,3,4,no_axis,0.11871747050994662,,,,missing
2257,4,4,no_axis,0.11855119973377155,,,,missing
2258,5,4,no_axis,0.1098460735081335,,,,missing
2259,6,4,no_surface,0.24328596221036275,,,,missing
2260,7,4,no_axis,0.10936419535329028,,,,missing
2261,8,4,no_axis,0.11101509005726003,,,,missing
2262,4,1,no_axis,0.12880798563232057,,,,missing
2263,5,1,no_axis,0.12612881334687745,,,,missing
2264,6,1,ok,8.090249778074911,-1.1304040141403675,-1.1182435357101668,-1.124323774925267,negative
2265,7,1,drift_rejected,0.3877224208804566,,,,missing
2266,8,1,ok,7.9037317215185094,-1.150234710832661,-1.1376474261642067,-1.143941068498434,negative
2267,2,2,no_axis,0.12305177818517257,,,,missing
2268,3,2,no_axis,0.11878770689644079,,,,missing
2269,4,2,no_axis,0.12157692313874068,,,,missing
2270,5,2,no_axis,0.1137783500617604,,,,missing
2271,6,2,no_axis,0.11975709024893764,,,,missing
2272,7,2,no_axis,0.11213152925329675,,,,missing
2273,8,2,ok,11.742495845681235,-0.6660110502841838,-0.6435061991214752,-0.6547586247028295,negative
2274,2,3,no_axis,0.1206648779908089,,,,missing
2275,3,3,no_surface,0.25255312897907417,,,,missing
2276,4,3,no_axis,0.120231392131004,,,,missing
2277,5,3,no_axis,0.11587484551786847,,,,missing
2278,6,3,no_axis,0.11888809563592516,,,,missing
2279,7,3,no_axis,0.11128887794879708,,,,missing
2280,8,3,ok,21.146720900461695,-0.6289996849216494,-0.5622836351394653,-0.5956416600305574,negative
2281,2,4,no_axis,0.11950270407649732,,,,missing
2282,3,4,no_surface,0.2583432365752453,,,,missing
2283,4,4,no_axis,0.10831880795612146,,,,missing
2284,5,4,no_axis,0.10597055639529779,,,,missing
2285,6,4,no_axis,0.11437320443125885,,,,missing
2286,7,4,no_surface,0.24036453253595003,,,,missing
2287,8,4,no_surface,0.249067116098882,,,,missing
2288,4,1,no_axis,0.12589964073580595,,,,missing
2289,5,1,flux_rejected,0.3361065259722237,,,,missing
2290,6,1,no_axis,0.12594669224668884,,,,missing
2291,7,1,no_surface,0.32657998950889533,,,,missing
2292,8,1,ok,6.091785354576084,-1.8828679323196411,-1.6314943156149426,-1.7571811239672919,negative
2293,2,2,no_axis,0.11964182931294523,,,,missing
2294,3,2,drift_rejected,0.35145080948184226,,,,missing
2295,4,2,no_axis,0.12020307374356481,,,,missing
2296,5,2,no_axis,0.11834000717864845,,,,missing
2297,6,2,ok,7.636332452992784,-0.43493897397779036,-0.4114682071906237,-0.42320359058420703,negative
2298,7,2,no_axis,0.11233923270371163,,,,missing
2299,8,2,ok,12.58304799892257,-0.956366867525503,-0.9458645590932693,-0.9511157133093862,negative
2300,2,3,no_axis,0.12437619365414793,,,,missing
2301,3,3,no_axis,0.11635418335105803,,,,missing
2302,4,3,no_surface,0.2537353831334344,,,,missing
2303,5,3,no_axis,0.11188027643988743,,,,missing
2304,6,3,no_axis,0.11239279266131286,,,,missing
2305,7,3,ok,22.92504541388716,-0.8998628823708735,-0.8835581139406433,-0.8917104981557584,negative
2306,8,3,ok,4.7876462462441065,-1.0352314710617065,-0.9379349187827087,-0.9865831949222077,negative
2307,2,4,no_axis,0.11052320504625696,,,,missing
2308,3,4,no_axis,0.11723058946018508,,,,missing
2309,4,4,no_axis,0.11233788679304635,,,,missing
2310,5,4,no_surface,0.24418760924487204,,,,missing
2311,6,4,no_axis,0.10501665977040311,,,,missing
2312,7,4,ok,16.672352919174816,-0.5221966430544853,-0.5131310842208149,-0.51766386363765,negative
2313,8,4,ok,23.59157851003396,-0.6425214186310768,-0.6255282447524556,-0.6340248316917663,negative
2314,4,1,no_axis,0.12701152374318392,,,,missing
2315,5,1,flux_rejected,0.33094903372229506,,,,missing
2316,6,1,ok,3.229212530940856,-0.6590883098398018,-0.6467380598187447,-0.6529131848292733,negative
2317,7,1,no_axis,0.12239500813523885,,,,missing
2318,8,1,ok,5.977874824167611,-1.744388908147812,-1.7118101876633371,-1.7280995479055745,negative
2319,2,2,no_axis,0.11980908547242847,,,,missing
2320,3,2,no_axis,0.12209769198107301,,,,missing
2321,4,2,no_axis,0.12589381458472768,,,,missing
2322,5,2,no_axis,0.12169329034656595,,,,missing
2323,6,2,ok,4.315422602015654,-0.7539696991443634,-0.6882906601311963,-0.7211301796377798,negative
2324,7,2,no_axis,0.11056213259196412,,,,missing
2325,8,2,ok,7.576265607998752,-1.1987700462341309,-1.0952298437330727,-1.1469999449836017,negative
2326,2,3,no_axis,0.12223944947284011,,,,missing
2327,3,3,no_axis,0.11774049392595086,,,,missing
2328,4,3,no_axis,0.12097487488071057,,,,missing
2329,5,3,no_surface,0.25630496134517705,,,,missing
2330,6,3,no_surface,0.2505058079291261,,,,missing
2331,7,3,no_surface,0.2656284481599759,,,,missing
2332,8,3,no_surface,0.2576346103231972,,,,missing
2333,2,4,no_axis,0.11851142787946206,,,,missing
2334,3,4,no_surface,0.2495657282484921,,,,missing
2335,4,4,no_surface,0.2614034154655809,,,,missing
2336,5,4,no_surface,0.2700745120767288,,,,missing
2337,6,4,no_axis,0.110353766933817,,,,missing
2338,7,4,no_axis,0.10787732712999576,,,,missing
2339,8,4,no_surface,0.24165188121363543,,,,missing
2340,4,1,no_surface,0.26747975503448496,,,,missing
2341,5,1,no_surface,0.2919121573091431,,,,missing
2342,6,1,no_surface,0.29424388339286467,,,,missing
2343,7,1,ok,7.721376196974959,-1.2319914251565933,-1.186821788993673,-1.2094066070751333,negative
2344,8,1,ok,11.783296053841786,-1.0185088696013234,-0.9312785267829895,-0.9748936981921564,negative
2345,2,2,no_axis,0.12171474180055304,,,,missing
2346,3,2,no_surface,0.2704303417957787,,,,missing
2347,4,2,no_surface,0.2577528667835886,,,,missing
2348,5,2,no_axis,0.12042162787539684,,,,missing
2349,6,2,ok,5.154776681809926,-0.8766525350511074,-0.8592294575562612,-0.8679409963036844,negative
2350,7,2,no_axis,0.11606845281126432,,,,missing
2351,8,2,ok,6.869310105600512,-0.6232574149830861,-0.5672264397144318,-0.5952419273487589,negative
2352,2,3,no_axis,0.11977058226120044,,,,missing
2353,3,3,no_surface,0.29794556084947643,,,,missing
2354,4,3,no_axis,0.11944814995700329,,,,missing
2355,5,3,no_surface,0.2736690167030962,,,,missing
2356,6,3,no_axis,0.1121044904402848,,,,missing
2357,7,3,no_surface,0.251488828353947,,,,missing
2358,8,3,ok,6.7294784590506085,-1.63811457157135,-1.3944624091696909,-1.5162884903705205,negative
2359,2,4,no_axis,0.12208797529372356,,,,missing
2360,3,4,no_axis,0.11757898264214428,,,,missing
2361,4,4,no_axis,0.11065410079162288,,,,missing
2362,5,4,no_axis,0.11068365195478065,,,,missing
2363,6,4,drift_rejected,0.2943108078625557,,,,missing
2364,7,4,no_axis,0.1059631859381355,,,,missing
2365,8,4,no_surface,0.3064323022968951,,,,missing
2366,4,1,no_surface,0.3352364401091918,,,,missing
2367,5,1,no_axis,0.12695918844248788,,,,missing
2368,6,1,ok,6.937353266074464,-1.0555089713390449,-1.0059354901313782,-1.0307222307352115,negative
2369,7,1,no_surface,0.3347153885869595,,,,missing
2370,8,1,no_surface,0.33167970502343064,,,,missing
2371,2,2,no_axis,0.12135342104995298,,,,missing
2372,3,2,no_axis,0.12029124851358863,,,,missing
2373,4,2,no_axis,0.11918816436090084,,,,missing
2374,5,2,no_axis,0.1250632568009499,,,,missing
2375,6,2,no_surface,0.3037524574097306,,,,missing
2376,7,2,ok,6.517725350404905,-0.710415318608284,-0.7013578354068326,-0.7058865770075583,negative
2377,8,2,no_axis,0.11809302889042766,,,,missing
2378,2,3,no_axis,0.12157354270591943,,,,missing
2379,3,3,no_axis,0.12397170564855226,,,,missing
2380,4,3,no_surface,0.26521935495816196,,,,missing
2381,5,3,no_surface,0.25121483552872564,,,,missing
2382,6,3,ok,4.6330640415197575,-1.356204628944397,-1.0413124610573203,-1.1987585450008587,negative
2383,7,3,ok,8.285597321430805,-0.7586102405534068,-0.7265411716077192,-0.742575706080563,negative
2384,8,3,no_surface,0.24896833844777208,,,,missing
2385,2,4,no_axis,0.1207297296603098,,,,missing
2386,3,4,no_axis,0.11923686753857804,,,,missing
2387,4,4,no_axis,0.1186161364822313,,,,missing
2388,5,4,no_axis,0.1148719478836287,,,,missing
2389,6,4,no_axis,0.11387883187464357,,,,missing
2390,7,4,no_axis,0.10438342004255624,,,,missing
2391,8,4,ok,30.664685780092633,-0.95933052650068,-0.8732830882072449,-0.9163068073539624,negative
2392,4,1,no_axis,0.12758889004989868,,,,missing
2393,5,1,no_surface,0.3108257608444547,,,,missing
2394,6,1,ok,3.525695793297139,-0.7894253508497749,-0.7039917707443237,-0.7467085607970494,negative
2395,7,1,ok,6.873547630355591,-1.1895401728007147,-0.9738491773605347,-1.0816946750806247,negative
2396,8,1,ok,7.090730223645118,-1.297308122361742,-1.2632940411567688,-1.2803010817592555,negative
2397,2,2,no_axis,0.1214112442981879,,,,missing
2398,3,2,no_axis,0.12302291468744253,,,,missing
2399,4,2,drift_rejected,0.3413375814456612,,,,missing
2400,5,2,no_surface,0.2855019141304953,,,,missing
2401,6,2,no_surface,0.2532012017272895,,,,missing
2402,7,2,ok,7.551427627051558,-0.415563287293411,-0.41117564632042825,-0.41336946680691966,negative
2403,8,2,no_surface,0.3165016512440748,,,,missing
2404,2,3,no_axis,0.12054995172589995,,,,missing
2405,3,3,no_axis,0.1215172559612068,,,,missing
2406,4,3,no_axis,0.11528728814899039,,,,missing
2407,5,3,no_axis,0.11883976810882135,,,,missing
2408,6,3,no_surface,0.2610859055527834,,,,missing
2409,7,3,no_axis,0.1150357694779744,,,,missing
2410,8,3,no_axis,0.10709430245202928,,,,missing
2411,2,4,no_axis,0.1146595864853653,,,,missing
2412,3,4,no_axis,0.11799520211787838,,,,missing
2413,4,4,no_axis,0.11943247524666928,,,,missing
2414,5,4,no_axis,0.11079384293828282,,,,missing
2415,6,4,no_axis,0.10734766985159142,,,,missing
2416,7,4,no_axis,0.10852446452785938,,,,missing
2417,8,4,no_axis,0.11110535572512913,,,,missing
2418,4,1,drift_rejected,0.3298470736028635,,,,missing
2419,5,1,ok,3.4788991188174085,-0.7315077879347183,-0.7290700343926135,-0.7302889111636659,negative
2420,6,1,ok,4.296752781899775,-0.7999013877935569,-0.7855472415685654,-0.7927243146810612,negative
2421,7,1,no_surface,0.29521710841839927,,,,missing
2422,8,1,drift_rejected,0.328399699459817,,,,missing
2423,2,2,no_axis,0.11967128887404342,,,,missing
2424,3,2,no_axis,0.12333172986883034,,,,missing
2425,4,2,no_axis,0.12387899180744269,,,,missing
2426,5,2,no_axis,0.1230003051149003,,,,missing
2427,6,2,no_axis,0.10968189099149045,,,,missing
2428,7,2,no_surface,0.27750273548830334,,,,missing
2429,8,2,ok,16.41146923014726,-1.0184557673521866,-0.9310263395309448,-0.9747410534415657,negative
2430,2,3,no_axis,0.11546179831094616,,,,missing
2431,3,3,no_axis,0.11726121637374942,,,,missing
2432,4,3,no_surface,0.254888261509834,,,,missing
2433,5,3,no_axis,0.10937395887068857,,,,missing
2434,6,3,no_surface,0.2854264085034768,,,,missing
2435,7,3,no_surface,0.24599867402952227,,,,missing
2436,8,3,ok,8.388234511143219,-1.4294831156730652,-1.2804287480831924,-1.3549559318781288,negative
2437,2,4,no_axis,0.10978587837415249,,,,missing
2438,3,4,no_axis,0.11489770430756441,,,,missing
2439,4,4,drift_rejected,0.3159630414202783,,,,missing
2440,5,4,no_axis,0.1102063084355382,,,,missing
2441,6,4,no_axis,0.11109072657088184,,,,missing
2442,7,4,ok,13.217778386260655,-0.7224132187069213,-0.7023540958762169,-0.7123836572915692,negative
2443,8,4,no_axis,0.10595704475948862,,,,missing
2444,4,1,no_axis,0.12377977233781541,,,,missing
2445,5,1,ok,1.162755571518692,-0.3718091659247875,-0.3642520281858255,-0.3680305970553065,negative
2446,6,1,drift_rejected,0.2685156257046296,,,,missing
2447,7,1,no_surface,0.27520356257511586,,,,missing
2448,8,1,no_surface,0.30623455842079267,,,,missing
2449,2,2,no_axis,0.12056778325406842,,,,missing
2450,3,2,no_axis,0.120756232529532,,,,missing
2451,4,2,no_axis,0.12208544538131072,,,,missing
2452,5,2,ok,2.6783924527864738,-0.7911518423985062,-0.710827648639679,-0.7509897455190926,negative
2453,6,2,no_axis,0.11996727215602399,,,,missing
2454,7,2,ok,9.512360900413949,-0.52346624482751,-0.42546701431274414,-0.4744666295701271,negative
2455,8,2,no_surface,0.3118044142532552,,,,missing
2456,2,3,no_axis,0.11589874991920218,,,,missing
2457,3,3,no_surface,0.24685779274125577,,,,missing
2458,4,3,no_axis,0.11770076539934034,,,,missing
2459,5,3,no_axis,0.11699404365638717,,,,missing
2460,6,3,no_surface,0.25067139677957956,,,,missing
2461,7,3,no_surface,0.2450877969842865,,,,missing
2462,8,3,ok,23.20863144719328,-0.632185412993531,-0.5862016379833221,-0.6091935254884266,negative
2463,2,4,no_axis,0.1125566644969671,,,,missing
2464,3,4,no_axis,0.11673842926469379,,,,missing
2465,4,4,drift_rejected,0.3310943200050267,,,,missing
2466,5,4,no_axis,0.11190105573401865,,,,missing
2467,6,4,no_axis,0.11041140775507936,,,,missing
2468,7,4,ok,8.500178603511081,-0.8244869195085831,-0.8081823348351085,-0.8163346271718458,negative
2469,8,4,ok,17.579842398244004,-0.5750500156171966,-0.4995451271533966,-0.5372975713852965,negative
2470,4,1,drift_rejected,0.3602725442536988,,,,missing
2471,5,1,no_surface,0.2830907684041227,,,,missing
2472,6,1,no_surface,0.2997986163978094,,,,missing
2473,7,1,ok,7.189876353459429,-1.4300665855407715,-1.3794234184332406,-1.404745001987006,negative
2474,8,1,ok,6.7674823852887185,-1.2393866907805204,-1.2271373324635675,-1.233262011622044,negative
2475,2,2,no_axis,0.12511929558586118,,,,missing
2476,3,2,no_surface,0.27399984928716603,,,,missing
2477,4,2,no_axis,0.12231533011421608,,,,missing
2478,5,2,no_axis,0.11829325876897451,,,,missing
2479,6,2,no_surface,0.3387546083063034,,,,missing
2480,7,2,no_axis,0.11389579771950425,,,,missing
2481,8,2,ok,5.830944319593109,-1.087897559483791,-0.8720914125442505,-0.9799944860140207,negative
2482,2,3,no_axis,0.1208702364291263,,,,missing
2483,3,3,no_axis,0.1207107218861458,,,,missing
2484,4,3,no_surface,0.26175271306404074,,,,missing
2485,5,3,no_axis,0.1135724049354989,,,,missing
2486,6,3,drift_rejected,0.281388022349434,,,,missing
2487,7,3,ok,5.53696608131619,-0.5748055792390879,-0.47981560230255127,-0.5273105907708195,negative
2488,8,3,ok,12.940001874578416,-1.258496105670929,-1.2169901011052062,-1.2377431033880675,negative
2489,2,4,no_axis,0.11762574873790582,,,,missing
2490,3,4,no_surface,0.2798296098905967,,,,missing
2491,4,4,no_axis,0.10703389344172752,,,,missing
2492,5,4,no_axis,0.11557482394080416,,,,missing
2493,6,4,no_axis,0.11009399491913577,,,,missing
2494,7,4,ok,14.042310192076751,-0.6895132324762483,-0.6502979313339667,-0.6699055819051075,negative
2495,8,4,no_axis,0.11022041389194835,,,,missing
2496,4,1,no_axis,0.1281481499439494,,,,missing
2497,5,1,no_axis,0.1275786419512522,,,,missing
2498,6,1,no_axis,0.12514830708343416,,,,missing
2499,7,1,ok,5.412281435330337,-1.3663421832025051,-1.3627021504848076,-1.3645221668436562,negative
2500,8,1,ok,6.775954415635422,-1.719752013683319,-1.664225489305,-1.6919887514941596,negative
2501,2,2,no_axis,0.12414771549482376,,,,missing
2502,3,2,no_axis,0.12667554175859674,,,,missing
2503,4,2,no_axis,0.11653896056556577,,,,missing
2504,5,2,drift_rejected,0.27298030195388473,,,,missing
2505,6,2,no_axis,0.12057521638056473,,,,missing
2506,7,2,no_axis,0.11941562020742857,,,,missing
2507,8,2,ok,8.633871391705327,-0.7011104226112366,-0.6687891349957432,-0.68494977880349,negative
2508,2,3,no_axis,0.12224263742467112,,,,missing
2509,3,3,no_axis,0.11821623943650766,,,,missing
2510,4,3,no_axis,0.12134108406953721,,,,missing
2511,5,3,no_axis,0.11672998670778983,,,,missing
2512,6,3,no_surface,0.25543686027337753,,,,missing
2513,7,3,no_surface,0.25156508973831265,,,,missing
2514,8,3,drift_rejected,0.2609465438230675,,,,missing
2515,2,4,no_axis,0.11769912854198109,,,,missing
2516,3,4,no_axis,0.11371308215208227,,,,missing
2517,4,4,no_axis,0.11390345283167623,,,,missing
2518,5,4,no_axis,0.11215375207062526,,,,missing
2519,6,4,ok,8.548544437421484,-0.5247487951062251,-0.3556731939315796,-0.44021099451890233,negative
2520,7,4,no_surface,0.251942243720403,,,,missing
2521,8,4,drift_rejected,0.2487680503254895,,,,missing
2522,4,1,no_axis,0.12733689197726553,,,,missing
2523,5,1,drift_rejected,0.31717673167230614,,,,missing
2524,6,1,ok,4.639697469244692,-1.0551376938819885,-0.9895925642037455,-1.022365129042867,negative
2525,7,1,drift_rejected,0.3771202971231904,,,,missing
2526,8,1,flux_rejected,0.35481285946686864,,,,missing
2527,2,2,no_axis,0.12428522637448303,,,,missing
2528,3,2,no_axis,0.12259287281905432,,,,missing
2529,4,2,no_axis,0.12227168157475027,,,,missing
2530,5,2,no_axis,0.11716502293957352,,,,missing
2531,6,2,no_axis,0.11839480173920905,,,,missing
2532,7,2,ok,8.039674019475468,-0.6555207108637783,-0.6431863674621511,-0.6493535391629647,negative
2533,8,2,ok,5.992952043370381,-0.876668046088388,-0.6330308318138123,-0.7548494389511001,negative
2534,2,3,no_axis,0.12377969603287711,,,,missing
2535,3,3,no_axis,0.11871510817638226,,,,missing
2536,4,3,no_surface,0.27192170274769384,,,,missing
2537,5,3,ok,2.3091141918933173,-0.5127220637163755,-0.45580416917800903,-0.4842631164471923,negative
2538,6,3,no_axis,0.11281744773454327,,,,missing
2539,7,3,no_axis,0.10819555403733679,,,,missing
2540,8,3,no_axis,0.10852457616338006,,,,missing
2541,2,4,no_axis,0.12274226031511853,,,,missing
2542,3,4,no_axis,0.11051954676815318,,,,missing
2543,4,4,no_surface,0.2663476811425817,,,,missing
2544,5,4,no_axis,0.11192157096421938,,,,missing
2545,6,4,no_surface,0.2385342518841539,,,,missing
2546,7,4,no_axis,0.10895473733390187,,,,missing
2547,8,4,no_axis,0.10885530811644975,,,,missing
2548,4,1,no_surface,0.2855433123328141,,,,missing
2549,5,1,drift_rejected,0.354158785502849,,,,missing
2550,6,1,no_axis,0.12518529868984074,,,,missing
2551,7,1,ok,6.175463660049885,-1.0051243305206299,-0.9743002583126694,-0.9897122944166497,negative
2552,8,1,no_axis,0.12115590656018348,,,,missing
2553,2,2,no_surface,0.25484522163434487,,,,missing
2554,3,2,no_axis,0.12559686867043016,,,,missing
2555,4,2,no_axis,0.12078884943296303,,,,missing
2556,5,2,ok,2.7003996271208606,-0.797443687915802,-0.6769012721541653,-0.7371724800349837,negative
2557,6,2,no_axis,0.1117018858772616,,,,missing
2558,7,2,no_axis,0.11993116640518019,,,,missing
2559,8,2,ok,22.866548831673615,-0.8715878670276987,-0.8322435021400452,-0.851915684583872,negative
2560,2,3,no_axis,0.11772362009161841,,,,missing
2561,3,3,no_surface,0.2672237942495101,,,,missing
2562,4,3,no_surface,0.2811304223625235,,,,missing
2563,5,3,no_axis,0.11671912318901566,,,,missing
2564,6,3,no_axis,0.11294673941070513,,,,missing
2565,7,3,no_surface,0.2677594404620058,,,,missing
2566,8,3,ok,10.601502972561851,-0.5927995207025539,-0.45623326301574707,-0.5245163918591504,negative
2567,2,4,no_axis,0.12017923827137687,,,,missing
2568,3,4,no_axis,0.12085150362652193,,,,missing
2569,4,4,no_axis,0.11112383921737623,,,,missing
2570,5,4,no_axis,0.10908629371801269,,,,missing
2571,6,4,no_surface,0.25952684653803265,,,,missing
2572,7,4,no_surface,0.2397010380004009,,,,missing
2573,8,4,no_surface,0.2694613701991365,,,,missing
2574,4,1,no_surface,0.32338289525769215,,,,missing
2575,5,1,no_surface,0.3374963330620969,,,,missing
2576,6,1,ok,4.876441008811298,-1.3682034611701965,-1.2542944533418061,-1.3112489572560013,negative
2577,7,1,ok,4.780656191367527,-0.8666871405645556,-0.8437854945659637,-0.8552363175652598,negative
2578,8,1,no_axis,0.11142391958088203,,,,missing
2579,2,2,no_axis,0.12523429815957232,,,,missing
2580,3,2,no_surface,0.2651767063537841,,,,missing
2581,4,2,drift_rejected,0.2634028316209356,,,,missing
2582,5,2,no_axis,0.11988990413064352,,,,missing
2583,6,2,no_axis,0.11861429893840143,,,,missing
2584,7,2,no_axis,0.11813667808584337,,,,missing
2585,8,2,drift_rejected,0.35396547371963805,,,,missing
2586,2,3,no_axis,0.12173416386993526,,,,missing
2587,3,3,no_axis,0.11690515505469193,,,,missing
2588,4,3,no_axis,0.11796394747021871,,,,missing
2589,5,3,no_axis,0.11703358274942546,,,,missing
2590,6,3,no_axis,0.12001727874098003,,,,missing
2591,7,3,ok,14.73320896052708,-0.5350272521542325,-0.5292787164362074,-0.53215298429522,negative
2592,8,3,no_axis,0.1065766303221699,,,,missing
2593,2,4,no_surface,0.25083180671675087,,,,missing
2594,3,4,no_axis,0.11597387629969236,,,,missing
2595,4,4,no_axis,0.11653708611245045,,,,missing
2596,5,4,drift_rejected,0.3054427834366865,,,,missing
2597,6,4,no_axis,0.11123135949441892,,,,missing
2598,7,4,ok,2.47179206687887,-0.7489970782468076,-0.5615437626838684,-0.655270420465338,negative
2599,8,4,no_axis,0.10847319416554065,,,,missing
2600,4,1,no_surface,0.3187926598592583,,,,missing
2601,5,1,no_axis,0.12084983538843251,,,,missing
2602,6,1,no_axis,0.12031828821012214,,,,missing
2603,7,1,ok,5.478691985709297,-1.538042426109314,-1.3603513273021468,-1.4491968767057304,negative
2604,8,1,no_axis,0.11473138277791711,,,,missing
2605,2,2,no_axis,0.12338414069884757,,,,missing
2606,3,2,no_surface,0.26893763543908705,,,,missing
2607,4,2,drift_rejected,0.37036383959600494,,,,missing
2608,5,2,no_axis,0.12048193277355329,,,,missing
2609,6,2,no_surface,0.2687750278217798,,,,missing
2610,7,2,ok,4.721090840990748,-0.7433053776621819,-0.7238751029366535,-0.7335902402994177,negative
2611,8,2,no_axis,0.10759283135788651,,,,missing
2612,2,3,no_axis,0.12304544542011747,,,,missing
2613,3,3,no_axis,0.12057871583891225,,,,missing
2614,4,3,no_axis,0.11388157078049631,,,,missing
2615,5,3,drift_rejected,0.3033243901914435,,,,missing
2616,6,3,no_surface,0.2552200781918981,,,,missing
2617,7,3,no_surface,0.24989676273066164,,,,missing
2618,8,3,no_surface,0.24551342021085373,,,,missing
2619,2,4,no_axis,0.1196977738293382,,,,missing
2620,3,4,no_surface,0.24795369124831437,,,,missing
2621,4,4,no_axis,0.1103974446726779,,,,missing
2622,5,4,no_axis,0.11296226653775468,,,,missing
2623,6,4,no_axis,0.1079618703143575,,,,missing
2624,7,4,ok,0.5267869454463454,-0.3510425561085467,-0.3342282399535179,-0.34263539803103227,negative
2625,8,4,no_surface,0.24356318702837534,,,,missing
2626,4,1,no_surface,0.2926452541873826,,,,missing
2627,5,1,ok,3.5727169994932155,-0.7165394337552109,-0.7057257405209607,-0.7111325871380858,negative
2628,6,1,ok,0.8561409871390706,-0.43791851776118285,-0.408914715051651,-0.4234166164064169,negative
2629,7,1,drift_rejected,0.38027851922837586,,,,missing
2630,8,1,no_axis,0.11171140683849856,,,,missing
2631,2,2,no_axis,0.12314998448256836,,,,missing
2632,3,2,no_axis,0.12422198517914232,,,,missing
2633,4,2,no_axis,0.12418530042833853,,,,missing
2634,5,2,flux_rejected,0.30763052830891285,,,,missing
2635,6,2,ok,5.174528959848085,-0.992735904691221,-0.987777917239791,-0.9902569109655059,negative
2636,7,2,no_surface,0.30373354869499325,,,,missing
2637,8,2,no_axis,0.11501858312772587,,,,missing
2638,2,3,no_axis,0.11907283557936565,,,,missing
2639,3,3,no_surface,0.27230793398026515,,,,missing
2640,4,3,drift_rejected,0.3443122959458018,,,,missing
2641,5,3,no_surface,0.2604275615488108,,,,missing
2642,6,3,no_surface,0.2695746069469605,,,,missing
2643,7,3,no_axis,0.1133165063966981,,,,missing
2644,8,3,no_surface,0.2508296915851908,,,,missing
2645,2,4,no_axis,0.121120440653535,,,,missing
2646,3,4,no_axis,0.12261764085099701,,,,missing
2647,4,4,drift_rejected,0.29841962624879226,,,,missing
2648,5,4,no_axis,0.11496660961570351,,,,missing
2649,6,4,no_surface,0.24102721276266692,,,,missing
2650,7,4,no_axis,0.1120538022832627,,,,missing
2651,8,4,no_axis,0.11092335123044683,,,,missing
2652,4,1,no_surface,0.2999784987264686,,,,missing
2653,5,1,no_surface,0.36666947782351383,,,,missing
2654,6,1,ok,6.333649491297657,-0.9761733524501324,-0.9588257537639735,-0.9674995531070529,negative
2655,7,1,no_surface,0.3309075773702898,,,,missing
2656,8,1,ok,9.21233013484682,-1.0406201817211649,-1.0126075848479863,-1.0266138832845755,negative
2657,2,2,no_axis,0.12426235461038314,,,,missing
2658,3,2,no_axis,0.12299770840211366,,,,missing
2659,4,2,ok,1.0018255728342178,-0.32108483672395055,-0.30378013104200363,-0.31243248388297706,negative
2660,5,2,no_axis,0.11915641924603776,,,,missing
2661,6,2,no_axis,0.11486568843525265,,,,missing
2662,7,2,no_surface,0.27105191009457463,,,,missing
2663,8,2,ok,27.766757542634082,-0.7226172710975359,-0.7128872312496923,-0.7177522511736141,negative
2664,2,3,no_axis,0.125222770551781,,,,missing
2665,3,3,no_axis,0.12382995498313948,,,,missing
2666,4,3,no_axis,0.11980287938755306,,,,missing
2667,5,3,no_axis,0.11713006892960383,,,,missing
2668,6,3,ok,15.271535385540481,-0.5742506947609859,-0.5043251812458038,-0.5392879380033948,negative
2669,7,3,no_axis,0.11609976145003509,,,,missing
2670,8,3,ok,19.66437389089425,-0.7838714863482646,-0.7234260439872742,-0.7536487651677695,negative
2671,2,4,no_axis,0.12168829024135,,,,missing
2672,3,4,no_axis,0.11749254844708826,,,,missing
2673,4,4,no_surface,0.2848683220040333,,,,missing
2674,5,4,ok,2.828884558521379,-0.4789925942296766,-0.43683138489723206,-0.45791198956345436,negative
2675,6,4,no_surface,0.30216678948547093,,,,missing
2676,7,4,no_axis,0.11015356750063453,,,,missing
2677,8,4,no_axis,0.1054143536689221,,,,missing
2678,4,1,no_axis,0.1280256194249228,,,,missing
2679,5,1,no_axis,0.12647416816674384,,,,missing
2680,6,1,ok,6.5678560661904175,-1.010569304227829,-0.9421003394848942,-0.9763348218563617,negative
2681,7,1,no_axis,0.12456166162257945,,,,missing
2682,8,1,ok,7.817577770003775,-1.4995521394005296,-1.4839375838637352,-1.4917448616321325,negative
2683,2,2,no_axis,0.12475506109239794,,,,missing
2684,3,2,no_axis,0.12580564654765852,,,,missing
2685,4,2,no_axis,0.12001696964826275,,,,missing
2686,5,2,no_axis,0.11707981482647772,,,,missing
2687,6,2,no_axis,0.12160842544939748,,,,missing
2688,7,2,no_surface,0.2536518105969519,,,,missing
2689,8,2,ok,6.989202048065087,-1.6135358810424805,-1.4212902406721326,-1.5174130608573067,negative
2690,2,3,no_axis,0.11936796830307986,,,,missing
2691,3,3,no_axis,0.1206093210804657,,,,missing
2692,4,3,no_axis,0.11601565421974934,,,,missing
2693,5,3,no_axis,0.11025603782879628,,,,missing
2694,6,3,no_axis,0.10794784113128507,,,,missing
2695,7,3,no_axis,0.11196417762765756,,,,missing
2696,8,3,no_axis,0.10993464766066477,,,,missing
2697,2,4,no_surface,0.25254585863393814,,,,missing
2698,3,4,no_axis,0.11736407066867256,,,,missing
2699,4,4,no_surface,0.2529135844036146,,,,missing
2700,5,4,no_axis,0.11391293772712374,,,,missing
2701,6,4,no_surface,0.2577221588828373,,,,missing
2702,7,4,no_axis,0.10860791530424903,,,,missing
2703,8,4,no_surface,0.25139849497802835,,,,missing
2704,4,1,no_axis,0.12388667472442083,,,,missing
2705,5,1,drift_rejected,0.3741930409574441,,,,missing
2706,6,1,no_axis,0.12497717660842814,,,,missing
2707,7,1,no_surface,0.2972731169052568,,,,missing
2708,8,1,ok,6.053436934025943,-1.5545642375946045,-1.3944160398867138,-1.4744901387406593,negative
2709,2,2,no_axis,0.12721847661178257,,,,missing
2710,3,2,no_axis,0.12446143080848225,,,,missing
2711,4,2,no_surface,0.32058968210267336,,,,missing
2712,5,2,ok,1.728369268167701,-0.5737833996974719,-0.4054540991783142,-0.4896187494378931,negative
2713,6,2,no_axis,0.11363967384036773,,,,missing
2714,7,2,no_axis,0.11643004869494994,,,,missing
2715,8,2,drift_rejected,0.3568914306564434,,,,missing
2716,2,3,no_axis,0.12147755352478769,,,,missing
2717,3,3,no_axis,0.12282936930821933,,,,missing
2718,4,3,no_axis,0.11748083974174478,,,,missing
2719,5,3,no_axis,0.11791623471882913,,,,missing
2720,6,3,ok,2.2596988160549856,-0.47483409861981923,-0.24224254488945007,-0.3585383217546346,negative
2721,7,3,no_axis,0.11751258103515368,,,,missing
2722,8,3,no_surface,0.2588051952577632,,,,missing
2723,2,4,no_axis,0.12300637617414677,,,,missing
2724,3,4,no_axis,0.11092119462715613,,,,missing
2725,4,4,ok,0.4471899132901363,-0.2561425343155861,-0.2531328987115858,-0.2546377165135859,negative
2726,5,4,no_axis,0.1106837615263983,,,,missing
2727,6,4,no_axis,0.11004591511550313,,,,missing
2728,7,4,no_axis,0.10017793059266973,,,,missing
2729,8,4,no_axis,0.11201771005518231,,,,missing
2730,4,1,drift_rejected,0.3203687194322472,,,,missing
2731,5,1,no_surface,0.2701990368547877,,,,missing
2732,6,1,no_axis,0.12465255440798713,,,,missing
2733,7,1,drift_rejected,0.3101481904180565,,,,missing
2734,8,1,ok,8.561757583451232,-0.7620116085039826,-0.6947541236877441,-0.7283828660958633,negative
2735,2,2,no_axis,0.1207274183747825,,,,missing
2736,3,2,no_axis,0.12559994985276768,,,,missing
2737,4,2,no_axis,0.12434961632302272,,,,missing
2738,5,2,no_surface,0.3298345004488045,,,,missing
2739,6,2,no_surface,0.29429678638284074,,,,missing
2740,7,2,no_surface,0.2676457348612792,,,,missing
2741,8,2,ok,4.850243291787275,-0.9304580909416108,-0.811938613653183,-0.871198352297397,negative
2742,2,3,no_axis,0.12143036116276967,,,,missing
2743,3,3,no_axis,0.12114459271264298,,,,missing
2744,4,3,no_axis,0.12125347396064289,,,,missing
2745,5,3,no_axis,0.11213875293837555,,,,missing
2746,6,3,no_surface,0.24932472067980443,,,,missing
2747,7,3,no_axis,0.10633700726550468,,,,missing
2748,8,3,no_surface,0.2525713388194007,,,,missing
2749,2,4,no_axis,0.11625395388804022,,,,missing
2750,3,4,no_axis,0.12424380179363344,,,,missing
2751,4,4,no_axis,0.11743734374677431,,,,missing
2752,5,4,no_axis,0.10953027738442,,,,missing
2753,6,4,no_axis,0.10960431575201268,,,,missing
2754,7,4,ok,11.547389812455497,-0.44893592349479994,-0.36925122141838074,-0.40909357245659034,negative
2755,8,4,no_axis,0.11025722143492417,,,,missing
2756,4,1,no_axis,0.12285115918114382,,,,missing
2757,5,1,ok,2.954680484641738,-0.755256325006485,-0.6766442540586525,-0.7159502895325687,negative
2758,6,1,drift_rejected,0.3159391699273497,,,,missing
2759,7,1,drift_rejected,0.37728799398093565,,,,missing
2760,8,1,drift_rejected,0.28761854083035,,,,missing
2761,2,2,no_axis,0.11810251994562732,,,,missing
2762,3,2,no_surface,0.291472000725577,,,,missing
2763,4,2,no_surface,0.2866583601354453,,,,missing
2764,5,2,no_axis,0.12055737067927892,,,,missing
2765,6,2,no_axis,0.12010739597072269,,,,missing
2766,7,2,ok,9.083991823589754,-0.6020321716584786,-0.59657071725595,-0.5993014444572142,negative
2767,8,2,no_axis,0.10728522993786344,,,,missing
2768,2,3,no_axis,0.12199914138990674,,,,missing
2769,3,3,no_axis,0.12169306626144766,,,,missing
2770,4,3,no_surface,0.29256622001416077,,,,missing
2771,5,3,no_axis,0.11133110018427606,,,,missing
2772,6,3,no_axis,0.11385570716257364,,,,missing
2773,7,3,no_surface,0.24249496463439507,,,,missing
2774,8,3,no_surface,0.2870183921608901,,,,missing
2775,2,4,no_axis,0.12104471212122053,,,,missing
2776,3,4,no_axis,0.11692236524366494,,,,missing
2777,4,4,no_axis,0.1185418672959192,,,,missing
2778,5,4,no_axis,0.11298793247204544,,,,missing
2779,6,4,no_axis,0.11060089899296077,,,,missing
2780,7,4,no_surface,0.24058982863356923,,,,missing
2781,8,4,no_axis,0.10948004681094221,,,,missing
2782,4,1,flux_rejected,0.31264231921422225,,,,missing
2783,5,1,drift_rejected,0.36307507283755,,,,missing
2784,6,1,no_surface,0.28728344052088056,,,,missing
2785,7,1,ok,5.4809501487721475,-1.0321581363677979,-0.9166054003310967,-0.9743817683494473,negative
2786,8,1,ok,7.669273689825773,-0.7354074416925961,-0.7174348216503859,-0.726421131671491,negative
2787,2,2,no_axis,0.12133507785024288,,,,missing
2788,3,2,no_axis,0.12094876793586373,,,,missing
2789,4,2,no_axis,0.12378111172950555,,,,missing
2790,5,2,no_axis,0.11805096738089066,,,,missing
2791,6,2,ok,4.617950387492983,-0.8338029300299885,-0.7819037010006722,-0.8078533155153304,negative
2792,7,2,ok,7.897007964868808,-1.1993958950042725,-1.036914060412081,-1.1181549777081767,negative
2793,8,2,drift_rejected,0.3574948048144037,,,,missing
2794,2,3,no_axis,0.12060708836322553,,,,missing
2795,3,3,no_surface,0.26899666445282044,,,,missing
2796,4,3,no_axis,0.11854994176583092,,,,missing
2797,5,3,drift_rejected,0.2835135807798674,,,,missing
2798,6,3,no_axis,0.10897340476599049,,,,missing
2799,7,3,ok,8.159948506892082,-0.48278098660084484,-0.4631652310490608,-0.4729731088249528,negative
2800,8,3,no_surface,0.2607325522702783,,,,missing
2801,2,4,no_axis,0.11726127925773396,,,,missing
2802,3,4,no_axis,0.11998180380011328,,,,missing
2803,4,4,no_axis,0.11680124123785324,,,,missing
2804,5,4,no_axis,0.10805325203158822,,,,missing
2805,6,4,no_axis,0.1152655364471819,,,,missing
2806,7,4,drift_rejected,0.304678698251226,,,,missing
2807,8,4,ok,19.262606097364312,-0.5576375033369074,-0.5210840851068497,-0.5393607942218785,negative
2808,4,1,no_axis,0.12761351338023874,,,,missing
2809,5,1,drift_rejected,0.31256350698116225,,,,missing
2810,6,1,ok,3.394247686056488,-0.8459758039189966,-0.7077249884605408,-0.7768503961897687,negative
2811,7,1,ok,7.507310908179949,-1.235505223274231,-1.143308486322933,-1.189406854798582,negative
2812,8,1,ok,7.3474719487033076,-1.5372853462952136,-1.5008436143398285,-1.519064480317521,negative
2813,2,2,no_axis,0.12317578689525269,,,,missing
2814,3,2,no_axis,0.12150658047732565,,,,missing
2815,4,2,no_axis,0.11847178308579479,,,,missing
2816,5,2,no_axis,0.12045170528857284,,,,missing
2817,6,2,no_surface,0.260512486229366,,,,missing
2818,7,2,ok,5.167554968118314,-0.7644796241690821,-0.7535434596778723,-0.7590115419234772,negative
2819,8,2,ok,6.382986549760766,-2.0182156124531487,-1.981776550412178,-1.9999960814326634,negative
2820,2,3,no_axis,0.11782554620304497,,,,missing
2821,3,3,no_axis,0.11490063116747103,,,,missing
2822,4,3,no_axis,0.11494371253235375,,,,missing
2823,5,3,no_surface,0.2920713266378646,,,,missing
2824,6,3,no_surface,0.2306111233415994,,,,missing
2825,7,3,ok,27.79566291048686,-0.6824969335923535,-0.6503166316944122,-0.6664067826433828,negative
2826,8,3,ok,6.661894541521363,-0.5669805029091736,-0.2695998549461365,-0.418290178927655,negative
2827,2,4,no_axis,0.1152332570450388,,,,missing
2828,3,4,no_axis,0.11745097244400851,,,,missing
2829,4,4,no_surface,0.2688436269133757,,,,missing
2830,5,4,no_axis,0.11347053512107107,,,,missing
2831,6,4,no_axis,0.11063935053745849,,,,missing
2832,7,4,ok,20.34118250896898,-0.5550604849232664,-0.5442083018322305,-0.5496343933777484,negative
2833,8,4,no_surface,0.2507053207713615,,,,missing
2834,4,1,no_axis,0.12290087628653257,,,,missing
2835,5,1,no_axis,0.12778179791115207,,,,missing
2836,6,1,no_axis,0.12808762175612295,,,,missing
2837,7,1,ok,1.7283153666225173,-0.4968753130709837,-0.42407527565956116,-0.46047529436527246,negative
2838,8,1,no_surface,0.2908476399751692,,,,missing
2839,2,2,no_axis,0.12417418571961876,,,,missing
2840,3,2,no_axis,0.12365007106205401,,,,missing
2841,4,2,no_axis,0.12500735795011575,,,,missing
2842,5,2,ok,1.8626702437920462,-0.5043242319311587,-0.4643578827381134,-0.48434105733463606,negative
2843,6,2,no_axis,0.11877041159430211,,,,missing
2844,7,2,no_surface,0.25041423222578,,,,missing
2845,8,2,ok,4.993030268774393,-2.146782875061035,-1.913287730820261,-2.030035302940648,negative
2846,2,3,no_axis,0.11730709810683648,,,,missing
2847,3,3,no_axis,0.11892689254731958,,,,missing
2848,4,3,no_axis,0.11589152686425744,,,,missing
2849,5,3,no_axis,0.11344527163671599,,,,missing
2850,6,3,no_axis,0.10788651220430417,,,,missing
2851,7,3,no_surface,0.2451967836985304,,,,missing
2852,8,3,no_surface,0.2862431287448958,,,,missing
2853,2,4,no_axis,0.12271583619001569,,,,missing
2854,3,4,no_axis,0.11349354216405655,,,,missing
2855,4,4,no_axis,0.11690620117613518,,,,missing
2856,5,4,no_axis,0.11180344678517687,,,,missing
2857,6,4,no_axis,0.10785064500336049,,,,missing
2858,7,4,no_axis,0.10706543748374156,,,,missing
2859,8,4,no_axis,0.11453549192745836,,,,missing
2860,4,1,no_axis,0.12885105640381506,,,,missing
2861,5,1,no_surface,0.2856512558708202,,,,missing
2862,6,1,no_surface,0.35696205561891303,,,,missing
2863,7,1,drift_rejected,0.31823675586271544,,,,missing
2864,8,1,ok,7.539194959262773,-1.5767892599105835,-1.4621824751818628,-1.5194858675462233,negative
2865,2,2,no_axis,0.12431947913769233,,,,missing
2866,3,2,no_axis,0.12090729193327565,,,,missing
2867,4,2,no_surface,0.2924221221444691,,,,missing
2868,5,2,no_surface,0.27419050355532626,,,,missing
2869,6,2,no_surface,0.3219202664905647,,,,missing
2870,7,2,no_surface,0.2706047380564276,,,,missing
2871,8,2,no_surface,0.2574363546451505,,,,missing
2872,2,3,no_axis,0.12468682674966539,,,,missing
2873,3,3,no_axis,0.12055671771505999,,,,missing
2874,4,3,no_axis,0.11835620575155724,,,,missing
2875,5,3,no_axis,0.11882416400706138,,,,missing
2876,6,3,no_axis,0.11445386121168227,,,,missing
2877,7,3,ok,4.81198143664375,-1.4658561944961548,-1.0863511133266537,-1.2761036539114041,negative
2878,8,3,no_axis,0.10089737204764176,,,,missing
2879,2,4,no_axis,0.12101761138748196,,,,missing
2880,3,4,no_axis,0.11935775324290615,,,,missing
2881,4,4,no_axis,0.10793632883268918,,,,missing
2882,5,4,no_axis,0.10779813450780998,,,,missing
2883,6,4,no_axis,0.11407192343680748,,,,missing
2884,7,4,no_axis,0.11082392915824886,,,,missing
2885,8,4,no_axis,0.11073134882092645,,,,missing
2886,4,1,no_axis,0.11979584727755804,,,,missing
2887,5,1,no_axis,0.12475376473256017,,,,missing
2888,6,1,ok,6.255339803137965,-1.1350842848721387,-1.0492485165596008,-1.0921664007158698,negative
2889,7,1,ok,8.438718778959782,-1.0135601761839226,-0.9881476849274501,-1.0008539305556863,negative
2890,8,1,ok,6.709336751343724,-1.337035059928894,-1.2610608751815995,-1.2990479675552469,negative
2891,2,2,no_axis,0.1229314548494752,,,,missing
2892,3,2,no_axis,0.12141805047653326,,,,missing
2893,4,2,drift_rejected,0.3452694607249214,,,,missing
2894,5,2,ok,4.703608663361584,-0.9458944797515869,-0.8591477075100882,-0.9025210936308375,negative
2895,6,2,no_axis,0.10830103362659332,,,,missing
2896,7,2,ok,6.37852198033029,-0.6113752277208725,-0.4635838270187378,-0.5374795273698052,negative
2897,8,2,no_axis,0.1058957282945265,,,,missing
2898,2,3,no_axis,0.12217871619415699,,,,missing
2899,3,3,drift_rejected,0.29731580313075495,,,,missing
2900,4,3,no_axis,0.12164238957001541,,,,missing
2901,5,3,no_axis,0.10691434692364608,,,,missing
2902,6,3,no_surface,0.2956740491885396,,,,missing
2903,7,3,no_surface,0.2816134454167755,,,,missing
2904,8,3,no_surface,0.24151859017039162,,,,missing
2905,2,4,no_axis,0.11675658056051313,,,,missing
2906,3,4,no_axis,0.11637828457033711,,,,missing
2907,4,4,no_axis,0.1069039260727732,,,,missing
2908,5,4,no_axis,0.10521794529197193,,,,missing
2909,6,4,no_axis,0.10756250313766438,,,,missing
2910,7,4,ok,30.17449363873902,-1.021375002459797,-1.007720647439319,-1.0145478249495579,negative
2911,8,4,ok,21.19459896972414,-0.7207220420241356,-0.7083059670419949,-0.7145140045330652,negative
2912,4,1,no_axis,0.12024889021203983,,,,missing
2913,5,1,no_axis,0.12057414303718056,,,,missing
2914,6,1,drift_rejected,0.37704000317968506,,,,missing
2915,7,1,no_surface,0.330144150129992,,,,missing
2916,8,1,ok,4.0834888398173526,-1.1290208995342255,-1.0962268475559742,-1.1126238735451,negative
2917,2,2,no_axis,0.12192645332282744,,,,missing
2918,3,2,no_axis,0.12423365824471022,,,,missing
2919,4,2,no_axis,0.1241630255588868,,,,missing
2920,5,2,ok,3.308415560356442,-0.9263506531715393,-0.7947229691200095,-0.8605368111457744,negative
2921,6,2,ok,5.5704232359812345,-0.6182508669333057,-0.5467165112495422,-0.582483689091424,negative
2922,7,2,no_surface,0.269340350520038,,,,missing
2923,8,2,ok,5.820838775756339,-1.590913474559784,-1.510766567891228,-1.550840021225506,negative
2924,2,3,no_axis,0.12225895578428679,,,,missing
2925,3,3,no_axis,0.12052270607144733,,,,missing
2926,4,3,no_axis,0.11992638899657958,,,,missing
2927,5,3,no_axis,0.11436079922010728,,,,missing
2928,6,3,no_surface,0.24002601334918738,,,,missing
2929,7,3,no_axis,0.11311597289923347,,,,missing
2930,8,3,drift_rejected,0.2575816860879555,,,,missing
2931,2,4,no_axis,0.11155750452839515,,,,missing
2932,3,4,no_axis,0.11848101132754728,,,,missing
2933,4,4,no_axis,0.1160971000788438,,,,missing
2934,5,4,no_surface,0.24358694891165664,,,,missing
2935,6,4,no_axis,0.10790180158567533,,,,missing
2936,7,4,no_surface,0.31481574081627683,,,,missing
2937,8,4,drift_rejected,0.31352481753991135,,,,missing
2938,4,1,drift_rejected,0.3572390740024641,,,,missing
2939,5,1,ok,5.4818954064212315,-0.966696634888649,-0.9263774548834517,-0.9465370448860504,negative
2940,6,1,no_surface,0.31181017838544417,,,,missing
2941,7,1,no_surface,0.2959233055161857,,,,missing
2942,8,1,ok,5.250777485972079,-1.2671594619750977,-1.1156914342833717,-1.1914254481292348,negative
2943,2,2,no_axis,0.12222129159963434,,,,missing
2944,3,2,no_axis,0.12317594529740757,,,,missing
2945,4,2,drift_rejected,0.3246257005628272,,,,missing
2946,5,2,ok,2.929294645470973,-0.8125962644149779,-0.7109290361404419,-0.76176265027771,negative
2947,6,2,no_axis,0.11149165983902476,,,,missing
2948,7,2,ok,5.915436054423239,-1.1336330051925942,-0.9930629730224609,-1.0633479891075277,negative
2949,8,2,ok,9.038701560717138,-0.678103635059501,-0.6170423924922943,-0.6475730137758977,negative
2950,2,3,no_axis,0.12003925797215342,,,,missing
2951,3,3,no_axis,0.11948741183018781,,,,missing
2952,4,3,no_axis,0.12199392697963561,,,,missing
2953,5,3,no_axis,0.11863267862248855,,,,missing
2954,6,3,no_axis,0.1137399853157377,,,,missing
2955,7,3,no_axis,0.10863390614225149,,,,missing
2956,8,3,ok,44.40884588295681,-0.8537726510714527,-0.8400094728679833,-0.8468910619697181,negative
2957,2,4,no_axis,0.12377438983316175,,,,missing
2958,3,4,no_axis,0.11477559863877917,,,,missing
2959,4,4,no_axis,0.11273467272237787,,,,missing
2960,5,4,no_axis,0.10931210716188029,,,,missing
2961,6,4,no_surface,0.28210322388815656,,,,missing
2962,7,4,ok,4.4215050445588675,-1.335503101348877,-1.1172847591526358,-1.2263939302507563,negative
2963,8,4,no_surface,0.23322296662716901,,,,missing
2964,4,1,no_axis,0.12651355402575346,,,,missing
2965,5,1,no_axis,0.12564253468991707,,,,missing
2966,6,1,drift_rejected,0.3440646389259938,,,,missing
2967,7,1,no_axis,0.12455958160161776,,,,missing
2968,8,1,no_surface,0.30619362914674836,,,,missing
2969,2,2,no_axis,0.12379483587349288,,,,missing
2970,3,2,no_surface,0.31538941834078565,,,,missing
2971,4,2,no_axis,0.11968244696808861,,,,missing
2972,5,2,no_axis,0.11387896219157748,,,,missing
2973,6,2,no_surface,0.2946976313091119,,,,missing
2974,7,2,no_surface,0.26190885130570657,,,,missing
2975,8,2,no_surface,0.26759718266169913,,,,missing
2976,2,3,no_axis,0.1193233826675239,,,,missing
2977,3,3,no_axis,0.11796534868685214,,,,missing
2978,4,3,no_axis,0.11143762162582199,,,,missing
2979,5,3,no_axis,0.11546058063454552,,,,missing
2980,6,3,no_axis,0.10426589364615535,,,,missing
2981,7,3,no_axis,0.10648307041385892,,,,missing
2982,8,3,no_surface,0.2461473181575661,,,,missing
2983,2,4,no_surface,0.25169848249680093,,,,missing
2984,3,4,no_axis,0.11904286585721087,,,,missing
2985,4,4,no_axis,0.12214557738149079,,,,missing
2986,5,4,no_axis,0.11155758604703248,,,,missing
2987,6,4,no_axis,0.10482197473994853,,,,missing
2988,7,4,no_axis,0.10756697600814898,,,,missing
2989,8,4,ok,11.226079598961794,-0.7921501729164705,-0.7088143229484558,-0.7504822479324631,negative
2990,4,1,no_axis,0.12650407477363454,,,,missing
2991,5,1,no_surface,0.2760387106448908,,,,missing
2992,6,1,no_surface,0.30576468151808206,,,,missing
2993,7,1,ok,4.588109878418181,-0.9792203967073818,-0.824420690536499,-0.9018205436219404,negative
2994,8,1,no_surface,0.3418408355012004,,,,missing
2995,2,2,no_axis,0.12324240573915186,,,,missing
2996,3,2,no_axis,0.12386110048932586,,,,missing
2997,4,2,no_axis,0.12302468768307367,,,,missing
2998,5,2,no_axis,0.12335269276267438,,,,missing
2999,6,2,ok,5.332390142041328,-0.9794493415172837,-0.9593465869732412,-0.9693979642452624,negative
3000,7,2,ok,6.650755005465823,-1.419825792312622,-1.2867175148110952,-1.3532716535618587,negative
3001,8,2,no_axis,0.10635009673135039,,,,missing
3002,2,3,no_axis,0.11999786225874268,,,,missing
3003,3,3,no_axis,0.12271504491444903,,,,missing
3004,4,3,no_surface,0.26745314367216105,,,,missing
3005,5,3,no_surface,0.2546644716542102,,,,missing
3006,6,3,no_axis,0.10996053637062118,,,,missing
3007,7,3,no_axis,0.10930463879122643,,,,missing
3008,8,3,no_surface,0.23665893553069536,,,,missing
3009,2,4,no_axis,0.11965172391368872,,,,missing
3010,3,4,no_axis,0.12135311147463493,,,,missing
3011,4,4,no_axis,0.11537819960528627,,,,missing
3012,5,4,no_surface,0.24483951274776936,,,,missing
3013,6,4,no_axis,0.10890229264549743,,,,missing
3014,7,4,drift_rejected,0.30348582766787313,,,,missing
3015,8,4,ok,33.68125726420796,-1.0801763920768317,-1.0501316338777542,-1.065154012977293,negative
3016,4,1,no_axis,0.12266170130656154,,,,missing
3017,5,1,no_axis,0.1263777971983566,,,,missing
3018,6,1,no_axis,0.1268505791834374,,,,missing
3019,7,1,no_surface,0.34175667216139766,,,,missing
3020,8,1,ok,5.498276520349425,-0.9697588458053352,-0.7751845717430115,-0.8724717087741733,negative
3021,2,2,no_axis,0.12094333148701715,,,,missing
3022,3,2,no_axis,0.1263693531932582,,,,missing
3023,4,2,no_axis,0.11532414539074304,,,,missing
3024,5,2,no_axis,0.12133333248705008,,,,missing
3025,6,2,ok,2.0619006321058304,-0.5559107362691001,-0.529840350151062,-0.5428755432100811,negative
3026,7,2,no_surface,0.30166491413181984,,,,missing
3027,8,2,ok,10.362674695887213,-1.1795585751533508,-1.0605617006647798,-1.1200601379090653,negative
3028,2,3,no_axis,0.12280503375993629,,,,missing
3029,3,3,no_axis,0.11990619984362966,,,,missing
3030,4,3,no_axis,0.11819820592423397,,,,missing
3031,5,3,no_surface,0.26919745223209307,,,,missing
3032,6,3,no_axis,0.10870051483838886,,,,missing
3033,7,3,no_axis,0.11093910510104486,,,,missing
3034,8,3,ok,39.154501878886116,-1.059440165758133,-1.0084342849856875,-1.0339372253719104,negative
3035,2,4,no_axis,0.11455932807793845,,,,missing
3036,3,4,no_axis,0.11801922513541979,,,,missing
3037,4,4,no_axis,0.11323019094127725,,,,missing
3038,5,4,no_axis,0.11255241583175901,,,,missing
3039,6,4,no_axis,0.10948110537050536,,,,missing
3040,7,4,no_axis,0.11073476064251025,,,,missing
3041,8,4,no_surface,0.24208893960578515,,,,missing
3042,4,1,no_axis,0.1245748431435455,,,,missing
3043,5,1,no_axis,0.12748922417396497,,,,missing
3044,6,1,ok,5.510092138175239,-0.912905927747488,-0.9050821133626714,-0.9089940205550797,negative
3045,7,1,ok,5.516599182989702,-1.1856465922292652,-1.0712851881980896,-1.1284658902136773,negative
3046,8,1,ok,9.400584869126416,-1.3776393830776215,-1.3494580116318027,-1.363548697354712,negative
3047,2,2,no_axis,0.12353773521003707,,,,missing
3048,3,2,no_axis,0.12270129654108963,,,,missing
3049,4,2,no_axis,0.12316453695481511,,,,missing
3050,5,2,drift_rejected,0.2643632208523418,,,,missing
3051,6,2,ok,5.761902440200484,-0.6794887963088212,-0.44627296924591064,-0.5628808827773659,negative
3052,7,2,ok,4.373403993196398,-0.8521879986398567,-0.7921098172664642,-0.8221489079531605,negative
3053,8,2,no_axis,0.10719873223612544,,,,missing
3054,2,3,no_axis,0.1220088163918536,,,,missing
3055,3,3,no_axis,0.11558728046674356,,,,missing
3056,4,3,no_surface,0.2713704959898544,,,,missing
3057,5,3,no_axis,0.11157246899532403,,,,missing
3058,6,3,no_axis,0.10905507026762576,,,,missing
3059,7,3,ok,9.50044123421212,-0.535479355169328,-0.5289608482937218,-0.5322201017315249,negative
3060,8,3,drift_rejected,0.3779250783198966,,,,missing
3061,2,4,no_axis,0.11468430546767668,,,,missing
3062,3,4,no_axis,0.11773271423924979,,,,missing
3063,4,4,drift_rejected,0.2666963078683596,,,,missing
3064,5,4,ok,0.6307606199040416,-0.4177017120944469,-0.37821516394615173,-0.3979584380202993,negative
3065,6,4,no_surface,0.2452788835981352,,,,missing
3066,7,4,no_axis,0.10624842167473046,,,,missing
3067,8,4,no_axis,0.10557898785692704,,,,missing
3068,4,1,no_axis,0.12756452124331347,,,,missing
3069,5,1,ok,4.188613015947886,-0.8387200306801355,-0.8267069008772264,-0.832713465778681,negative
3070,6,1,ok,3.1183129179315174,-0.7124200453521814,-0.6655665338039398,-0.6889932895780606,negative
3071,7,1,no_axis,0.12301214058171764,,,,missing
3072,8,1,ok,6.6940253644340775,-1.0183488806871608,-0.812962532043457,-0.9156557063653089,negative
3073,2,2,no_axis,0.1251108388204789,,,,missing
3074,3,2,no_axis,0.12700619793453968,,,,missing
3075,4,2,no_axis,0.12478229043936687,,,,missing
3076,5,2,no_surface,0.2958722571293152,,,,missing
3077,6,2,no_axis,0.11818283965567458,,,,missing
3078,7,2,no_surface,0.25408524475982536,,,,missing
3079,8,2,no_surface,0.25537233017859023,,,,missing
3080,2,3,no_axis,0.12178819702468156,,,,missing
3081,3,3,no_surface,0.28397409745197877,,,,missing
3082,4,3,no_axis,0.10583042253432376,,,,missing
3083,5,3,no_axis,0.11318396978630524,,,,missing
3084,6,3,no_axis,0.12019617577497213,,,,missing
3085,7,3,no_axis,0.11419565985884993,,,,missing
3086,8,3,drift_rejected,0.3226485169173354,,,,missing
3087,2,4,no_axis,0.11731123131094241,,,,missing
3088,3,4,no_axis,0.12069760093266171,,,,missing
3089,4,4,no_axis,0.11802439120756002,,,,missing
3090,5,4,no_axis,0.11205935791062951,,,,missing
3091,6,4,no_axis,0.11149420019474617,,,,missing
3092,7,4,ok,7.067329178014142,-0.6504669117363981,-0.6113104224205017,-0.6308886670784499,negative
3093,8,4,ok,23.14477525355878,-0.7998507767915726,-0.7864431172646477,-0.7931469470281101,negative
3094,4,1,no_axis,0.12386789615573762,,,,missing
3095,5,1,no_axis,0.1279774308411198,,,,missing
3096,6,1,drift_rejected,0.3381653556048225,,,,missing
3097,7,1,flux_rejected,0.3283548116506163,,,,missing
3098,8,1,ok,7.393799442089402,-1.5012115836143494,-1.4021401797958934,-1.4516758817051214,negative
3099,2,2,no_axis,0.12096464314123181,,,,missing
3100,3,2,no_axis,0.12779625605343603,,,,missing
3101,4,2,no_axis,0.12351326671729873,,,,missing
3102,5,2,drift_rejected,0.27972679986661536,,,,missing
3103,6,2,no_axis,0.11803088929587087,,,,missing
3104,7,2,no_axis,0.10780407357591032,,,,missing
3105,8,2,no_surface,0.24773222837084338,,,,missing
3106,2,3,no_axis,0.12240563405048768,,,,missing
3107,3,3,no_axis,0.11600599264054651,,,,missing
3108,4,3,drift_rejected,0.279257006089113,,,,missing
3109,5,3,no_axis,0.10760091169474284,,,,missing
3110,6,3,no_surface,0.28118890846628597,,,,missing
3111,7,3,no_surface,0.2347692389340005,,,,missing
3112,8,3,no_surface,0.2889594952020842,,,,missing
3113,2,4,no_axis,0.12093799076623038,,,,missing
3114,3,4,no_axis,0.1189729938509751,,,,missing
3115,4,4,no_axis,0.11906595012633812,,,,missing
3116,5,4,no_surface,0.30421721340244123,,,,missing
3117,6,4,no_axis,0.11332536001153887,,,,missing
3118,7,4,no_axis,0.10587377220949026,,,,missing
3119,8,4,ok,23.496090248038403,-0.6520037663464142,-0.6243303567171097,-0.638167061531762,negative
3120,4,1,no_axis,0.12943962389332717,,,,missing
3121,5,1,no_surface,0.3009765919287164,,,,missing
3122,6,1,ok,5.337475804659005,-1.0052233934402466,-0.8636362734725974,-0.934429833456422,negative
3123,7,1,ok,3.4716019134373983,-0.6564312506444561,-0.6386716067790985,-0.6475514287117773,negative
3124,8,1,ok,6.601062564332073,-0.9555743497995552,-0.8882457613945007,-0.921910055597028,negative
3125,2,2,no_axis,0.12554776249393815,,,,missing
3126,3,2,no_axis,0.12140802468688128,,,,missing
3127,4,2,no_surface,0.2705390532846001,,,,missing
3128,5,2,no_axis,0.12198826765838587,,,,missing
3129,6,2,no_axis,0.10886022520304879,,,,missing
3130,7,2,no_surface,0.26046006377847936,,,,missing
3131,8,2,ok,8.416591841875013,-0.5788575662029902,-0.5360874533653259,-0.5574725097841581,negative
3132,2,3,no_axis,0.12086060971018726,,,,missing
3133,3,3,no_axis,0.12182920065457557,,,,missing
3134,4,3,no_axis,0.11758459774217714,,,,missing
3135,5,3,no_surface,0.25675224912073213,,,,missing
3136,6,3,no_axis,0.11219245118104244,,,,missing
3137,7,3,no_axis,0.10788908131663955,,,,missing
3138,8,3,ok,18.543556228220886,-0.8862391547179529,-0.880991201079451,-0.8836151778987019,negative
3139,2,4,no_axis,0.11592673496950599,,,,missing
3140,3,4,no_axis,0.11633767505735096,,,,missing
3141,4,4,no_axis,0.11831903849883618,,,,missing
3142,5,4,no_axis,0.11413059479622023,,,,missing
3143,6,4,no_surface,0.24272499566804526,,,,missing
3144,7,4,no_axis,0.10968456397997109,,,,missing
3145,8,4,no_axis,0.11250329608572551,,,,missing
3146,4,1,no_surface,0.2930911503211391,,,,missing
3147,5,1,no_surface,0.30111963402685,,,,missing
3148,6,1,drift_rejected,0.33197473542215233,,,,missing
3149,7,1,ok,5.314214247819546,-1.1964016556739807,-1.0518761629351392,-1.12413890930456,negative
3150,8,1,ok,6.496513302408206,-1.8727082014083862,-1.8271907131730056,-1.849949457290696,negative
3151,2,2,no_axis,0.1230476840017928,,,,missing
3152,3,2,no_axis,0.12237959473598368,,,,missing
3153,4,2,drift_rejected,0.29535573309308366,,,,missing
3154,5,2,no_axis,0.1140688795822382,,,,missing
3155,6,2,drift_rejected,0.35382460986206116,,,,missing
3156,7,2,no_axis,0.10956311366660315,,,,missing
3157,8,2,ok,21.410030316254982,-0.8131269088386914,-0.8028722659867726,-0.807999587412732,negative
3158,2,3,no_axis,0.12349689475264979,,,,missing
3159,3,3,no_axis,0.11964315855585612,,,,missing
3160,4,3,no_axis,0.12218106471370925,,,,missing
3161,5,3,no_axis,0.11278322094076534,,,,missing
3162,6,3,no_axis,0.11395966357776276,,,,missing
3163,7,3,no_surface,0.2434972276323372,,,,missing
3164,8,3,ok,10.198030400420047,-0.7186330877957361,-0.4947061538696289,-0.6066696208326825,negative
3165,2,4,no_axis,0.1213449276664568,,,,missing
3166,3,4,no_axis,0.11702296182211268,,,,missing
3167,4,4,no_axis,0.11166885413319912,,,,missing
3168,5,4,no_axis,0.10971899694032845,,,,missing
3169,6,4,no_axis,0.10942729128526439,,,,missing
3170,7,4,no_surface,0.2484077462438119,,,,missing
3171,8,4,drift_rejected,0.31784365528578623,,,,missing
3172,4,1,drift_rejected,0.3562357689459703,,,,missing
3173,5,1,no_axis,0.1273938423207132,,,,missing
3174,6,1,ok,4.310816170387436,-0.7760304510593414,-0.7292415071219153,-0.7526359790906283,negative
3175,7,1,no_surface,0.324217428356806,,,,missing
3176,8,1,ok,6.1314628404655656,-1.709271639585495,-1.6682517377316117,-1.6887616886585533,negative
3177,2,2,no_axis,0.12258637965159686,,,,missing
3178,3,2,no_axis,0.1194505433080235,,,,missing
3179,4,2,no_axis,0.11860654997677443,,,,missing
3180,5,2,no_surface,0.2601829920778783,,,,missing
3181,6,2,no_axis,0.12331164742629777,,,,missing
3182,7,2,no_surface,0.291049677344895,,,,missing
3183,8,2,ok,3.6055207925895743,-0.7051549965696297,-0.5195910334587097,-0.6123730150141697,negative
3184,2,3,no_axis,0.1170634392779719,,,,missing
3185,3,3,no_surface,0.24618653189326045,,,,missing
3186,4,3,drift_rejected,0.3525850585202216,,,,missing
3187,5,3,no_axis,0.12034921738462756,,,,missing
3188,6,3,ok,8.23802802576866,-0.5624861917259942,-0.5111215710639954,-0.5368038813949948,negative
3189,7,3,no_axis,0.10536395990298408,,,,missing
3190,8,3,no_surface,0.2532963632011595,,,,missing
3191,2,4,no_axis,0.11825080745592907,,,,missing
3192,3,4,no_surface,0.24381085181428044,,,,missing
3193,4,4,no_axis,0.11750444132805767,,,,missing
3194,5,4,no_axis,0.11447855029161369,,,,missing
3195,6,4,no_surface,0.22313951001143129,,,,missing
3196,7,4,no_axis,0.11084230641883455,,,,missing
3197,8,4,ok,40.28199876256429,-0.825016924372197,-0.8016025058299989,-0.813309715101098,negative
3198,4,1,no_axis,0.1257172730111759,,,,missing
3199,5,1,no_surface,0.34146371616699883,,,,missing
3200,6,1,no_surface,0.3595326328264391,,,,missing
3201,7,1,ok,6.035947360348967,-1.5359406471252441,-1.2947848722836122,-1.4153627597044283,negative
3202,8,1,ok,5.038276735177478,-2.3408106565475464,-2.222366409625582,-2.2815885330865644,negative
3203,2,2,no_axis,0.12045284963470333,,,,missing
3204,3,2,no_axis,0.1260109715458761,,,,missing
3205,4,2,no_axis,0.11915928456139319,,,,missing
3206,5,2,no_surface,0.2641872862475867,,,,missing
3207,6,2,no_axis,0.11861869410489119,,,,missing
3208,7,2,no_surface,0.29225049539131603,,,,missing
3209,8,2,no_surface,0.30530958854000184,,,,missing
3210,2,3,no_axis,0.12079056343610328,,,,missing
3211,3,3,no_axis,0.11571923284465545,,,,missing
3212,4,3,no_axis,0.11889615908361083,,,,missing
3213,5,3,no_axis,0.11516408259161443,,,,missing
3214,6,3,no_axis,0.1066851918505035,,,,missing
3215,7,3,ok,2.820378295802673,-0.6393766405377498,-0.3680155873298645,-0.5036961139338072,negative
3216,8,3,ok,4.710793350119276,-0.7720508295594362,-0.7527619032014464,-0.7624063663804412,negative
3217,2,4,no_surface,0.25113944285490436,,,,missing
3218,3,4,no_axis,0.11630039812848228,,,,missing
3219,4,4,no_axis,0.11481365283634151,,,,missing
3220,5,4,no_axis,0.11042311048978813,,,,missing
3221,6,4,no_axis,0.10384564079807979,,,,missing
3222,7,4,no_surface,0.25031327518215957,,,,missing
3223,8,4,ok,10.816202677986889,-0.5733499463212327,-0.4145258069038391,-0.4939378766125359,negative
3224,4,1,no_surface,0.2642878952700786,,,,missing
3225,5,1,no_surface,0.31456138903767555,,,,missing
3226,6,1,ok,5.059795676118624,-0.8879154026508331,-0.8430628151487696,-0.8654891088998014,negative
3227,7,1,flux_rejected,0.3508882992289714,,,,missing
3228,8,1,ok,5.54517749457148,-1.8341872141483058,-1.6167792081832886,-1.7254832111657972,negative
3229,2,2,no_axis,0.12516723983486372,,,,missing
3230,3,2,no_axis,0.1208681375539627,,,,missing
3231,4,2,no_axis,0.12264194975850243,,,,missing
3232,5,2,no_axis,0.11789820539704227,,,,missing
3233,6,2,ok,9.862086191528688,-0.5669853148037369,-0.5567190763257323,-0.5618521955647346,negative
3234,7,2,no_axis,0.1186459069314493,,,,missing
3235,8,2,no_surface,0.26695919053842876,,,,missing
3236,2,3,no_axis,0.12494006907021682,,,,missing
3237,3,3,no_axis,0.11674572082022416,,,,missing
3238,4,3,no_surface,0.30922840285127884,,,,missing
3239,5,3,drift_rejected,0.33391744792280875,,,,missing
3240,6,3,ok,5.619360417921827,-1.0061309933662415,-0.8639270559416911,-0.9350290246539663,negative
3241,7,3,no_axis,0.10780811251749843,,,,missing
3242,8,3,ok,6.367935587230799,-1.1181585639715195,-1.0853345520410798,-1.1017465580062997,negative
3243,2,4,no_axis,0.12050285514063584,,,,missing
3244,3,4,no_surface,0.25668055696587827,,,,missing
3245,4,4,no_axis,0.10762104065423644,,,,missing
3246,5,4,no_axis,0.11470871294426924,,,,missing
3247,6,4,no_axis,0.11130003367241795,,,,missing
3248,7,4,no_axis,0.10971152312055413,,,,missing
3249,8,4,no_axis,0.10615903506135288,,,,missing
3250,4,1,drift_rejected,0.3139744168098248,,,,missing
3251,5,1,no_axis,0.12675938925541055,,,,missing
3252,6,1,ok,7.1137643241219735,-1.1607770919799805,-1.0451767966334151,-1.1029769443066977,negative
3253,7,1,no_surface,0.3204718570427394,,,,missing
3254,8,1,no_surface,0.28789745676824446,,,,missing
3255,2,2,no_axis,0.12565177682565282,,,,missing
3256,3,2,no_axis,0.1216909176390494,,,,missing
3257,4,2,no_axis,0.1214612953867736,,,,missing
3258,5,2,no_axis,0.11295204834951507,,,,missing
3259,6,2,no_surface,0.33768902808206125,,,,missing
3260,7,2,no_surface,0.3150768894403279,,,,missing
3261,8,2,no_axis,0.10768285286180279,,,,missing
3262,2,3,no_axis,0.12270185132178933,,,,missing
3263,3,3,no_axis,0.1191259808425734,,,,missing
3264,4,3,no_axis,0.1155119928623397,,,,missing
3265,5,3,no_axis,0.11497023034763335,,,,missing
3266,6,3,no_axis,0.11535648130337438,,,,missing
3267,7,3,no_axis,0.11242537480140398,,,,missing
3268,8,3,ok,21.348682168401435,-0.7572453735911251,-0.7498858692035875,-0.7535656213973563,negative
3269,2,4,no_axis,0.11703559125514965,,,,missing
3270,3,4,no_axis,0.11591615562470968,,,,missing
3271,4,4,no_axis,0.12062471086682235,,,,missing
3272,5,4,no_axis,0.10803410577789395,,,,missing
3273,6,4,no_axis,0.11037970012107733,,,,missing
3274,7,4,no_axis,0.1090328022674586,,,,missing
3275,8,4,no_axis,0.09870583276461496,,,,missing
3276,4,1,no_surface,0.3116656213094644,,,,missing
3277,5,1,no_surface,0.30268175681628096,,,,missing
3278,6,1,ok,7.210656052925559,-1.139739990234375,-1.0709992893521763,-1.1053696397932757,negative
3279,7,1,ok,7.790890150947303,-1.2919795513153076,-1.2050578348312686,-1.248518693073288,negative
3280,8,1,drift_rejected,0.3623923831182587,,,,missing
3281,2,2,no_axis,0.12429607546653121,,,,missing
3282,3,2,no_axis,0.12217071131701894,,,,missing
3283,4,2,no_axis,0.12488509119024577,,,,missing
3284,5,2,no_surface,0.2752252360547733,,,,missing
3285,6,2,drift_rejected,0.3554246382350606,,,,missing
3286,7,2,ok,6.430368777282739,-0.9114378271055307,-0.8034095168113708,-0.8574236719584507,negative
3287,8,2,no_surface,0.2929020916431654,,,,missing
3288,2,3,no_axis,0.1158335209449472,,,,missing
3289,3,3,no_axis,0.12227267826986127,,,,missing
3290,4,3,no_axis,0.11537469054980341,,,,missing
3291,5,3,no_axis,0.11622538261842166,,,,missing
3292,6,3,ok,10.514377713183737,-0.5313078314065933,-0.5175697059064189,-0.5244387686565062,negative
3293,7,3,no_axis,0.10796996773739907,,,,missing
3294,8,3,no_surface,0.24474078904607388,,,,missing
3295,2,4,no_axis,0.11940761364240704,,,,missing
3296,3,4,no_axis,0.115020018875994,,,,missing
3297,4,4,no_axis,0.11967799599672475,,,,missing
3298,5,4,no_surface,0.3006385486369839,,,,missing
3299,6,4,no_axis,0.10863561474110264,,,,missing
3300,7,4,no_axis,0.10251670803827247,,,,missing
3301,8,4,no_surface,0.24951971423147046,,,,missing
3302,4,1,no_axis,0.1250074352134661,,,,missing
3303,5,1,drift_rejected,0.3871835094364569,,,,missing
3304,6,1,no_surface,0.31087848425948383,,,,missing
3305,7,1,ok,7.604867309446904,-1.1757967855451736,-1.148649051785469,-1.1622229186653215,negative
3306,8,1,ok,4.53097439251662,-1.7925370931625366,-1.5237624307663769,-1.6581497619644567,negative
3307,2,2,no_axis,0.12407901959601658,,,,missing
3308,3,2,no_axis,0.1227956883948842,,,,missing
3309,4,2,no_surface,0.26429405466907147,,,,missing
3310,5,2,no_surface,0.2774147166730326,,,,missing
3311,6,2,no_surface,0.2727113842989355,,,,missing
3312,7,2,ok,3.5687559885464837,-1.7008527517318726,-1.2254534888739594,-1.463153120302916,negative
3313,8,2,no_surface,0.2717284449412553,,,,missing
3314,2,3,no_axis,0.12203043566571557,,,,missing
3315,3,3,no_surface,0.27759899308295843,,,,missing
3316,4,3,no_surface,0.27355718068100715,,,,missing
3317,5,3,no_axis,0.1159542695056939,,,,missing
3318,6,3,no_axis,0.1191553468889008,,,,missing
3319,7,3,ok,16.558797197239,-0.6231343420278984,-0.5928326639214151,-0.6079835029746568,negative
3320,8,3,no_axis,0.11138577718889764,,,,missing
3321,2,4,no_axis,0.12222283169350522,,,,missing
3322,3,4,no_axis,0.11586053276140568,,,,missing
3323,4,4,no_surface,0.2699261227209999,,,,missing
3324,5,4,drift_rejected,0.32976926626583614,,,,missing
3325,6,4,no_axis,0.11270135048430628,,,,missing
3326,7,4,no_axis,0.10920167642387313,,,,missing
3327,8,4,no_axis,0.10816582543978615,,,,missing
3328,4,1,no_axis,0.12331274782897617,,,,missing
3329,5,1,flux_rejected,0.3551567711472912,,,,missing
3330,6,1,no_surface,0.3378579874842134,,,,missing
3331,7,1,no_surface,0.30273084878798356,,,,missing
3332,8,1,ok,2.9515852381775574,-0.682062325365261,-0.4615921378135681,-0.5718272315894146,negative
3333,2,2,no_axis,0.12529563710046443,,,,missing
3334,3,2,no_axis,0.12458509787839739,,,,missing
3335,4,2,no_surface,0.290010212922593,,,,missing
3336,5,2,no_surface,0.2652714615818842,,,,missing
3337,6,2,no_axis,0.11983723571729532,,,,missing
3338,7,2,no_surface,0.27269607799090023,,,,missing
3339,8,2,no_surface,0.28854087825541197,,,,missing
3340,2,3,no_axis,0.12210742661651489,,,,missing
3341,3,3,no_axis,0.11653510926519087,,,,missing
3342,4,3,drift_rejected,0.26699439634638683,,,,missing
3343,5,3,no_axis,0.11669760140715618,,,,missing
3344,6,3,no_axis,0.11122530326755081,,,,missing
3345,7,3,ok,3.908284322685182,-0.4918574308176947,-0.29420480132102966,-0.39303111606936214,negative
3346,8,3,ok,28.092933089650245,-1.0716895497677457,-1.0537406638263673,-1.0627151067970564,negative
3347,2,4,no_surface,0.2513123005631457,,,,missing
3348,3,4,no_axis,0.11008631568170138,,,,missing
3349,4,4,no_axis,0.10537164297144737,,,,missing
3350,5,4,no_axis,0.1125835875963098,,,,missing
3351,6,4,no_axis,0.10862059725048812,,,,missing
3352,7,4,no_axis,0.11139342464138653,,,,missing
3353,8,4,no_surface,0.25000724605755204,,,,missing
3354,4,1,no_surface,0.30195414574147894,,,,missing
3355,5,1,no_axis,0.12407943495499583,,,,missing
3356,6,1,no_surface,0.31400506631512853,,,,missing
3357,7,1,no_axis,0.12479996265658111,,,,missing
3358,8,1,ok,7.695020454540728,-1.817799687385559,-1.6271765113479921,-1.7224880993667755,negative
3359,2,2,no_axis,0.12302471880516029,,,,missing
3360,3,2,no_axis,0.12189236083267199,,,,missing
3361,4,2,no_axis,0.12182815026200744,,,,missing
3362,5,2,no_surface,0.32798180945005695,,,,missing
3363,6,2,drift_rejected,0.37155932474176395,,,,missing
3364,7,2,ok,8.011319124749852,-1.2093159437718763,-1.1988359820417274,-1.2040759629068019,negative
3365,8,2,ok,15.515279820590871,-1.1037944403698046,-1.0952688592286914,-1.099531649799248,negative
3366,2,3,no_axis,0.11591990015401928,,,,missing
3367,3,3,no_axis,0.11531426939372291,,,,missing
3368,4,3,no_axis,0.11877764002447717,,,,missing
3369,5,3,no_axis,0.12014176573349263,,,,missing
3370,6,3,no_axis,0.10997171096048952,,,,missing
3371,7,3,ok,14.012115090116387,-0.6169532701830565,-0.5900165887855849,-0.6034849294843208,negative
3372,8,3,no_axis,0.109072197938698,,,,missing
3373,2,4,no_axis,0.11823916204641523,,,,missing
3374,3,4,no_surface,0.24169646011433513,,,,missing
3375,4,4,no_axis,0.12288139011691211,,,,missing
3376,5,4,no_axis,0.10781899374910059,,,,missing
3377,6,4,no_surface,0.27950938787296725,,,,missing
3378,7,4,drift_rejected,0.2641003905176347,,,,missing
3379,8,4,no_axis,0.10789538005691193,,,,missing
3380,4,1,no_axis,0.12369527319766008,,,,missing
3381,5,1,no_axis,0.1304342990701328,,,,missing
3382,6,1,drift_rejected,0.3159030801731153,,,,missing
3383,7,1,drift_rejected,0.29893590748635723,,,,missing
3384,8,1,no_axis,0.11340452226608566,,,,missing
3385,2,2,no_axis,0.12281589701756981,,,,missing
3386,3,2,no_axis,0.12415434917277426,,,,missing
3387,4,2,ok,2.9350473442561236,-0.7257394882702274,-0.7150500383994394,-0.7203947633348333,negative
3388,5,2,ok,2.413129364686428,-0.7279827999144932,-0.7141186222434044,-0.7210507110789488,negative
3389,6,2,no_axis,0.11499363452787614,,,,missing
3390,7,2,no_axis,0.11520515454523145,,,,missing
3391,8,2,ok,12.902000548823448,-0.5847835886367412,-0.42932307720184326,-0.5070533329192922,negative
3392,2,3,no_axis,0.12215860826534186,,,,missing
3393,3,3,no_axis,0.12156012593180908,,,,missing
3394,4,3,no_axis,0.12105349761396936,,,,missing
3395,5,3,no_surface,0.25492340073842323,,,,missing
3396,6,3,ok,5.1178638284237845,-0.8663563599491431,-0.8295180314308198,-0.8479371956899815,negative
3397,7,3,no_surface,0.24429232644512866,,,,missing
3398,8,3,ok,15.535799780690667,-0.5832031443277237,-0.5012362003326416,-0.5422196723301826,negative
3399,2,4,no_axis,0.1177295065107846,,,,missing
3400,3,4,no_axis,0.11841725616751392,,,,missing
3401,4,4,no_axis,0.10941467466638091,,,,missing
3402,5,4,no_axis,0.10709350006977209,,,,missing
3403,6,4,ok,5.581674132162329,-0.6798263043165207,-0.65558291000368,-0.6677046071601003,negative
3404,7,4,no_surface,0.2857022932565559,,,,missing
3405,8,4,ok,15.584896931386757,-1.1131275235677711,-1.1042976327742333,-1.1087125781710023,negative
3406,4,1,drift_rejected,0.3092772471399904,,,,missing
3407,5,1,drift_rejected,0.29449792414285386,,,,missing
3408,6,1,drift_rejected,0.3795927227816773,,,,missing
3409,7,1,no_surface,0.3091933689281136,,,,missing
3410,8,1,no_axis,0.11925458251017725,,,,missing
3411,2,2,no_axis,0.12602719631562595,,,,missing
3412,3,2,no_axis,0.12187788812703362,,,,missing
3413,4,2,no_surface,0.26576437168489114,,,,missing
3414,5,2,drift_rejected,0.3448613498013553,,,,missing
3415,6,2,no_axis,0.115789764074938,,,,missing
3416,7,2,no_surface,0.28989147510602326,,,,missing
3417,8,2,no_axis,0.11348719501048798,,,,missing
3418,2,3,no_axis,0.1250597584505,,,,missing
3419,3,3,no_axis,0.12011677489010063,,,,missing
3420,4,3,no_axis,0.12296049319457775,,,,missing
3421,5,3,drift_rejected,0.3085529942140034,,,,missing
3422,6,3,no_axis,0.11710663111783358,,,,missing
3423,7,3,drift_rejected,0.3129671010851579,,,,missing
3424,8,3,ok,35.74827329165398,-0.9322026295703836,-0.9247383729243951,-0.9284705012473893,negative
3425,2,4,no_axis,0.11678075416299052,,,,missing
3426,3,4,no_axis,0.11613940180622305,,,,missing
3427,4,4,no_axis,0.11498794749169566,,,,missing
3428,5,4,no_surface,0.24556328235746464,,,,missing
3429,6,4,no_axis,0.10946879474465071,,,,missing
3430,7,4,no_axis,0.11227522151509278,,,,missing
3431,8,4,no_axis,0.10878614938753486,,,,missing
3432,4,1,no_surface,0.29163854377444176,,,,missing
3433,5,1,no_surface,0.2946652140499328,,,,missing
3434,6,1,ok,3.5473587842989285,-0.6447726741345994,-0.6417380680583572,-0.6432553710964783,negative
3435,7,1,no_surface,0.3381102825082647,,,,missing
3436,8,1,ok,5.237327100825411,-1.2514795064926147,-1.0487394789748745,-1.1501094927337445,negative
3437,2,2,no_axis,0.12446766077792196,,,,missing
3438,3,2,no_axis,0.12164508207120228,,,,missing
3439,4,2,no_axis,0.12365741184268153,,,,missing
3440,5,2,no_surface,0.28328796125910216,,,,missing
3441,6,2,no_axis,0.1129585233044062,,,,missing
3442,7,2,ok,8.63095400554171,-0.9572768988244189,-0.9362636804580688,-0.9467702896412439,negative
3443,8,2,no_surface,0.3243921397475091,,,,missing
3444,2,3,no_axis,0.11628739417304379,,,,missing
3445,3,3,no_axis,0.12166377476382671,,,,missing
3446,4,3,no_axis,0.11796893986365087,,,,missing
3447,5,3,no_axis,0.11274895056892915,,,,missing
3448,6,3,drift_rejected,0.324646729807632,,,,missing
3449,7,3,no_surface,0.26934235608120716,,,,missing
3450,8,3,ok,16.818847869079455,-0.5701357897245349,-0.4929271936416626,-0.5315314916830988,negative
3451,2,4,no_axis,0.10707248057409112,,,,missing
3452,3,4,no_axis,0.11604597479051014,,,,missing
3453,4,4,no_axis,0.11242372369041664,,,,missing
3454,5,4,drift_rejected,0.3671427722612408,,,,missing
3455,6,4,no_axis,0.1124892443613343,,,,missing
3456,7,4,ok,15.454686748291039,-0.5254797562760903,-0.46115532517433167,-0.493317540725211,negative
3457,8,4,no_axis,0.10864819089437205,,,,missing
3458,4,1,no_surface,0.34329490443585603,,,,missing
3459,5,1,no_surface,0.2956715022142669,,,,missing
3460,6,1,no_surface,0.2894330332284504,,,,missing
3461,7,1,no_surface,0.3369034839179076,,,,missing
3462,8,1,ok,7.966842665408568,-1.1407887041568756,-1.116464167635689,-1.1286264358962823,negative
3463,2,2,no_axis,0.12266285250990457,,,,missing
3464,3,2,no_axis,0.12023332404334763,,,,missing
3465,4,2,no_axis,0.1260446761068026,,,,missing
3466,5,2,no_axis,0.11988135911910239,,,,missing
3467,6,2,no_axis,0.1163891883854735,,,,missing
3468,7,2,no_surface,0.29763843022828096,,,,missing
3469,8,2,no_surface,0.2558419846836812,,,,missing
3470,2,3,no_axis,0.12256586866583104,,,,missing
3471,3,3,no_axis,0.12368629172743016,,,,missing
3472,4,3,no_axis,0.11611348223853966,,,,missing
3473,5,3,no_axis,0.1096897872110231,,,,missing
3474,6,3,no_surface,0.26265836429673073,,,,missing
3475,7,3,no_axis,0.1108989253992043,,,,missing
3476,8,3,no_axis,0.11387271226787761,,,,missing
3477,2,4,no_axis,0.11531251972095669,,,,missing
3478,3,4,no_axis,0.12313760587428993,,,,missing
3479,4,4,drift_rejected,0.3092888772358262,,,,missing
3480,5,4,no_axis,0.1099049837860368,,,,missing
3481,6,4,no_axis,0.11063244664990712,,,,missing
3482,7,4,no_axis,0.11066082343039503,,,,missing
3483,8,4,no_axis,0.1074381585884357,,,,missing
3484,4,1,no_surface,0.29262418303662335,,,,missing
3485,5,1,no_axis,0.12131106361640245,,,,missing
3486,6,1,flux_rejected,0.45915252323383937,,,,missing
3487,7,1,no_surface,0.29586818302348594,,,,missing
3488,8,1,ok,7.560448373282552,-0.945430491921383,-0.911247655749321,-0.928339073835352,negative
3489,2,2,no_axis,0.12319591157391917,,,,missing
3490,3,2,no_surface,0.29567962297650013,,,,missing
3491,4,2,no_axis,0.12011842563199338,,,,missing
3492,5,2,no_axis,0.11765550534686274,,,,missing
3493,6,2,ok,4.595067261180644,-1.157442033290863,-1.1208367983812462,-1.1391394158360546,negative
3494,7,2,no_surface,0.2590223084849238,,,,missing
3495,8,2,no_axis,0.11655069385982553,,,,missing
3496,2,3,no_axis,0.11919724830100452,,,,missing
3497,3,3,no_axis,0.12256081585160183,,,,missing
3498,4,3,no_surface,0.258051429567122,,,,missing
3499,5,3,no_axis,0.10945708842870279,,,,missing
3500,6,3,no_axis,0.11107015132528841,,,,missing
3501,7,3,no_surface,0.24321298987180154,,,,missing
3502,8,3,no_surface,0.2764194930094024,,,,missing
3503,2,4,no_axis,0.11858317107471064,,,,missing
3504,3,4,no_axis,0.11772122471056229,,,,missing
3505,4,4,no_axis,0.11255779737215017,,,,missing
3506,5,4,no_axis,0.11145195706648454,,,,missing
3507,6,4,drift_rejected,0.2516841552412223,,,,missing
3508,7,4,no_axis,0.1102843367498553,,,,missing
3509,8,4,ok,4.943583601515703,-0.938979664839096,-0.7380514740943909,-0.8385155694667434,negative
3510,4,1,no_axis,0.12829774492482102,,,,missing
3511,5,1,no_surface,0.29242747482749215,,,,missing
3512,6,1,no_surface,0.33439477737349965,,,,missing
3513,7,1,ok,4.849802266926432,-1.0304696428485596,-0.8787366151809692,-0.9546031290147644,negative
3514,8,1,no_axis,0.1143667237323879,,,,missing
3515,2,2,no_axis,0.12346821958792986,,,,missing
3516,3,2,no_surface,0.2620188372766674,,,,missing
3517,4,2,no_axis,0.12367777761799742,,,,missing
3518,5,2,no_axis,0.11935065979174586,,,,missing
3519,6,2,no_axis,0.10926842475501304,,,,missing
3520,7,2,no_surface,0.2931470154305235,,,,missing
3521,8,2,no_surface,0.2765304289833678,,,,missing
3522,2,3,no_axis,0.12162984440255231,,,,missing
3523,3,3,no_axis,0.12348366743254435,,,,missing
3524,4,3,drift_rejected,0.27964614970769913,,,,missing
3525,5,3,no_surface,0.2985378263829524,,,,missing
3526,6,3,no_axis,0.11049149860958085,,,,missing
3527,7,3,no_surface,0.2766857507632653,,,,missing
3528,8,3,ok,15.34370688352195,-0.5168444531285512,-0.4560302793979645,-0.48643736626325784,negative
3529,2,4,no_axis,0.11840043433421298,,,,missing
3530,3,4,no_axis,0.11319983947677059,,,,missing
3531,4,4,no_surface,0.3062930055722261,,,,missing
3532,5,4,drift_rejected,0.34038363421481865,,,,missing
3533,6,4,ok,2.0410692309945784,-0.514977350154043,-0.44262441992759705,-0.47880088504082,negative
3534,7,4,no_surface,0.2748632983268701,,,,missing
3535,8,4,no_axis,0.11038622667355102,,,,missing
3536,4,1,no_axis,0.12449826829816305,,,,missing
3537,5,1,no_axis,0.12273742812902724,,,,missing
3538,6,1,ok,5.730826078646065,-0.9064474701881409,-0.8684311810637627,-0.8874393256259518,negative
3539,7,1,no_surface,0.3447483230000772,,,,missing
3540,8,1,ok,5.733625401287534,-1.846493422985077,-1.7172001963473007,-1.7818468096661888,negative
3541,2,2,no_axis,0.12115071861033383,,,,missing
3542,3,2,drift_rejected,0.2905780181950802,,,,missing
3543,4,2,no_axis,0.11891585543918691,,,,missing
3544,5,2,no_surface,0.2710838373773101,,,,missing
3545,6,2,no_axis,0.11920495663980726,,,,missing
3546,7,2,ok,2.2880819789849562,-1.039132535457611,-0.8084317582840241,-0.9237821468708176,negative
3547,8,2,no_axis,0.11217856631327737,,,,missing
3548,2,3,no_axis,0.12266487726214965,,,,missing
3549,3,3,no_axis,0.12033683637956048,,,,missing
3550,4,3,no_surface,0.29264794272427586,,,,missing
3551,5,3,no_axis,0.1118559301252023,,,,missing
3552,6,3,no_surface,0.23915437136615836,,,,missing
3553,7,3,no_surface,0.2479419835253164,,,,missing
3554,8,3,no_surface,0.23955347480599862,,,,missing
3555,2,4,no_axis,0.12316479725963272,,,,missing
3556,3,4,no_axis,0.11694129271831973,,,,missing
3557,4,4,no_axis,0.11262003338531164,,,,missing
3558,5,4,no_surface,0.28702977053388606,,,,missing
3559,6,4,no_axis,0.11176107191151341,,,,missing
3560,7,4,ok,5.1082127025937565,-0.8280207625370929,-0.8077565222183536,-0.8178886423777232,negative
3561,8,4,drift_rejected,0.24338351762246468,,,,missing
3562,4,1,no_axis,0.1269651865330118,,,,missing
3563,5,1,no_axis,0.1266658901592168,,,,missing
3564,6,1,flux_rejected,0.35714310678930145,,,,missing
3565,7,1,ok,7.549792353101809,-1.1491598933935165,-1.1146552604237452,-1.1319075769086309,negative
3566,8,1,ok,6.153530868512632,-1.108444258570671,-1.075772024967628,-1.0921081417691494,negative
3567,2,2,no_axis,0.12430806359571141,,,,missing
3568,3,2,no_axis,0.12140487654538884,,,,missing
3569,4,2,no_axis,0.11988467423840257,,,,missing
3570,5,2,no_axis,0.1203670257098386,,,,missing
3571,6,2,no_axis,0.11389706670552775,,,,missing
3572,7,2,ok,6.424766009323419,-0.8431498705349396,-0.8290781739013688,-0.8361140222181542,negative
3573,8,2,no_surface,0.26324782146121445,,,,missing
3574,2,3,no_axis,0.12010147506979474,,,,missing
3575,3,3,no_axis,0.11970843732323358,,,,missing
3576,4,3,no_axis,0.11759724085188815,,,,missing
3577,5,3,no_axis,0.11141118345691209,,,,missing
3578,6,3,no_surface,0.2548387215270027,,,,missing
3579,7,3,no_surface,0.2440421718020999,,,,missing
3580,8,3,no_surface,0.2520075932696295,,,,missing
3581,2,4,no_axis,0.11860626859928768,,,,missing
3582,3,4,no_axis,0.12029289328424525,,,,missing
3583,4,4,no_surface,0.264763735162975,,,,missing
3584,5,4,no_axis,0.11518158102163588,,,,missing
3585,6,4,no_surface,0.23647504037308864,,,,missing
3586,7,4,drift_rejected,0.3182606120423342,,,,missing
3587,8,4,no_surface,0.25009961918126833,,,,missing
3588,4,1,no_axis,0.12405987676111258,,,,missing
3589,5,1,ok,3.8862777502365042,-0.8716201037168503,-0.8296395932243054,-0.8506298484705779,negative
3590,6,1,no_surface,0.2992569168735786,,,,missing
3591,7,1,no_surface,0.3284133143249679,,,,missing
3592,8,1,ok,4.868907651023793,-2.036313056945801,-1.6538298353009795,-1.8450714461233901,negative
3593,2,2,no_axis,0.1247424707443265,,,,missing
3594,3,2,no_axis,0.1251594394518969,,,,missing
3595,4,2,no_axis,0.12326782533563962,,,,missing
3596,5,2,drift_rejected,0.2998675361129336,,,,missing
3597,6,2,no_axis,0.11989233094348062,,,,missing
3598,7,2,no_axis,0.11122944658439436,,,,missing
3599,8,2,ok,17.3918323008353,-0.9326931989894132,-0.8584063649177551,-0.8955497819535841,negative
