point_id,case_id,source_id,kind,path,direction,alpha,normalized_delta_rms,position_delta_rms_m,coefficient_relative_l2,status,score,score_wall_s
0,0,1446077,source_raw,,,,,4.4713290408311026e-08,4.028171641745794e-08,ok,88.5005160515597,4.313679066020995
1,1,1446077,source_flipped,,,,,0.0,0.0,ok,88.5005094327977,4.305188526865095
2,2,1446077,source_canonical,,,,,4.31007106790893e-08,3.910132740260421e-08,ok,88.5546607276136,4.31946709100157
3,3,1446077,reconstruction,,,,0.0,0.0,0.0,ok,88.55737073408797,4.304270702879876
4,4,1446077,landscape,latent,0,-0.23999999463558197,0.23611101508140564,0.04547436182684004,0.03638363090541172,ok,84.70023263066174,4.83897095778957
5,5,1446077,landscape,tangent_direct,0,-0.23999999463558197,0.23810823261737823,0.042255960113022656,0.034263061942233004,ok,85.90554853542666,2.4849555483087897
6,6,1446077,landscape,random_direct,0,-0.23999999463558197,0.23810824751853943,0.1346824269515421,0.10545711328448416,flux_rejected,0.2725307914239081,2.413124072365463
7,7,1446077,landscape,latent,0,-0.18000000715255737,0.17521372437477112,0.03313916194929611,0.02661869337323865,ok,86.02989260266824,2.4726423560641706
8,8,1446077,landscape,tangent_direct,0,-0.18000000715255737,0.17858119308948517,0.03169194903080427,0.025697284984339645,ok,86.42326011487847,4.841153223998845
9,9,1446077,landscape,random_direct,0,-0.18000000715255737,0.17858119308948517,0.10101181444580067,0.07909283277001136,flux_rejected,0.28068031050329617,2.402375301811844
10,10,1446077,landscape,latent,0,-0.11999999731779099,0.11645817011594772,0.02161839716887032,0.01742944928611448,ok,86.8755499839842,2.4984221439808607
11,11,1446077,landscape,tangent_direct,0,-0.11999999731779099,0.11905411630868912,0.021127971387274062,0.017131525373593047,ok,87.2233259699908,2.4713846892118454
12,12,1446077,landscape,random_direct,0,-0.11999999731779099,0.11905412375926971,0.06734121580735272,0.052728558044753314,flux_rejected,0.3012363266725837,2.398422630969435
13,13,1446077,landscape,latent,0,-0.09000000357627869,0.08746233582496643,0.01607563080600195,0.012982200810005217,ok,87.47753478162294,2.499030611012131
14,14,1446077,landscape,tangent_direct,0,-0.09000000357627869,0.08929060399532318,0.015845978206185322,0.012848645661371531,ok,87.51380911548488,2.496632286347449
15,15,1446077,landscape,random_direct,0,-0.09000000357627869,0.08929059654474258,0.050505915920325474,0.039546421155148,flux_rejected,0.3209869210684635,2.3956658923998475
16,16,1446077,landscape,latent,0,-0.05999999865889549,0.05852175131440163,0.010644272118656832,0.00860876163260279,ok,87.74410652671453,2.484393856022507
17,17,1446077,landscape,tangent_direct,0,-0.05999999865889549,0.05952706187963486,0.010563976977480795,0.008565757954793557,ok,87.76446328734144,2.4924843492917717
18,18,1446077,landscape,random_direct,0,-0.05999999865889549,0.05952706187963486,0.0336706192829706,0.026364286776835805,ok,72.70589789968567,2.4905722490511835
19,19,1446077,landscape,latent,0,-0.04500000178813934,0.04401790350675583,0.007961688510521005,0.006443566795258931,ok,88.14380509425979,2.4732245127670467
20,20,1446077,landscape,tangent_direct,0,-0.04500000178813934,0.04464529827237129,0.007922975422812381,0.00642431486910081,ok,88.17014416400205,2.4831424560397863
21,21,1446077,landscape,random_direct,0,-0.04500000178813934,0.04464529827237129,0.025252972530780304,0.01977322013496556,ok,76.49420707977417,2.4846546137705445
22,22,1446077,landscape,latent,0,-0.029999999329447746,0.029454225674271584,0.005296215510606843,0.00428912858919451,ok,88.12483056311521,2.501364376395941
23,23,1446077,landscape,tangent_direct,0,-0.029999999329447746,0.029763532802462578,0.0052819763701652525,0.0042828723839929295,ok,88.13744816424695,2.473760330118239
24,24,1446077,landscape,random_direct,0,-0.029999999329447746,0.02976352907717228,0.016835298844282313,0.01318213739269755,ok,80.22227395427346,2.4822669131681323
25,25,1446077,landscape,latent,0,-0.024000000208616257,0.023604366928339005,0.004233870811747528,0.0034296611681988304,ok,88.26784896027645,2.491105301771313
26,26,1446077,landscape,tangent_direct,0,-0.024000000208616257,0.023810824379324913,0.004225588861424768,0.0034263009871101924,ok,88.26752382966995,2.5021798228845
27,27,1446077,landscape,random_direct,0,-0.024000000208616257,0.023810826241970062,0.01346824448155323,0.0105457147003593,ok,81.84065429202447,2.4766857898794115
28,28,1446077,landscape,latent,0,-0.017999999225139618,0.017736773937940598,0.003173372635574108,0.0025712547698585166,ok,88.35922168869489,2.4790243399329484
29,29,1446077,landscape,tangent_direct,0,-0.017999999225139618,0.017858117818832397,0.0031691906575787923,0.0025697253930862325,ok,88.36663627749721,2.4903386821970344
30,30,1446077,landscape,random_direct,0,-0.017999999225139618,0.017858117818832397,0.010101209305939256,0.007909300044740938,ok,83.48161947191957,2.509095147717744
31,31,1446077,landscape,latent,0,-0.012000000104308128,0.011848796159029007,0.002114408137704038,0.0017136472498702007,ok,88.41545256671449,2.4773615282028913
32,32,1446077,landscape,tangent_direct,0,-0.012000000104308128,0.011905409395694733,0.002112793703122335,0.0017131492964357216,ok,88.41803215169162,2.4779816730879247
33,33,1446077,landscape,random_direct,0,-0.012000000104308128,0.01190541498363018,0.00673413653971955,0.005272866386002952,ok,84.97999872098669,2.4904726203531027
34,34,1446077,landscape,latent,0,-0.008999999612569809,0.008896414190530777,0.0015854753543880892,0.0012851222536488518,ok,88.42182391955244,2.495284861885011
35,35,1446077,landscape,tangent_direct,0,-0.008999999612569809,0.008929056115448475,0.001584594453243374,0.0012848617372011532,ok,88.41053787331631,2.4734204672276974
36,36,1446077,landscape,random_direct,0,-0.008999999612569809,0.008929059840738773,0.005050599761040126,0.003954645574787371,ok,85.74085361205617,2.4871479109860957
37,37,1446077,landscape,latent,0,-0.006000000052154064,0.005937623325735331,0.0010567459649460276,0.0008566656263771066,ok,88.62925982767823,2.484772990923375
38,38,1446077,landscape,tangent_direct,0,-0.006000000052154064,0.005952706094831228,0.0010563846798369808,0.0008565677685944136,ok,88.67067732871637,2.4953206423670053
39,39,1446077,landscape,random_direct,0,-0.006000000052154064,0.005952702835202217,0.003367058488109588,0.0026364247516163877,ok,86.78173219029551,2.472079790197313
40,40,1446077,landscape,latent,0,-0.004000000189989805,0.003961480222642422,0.0007043867620837561,0.0005710704279635555,ok,88.59706093708361,2.4830703982152045
41,41,1446077,landscape,tangent_direct,0,-0.004000000189989805,0.003968470264226198,0.0007042597904622809,0.0005710463259281518,ok,88.59071992024194,2.48418838204816
42,42,1446077,landscape,random_direct,0,-0.004000000189989805,0.003968472592532635,0.002244717646292023,0.00175762564148236,ok,87.40450369437771,2.4956823070533574
43,43,1446077,landscape,latent,0,-0.0020000000949949026,0.001982346875593066,0.0003521165440815698,0.00028550136268328446,ok,88.58330143585053,2.4718853011727333
44,44,1446077,landscape,tangent_direct,0,-0.0020000000949949026,0.0019842342007905245,0.0003521123795707122,0.0002855130563807853,ok,88.55237931948449,2.4778095073997974
45,45,1446077,landscape,random_direct,0,-0.0020000000949949026,0.0019842360634356737,0.001122349238007078,0.0008788058113898816,ok,88.01878007323212,2.489310961216688
46,46,1446077,landscape,latent,0,-0.0010000000474974513,0.0009916413109749556,0.0001760478597025281,0.00014275229331744426,ok,88.54414755479854,2.4971562158316374
47,47,1446077,landscape,tangent_direct,0,-0.0010000000474974513,0.0009921208256855607,0.00017605848120752732,0.00014275513593605763,ok,88.54434016699929,2.4889110983349383
48,48,1446077,landscape,random_direct,0,-0.0010000000474974513,0.000992120010778308,0.0005611903377248464,0.0004394142193725708,ok,88.32899703948529,2.4787440970540047
49,49,1446077,landscape,latent,0,0.0,1.1518514497765864e-07,2.949353875718035e-08,2.309062356631084e-08,ok,88.53618490206419,2.484781594015658
50,3,1446077,landscape,tangent_direct,0,0.0,0.0,0.0,0.0,ok,88.55737073408797,4.304270702879876
51,3,1446077,landscape,random_direct,0,0.0,0.0,0.0,0.0,ok,88.55737073408797,4.304270702879876
52,50,1446077,landscape,latent,0,0.0010000000474974513,0.0009922754252329469,0.0001760256384931373,0.0001427352578763282,ok,88.52108048118794,2.49481764389202
53,51,1446077,landscape,tangent_direct,0,0.0010000000474974513,0.0009921208256855607,0.00017609070336178128,0.0001427766167604537,ok,88.49291915689139,2.4721086430363357
54,52,1446077,landscape,random_direct,0,0.0010000000474974513,0.0009921197779476643,0.0005611638354815587,0.00043939930524071675,ok,88.39710265318013,2.486396233085543
55,53,1446077,landscape,latent,0,0.0020000000949949026,0.0019855306018143892,0.00035216328872685114,0.00028556187586463856,ok,88.4579842664979,2.484140662010759
56,54,1446077,landscape,tangent_direct,0,0.0020000000949949026,0.0019842342007905245,0.00035214729047629355,0.00028553365766848714,ok,88.50369035897224,2.495069178752601
57,55,1446077,landscape,random_direct,0,0.0020000000949949026,0.0019842362962663174,0.001122352023111003,0.0008788079937464121,ok,87.87206089891295,2.4721669889986515
58,56,1446077,landscape,latent,0,0.004000000189989805,0.003974494524300098,0.0007041474047491726,0.0005710444435893663,ok,88.43843353391527,2.476823654025793
59,57,1446077,landscape,tangent_direct,0,0.004000000189989805,0.003968470264226198,0.0007042822750426528,0.0005710601852984429,ok,88.41063024530241,2.4857570291496813
60,58,1446077,landscape,random_direct,0,0.004000000189989805,0.003968472592532635,0.0022447066928555598,0.0017576196383744579,ok,87.25606417332119,2.495199730154127
61,59,1446077,landscape,latent,0,0.006000000052154064,0.005966979544609785,0.0010561425263899236,0.0008565650804455914,ok,88.32824826849279,2.4729465818963945
62,60,1446077,landscape,tangent_direct,0,0.006000000052154064,0.0059527065604925156,0.0010564046903900747,0.0008565807724912735,ok,88.33818387361345,2.4772933572530746
63,61,1446077,landscape,random_direct,0,0.006000000052154064,0.005952703300863504,0.00336704811448326,0.002636420014252124,ok,86.44289520223903,2.4857703866437078
64,62,1446077,landscape,latent,0,0.008999999612569809,0.008962668478488922,0.0015840554062021119,0.0012848936817349825,ok,88.19836036753078,2.4966081022284925
65,63,1446077,landscape,tangent_direct,0,0.008999999612569809,0.008929056115448475,0.001584612609577026,0.0012848736095405248,ok,88.25581175799063,2.491740815807134
66,64,1446077,landscape,random_direct,0,0.008999999612569809,0.008929059840738773,0.005050586594625708,0.0039546404348980635,ok,85.39044188881688,2.479044578038156
67,65,1446077,landscape,latent,0,0.012000000104308128,0.011966897174715996,0.0021119570792124645,0.0017132945285189389,ok,88.10641198021267,2.4849654212594032
68,66,1446077,landscape,tangent_direct,0,0.012000000104308128,0.011905409395694733,0.0021128277661876444,0.0017131697999515573,ok,88.1152919726499,2.4954718402586877
69,67,1446077,landscape,random_direct,0,0.012000000104308128,0.01190541498363018,0.006734115413992862,0.005272853311538996,ok,84.42567816715996,2.4729082118719816
70,68,1446077,landscape,latent,0,0.017999999225139618,0.018003134056925774,0.0031678080596139573,0.0025704602702011745,ok,87.68027636331954,2.4840516252443194
71,69,1446077,landscape,tangent_direct,0,0.017999999225139618,0.017858117818832397,0.0031692165483094984,0.0025697415049579357,ok,87.67733362618118,2.485003643669188
72,70,1446077,landscape,random_direct,0,0.017999999225139618,0.017858119681477547,0.01010118333724092,0.007909283519901328,ok,82.57142235896379,2.494875046890229
73,71,1446077,landscape,latent,0,0.024000000208616257,0.024079302325844765,0.00422414527119255,0.00342839918085905,ok,87.45309255786215,2.47339970106259
74,72,1446077,landscape,tangent_direct,0,0.024000000208616257,0.023810826241970062,0.004225610432307031,0.0034263149586854697,ok,87.47711262614155,2.4780575837939978
75,73,1446077,landscape,random_direct,0,0.024000000208616257,0.023810826241970062,0.013468229506183666,0.010545703394691403,ok,80.69102931768664,2.4861786980181932
76,74,1446077,landscape,latent,0,0.029999999329447746,0.030199235305190086,0.005281304480569182,0.004287396027475204,ok,87.08286208786149,2.495927484706044
77,75,1446077,landscape,tangent_direct,0,0.029999999329447746,0.02976353093981743,0.0052820058577009756,0.0042828914861894685,ok,87.28827261223947,2.472751791123301
78,76,1446077,landscape,random_direct,0,0.029999999329447746,0.02976352907717228,0.01683528948610189,0.013182130892149825,ok,78.96894468390008,2.4778709723614156
79,77,1446077,landscape,latent,0,0.04500000178813934,0.04571639373898506,0.007931080858394002,0.006442039637846223,ok,86.42114627606445,2.4842128017917275
80,78,1446077,landscape,tangent_direct,0,0.04500000178813934,0.04464529827237129,0.007923007644268698,0.006424333876710757,ok,86.4524361847841,2.495490533299744
81,79,1446077,landscape,random_direct,0,0.04500000178813934,0.04464529827237129,0.02525294980304234,0.01977320669287788,ok,74.70042756337716,2.4792785719037056
82,80,1446077,landscape,latent,0,0.05999999865889549,0.06159697845578194,0.01059725175277764,0.00861195192620959,ok,85.75715001647494,2.4778595310635865
83,81,1446077,landscape,tangent_direct,0,0.05999999865889549,0.05952706187963486,0.010564006035206169,0.008565775119694672,ok,85.79121977226772,2.484454593155533
84,82,1446077,landscape,random_direct,0,0.05999999865889549,0.05952706187963486,0.033670593062009174,0.02636427066166744,ok,70.73260450560115,2.497020742855966
85,83,1446077,landscape,latent,0,0.09000000357627869,0.09474269300699234,0.016020657391576498,0.013028771609665495,ok,84.01896475474197,2.472854248713702
86,84,1446077,landscape,tangent_direct,0,0.09000000357627869,0.08929059654474258,0.01584599338091563,0.012848655273300525,ok,84.32243511615437,2.4781766468659043
87,85,1446077,landscape,random_direct,0,0.09000000357627869,0.08929060399532318,0.050505902968424776,0.03954641241144244,flux_rejected,0.3546480707220486,2.3987256325781345
88,86,1446077,landscape,latent,0,0.11999999731779099,0.13029567897319794,0.02166923843639855,0.01762168964517373,ok,82.39726047850317,2.4923341600224376
89,87,1446077,landscape,tangent_direct,0,0.11999999731779099,0.11905411630868912,0.021127988323632923,0.01713153602400476,ok,83.11397116719746,2.466647184919566
90,88,1446077,landscape,random_direct,0,0.11999999731779099,0.11905412375926971,0.06734119576231032,0.052728546533145314,no_axis,0.10066836947735361,4.449620693922043
91,89,1446077,landscape,latent,0,0.18000000715255737,0.21193043887615204,0.03490953110010493,0.028132448740088117,ok,78.25991788548339,2.4853103030472994
92,90,1446077,landscape,tangent_direct,0,0.18000000715255737,0.17858119308948517,0.03169198896264402,0.025697309003537835,ok,80.52297083657393,2.495944377966225
93,91,1446077,landscape,random_direct,0,0.18000000715255737,0.17858119308948517,0.10101181153702711,0.07909283271187108,no_axis,0.09938547361324346,4.431455912999809
94,92,1446077,landscape,latent,0,0.23999999463558197,0.3175502419471741,0.07984914304483062,0.059335809496868425,flux_rejected,0.3557339459563507,2.417303326074034
95,93,1446077,landscape,tangent_direct,0,0.23999999463558197,0.23810824751853943,0.04225597762873152,0.03426307256394889,ok,77.82634150326277,2.485772574786097
96,94,1446077,landscape,random_direct,0,0.23999999463558197,0.23810824751853943,0.1346823995677835,0.10545709836567202,no_axis,0.09730187543535784,4.483369852881879
97,95,1446077,landscape,latent,1,-0.23999999463558197,0.22977010905742645,0.03345205573591672,0.02833716278463766,ok,80.28588247086492,2.479195034597069
98,96,1446077,landscape,tangent_direct,1,-0.23999999463558197,0.228127583861351,0.031120809558184127,0.02647039680278958,ok,80.76443606180523,2.4848799630999565
99,97,1446077,landscape,random_direct,1,-0.23999999463558197,0.228127583861351,0.13058109327556802,0.10121379772916793,no_axis,0.1027505138701515,4.459326663985848
100,98,1446077,landscape,latent,1,-0.18000000715255737,0.1703125238418579,0.0244899204516177,0.020782807306754743,ok,81.69097089486382,2.5023074480704963
101,99,1446077,landscape,tangent_direct,1,-0.18000000715255737,0.17109569907188416,0.02334061564271132,0.01985280430573707,ok,82.19468623351229,2.4778634551912546
102,100,1446077,landscape,random_direct,1,-0.18000000715255737,0.17109571397304535,0.09793584581000947,0.07591036329091674,no_axis,0.10422228599995374,4.450827945955098
103,101,1446077,landscape,latent,1,-0.11999999731779099,0.11295168101787567,0.015989136131924847,0.013585227735862127,ok,83.78889854347398,2.492493470199406
104,102,1446077,landscape,tangent_direct,1,-0.11999999731779099,0.1140637919306755,0.015560402494378728,0.013235197711757593,ok,83.92939852679004,2.498110036831349
105,103,1446077,landscape,random_direct,1,-0.11999999731779099,0.1140637919306755,0.06529056006495844,0.05060690536226333,ok,58.83441946896962,2.4682188481092453
106,104,1446077,landscape,latent,1,-0.09000000357627869,0.08470652252435684,0.011886081531556486,0.010103190457176394,ok,84.72576085861003,2.4807986123487353
107,105,1446077,landscape,tangent_direct,1,-0.09000000357627869,0.08554785698652267,0.011670301243975929,0.009926395088524933,ok,84.98025916012118,2.4874526071362197
108,106,1446077,landscape,random_direct,1,-0.09000000357627869,0.08554785698652267,0.04896792499104811,0.03795518432044799,ok,69.81191974213552,2.5024389792233706
109,107,1446077,landscape,latent,1,-0.05999999865889549,0.056561991572380066,0.007864213964057842,0.00668663109933401,ok,85.84867149955856,2.4729298651218414
110,108,1446077,landscape,tangent_direct,1,-0.05999999865889549,0.05703189596533775,0.007780210689831975,0.006617603739979389,ok,85.86917863268143,2.4846547339111567
111,109,1446077,landscape,random_direct,1,-0.05999999865889549,0.05703189596533775,0.0326452792086128,0.025303451760756168,ok,74.70179678456041,2.4972753250040114
112,110,1446077,landscape,latent,1,-0.04500000178813934,0.042482636868953705,0.005878969650077397,0.004999244713572154,ok,86.41290143660828,2.4997917893342674
113,111,1446077,landscape,tangent_direct,1,-0.04500000178813934,0.042773932218551636,0.005835153459379479,0.0049632028664797516,ok,86.63388304028155,2.4729345040395856
114,112,1446077,landscape,random_direct,1,-0.04500000178813934,0.04277392849326134,0.024483950753606983,0.018977584841091643,ok,77.4447849922977,2.4916571457870305
115,113,1446077,landscape,latent,1,-0.029999999329447746,0.02837439998984337,0.003908002977407254,0.003323546713337335,ok,87.34685263120276,2.488929900340736
116,114,1446077,landscape,tangent_direct,1,-0.029999999329447746,0.028515951707959175,0.0038901121633340466,0.0033088075923253107,ok,87.3342969842772,2.503063417971134
117,115,1446077,landscape,random_direct,1,-0.029999999329447746,0.028515947982668877,0.016322630510753916,0.012651721120179676,ok,80.8141421713556,2.482285673264414
118,116,1446077,landscape,latent,1,-0.024000000208616257,0.02271903119981289,0.0031231374654312975,0.0026561414348779118,ok,87.54589120533547,2.4843941922299564
119,117,1446077,landscape,tangent_direct,1,-0.024000000208616257,0.02281276322901249,0.0031120900075012363,0.002647047243409681,ok,87.5465785653809,2.4908433770760894
120,118,1446077,landscape,random_direct,1,-0.024000000208616257,0.02281275764107704,0.013058102943917686,0.010121372662392701,ok,82.15940752090627,2.504275016952306
121,119,1446077,landscape,latent,1,-0.017999999225139618,0.01705494523048401,0.00234002538977476,0.00199019306242232,ok,87.8219254358285,2.4731381093151867
122,120,1446077,landscape,tangent_direct,1,-0.017999999225139618,0.017109567299485207,0.002334063571370203,0.0019852815483583034,ok,87.81924499354336,2.48271227395162
123,121,1446077,landscape,random_direct,1,-0.017999999225139618,0.017109569162130356,0.009793579534157609,0.007591030740102584,ok,83.5022455343665,2.4945417935959995
124,122,1446077,landscape,latent,1,-0.012000000104308128,0.011381271295249462,0.0015585997396767737,0.0013256244647749725,ok,88.12257397882777,2.4987030592747033
125,123,1446077,landscape,tangent_direct,1,-0.012000000104308128,0.01140638068318367,0.0015560491396934073,0.0013235247492089394,ok,88.1054507205251,2.473686331883073
126,124,1446077,landscape,random_direct,1,-0.012000000104308128,0.011406376957893372,0.0065290482851495385,0.005060685738375823,ok,85.13564756088648,2.4876217879354954
127,125,1446077,landscape,latent,1,-0.008999999612569809,0.008540344424545765,0.0011684303349023743,0.0009937951374509382,ok,88.2999606964679,2.496037779841572
128,126,1446077,landscape,tangent_direct,1,-0.008999999612569809,0.008554782718420029,0.001167036350454335,0.0009926447169733,ok,88.2414470342063,2.504319626837969
129,127,1446077,landscape,random_direct,1,-0.008999999612569809,0.008554781787097454,0.0048967990554715035,0.0037955216526483785,ok,85.9965293110461,2.474084902089089
130,128,1446077,landscape,latent,1,-0.006000000052154064,0.005696678068488836,0.0007786679824453763,0.0006622895949762481,ok,88.42684112457027,2.4857246759347618
131,129,1446077,landscape,tangent_direct,1,-0.006000000052154064,0.005703188478946686,0.0007780260383112983,0.000661764798736763,ok,88.37874224469911,2.4913496118970215
132,130,1446077,landscape,random_direct,1,-0.006000000052154064,0.00570319127291441,0.0032645290499816342,0.0025303462014814055,ok,86.83314330983119,2.5047120209783316
133,131,1446077,landscape,latent,1,-0.004000000189989805,0.0037992331199347973,0.0005189672304739033,0.0004414100187129771,ok,88.4378562016559,2.4742996338754892
134,132,1446077,landscape,tangent_direct,1,-0.004000000189989805,0.0038021295331418514,0.0005186874049019196,0.0004411799102740248,ok,88.44688337735815,2.483854684047401
135,133,1446077,landscape,random_direct,1,-0.004000000189989805,0.0038021248765289783,0.002176340472070111,0.0016868885371767919,ok,87.36370496384959,2.4905343279242516
136,134,1446077,landscape,latent,1,-0.0020000000949949026,0.0019002427579835057,0.0002593853834411109,0.00022062123006460954,ok,88.49428200712975,2.5137091279029846
137,135,1446077,landscape,tangent_direct,1,-0.0020000000949949026,0.0019010654650628567,0.00025934662557737097,0.00022059202216095052,ok,88.46467353365938,2.475561465136707
138,136,1446077,landscape,random_direct,1,-0.0020000000949949026,0.0019010641844943166,0.0010881653532076859,0.0008434414811169587,ok,88.09013346694877,2.48666960420087
139,137,1446077,landscape,latent,1,-0.0010000000474974513,0.0009504423942416906,0.00012967382776943486,0.00011029680019510075,ok,88.48516177105898,2.4904053839854896
140,138,1446077,landscape,tangent_direct,1,-0.0010000000474974513,0.0009505326743237674,0.00012968408939108468,0.00011029998676950353,ok,88.5357795173218,2.5053126802667975
141,139,1446077,landscape,random_direct,1,-0.0010000000474974513,0.0009505311027169228,0.0005440911335530569,0.00042172486038110485,ok,88.38534330134019,2.4786112583242357
142,49,1446077,landscape,latent,1,0.0,1.1518514497765864e-07,2.949353875718035e-08,2.309062356631084e-08,ok,88.53618490206419,2.484781594015658
143,3,1446077,landscape,tangent_direct,1,0.0,0.0,0.0,0.0,ok,88.55737073408797,4.304270702879876
144,3,1446077,landscape,random_direct,1,0.0,0.0,0.0,0.0,ok,88.55737073408797,4.304270702879876
145,140,1446077,landscape,latent,1,0.0010000000474974513,0.0009506739443168044,0.00012967257246728,0.00011029225470937274,ok,88.50497826486071,2.486182921100408
146,141,1446077,landscape,tangent_direct,1,0.0010000000474974513,0.0009505326743237674,0.00012967056353397686,0.00011029279962562822,ok,88.5182324785043,2.492674974258989
147,142,1446077,landscape,random_direct,1,0.0010000000474974513,0.0009505308698862791,0.0005440822275227901,0.00042172041955193,ok,88.37634176895367,2.504775268957019
148,143,1446077,landscape,latent,1,0.0020000000949949026,0.0019016922451555729,0.00025924276681001096,0.00022051547221111408,ok,88.5119683510017,2.503117822110653
149,144,1446077,landscape,tangent_direct,1,0.0020000000949949026,0.0019010653486475348,0.0002593362326928159,0.00022058274003702597,ok,88.51621889530284,2.4846785217523575
150,145,1446077,landscape,random_direct,1,0.0020000000949949026,0.0019010644173249602,0.0010881860009013956,0.0008434565237517936,ok,88.0825090572888,2.4900835468433797
151,146,1446077,landscape,latent,1,0.004000000189989805,0.0038049458526074886,0.0005183902723907922,0.0004409442797563765,ok,88.5243247979212,2.504125498700887
152,147,1446077,landscape,tangent_direct,1,0.004000000189989805,0.0038021295331418514,0.0005186750124710858,0.00044117294262947934,ok,88.48268289067833,2.478730835020542
153,148,1446077,landscape,random_direct,1,0.004000000189989805,0.003802124410867691,0.0021763343434537466,0.0016868867384481174,ok,87.15007897220511,2.4846644569188356
154,149,1446077,landscape,latent,1,0.006000000052154064,0.00570963229984045,0.0007774103622401485,0.0006612657071439206,ok,88.43756276848563,2.4941648971289396
155,150,1446077,landscape,tangent_direct,1,0.006000000052154064,0.005703188478946686,0.0007780157111099232,0.0006617570139247504,ok,88.4577280127186,2.515323581174016
156,151,1446077,landscape,random_direct,1,0.006000000052154064,0.005703190807253122,0.003264539984615536,0.0025303530909065353,ok,86.57822299935563,2.479359133169055
157,152,1446077,landscape,latent,1,0.008999999612569809,0.008569753728806973,0.0011657482751737131,0.0009915875401662064,ok,88.33742214082292,2.4874163530766964
158,153,1446077,landscape,tangent_direct,1,0.008999999612569809,0.008554783649742603,0.0011670214085458483,0.0009926348755533254,ok,88.31503968284616,2.491283887065947
159,154,1446077,landscape,random_direct,1,0.008999999612569809,0.00855478085577488,0.004896791477697491,0.003795520123594781,ok,85.74459685252933,2.5044789919629693
160,155,1446077,landscape,latent,1,0.012000000104308128,0.011433498933911324,0.0015538395984905885,0.0013217152308619966,ok,88.19884293321816,2.479466554708779
161,156,1446077,landscape,tangent_direct,1,0.012000000104308128,0.01140638068318367,0.0015560417780221473,0.0013235198333060962,ok,88.18288497465765,2.485578561667353
162,157,1446077,landscape,random_direct,1,0.012000000104308128,0.011406376957893372,0.006529031946481139,0.0050606765793376855,ok,84.8236684614973,2.49661715188995
163,158,1446077,landscape,latent,1,0.017999999225139618,0.01717265322804451,0.002329391946244958,0.0019814347745295306,ok,87.96588107194259,2.5046316757798195
164,159,1446077,landscape,tangent_direct,1,0.017999999225139618,0.017109569162130356,0.0023340450750378187,0.0019852702065010584,ok,87.9796799026934,2.4925119671970606
165,160,1446077,landscape,random_direct,1,0.017999999225139618,0.017109569162130356,0.009793598555160269,0.007591043253586009,ok,83.33396712408899,2.492778313346207
166,161,1446077,landscape,latent,1,0.024000000208616257,0.022927846759557724,0.0031041442987421925,0.002640506755964846,ok,87.69806788735691,2.490794542711228
167,162,1446077,landscape,tangent_direct,1,0.024000000208616257,0.02281276136636734,0.003112078415127936,0.002647037610435493,ok,87.68807609949438,2.504783588927239
168,163,1446077,landscape,random_direct,1,0.024000000208616257,0.02281275764107704,0.013058105509319363,0.010121378021503,ok,81.91987173509871,2.4853151733987033
169,164,1446077,landscape,latent,1,0.029999999329447746,0.028700439259409904,0.003878358608632958,0.0032991290705510243,ok,87.23502239197128,2.4869438796304166
170,165,1446077,landscape,tangent_direct,1,0.029999999329447746,0.028515947982668877,0.00389009836872913,0.0033088003390342557,ok,87.39462078685756,2.4928939952515066
171,166,1446077,landscape,random_direct,1,0.029999999329447746,0.028515946120023727,0.01632262424414912,0.012651717295576318,ok,80.58675521818347,2.509178203996271
172,167,1446077,landscape,latent,1,0.04500000178813934,0.04321379214525223,0.005812355861242599,0.0049444298917808655,ok,86.66022140602269,2.482248497195542
173,168,1446077,landscape,tangent_direct,1,0.04500000178813934,0.042773932218551636,0.00583515229161212,0.004963200916093091,ok,86.60576265957957,2.486550285015255
174,169,1446077,landscape,random_direct,1,0.04500000178813934,0.04277392849326134,0.024483966269412644,0.01897759493577747,ok,77.71850991414453,2.500867621973157
175,170,1446077,landscape,latent,1,0.05999999865889549,0.057855069637298584,0.007745825876968494,0.006589301377013373,ok,86.10441675298544,2.5051262476481497
176,171,1446077,landscape,tangent_direct,1,0.05999999865889549,0.05703189596533775,0.007780201138083122,0.006617596704673564,ok,85.99002746118327,2.480038466397673
177,172,1446077,landscape,random_direct,1,0.05999999865889549,0.05703189596533775,0.03264527247585524,0.025303449511807435,ok,75.68973411661064,2.4946582531556487
178,173,1446077,landscape,latent,1,0.09000000357627869,0.08756900578737259,0.011619606689733998,0.009884729793231501,ok,84.8750932515383,2.489474479109049
179,174,1446077,landscape,tangent_direct,1,0.09000000357627869,0.08554785698652267,0.011670281052996587,0.00992638372261357,ok,84.93937020622947,2.503697575069964
180,175,1446077,landscape,random_direct,1,0.09000000357627869,0.08554785698652267,0.0489679183899191,0.03795517892656814,ok,71.35190689417364,2.479476308915764
181,176,1446077,landscape,latent,1,0.11999999731779099,0.11791233718395233,0.015514315002637679,0.013197432569535443,ok,84.00379758296897,2.489220563787967
182,177,1446077,landscape,tangent_direct,1,0.11999999731779099,0.1140637919306755,0.015560391073858698,0.01323518964105531,ok,83.7114961677471,2.48971924232319
183,178,1446077,landscape,random_direct,1,0.11999999731779099,0.1140637919306755,0.06529055822535329,0.05060690363750695,ok,64.21117214270822,2.505633638240397
184,179,1446077,landscape,latent,1,0.18000000715255737,0.18059657514095306,0.023409576045182807,0.019910773314704977,ok,82.1333154840844,2.487627401947975
185,180,1446077,landscape,tangent_direct,1,0.18000000715255737,0.17109569907188416,0.023340600645606793,0.019852790930441563,ok,81.70127084818493,2.4907100149430335
186,181,1446077,landscape,random_direct,1,0.18000000715255737,0.17109571397304535,0.09793584465251245,0.07591036305882305,flux_rejected,0.30204805863206,2.4160076938569546
187,182,1446077,landscape,latent,1,0.23999999463558197,0.24607835710048676,0.031502136145446856,0.026791868736588714,ok,80.3395449251098,2.5093384757637978
188,183,1446077,landscape,tangent_direct,1,0.23999999463558197,0.228127583861351,0.03112079941399892,0.02647038985206193,ok,79.71619031942105,2.4886069279164076
189,184,1446077,landscape,random_direct,1,0.23999999463558197,0.228127583861351,0.13058111953852466,0.10121381539799798,no_axis,0.11337151024065972,4.457499163225293
190,185,1446077,landscape,latent,2,-0.23999999463558197,0.19460785388946533,0.03308489978568271,0.026418820026421312,ok,81.72942862180786,2.4962076218798757
191,186,1446077,landscape,tangent_direct,2,-0.23999999463558197,0.20219218730926514,0.03180194794104836,0.025722698968722438,ok,80.94945077982345,2.5048962691798806
192,187,1446077,landscape,random_direct,2,-0.23999999463558197,0.20219218730926514,0.12706285906302237,0.09983909021264291,ok,12.621125674800291,2.4379338091239333
193,188,1446077,landscape,latent,2,-0.18000000715255737,0.14536988735198975,0.024291815569401087,0.019392688434380433,ok,83.10068562931562,2.5167552502825856
194,189,1446077,landscape,tangent_direct,2,-0.18000000715255737,0.15164415538311005,0.023851460157951077,0.01929202422479874,ok,82.72205299541612,2.490599404089153
195,190,1446077,landscape,random_direct,2,-0.18000000715255737,0.15164415538311005,0.09529715251877406,0.07487932292542636,no_axis,0.11190050313964506,4.492398950271308
196,191,1446077,landscape,latent,2,-0.11999999731779099,0.09739623218774796,0.01596926103059179,0.012776316252230902,ok,84.63775677786091,2.48133632959798
197,192,1446077,landscape,tangent_direct,2,-0.11999999731779099,0.10109610110521317,0.01590097169205687,0.012861348632731579,ok,84.48823468230704,2.4866039282642305
198,193,1446077,landscape,random_direct,2,-0.11999999731779099,0.10109609365463257,0.06353142097499918,0.04991953857215163,no_axis,0.11217018453452315,4.468635571189225
199,194,1446077,landscape,latent,2,-0.09000000357627869,0.07348143309354782,0.011926207096495276,0.009560330128473769,ok,85.47859738493257,2.5049735312350094
200,195,1446077,landscape,tangent_direct,2,-0.09000000357627869,0.07582207769155502,0.011925731762136335,0.009646013976266415,ok,85.38633765495507,2.4814090887084603
201,196,1446077,landscape,random_direct,2,-0.09000000357627869,0.07582207769155502,0.04764858696915803,0.03743966814623704,no_axis,0.11245180999183113,4.456859364174306
202,197,1446077,landscape,latent,2,-0.05999999865889549,0.04939168319106102,0.007932798187443652,0.00637504152668649,ok,86.57516292144564,2.491004457231611
203,198,1446077,landscape,tangent_direct,2,-0.05999999865889549,0.050548046827316284,0.007950469210378787,0.006430665148427174,ok,86.53242401367842,2.5055543617345393
204,199,1446077,landscape,random_direct,2,-0.05999999865889549,0.050548046827316284,0.03176572030632114,0.02495977552588655,ok,68.02209230479794,2.487937439698726
205,200,1446077,landscape,latent,2,-0.04500000178813934,0.037227556109428406,0.005947532050718262,0.004786526859512971,ok,87.06020261390353,2.4932438479736447
206,201,1446077,landscape,tangent_direct,2,-0.04500000178813934,0.03791104257106781,0.0059628654977030605,0.0048230064113412826,ok,87.03889942768353,2.491589277982712
207,202,1446077,landscape,random_direct,2,-0.04500000178813934,0.03791103512048721,0.023824285158662,0.018719829149870144,ok,73.4156467059212,2.5041173468343914
208,203,1446077,landscape,latent,2,-0.029999999329447746,0.024955332279205322,0.003965972170278849,0.003196763121189912,ok,87.60203599941858,2.4858086658641696
209,204,1446077,landscape,tangent_direct,2,-0.029999999329447746,0.02527402527630329,0.003975242341822846,0.0032153369679140315,ok,87.59787210679828,2.4858247069641948
210,205,1446077,landscape,random_direct,2,-0.029999999329447746,0.025274023413658142,0.015882866668827076,0.012479890345914714,ok,77.56174032343164,2.4947270643897355
211,206,1446077,landscape,latent,2,-0.024000000208616257,0.020011335611343384,0.0031735616185388387,0.002559730537712709,ok,87.86027789474808,2.505456387065351
212,207,1446077,landscape,tangent_direct,2,-0.024000000208616257,0.020219219848513603,0.0031802080768862425,0.0025722763057909807,ok,87.81854981526293,2.4824838181957603
213,208,1446077,landscape,random_direct,2,-0.024000000208616257,0.020219219848513603,0.012706304035983447,0.009983920115183294,ok,79.20528135615852,2.492589956149459
214,209,1446077,landscape,latent,2,-0.017999999225139618,0.015045209787786007,0.0023810116453763745,0.0019217751265011315,ok,87.90275094724146,2.490804704837501
215,210,1446077,landscape,tangent_direct,2,-0.017999999225139618,0.01516441348940134,0.002385141707237805,0.001929200096042898,ok,87.913458276649,2.5057809418067336
216,211,1446077,landscape,random_direct,2,-0.017999999225139618,0.01516441348940134,0.009529712200436795,0.007487926494534331,ok,80.97190803370638,2.487393003888428
217,212,1446077,landscape,latent,2,-0.012000000104308128,0.010055439546704292,0.0015880673661367462,0.0012826595861197454,ok,88.148247829123,2.4862044560723007
218,213,1446077,landscape,tangent_direct,2,-0.012000000104308128,0.010109609924256802,0.0015900985377905387,0.0012861350745927544,ok,88.1739274721755,2.5101398462429643
219,214,1446077,landscape,random_direct,2,-0.012000000104308128,0.010109610855579376,0.00635314524559537,0.004991954779549724,ok,83.04356892883047,2.5095050698146224
220,215,1446077,landscape,latent,2,-0.008999999612569809,0.00755138648673892,0.001191398298949316,0.0009626121000833896,ok,88.2649588774995,2.4837007708847523
221,216,1446077,landscape,tangent_direct,2,-0.008999999612569809,0.00758220674470067,0.001192570149403045,0.0009646020550668821,ok,88.28869201212972,2.4869410069659352
222,217,1446077,landscape,random_direct,2,-0.008999999612569809,0.00758220674470067,0.004764862215375378,0.0037439677900885982,ok,84.29079114034398,2.491508605889976
223,218,1446077,landscape,latent,2,-0.006000000052154064,0.005040883086621761,0.0007944598423199026,0.0006421344155970271,ok,88.38558750522313,2.5044498359784484
224,219,1446077,landscape,tangent_direct,2,-0.006000000052154064,0.005054808221757412,0.0007950374817452658,0.0006430616707242168,ok,88.40745974196027,2.5020477436482906
225,220,1446077,landscape,random_direct,2,-0.006000000052154064,0.005054806359112263,0.003176585174151588,0.0024959852813926336,ok,85.6150711462341,2.487399352248758
226,221,1446077,landscape,latent,2,-0.004000000189989805,0.003363607916980982,0.000529734037319794,0.00042827400883831466,ok,88.47012477750333,2.491262447088957
227,222,1446077,landscape,tangent_direct,2,-0.004000000189989805,0.003369871061295271,0.0005300344666281515,0.00042871452170135233,ok,88.39616757188568,2.5061849509365857
228,223,1446077,landscape,random_direct,2,-0.004000000189989805,0.003369869664311409,0.002117718051332183,0.001663985857908928,ok,86.62127459862505,2.4826762080192566
229,224,1446077,landscape,latent,2,-0.0020000000949949026,0.001683268928900361,0.00026491676627866283,0.00021423980851911333,ok,88.48841586318733,2.486470622010529
230,225,1446077,landscape,tangent_direct,2,-0.0020000000949949026,0.0016849328530952334,0.0002650202967832741,0.00021435905554639508,ok,88.49277810085825,2.4920871667563915
231,226,1446077,landscape,random_direct,2,-0.0020000000949949026,0.0016849341336637735,0.0010588612707286933,0.0008319950609446426,ok,87.43164180511698,2.5055612470023334
232,227,1446077,landscape,latent,2,-0.0010000000474974513,0.0008419865625910461,0.00013248855776970878,0.00010716171255675942,ok,88.50877795132557,2.4862040621228516
233,228,1446077,landscape,tangent_direct,2,-0.0010000000474974513,0.0008424695115536451,0.00013249719086995662,0.0001071723906599853,ok,88.5104313626355,2.4862431469373405
234,229,1446077,landscape,random_direct,2,-0.0010000000474974513,0.0008424683474004269,0.0005294382479762057,0.0004159984304278809,ok,88.16730986636452,2.490808265283704
235,49,1446077,landscape,latent,2,0.0,1.1518514497765864e-07,2.949353875718035e-08,2.309062356631084e-08,ok,88.53618490206419,2.484781594015658
236,3,1446077,landscape,tangent_direct,2,0.0,0.0,0.0,0.0,ok,88.55737073408797,4.304270702879876
237,3,1446077,landscape,random_direct,2,0.0,0.0,0.0,0.0,ok,88.55737073408797,4.304270702879876
238,230,1446077,landscape,latent,2,0.0010000000474974513,0.0008428471628576517,0.0001325190000223155,0.0001071809535923494,ok,88.53576524519123,2.523895381949842
239,231,1446077,landscape,tangent_direct,2,0.0010000000474974513,0.0008424697443842888,0.0001325130123307047,0.00010717996485387282,ok,88.53929522166868,2.483873611316085
240,232,1446077,landscape,random_direct,2,0.0010000000474974513,0.0008424683474004269,0.0005294344149353275,0.00041599981998675966,ok,88.19325304819982,2.48752299323678
241,233,1446077,landscape,latent,2,0.0020000000949949026,0.001686450676061213,0.00026509065149119107,0.0002144564948369524,ok,88.53210025346482,2.4908854849636555
242,234,1446077,landscape,tangent_direct,2,0.0020000000949949026,0.0016849328530952334,0.00026503512997515374,0.00021436618040447225,ok,88.52185776362374,2.505574081093073
243,235,1446077,landscape,random_direct,2,0.0020000000949949026,0.0016849341336637735,0.001058857386391863,0.0008319944962560987,ok,87.59024322808817,2.4813636522740126
244,236,1446077,landscape,latent,2,0.004000000189989805,0.0033759395591914654,0.0005303148707278785,0.0004291302035595935,ok,88.5830579426157,2.4862061850726604
245,237,1446077,landscape,tangent_direct,2,0.004000000189989805,0.0033698708284646273,0.0005300277312955814,0.0004287079598965619,ok,88.57509296898795,2.4913412909954786
246,238,1446077,landscape,random_direct,2,0.004000000189989805,0.003369869664311409,0.002117696875214766,0.0016639744419422616,ok,86.5087560438413,2.5048852819018066
247,239,1446077,landscape,latent,2,0.006000000052154064,0.005068609025329351,0.0007956479960457991,0.0006440065470328969,ok,88.32957170176563,2.482697017956525
248,240,1446077,landscape,tangent_direct,2,0.006000000052154064,0.005054808221757412,0.0007950559098789384,0.0006430702860866489,ok,88.33721187231608,2.4888142570853233
249,241,1446077,landscape,random_direct,2,0.006000000052154064,0.005054806359112263,0.0031765655920598115,0.002495972158127724,ok,85.70247764064044,2.4906094358302653
250,242,1446077,landscape,latent,2,0.008999999612569809,0.007613728288561106,0.0011939298433747915,0.0009667539574705498,ok,88.30761695034445,2.5051954751834273
251,243,1446077,landscape,tangent_direct,2,0.008999999612569809,0.00758220674470067,0.001192574802521288,0.0009646015813298542,ok,88.30128694790635,2.481962602119893
252,244,1446077,landscape,random_direct,2,0.008999999612569809,0.007582205813378096,0.004764854759610152,0.00374396333472051,ok,84.31889451240978,2.486687886994332
253,245,1446077,landscape,latent,2,0.012000000104308128,0.010166292078793049,0.0015926995192483556,0.0012901311213379162,ok,88.24572735415755,2.4912108229473233
254,246,1446077,landscape,tangent_direct,2,0.012000000104308128,0.010109609924256802,0.00159010738445283,0.0012861395512868692,ok,88.2552616408973,2.505334793124348
255,247,1446077,landscape,random_direct,2,0.012000000104308128,0.010109609924256802,0.006353139427120765,0.0049919510567437144,ok,83.04573004160302,2.48235366307199
256,248,1446077,landscape,latent,2,0.017999999225139618,0.015294300392270088,0.002391439747416708,0.0019386272607537856,ok,88.18028130296837,2.4862020639702678
257,249,1446077,landscape,tangent_direct,2,0.017999999225139618,0.01516441348940134,0.0023851491991038584,0.0019292020943222912,ok,88.16683503455181,2.4920472516678274
258,250,1446077,landscape,random_direct,2,0.017999999225139618,0.015164412558078766,0.009529714684326927,0.007487931207538849,ok,80.69355856947769,2.5052104988135397
259,251,1446077,landscape,latent,2,0.024000000208616257,0.02045419253408909,0.003192207011276686,0.0025897889268082647,ok,88.03727419923428,2.4814416053704917
260,252,1446077,landscape,tangent_direct,2,0.024000000208616257,0.020219219848513603,0.003180201231156677,0.0025722707122106843,ok,88.01417845859959,2.4858697652816772
261,253,1446077,landscape,random_direct,2,0.024000000208616257,0.020219221711158752,0.012706282410481051,0.009983908081940317,ok,78.57598230501189,2.492243464104831
262,254,1446077,landscape,latent,2,0.029999999329447746,0.025647200644016266,0.003995194370920034,0.0032438179156239703,ok,87.6754195552266,2.508369740564376
263,255,1446077,landscape,tangent_direct,2,0.029999999329447746,0.02527402900159359,0.0039752420554131146,0.0032153342465351133,ok,87.6795567474561,2.48266088264063
264,256,1446077,landscape,random_direct,2,0.029999999329447746,0.025274023413658142,0.015882849735962216,0.012479881628016483,ok,76.51208293615224,2.498836382292211
265,257,1446077,landscape,latent,2,0.04500000178813934,0.038783762603998184,0.0060149066270271554,0.004893583815815626,ok,87.34606844925375,2.4962306087836623
266,258,1446077,landscape,tangent_direct,2,0.04500000178813934,0.03791103884577751,0.0059628721259049194,0.004823008920585623,ok,87.33846808396687,2.509904081001878
267,259,1446077,landscape,random_direct,2,0.04500000178813934,0.03791103884577751,0.023824278037003082,0.018719824477632704,ok,72.09629518001829,2.490857378114015
268,260,1446077,landscape,latent,2,0.05999999865889549,0.05215747281908989,0.008056253405565705,0.006568069547687515,ok,87.01470012374541,2.491531374398619
269,261,1446077,landscape,tangent_direct,2,0.05999999865889549,0.050548046827316284,0.007950494147345416,0.0064306768628764515,ok,87.14205119858654,2.4964017141610384
270,262,1446077,landscape,random_direct,2,0.05999999865889549,0.050548046827316284,0.03176570540830638,0.02495976681740997,ok,64.9607023623715,2.50982959382236
271,263,1446077,landscape,latent,2,0.09000000357627869,0.07970241457223892,0.012229150769033281,0.010013076426828122,ok,86.15274584644348,2.486867926083505
272,264,1446077,landscape,tangent_direct,2,0.09000000357627869,0.07582207769155502,0.011925737223746404,0.009646013839867622,ok,86.21897604353698,2.4910826003178954
273,265,1446077,landscape,random_direct,2,0.09000000357627869,0.07582207769155502,0.04764857652710921,0.037439665269838864,no_surface,0.31986691750080015,2.3776145447045565
274,266,1446077,landscape,latent,2,0.11999999731779099,0.10845740884542465,0.01657354456097946,0.013629600176595612,ok,85.51710686781281,2.510781361721456
275,267,1446077,landscape,tangent_direct,2,0.11999999731779099,0.10109610110521317,0.015900981383827003,0.012861348935521833,ok,85.56352716623226,2.486622919794172
276,268,1446077,landscape,random_direct,2,0.11999999731779099,0.10109609365463257,0.06353141844883005,0.04991954200410163,no_axis,0.10768356613181414,4.456756907980889
277,269,1446077,landscape,latent,2,0.18000000715255737,0.17037762701511383,0.02612488398762163,0.021665798105368738,ok,84.24245581460481,2.501639242284
278,270,1446077,landscape,tangent_direct,2,0.18000000715255737,0.15164414048194885,0.023851471340266363,0.01929202645324312,ok,84.38085558506904,2.5218073572032154
279,271,1446077,landscape,random_direct,2,0.18000000715255737,0.15164415538311005,0.0952971263100703,0.0748793114292557,no_axis,0.10407768540202865,4.448593497276306
280,272,1446077,landscape,latent,2,0.23999999463558197,0.23991477489471436,0.03779859890525977,0.03156517986304042,ok,82.81636591336431,2.4954815031960607
281,273,1446077,landscape,tangent_direct,2,0.23999999463558197,0.20219218730926514,0.03180195465180598,0.025722698213210805,ok,83.06091914598923,2.5016431007534266
282,274,1446077,landscape,random_direct,2,0.23999999463558197,0.20219218730926514,0.12706284907530058,0.09983908613918087,no_axis,0.09816581444479558,4.495030035730451
283,275,1446077,landscape,latent,3,-0.23999999463558197,0.25528159737586975,0.04434296654266189,0.03624599717870536,ok,81.05640886085149,2.480413058772683
284,276,1446077,landscape,tangent_direct,3,-0.23999999463558197,0.22158509492874146,0.0388010953578589,0.03176357719685472,ok,82.64040351398899,2.4915770953521132
285,277,1446077,landscape,random_direct,3,-0.23999999463558197,0.22158509492874146,0.12067810361735803,0.09357831268541479,no_axis,0.09942235263665211,4.466047564055771
286,278,1446077,landscape,latent,3,-0.18000000715255737,0.18136173486709595,0.03171438307472154,0.025834276549728096,ok,83.43245569244598,2.5107845943421125
287,279,1446077,landscape,tangent_direct,3,-0.18000000715255737,0.1661888211965561,0.02910081061321964,0.02382267657228646,ok,84.0800396466735,2.4862019112333655
288,280,1446077,landscape,random_direct,3,-0.18000000715255737,0.1661888211965561,0.09050859691470108,0.07018374635719901,no_axis,0.1013829963789455,4.458753761369735
289,281,1446077,landscape,latent,3,-0.11999999731779099,0.11576149612665176,0.020378381211567126,0.016571772917569325,ok,85.24435031208213,2.495078052394092
290,282,1446077,landscape,tangent_direct,3,-0.11999999731779099,0.11079254746437073,0.019400549943300475,0.015881789649607552,ok,85.43124858793774,2.5166728869080544
291,283,1446077,landscape,random_direct,3,-0.11999999731779099,0.11079254746437073,0.06033904927988938,0.04678915637935591,no_axis,0.1007333239644201,4.4486850262619555
292,284,1446077,landscape,latent,3,-0.09000000357627869,0.08537868410348892,0.015051788229331566,0.012243008263065094,ok,86.1642020283608,2.4911958412267268
293,285,1446077,landscape,tangent_direct,3,-0.09000000357627869,0.08309441804885864,0.01455042321020286,0.011911350807671252,ok,86.18679307012742,2.4950454370118678
294,286,1446077,landscape,random_direct,3,-0.09000000357627869,0.08309441059827805,0.045254295342950585,0.035091871206730615,flux_rejected,0.34590715722017107,2.432831779588014
295,287,1446077,landscape,latent,3,-0.05999999865889549,0.0561797134578228,0.00990082884706657,0.008062249500106722,ok,87.06807565136194,2.4876717920415103
296,288,1446077,landscape,tangent_direct,3,-0.05999999865889549,0.055396273732185364,0.009700259303363693,0.007940889098986012,ok,87.09893777678053,2.4916442218236625
297,289,1446077,landscape,random_direct,3,-0.05999999865889549,0.055396273732185364,0.030169546695134553,0.02339459001829877,ok,76.13331475031828,2.5027282629162073
298,290,1446077,landscape,latent,3,-0.04500000178813934,0.04192087799310684,0.00738139734531259,0.006016203144809518,ok,87.3812854505207,2.5112989088520408
299,291,1446077,landscape,tangent_direct,3,-0.04500000178813934,0.04154720902442932,0.007275191316952125,0.005955664758988213,ok,87.40425042016732,2.4821318075992167
300,292,1446077,landscape,random_direct,3,-0.04500000178813934,0.04154720529913902,0.02262715923088175,0.017545943909853624,ok,79.4703110569651,2.4862062940374017
301,293,1446077,landscape,latent,3,-0.029999999329447746,0.027833525091409683,0.004894199826842909,0.003993704997336401,ok,87.91056807606594,2.491015681065619
302,294,1446077,landscape,tangent_direct,3,-0.029999999329447746,0.027698135003447533,0.004850135114566369,0.003970447424357038,ok,87.88996135837824,2.507273599971086
303,295,1446077,landscape,random_direct,3,-0.029999999329447746,0.027698136866092682,0.015084776966949117,0.011697299329952527,ok,82.67983449674608,2.4793940051458776
304,296,1446077,landscape,latent,3,-0.024000000208616257,0.02223699912428856,0.0039075061879885785,0.003190288184834304,ok,87.98323937775712,2.4929173910059035
305,297,1446077,landscape,tangent_direct,3,-0.024000000208616257,0.022158509120345116,0.003880108334060491,0.0031763576380542066,ok,88.00156867601365,2.4925563572905958
306,298,1446077,landscape,random_direct,3,-0.024000000208616257,0.022158510982990265,0.012067811227682607,0.009357834691048993,ok,83.82504501000307,2.511785866227001
307,299,1446077,landscape,latent,3,-0.017999999225139618,0.016658229753375053,0.0029250450750191994,0.0023895569222735598,ok,88.07949846015241,2.481425944250077
308,300,1446077,landscape,tangent_direct,3,-0.017999999225139618,0.0166188795119524,0.0029100644974282244,0.0023822592919517977,ok,88.07433604556242,2.4865512060932815
309,301,1446077,landscape,random_direct,3,-0.017999999225139618,0.0166188795119524,0.009050872969815037,0.007018383272996542,ok,84.97543169534777,2.4908884530887008
310,302,1446077,landscape,latent,3,-0.012000000104308128,0.01109438668936491,0.0019464057092730097,0.0015910920822532729,ok,88.34644379508201,2.5055273748002946
311,303,1446077,landscape,tangent_direct,3,-0.012000000104308128,0.011079251766204834,0.0019400460906720852,0.001588174748816493,ok,88.35447194257496,2.4785555079579353
312,304,1446077,landscape,random_direct,3,-0.012000000104308128,0.011079256422817707,0.006033911049173982,0.004678919798561732,ok,86.30583225608163,2.4868741598911583
313,305,1446077,landscape,latent,3,-0.008999999612569809,0.008317205123603344,0.0014585820130569233,0.0011927145139576148,ok,88.37412001113472,2.5173684540204704
314,306,1446077,landscape,tangent_direct,3,-0.008999999612569809,0.00830944161862135,0.001455021413771488,0.001191125306989958,ok,88.36732198571703,2.5060299769975245
315,307,1446077,landscape,random_direct,3,-0.008999999612569809,0.0083094397559762,0.004525434709770273,0.0035091893029792405,ok,86.85082445349488,2.4816670580767095
316,308,1446077,landscape,latent,3,-0.006000000052154064,0.005542662460356951,0.0009716079138841444,0.0007947692163711647,ok,88.3616603986813,2.487342551816255
317,309,1446077,landscape,tangent_direct,3,-0.006000000052154064,0.00553962541744113,0.0009700200211296565,0.0007940873371697039,ok,88.39684837552961,2.4923459570854902
318,310,1446077,landscape,random_direct,3,-0.006000000052154064,0.005539625883102417,0.003016963130530986,0.002339466982163932,ok,87.51523160526094,2.5069061699323356
319,311,1446077,landscape,latent,3,-0.004000000189989805,0.003694310085847974,0.0006473804750210631,0.0005296870663246325,ok,88.36168851273277,2.481384343933314
320,312,1446077,landscape,tangent_direct,3,-0.004000000189989805,0.003693085629492998,0.0006466804991425975,0.0005293915893465283,ok,88.36513793167612,2.4908352750353515
321,313,1446077,landscape,random_direct,3,-0.004000000189989805,0.0036930853966623545,0.00201130318535669,0.001559639874158661,ok,87.92765499565175,2.5019155740737915
322,314,1446077,landscape,latent,3,-0.0020000000949949026,0.0018467312911525369,0.00032358118740419625,0.00026480613749137004,ok,88.54662958665759,2.5062800445593894
323,315,1446077,landscape,tangent_direct,3,-0.0020000000949949026,0.0018465440953150392,0.0003233426796528345,0.0002646967854955585,ok,88.56224235178259,2.481602834071964
324,316,1446077,landscape,random_direct,3,-0.0020000000949949026,0.001846541534177959,0.0010056583184563062,0.0007798270879801193,ok,88.29915360485329,2.487049660179764
325,317,1446077,landscape,latent,3,-0.0010000000474974513,0.000923281826544553,0.00016172519820077864,0.00013236264800393013,ok,88.56695204610433,2.492445415817201
326,318,1446077,landscape,tangent_direct,3,-0.0010000000474974513,0.0009232708835043013,0.00016166337989597526,0.0001323477708525838,ok,88.55804797664274,2.506409696303308
327,319,1446077,landscape,random_direct,3,-0.0010000000474974513,0.0009232698939740658,0.0005028256979699505,0.0003899108586512435,ok,88.48466291722525,2.480896058958024
328,49,1446077,landscape,latent,3,0.0,1.1518514497765864e-07,2.949353875718035e-08,2.309062356631084e-08,ok,88.53618490206419,2.484781594015658
329,3,1446077,landscape,tangent_direct,3,0.0,0.0,0.0,0.0,ok,88.55737073408797,4.304270702879876
330,3,1446077,landscape,random_direct,3,0.0,0.0,0.0,0.0,ok,88.55737073408797,4.304270702879876
331,320,1446077,landscape,latent,3,0.0010000000474974513,0.0009230505093000829,0.00016160872831925513,0.00013231298573151382,ok,88.51551975070228,2.4883776595816016
332,321,1446077,landscape,tangent_direct,3,0.0010000000474974513,0.0009232708835043013,0.00016168183080942592,0.00013235263991507123,ok,88.49029972087631,2.491940400097519
333,322,1446077,landscape,random_direct,3,0.0010000000474974513,0.0009232700103893876,0.0005028111214007942,0.00038989802327782754,ok,88.47716983307043,2.506963551044464
334,323,1446077,landscape,latent,3,0.0020000000949949026,0.0018460557330399752,0.0003231266028458184,0.0002645874390665598,ok,88.50938415712119,2.485528468154371
335,324,1446077,landscape,tangent_direct,3,0.0020000000949949026,0.0018465440953150392,0.0003233442301753908,0.0002646960651476632,ok,88.50472658834597,2.486689140088856
336,325,1446077,landscape,random_direct,3,0.0020000000949949026,0.001846541534177959,0.001005645372884821,0.0007798149866237713,ok,88.09931326845677,2.4942707158625126
337,326,1446077,landscape,latent,3,0.004000000189989805,0.003691466059535742,0.0006460023929690177,0.0005290850819658187,ok,88.44484932187083,2.5066380128264427
338,327,1446077,landscape,tangent_direct,3,0.004000000189989805,0.003693085629492998,0.0006466965698962203,0.0005293960185944933,ok,88.44152551996336,2.482979175169021
339,328,1446077,landscape,random_direct,3,0.004000000189989805,0.003693085163831711,0.0020112800079366473,0.0015596245218316867,ok,87.95364581865994,2.485553259961307
340,329,1446077,landscape,latent,3,0.006000000052154064,0.0055365003645420074,0.000968596389656659,0.0007934902229233269,ok,88.3682880917259,2.4964421479962766
341,330,1446077,landscape,tangent_direct,3,0.006000000052154064,0.00553962541744113,0.0009700449920985832,0.0007940981998549413,ok,88.37645343873446,2.5079212109558284
342,331,1446077,landscape,random_direct,3,0.006000000052154064,0.005539626348763704,0.0030169426969716443,0.0023394512470840973,ok,87.70163479449621,2.4820260680280626
343,332,1446077,landscape,latent,3,0.008999999612569809,0.008303327485918999,0.0014518234342816615,0.0011898470401441668,ok,88.26053882838042,2.486252133268863
344,333,1446077,landscape,tangent_direct,3,0.008999999612569809,0.008309442549943924,0.001455044611421032,0.0011911345484287262,ok,88.27411329669422,2.4934846931137145
345,334,1446077,landscape,random_direct,3,0.008999999612569809,0.0083094397559762,0.00452542615145131,0.0035091845611419856,ok,87.10243298702349,2.5060215210542083
346,335,1446077,landscape,latent,3,0.012000000104308128,0.011069794185459614,0.0019345193266813957,0.0015860888174767922,ok,88.35701911276063,2.4818901517428458
347,336,1446077,landscape,tangent_direct,3,0.012000000104308128,0.011079252697527409,0.0019400702599648453,0.0015881858352847136,ok,88.36625827223544,2.4865688253194094
348,337,1446077,landscape,random_direct,3,0.012000000104308128,0.011079256422817707,0.006033899334781269,0.004678910277697392,ok,86.7362404985277,2.492236262653023
349,338,1446077,landscape,latent,3,0.017999999225139618,0.01660306192934513,0.002898256903063539,0.002378308458464099,ok,88.12382303957497,2.50685479817912
350,339,1446077,landscape,tangent_direct,3,0.017999999225139618,0.0166188795119524,0.002910081792554504,0.0023822648512403354,ok,88.11314466619838,2.4826231352053583
351,340,1446077,landscape,random_direct,3,0.017999999225139618,0.0166188795119524,0.009050847763313519,0.007018364133409797,ok,85.70692834551281,2.490014344919473
352,341,1446077,landscape,latent,3,0.024000000208616257,0.02213946357369423,0.003860167458516379,0.003170533747199971,ok,87.91398972741376,2.4942626459524035
353,342,1446077,landscape,tangent_direct,3,0.024000000208616257,0.022158509120345116,0.003880112397320747,0.003176358687002996,ok,87.8633360024599,2.5081818639300764
354,343,1446077,landscape,random_direct,3,0.024000000208616257,0.022158509120345116,0.01206779247230282,0.009357822644689158,ok,84.79021687866563,2.4854616303928196
355,344,1446077,landscape,latent,3,0.029999999329447746,0.027682136744260788,0.004820738248650094,0.003963294697276478,ok,87.98239400981197,4.849128078203648
356,345,1446077,landscape,tangent_direct,3,0.029999999329447746,0.027698136866092682,0.004850163300968012,0.003970462549496695,ok,87.96970268354983,2.5061578350141644
357,346,1446077,landscape,random_direct,3,0.029999999329447746,0.027698135003447533,0.01508476160372244,0.011697287127682485,ok,83.8061355489404,2.513537764083594
358,347,1446077,landscape,latent,3,0.04500000178813934,0.04158816114068031,0.007219517701152888,0.005950937713754773,ok,87.53681776373338,2.4819747139699757
359,348,1446077,landscape,tangent_direct,3,0.04500000178813934,0.04154720902442932,0.007275223716071384,0.005955678670449666,ok,87.49475633799636,2.485647298861295
360,349,1446077,landscape,random_direct,3,0.04500000178813934,0.04154720529913902,0.022627139105118578,0.01754592933785446,ok,80.90452101601045,2.494361733086407
361,350,1446077,landscape,latent,3,0.05999999865889549,0.055607087910175323,0.009621551869110526,0.007954121213134414,ok,87.1082565197943,2.537557196803391
362,351,1446077,landscape,tangent_direct,3,0.05999999865889549,0.055396273732185364,0.009700281623455424,0.007940897015087994,ok,87.06202274433323,2.482795554678887
363,352,1446077,landscape,random_direct,3,0.05999999865889549,0.055396273732185364,0.03016952895672213,0.02339457662731326,ok,75.42326283491496,4.845155264250934
364,353,1446077,landscape,latent,3,0.09000000357627869,0.08421272784471512,0.01448056942867622,0.012052659276484896,ok,86.10790980920628,2.4958529151044786
365,354,1446077,landscape,tangent_direct,3,0.09000000357627869,0.08309441059827805,0.014550419110097648,0.011911345329458818,ok,86.0075303767625,2.5085256877355278
366,355,1446077,landscape,random_direct,3,0.09000000357627869,0.08309441059827805,0.04525426655254072,0.03509184931116254,no_axis,0.11007581800817284,4.450047773309052
367,356,1446077,landscape,latent,3,0.11999999731779099,0.11400222033262253,0.01951654524546852,0.01637557478230997,ok,85.28573737158641,2.487445690203458
368,357,1446077,landscape,tangent_direct,3,0.11999999731779099,0.11079254746437073,0.019400549861060983,0.015881789531220984,ok,85.14553919493967,2.495411575306207
369,358,1446077,landscape,random_direct,3,0.11999999731779099,0.11079254746437073,0.06033902533270007,0.046789139271355,no_axis,0.10918374036380635,4.5018249079585075
370,359,1446077,landscape,latent,3,0.18000000715255737,0.17977675795555115,0.03099546698523314,0.026522953342149515,ok,83.04435958789281,2.4765673438087106
371,360,1446077,landscape,tangent_direct,3,0.18000000715255737,0.1661888211965561,0.029100831434020175,0.023822685777961407,ok,83.25989886504743,2.4819557298906147
372,361,1446077,landscape,random_direct,3,0.18000000715255737,0.1661888211965561,0.09050856825200382,0.07018372831847222,ok,75.30480125889886,2.450660769827664
373,362,1446077,landscape,latent,3,0.23999999463558197,0.2613362967967987,0.04799281486043365,0.04203679899320238,ok,80.06946430326359,2.5130790630355477
374,363,1446077,landscape,tangent_direct,3,0.23999999463558197,0.22158509492874146,0.03880111254361319,0.031763583069596965,ok,81.0486359502807,2.4772154269739985
375,364,1446077,landscape,random_direct,3,0.23999999463558197,0.22158509492874146,0.12067808792834786,0.09357830008045241,ok,75.74838555282636,2.475738605018705
376,365,1826200,source_raw,,,,,5.230544956046952e-08,3.870823503004144e-08,ok,52.01166163726308,2.234663864132017
377,366,1826200,source_flipped,,,,,0.0,0.0,ok,52.00975943381801,2.246156193781644
378,367,1826200,source_canonical,,,,,4.573024804328432e-08,3.309748510892392e-08,ok,52.028459354813286,2.251965134870261
379,368,1826200,reconstruction,,,,0.0,0.0,0.0,ok,52.02015668052781,2.22429089108482
380,369,1826200,landscape,latent,0,-0.23999999463558197,0.6064570546150208,0.8107813572891542,0.5813749781775621,no_axis,0.102303938968103,3.968319609761238
381,370,1826200,landscape,tangent_direct,0,-0.23999999463558197,0.2541361153125763,0.058724186399490695,0.05202300017118009,no_surface,0.2988803244648268,2.1268957159481943
382,371,1826200,landscape,random_direct,0,-0.23999999463558197,0.2541361153125763,0.1511698874702863,0.11498480923018964,no_axis,0.10802366441508422,3.948952041566372
383,372,1826200,landscape,latent,0,-0.18000000715255737,0.48551884293556213,0.73068766810681,0.519367028394809,no_axis,0.10176736344394455,3.9524789680726826
384,373,1826200,landscape,tangent_direct,0,-0.18000000715255737,0.190602108836174,0.04404314197923556,0.03901725095429305,flux_rejected,0.34162514174668784,2.1355002569034696
385,374,1826200,landscape,random_direct,0,-0.18000000715255737,0.190602108836174,0.11337739431875293,0.08623859578848861,no_axis,0.10603197598685113,3.9964272170327604
386,375,1826200,landscape,latent,0,-0.11999999731779099,0.133121058344841,0.03813520249156227,0.03323652131170118,ok,52.87489350549281,2.2152839936316013
387,376,1826200,landscape,tangent_direct,0,-0.11999999731779099,0.12706805765628815,0.029362089078546004,0.026011496812189457,ok,55.359220417183266,2.2196155698038638
388,377,1826200,landscape,random_direct,0,-0.11999999731779099,0.12706805765628815,0.07558493248800763,0.05749239895361512,no_axis,0.1079049707358753,3.9721375689841807
389,378,1826200,landscape,latent,0,-0.09000000357627869,0.09672698378562927,0.02466332445815074,0.02166224506783901,ok,55.230068472194446,2.2423736257478595
390,379,1826200,landscape,tangent_direct,0,-0.09000000357627869,0.095301054418087,0.02202157094520328,0.01950862698916357,ok,55.622041631010845,2.217733366880566
391,380,1826200,landscape,random_direct,0,-0.09000000357627869,0.095301054418087,0.056688716881227945,0.04311930861805566,flux_rejected,0.35611444167859435,2.1279455781914294
392,381,1826200,landscape,latent,0,-0.05999999865889549,0.06380731612443924,0.015389181732060908,0.013573245086673201,ok,55.07263300691063,2.230717842001468
393,382,1826200,landscape,tangent_direct,0,-0.05999999865889549,0.06353402882814407,0.014681045429704751,0.013005749185167535,ok,55.0019410233788,2.2431324082426727
394,383,1826200,landscape,random_direct,0,-0.05999999865889549,0.06353402882814407,0.037792460623423986,0.028746195820521687,flux_rejected,0.36481168959996085,2.1354570919647813
395,384,1826200,landscape,latent,0,-0.04500000178813934,0.04773670807480812,0.011319093330047587,0.009997677273625211,ok,54.37755850575955,2.2244167793542147
396,385,1826200,landscape,tangent_direct,0,-0.04500000178813934,0.0476505272090435,0.01101077672190201,0.00975430705231529,ok,54.32992453586942,2.2354372749105096
397,386,1826200,landscape,random_direct,0,-0.04500000178813934,0.0476505272090435,0.028344336584165294,0.021559641308843174,ok,26.556573185144437,2.2422949760220945
398,387,1826200,landscape,latent,0,-0.029999999329447746,0.03177988901734352,0.007444232245708936,0.0065827509067641525,ok,53.43185304159036,2.22192908404395
399,388,1826200,landscape,tangent_direct,0,-0.029999999329447746,0.031767018139362335,0.007340535537305503,0.006502882484513666,ok,53.442131157108285,2.2242163131013513
400,389,1826200,landscape,random_direct,0,-0.029999999329447746,0.031767018139362335,0.018896221382808887,0.014373092580624552,ok,44.661445056318406,2.226241856813431
401,390,1826200,landscape,latent,0,-0.024000000208616257,0.02541588991880417,0.005931020968274104,0.00524677573667023,ok,53.270672656555305,2.246270745061338
402,391,1826200,landscape,tangent_direct,0,-0.024000000208616257,0.02541361190378666,0.005872422977220978,0.0052023022532567565,ok,53.26090848272741,2.2341438718140125
403,392,1826200,landscape,random_direct,0,-0.024000000208616257,0.025413615629076958,0.015116963920075104,0.011498466747854895,ok,46.95675907508951,2.2167415050789714
404,393,1826200,landscape,latent,0,-0.017999999225139618,0.019058268517255783,0.004432955787178124,0.003923037659430154,ok,53.04723255059899,4.351441327016801
405,394,1826200,landscape,tangent_direct,0,-0.017999999225139618,0.019060207530856133,0.0044043150612470515,0.0039017242061913063,ok,53.057406928368074,2.2493721302598715
406,395,1826200,landscape,random_direct,0,-0.017999999225139618,0.019060209393501282,0.011337726925128641,0.008623852999367819,ok,47.946909061299074,2.2181510380469263
407,396,1826200,landscape,latent,0,-0.012000000104308128,0.012704562395811081,0.0029469388985606136,0.002608894172417509,ok,52.90129859172632,2.2236470892094076
408,397,1826200,landscape,tangent_direct,0,-0.012000000104308128,0.01270680595189333,0.0029362112447575517,0.0026011509885774586,ok,52.9315060736458,2.23561197379604
409,398,1826200,landscape,random_direct,0,-0.012000000104308128,0.01270680595189333,0.007558483084423796,0.0057492346808608544,ok,49.32777466237417,2.243235351983458
410,399,1826200,landscape,latent,0,-0.008999999612569809,0.009528441354632378,0.002207500863395226,0.0019546171874001744,ok,52.57694079621679,2.2269401531666517
411,400,1826200,landscape,tangent_direct,0,-0.008999999612569809,0.00953010655939579,0.0022021508208965998,0.0019508581309366558,ok,52.52587247102799,2.229349623899907
412,401,1826200,landscape,random_direct,0,-0.008999999612569809,0.00953010655939579,0.005668861232257238,0.0043119239258685715,ok,50.028123083001624,2.2395981238223612
413,402,1826200,landscape,latent,0,-0.006000000052154064,0.006352447438985109,0.0014700920638319986,0.0013019119260510206,ok,52.46505274545697,2.2546126670204103
414,403,1826200,landscape,tangent_direct,0,-0.006000000052154064,0.0063534025102853775,0.0014681082648422678,0.0013005766536060969,ok,52.48978182624188,2.228637543041259
415,404,1826200,landscape,random_direct,0,-0.006000000052154064,0.006353403907269239,0.0037792291657129167,0.002874609702181506,ok,50.68634921628438,2.224163068924099
416,405,1826200,landscape,latent,0,-0.004000000189989805,0.0042350394651293755,0.0009794244617657936,0.0008674679746240317,ok,52.3785801076393,2.2401702869683504
417,406,1826200,landscape,tangent_direct,0,-0.004000000189989805,0.004235601983964443,0.0009787387597544525,0.0008670512514484719,ok,52.37837416503846,2.2504508388228714
418,407,1826200,landscape,random_direct,0,-0.004000000189989805,0.0042356024496257305,0.0025194830059746915,0.0019164052509050354,ok,51.118462426288424,2.2257436672225595
419,408,1826200,landscape,latent,0,-0.0020000000949949026,0.0021176100708544254,0.0004893977490164274,0.000433513826978785,ok,52.228302819774406,2.2240339079871774
420,409,1826200,landscape,tangent_direct,0,-0.0020000000949949026,0.0021178056485950947,0.0004893645430319286,0.00043352287146631663,ok,52.236314640154454,2.2353548402898014
421,410,1826200,landscape,random_direct,0,-0.0020000000949949026,0.002117801457643509,0.001259743082987289,0.000958203705820736,ok,51.581918287204246,2.2485839761793613
422,411,1826200,landscape,latent,0,-0.0010000000474974513,0.00105884054210037,0.00024462592154096897,0.0002167041316718376,ok,52.154440081321866,2.2225898262113333
423,412,1826200,landscape,tangent_direct,0,-0.0010000000474974513,0.00105890107806772,0.00024469467645765167,0.00021677058937362998,ok,52.14582167999662,2.2242800230160356
424,413,1826200,landscape,random_direct,0,-0.0010000000474974513,0.001058900379575789,0.0006298557387173492,0.0004790923840317233,ok,51.807256548034175,2.250822963193059
425,414,1826200,landscape,latent,0,0.0,1.0436745867536956e-07,4.4640317867836566e-08,3.318825207861222e-08,ok,52.011007554823856,2.2507524639368057
426,368,1826200,landscape,tangent_direct,0,0.0,0.0,0.0,0.0,ok,52.02015668052781,2.22429089108482
427,368,1826200,landscape,random_direct,0,0.0,0.0,0.0,0.0,ok,52.02015668052781,2.22429089108482
428,415,1826200,landscape,latent,0,0.0010000000474974513,0.0010590639431029558,0.00024456289587401276,0.00021666791705906994,ok,51.787487326761855,2.22261476283893
429,416,1826200,landscape,tangent_direct,0,0.0010000000474974513,0.00105890107806772,0.00024468860605892035,0.00021676582707349568,ok,51.741422714976785,2.2242339770309627
430,417,1826200,landscape,random_direct,0,0.0010000000474974513,0.0010589002631604671,0.000629886175286069,0.0004791090028077858,ok,51.84234003815013,2.2346333949826658
431,418,1826200,landscape,latent,0,0.0020000000949949026,0.0021180210169404745,0.000488976265645194,0.0004332243917364866,ok,51.531841437157446,2.2491743126884103
432,419,1826200,landscape,tangent_direct,0,0.0020000000949949026,0.0021178056485950947,0.000489368591654005,0.0004335268623413819,ok,51.54986328960086,2.2239465098828077
433,420,1826200,landscape,random_direct,0,0.0020000000949949026,0.0021178016904741526,0.001259757090349579,0.0009582111785146969,ok,51.478841520734456,2.2284210370853543
434,421,1826200,landscape,latent,0,0.004000000189989805,0.00423627533018589,0.0009774401376324785,0.0008660962214779943,ok,51.358280401925796,2.2354208771139383
435,422,1826200,landscape,tangent_direct,0,0.004000000189989805,0.004235601518303156,0.0009787327260080464,0.0008670483757332739,ok,51.368315140411084,2.247913490049541
436,423,1826200,landscape,random_direct,0,0.004000000189989805,0.0042356024496257305,0.0025195063507963407,0.001916417396847727,ok,50.694620771277805,2.22654883004725
437,424,1826200,landscape,latent,0,0.006000000052154064,0.006354932207614183,0.0014656448212360313,0.0012988177602290933,ok,51.1688943252825,2.223744072020054
438,425,1826200,landscape,tangent_direct,0,0.006000000052154064,0.0063534025102853775,0.0014681109206636411,0.0013005794669974158,ok,51.19419391550119,2.2340521598234773
439,426,1826200,landscape,random_direct,0,0.006000000052154064,0.006353403907269239,0.00377926255777763,0.002874628421438881,ok,50.15568001131029,2.248049349989742
440,427,1826200,landscape,latent,0,0.008999999612569809,0.009533852338790894,0.002197383502146142,0.001947582530428465,ok,50.86460208377835,2.2219625930301845
441,428,1826200,landscape,tangent_direct,0,0.008999999612569809,0.009530105628073215,0.002202157898391231,0.0019508635544497623,ok,50.861501186203895,2.223294637631625
442,429,1826200,landscape,random_direct,0,0.008999999612569809,0.00953010655939579,0.005668877781217124,0.004311932739736134,ok,48.994125173340144,2.2350279153324664
443,430,1826200,landscape,latent,0,0.012000000104308128,0.01271397527307272,0.00292877027730657,0.002596223062944046,ok,50.0199341679156,2.2485162620432675
444,431,1826200,landscape,tangent_direct,0,0.012000000104308128,0.012706806883215904,0.002936217631773744,0.0026011564168823918,ok,49.990805275091795,2.222101034130901
445,432,1826200,landscape,random_direct,0,0.012000000104308128,0.01270680595189333,0.007558501293811816,0.0057492449713580735,ok,47.93516305685853,2.2332072029821575
446,433,1826200,landscape,latent,0,0.017999999225139618,0.01907859370112419,0.004391283013291611,0.0038938856153545582,ok,49.299396100706126,2.2356760278344154
447,434,1826200,landscape,tangent_direct,0,0.017999999225139618,0.019060205668210983,0.004404315584692293,0.00390172634639792,ok,49.31970389205929,2.248441932722926
448,435,1826200,landscape,random_direct,0,0.017999999225139618,0.019060209393501282,0.011337756674301574,0.00862386939511309,ok,46.380996374077455,2.2218193439766765
449,436,1826200,landscape,latent,0,0.024000000208616257,0.025450628250837326,0.005855051566935016,0.00519343346927231,ok,48.03494940056984,2.224568134173751
450,437,1826200,landscape,tangent_direct,0,0.024000000208616257,0.02541361190378666,0.005872422127054785,0.005202301097290125,ok,48.0303220980154,2.2357511199079454
451,438,1826200,landscape,random_direct,0,0.024000000208616257,0.025413615629076958,0.015116999332186687,0.011498487511612168,ok,44.96842355662852,2.2582759661599994
452,439,1826200,landscape,latent,0,0.029999999329447746,0.0318312793970108,0.0073215928673523644,0.006496225067144907,ok,47.12856675448751,2.2177091720514
453,440,1826200,landscape,tangent_direct,0,0.029999999329447746,0.031767018139362335,0.007340525666118428,0.006502877686264847,ok,47.11236094528248,2.219718167092651
454,441,1826200,landscape,random_direct,0,0.029999999329447746,0.031767018139362335,0.018896259937037873,0.014373113923400994,ok,43.66847027824308,2.234590732958168
455,442,1826200,landscape,latent,0,0.04500000178813934,0.04782998189330101,0.0110106200063689,0.009776759530721083,ok,43.4373840222196,4.3735959669575095
456,443,1826200,landscape,tangent_direct,0,0.04500000178813934,0.0476505272090435,0.011010787504140923,0.009754313469304977,ok,43.52574325752468,4.320372879039496
457,444,1826200,landscape,random_direct,0,0.04500000178813934,0.0476505272090435,0.028344367423751002,0.021559660178568793,ok,31.609571376154236,2.2203202778473496
458,445,1826200,landscape,latent,0,0.05999999865889549,0.06391257792711258,0.014751987054243654,0.01310866445298782,no_axis,0.11181714226491064,3.9729950320906937
459,446,1826200,landscape,tangent_direct,0,0.05999999865889549,0.06353402882814407,0.01468104477817668,0.013005748790095022,no_axis,0.11172684012800421,3.998096402734518
460,447,1826200,landscape,random_direct,0,0.05999999865889549,0.06353402882814407,0.03779247252414904,0.028746203370337384,ok,21.312727066560885,2.2244330178946257
461,448,1826200,landscape,latent,0,0.09000000357627869,0.09642214328050613,0.02250141299692543,0.020022579368013733,no_axis,0.11153557752270503,3.952415719628334
462,449,1826200,landscape,tangent_direct,0,0.09000000357627869,0.095301054418087,0.022021572788187813,0.019508628702896096,no_axis,0.1112580317870125,3.972772422246635
463,450,1826200,landscape,random_direct,0,0.09000000357627869,0.095301054418087,0.056688736957633296,0.0431193209004387,ok,13.895336087999782,4.364251531660557
464,451,1826200,landscape,latent,0,0.11999999731779099,0.12958835065364838,0.03084418542987604,0.027472616082516544,no_axis,0.11119009536456625,3.9484318615868688
465,452,1826200,landscape,tangent_direct,0,0.11999999731779099,0.12706805765628815,0.029362095989051522,0.02601150238258801,no_axis,0.11073835165514341,3.9526263177394867
466,453,1826200,landscape,random_direct,0,0.11999999731779099,0.12706805765628815,0.07558497064735484,0.057492419695498065,no_axis,0.10999875029467146,3.973584247753024
467,454,1826200,landscape,latent,0,0.18000000715255737,0.19924339652061462,0.05109390374466481,0.04544454048425707,ok,36.510155007084926,4.364695763681084
468,455,1826200,landscape,tangent_direct,0,0.18000000715255737,0.190602108836174,0.04404313911515003,0.039017250746888936,no_axis,0.10966500899670349,3.949119876138866
469,456,1826200,landscape,random_direct,0,0.18000000715255737,0.1906021237373352,0.11337744130198926,0.08623862445646928,no_axis,0.10947254593848516,3.9548549060709774
470,457,1826200,landscape,latent,0,0.23999999463558197,0.27497076988220215,0.07912985919909699,0.06989370764087674,ok,32.11942149537261,2.2312237950973213
471,458,1826200,landscape,tangent_direct,0,0.23999999463558197,0.2541361153125763,0.05872419476865045,0.052023006746451425,flux_rejected,0.3359107508591168,4.276213676668704
472,459,1826200,landscape,random_direct,0,0.23999999463558197,0.2541361153125763,0.15116991559653978,0.11498482632005327,flux_rejected,0.33035794699801846,2.126996020320803
473,460,1826200,landscape,latent,1,-0.23999999463558197,0.2362297624349594,0.0935019129066604,0.07557403818333962,flux_rejected,0.3287807546782534,2.1296165948733687
474,461,1826200,landscape,tangent_direct,1,-0.23999999463558197,0.20300869643688202,0.05839199665601241,0.04786428420381253,no_axis,0.10586137401700896,3.9739870941266418
475,462,1826200,landscape,random_direct,1,-0.23999999463558197,0.20300866663455963,0.14873655473096353,0.11209702668502763,no_surface,0.29473417008197156,4.259846895001829
476,463,1826200,landscape,latent,1,-0.18000000715255737,0.1593635380268097,0.05431058414423049,0.0442916244911569,flux_rejected,0.3518009069257938,2.126853001303971
477,464,1826200,landscape,tangent_direct,1,-0.18000000715255737,0.15225651860237122,0.043794004069101285,0.035898214994796465,no_axis,0.10784875913771122,3.952887646853924
478,465,1826200,landscape,random_direct,1,-0.18000000715255737,0.15225651860237122,0.11155238866102453,0.0840727550448995,no_surface,0.3360348273869998,2.1232114559970796
479,466,1826200,landscape,latent,1,-0.11999999731779099,0.10211306810379028,0.03213279901732225,0.02630811051238984,ok,51.92522448866477,2.2323183678090572
480,467,1826200,landscape,tangent_direct,1,-0.11999999731779099,0.10150434821844101,0.029195983080953194,0.02393213072869941,flux_rejected,0.3641176455078227,2.1351094623096287
481,468,1826200,landscape,random_direct,1,-0.11999999731779099,0.10150433331727982,0.07436824886841192,0.056048496716914656,ok,2.4996460373739304,2.1796347773633897
482,469,1826200,landscape,latent,1,-0.09000000357627869,0.07598969340324402,0.02327970724697589,0.019076731934821466,ok,52.10030349068621,2.2261230889707804
483,470,1826200,landscape,tangent_direct,1,-0.09000000357627869,0.0761282667517662,0.021897003682465752,0.017949110684525864,ok,51.40877525944362,2.2406882997602224
484,471,1826200,landscape,random_direct,1,-0.09000000357627869,0.07612825930118561,0.055776217634785526,0.04203639114075752,ok,18.045167990644828,2.1765337479300797
485,472,1826200,landscape,latent,1,-0.05999999865889549,0.05050675570964813,0.01512473583643453,0.012399281685347568,ok,52.30184971377197,2.221693628001958
486,473,1826200,landscape,tangent_direct,1,-0.05999999865889549,0.050752174109220505,0.014597995012928598,0.011966068316220367,ok,51.72745166830838,2.231055547017604
487,474,1826200,landscape,random_direct,1,-0.05999999865889549,0.050752170383930206,0.03718411594345285,0.028024242832337377,ok,41.34352180617182,2.236160208005458
488,475,1826200,landscape,latent,1,-0.04500000178813934,0.037877656519412994,0.01122425127889296,0.009202374893217572,ok,52.335857845678845,2.2427552402950823
489,476,1826200,landscape,tangent_direct,1,-0.04500000178813934,0.038064129650592804,0.010948491260085472,0.008974547867998794,ok,52.21893418372413,2.2203614050522447
490,477,1826200,landscape,random_direct,1,-0.04500000178813934,0.038064129650592804,0.027888105296099596,0.021018193835483243,ok,44.25313429197892,2.222701681777835
491,478,1826200,landscape,latent,1,-0.029999999329447746,0.025271791964769363,0.007413135084710257,0.006077801639917976,ok,52.10198187653954,4.377730337902904
492,479,1826200,landscape,tangent_direct,1,-0.029999999329447746,0.025376085191965103,0.0072989880970276465,0.005983027016145577,ok,52.02470308122663,4.33294513495639
493,480,1826200,landscape,random_direct,1,-0.029999999329447746,0.025376083329319954,0.018592053566838247,0.014012118050604993,ok,47.63375703014461,2.2159318360500038
494,481,1826200,landscape,latent,1,-0.024000000208616257,0.020228562876582146,0.0059101587556448735,0.00484547999142422,ok,51.91401651463096,2.2356465770862997
495,482,1826200,landscape,tangent_direct,1,-0.024000000208616257,0.02030087076127529,0.005839199420024579,0.004786429903627157,ok,51.91660213172094,2.2493346123956144
496,483,1826200,landscape,random_direct,1,-0.024000000208616257,0.020300867035984993,0.014873639267539951,0.01120969288195205,ok,48.842820865246,2.21772667998448
497,484,1826200,landscape,latent,1,-0.017999999225139618,0.015181622467935085,0.004418027533968366,0.003622055713274075,ok,52.30741306734678,2.224294991698116
498,485,1826200,landscape,tangent_direct,1,-0.017999999225139618,0.015225651673972607,0.0043794056482226945,0.0035898244794073495,ok,52.318324331951686,2.2362843500450253
499,486,1826200,landscape,random_direct,1,-0.017999999225139618,0.015225649811327457,0.011155219294925665,0.008407263267931238,ok,49.652978607841526,2.2443660111166537
500,487,1826200,landscape,latent,1,-0.012000000104308128,0.010129276663064957,0.0029361789291168635,0.0024070937329133085,ok,52.160182346283975,2.223232213873416
501,488,1826200,landscape,tangent_direct,1,-0.012000000104308128,0.01015043631196022,0.0029196005098281893,0.0023932134200298754,ok,52.19653190385376,2.2256544013507664
502,489,1826200,landscape,random_direct,1,-0.012000000104308128,0.010150435380637646,0.007436809190987114,0.005604841280310347,ok,50.7381647874289,2.234179066028446
503,490,1826200,landscape,latent,1,-0.008999999612569809,0.007600369397550821,0.0021988296272764437,0.0018025672075749229,ok,52.06176538648387,2.248610049020499
504,491,1826200,landscape,tangent_direct,1,-0.008999999612569809,0.007612826302647591,0.0021896970325496505,0.001794908288138388,ok,52.05746003404276,2.2220925982110202
505,492,1826200,landscape,random_direct,1,-0.008999999612569809,0.007612826302647591,0.005577606285548537,0.004203628625803198,ok,51.20648974218589,2.219849430024624
506,493,1826200,landscape,latent,1,-0.006000000052154064,0.005069372709840536,0.0014636981366201295,0.0011999014516207132,ok,51.94602517136439,2.2361510158516467
507,494,1826200,landscape,tangent_direct,1,-0.006000000052154064,0.005075215827673674,0.0014597918449814147,0.0011966011574142202,ok,51.943663359581535,2.2484916797839105
508,495,1826200,landscape,random_direct,1,-0.006000000052154064,0.005075215827673674,0.0037184040696945004,0.002802419903534181,ok,51.73977395269953,2.222494395915419
509,496,1826200,landscape,latent,1,-0.004000000189989805,0.0033807046711444855,0.0009748494463985385,0.0007991412837469472,ok,51.88888543849826,2.227534452918917
510,497,1826200,landscape,tangent_direct,1,-0.004000000189989805,0.003383479081094265,0.000973190570423696,0.0007977320808859734,ok,51.898910970252736,2.2356107220984995
511,498,1826200,landscape,random_direct,1,-0.004000000189989805,0.003383478382602334,0.00247893736626363,0.0018682783588332848,ok,51.72105858314687,2.2490066830068827
512,499,1826200,landscape,latent,1,-0.0020000000949949026,0.0016910077538341284,0.00048697450021855613,0.0003991997255482844,ok,52.03743703658005,2.2254821662791073
513,500,1826200,landscape,tangent_direct,1,-0.0020000000949949026,0.0016917403554543853,0.00048660104648133964,0.0003988679538306505,ok,52.0205765116369,2.2245739880017936
514,501,1826200,landscape,random_direct,1,-0.0020000000949949026,0.0016917409375309944,0.0012394714387141065,0.0009341424985007822,ok,52.242388253364474,2.234921413939446
515,502,1826200,landscape,latent,1,-0.0010000000474974513,0.0008456744253635406,0.0002433559467281463,0.0001994919979850964,ok,52.067606463342166,2.249240716919303
516,503,1826200,landscape,tangent_direct,1,-0.0010000000474974513,0.0008458696538582444,0.0002433011184230585,0.00019943314669654207,ok,52.062044189641995,2.2217762488871813
517,504,1826200,landscape,random_direct,1,-0.0010000000474974513,0.0008458700031042099,0.0006197193150819492,0.0004670603814615609,ok,52.13415175867765,2.2285449230112135
518,414,1826200,landscape,latent,1,0.0,1.0436745867536956e-07,4.4640317867836566e-08,3.318825207861222e-08,ok,52.011007554823856,2.2507524639368057
519,368,1826200,landscape,tangent_direct,1,0.0,0.0,0.0,0.0,ok,52.02015668052781,2.22429089108482
520,368,1826200,landscape,random_direct,1,0.0,0.0,0.0,0.0,ok,52.02015668052781,2.22429089108482
521,505,1826200,landscape,latent,1,0.0010000000474974513,0.000845864589791745,0.00024316102497679874,0.0001993143618158584,ok,52.00942238524316,2.2365652481094003
522,506,1826200,landscape,tangent_direct,1,0.0010000000474974513,0.0008458696538582444,0.0002433044858566668,0.00019943838472525618,ok,52.01284032639067,2.248571537900716
523,507,1826200,landscape,random_direct,1,0.0010000000474974513,0.0008458700031042099,0.00061973439608208,0.00046707177561539195,ok,51.57002180477101,2.2216711207292974
524,508,1826200,landscape,latent,1,0.0020000000949949026,0.0016921564238145947,0.000486093569734674,0.00039845154346015624,ok,51.9868529232289,2.2234116718173027
525,509,1826200,landscape,tangent_direct,1,0.0020000000949949026,0.0016917403554543853,0.00048660874180721247,0.00039887397021276815,ok,51.970170798561334,2.2405752278864384
526,510,1826200,landscape,random_direct,1,0.0020000000949949026,0.0016917410539463162,0.0012394778693840215,0.0009341474239581925,ok,51.405188082260295,2.2485624118708074
527,511,1826200,landscape,latent,1,0.004000000189989805,0.0033856297377496958,0.0009712771277866169,0.0007961310350257702,ok,51.85031401388115,2.2226734133437276
528,512,1826200,landscape,tangent_direct,1,0.004000000189989805,0.0033834795467555523,0.0009731994408195875,0.0007977412884697223,ok,51.85466337413386,2.2239982658065856
529,513,1826200,landscape,random_direct,1,0.004000000189989805,0.0033834779169410467,0.0024789542372805266,0.001868289769235734,ok,50.38122854788522,2.2354708020575345
530,514,1826200,landscape,latent,1,0.006000000052154064,0.005080522503703833,0.001455626292483427,0.0011931084732506427,ok,51.778910030851,2.253928253892809
531,515,1826200,landscape,tangent_direct,1,0.006000000052154064,0.005075216293334961,0.001459799113028249,0.0011966058387475774,ok,51.76400289735705,2.2228167871944606
532,516,1826200,landscape,random_direct,1,0.006000000052154064,0.005075216758996248,0.0037184141212061473,0.0028024269691498136,ok,49.25428639223504,2.2198840812779963
533,517,1826200,landscape,latent,1,0.008999999612569809,0.007625656668096781,0.0021805890880816493,0.0017872728022256497,ok,51.61379046770342,2.239927144255489
534,518,1826200,landscape,tangent_direct,1,0.008999999612569809,0.007612825371325016,0.0021897038825753833,0.0017949161470810276,ok,51.594785376882946,2.2527446458116174
535,519,1826200,landscape,random_direct,1,0.008999999612569809,0.007612826302647591,0.005577625849015582,0.004203641671835811,ok,47.56377648142606,2.217919197399169
536,520,1826200,landscape,latent,1,0.012000000104308128,0.010174287483096123,0.0029037420199102726,0.0023799012861064183,ok,51.43913974317936,2.2284606406465173
537,521,1826200,landscape,tangent_direct,1,0.012000000104308128,0.01015043631196022,0.0029196067420495246,0.0023932204418623997,ok,51.45092428376994,2.2390109659172595
538,522,1826200,landscape,random_direct,1,0.012000000104308128,0.010150435380637646,0.007436816669132809,0.00560484583698469,ok,45.051765180687376,4.373361022211611
539,523,1826200,landscape,latent,1,0.017999999225139618,0.015283098444342613,0.0043449922282904965,0.003560840505472379,ok,51.320938085502206,2.2302163508720696
540,524,1826200,landscape,tangent_direct,1,0.017999999225139618,0.015225652605295181,0.004379408394225318,0.0035898264597876866,ok,51.34077934420306,2.2241325192153454
541,525,1826200,landscape,random_direct,1,0.017999999225139618,0.015225649811327457,0.01115525136285674,0.008407283147923342,no_axis,0.1114530251479637,3.972784159705043
542,526,1826200,landscape,latent,1,0.024000000208616257,0.020408887416124344,0.005779950622122538,0.004736366160576624,ok,50.90346621592439,2.2485145991668105
543,527,1826200,landscape,tangent_direct,1,0.024000000208616257,0.02030087076127529,0.00583920041654473,0.004786428560399377,ok,50.900312112813545,2.2232260210439563
544,528,1826200,landscape,random_direct,1,0.024000000208616257,0.020300867035984993,0.014873659003560271,0.011209705132691495,no_axis,0.11107244471615635,3.9525194060988724
545,529,1826200,landscape,latent,1,0.029999999329447746,0.025553550571203232,0.007209183484531436,0.0059069121118372585,ok,50.49056716284099,2.2356539517641068
546,530,1826200,landscape,tangent_direct,1,0.029999999329447746,0.025376085191965103,0.007298995172567766,0.005983032360006494,ok,50.48265958125514,2.249248518142849
547,531,1826200,landscape,random_direct,1,0.029999999329447746,0.025376083329319954,0.018592085406012867,0.014012137648209626,no_axis,0.11064268414527681,3.949892392847687
548,532,1826200,landscape,latent,1,0.04500000178813934,0.03851054608821869,0.010761202042302553,0.00881449550235357,ok,49.817817404938616,2.224717488978058
549,533,1826200,landscape,tangent_direct,1,0.04500000178813934,0.0380641333758831,0.010948498467203971,0.008974552130972542,ok,49.8282576015482,2.235572543926537
550,534,1826200,landscape,random_direct,1,0.04500000178813934,0.038064129650592804,0.02788811569832359,0.021018200290274867,no_axis,0.10958855589511536,3.998804921284318
551,535,1826200,landscape,latent,1,0.05999999865889549,0.051629438996315,0.014290849279422887,0.011701099943609097,ok,49.061025027119015,2.225393110886216
552,536,1826200,landscape,tangent_direct,1,0.05999999865889549,0.050752174109220505,0.014597999882929499,0.01196607265679632,ok,49.106573908674456,2.2240588939748704
553,537,1826200,landscape,random_direct,1,0.05999999865889549,0.050752170383930206,0.03718412970223662,0.028024251904045182,no_axis,0.1084202585625689,3.9735428569838405
554,538,1826200,landscape,latent,1,0.09000000357627869,0.07851193100214005,0.02132482429255637,0.017443612300657756,ok,47.546066665756605,2.2449625399895012
555,539,1826200,landscape,tangent_direct,1,0.09000000357627869,0.0761282667517662,0.021897011584208106,0.017949115192635312,ok,47.35340619577925,2.21800606418401
556,540,1826200,landscape,random_direct,1,0.09000000357627869,0.07612825930118561,0.05577622719277981,0.04203639591872191,no_axis,0.10572853973744203,3.952154920902103
557,541,1826200,landscape,latent,1,0.11999999731779099,0.10662265866994858,0.028396039760276357,0.023203574660726853,ok,45.69281753211946,2.2317150700837374
558,542,1826200,landscape,tangent_direct,1,0.11999999731779099,0.10150434076786041,0.029196004958133712,0.02393214652876916,ok,45.678374950995604,2.2446844200603664
559,543,1826200,landscape,random_direct,1,0.11999999731779099,0.10150433331727982,0.07436826296901096,0.05604850668264355,no_axis,0.10111176067598303,3.9498797822743654
560,544,1826200,landscape,latent,1,0.18000000715255737,0.16870665550231934,0.04294010739952069,0.03504316327447853,ok,41.99821926589388,2.2167870132252574
561,545,1826200,landscape,tangent_direct,1,0.18000000715255737,0.15225651860237122,0.043794002247304106,0.035898216097825474,ok,42.26518910724479,2.2418709928169847
562,546,1826200,landscape,random_direct,1,0.18000000715255737,0.15225651860237122,0.11155242097626705,0.08407277549763624,ok,9.351874598786523,2.202460363972932
563,547,1826200,landscape,latent,1,0.23999999463558197,0.24160265922546387,0.05843160131784927,0.04770333684683094,ok,36.903589052217264,2.2105841292068362
564,548,1826200,landscape,tangent_direct,1,0.23999999463558197,0.20300869643688202,0.058392002032181735,0.047864287580598075,ok,39.0940608981507,2.2149667469784617
565,549,1826200,landscape,random_direct,1,0.23999999463558197,0.20300868153572083,0.14873656340610514,0.11209703439318211,ok,3.316344503326412,2.1894947728142142
566,550,1826200,landscape,latent,2,-0.23999999463558197,0.31784436106681824,0.13926075428904341,0.11538720238951486,ok,42.54154424100561,4.378039996139705
567,551,1826200,landscape,tangent_direct,2,-0.23999999463558197,0.23761864006519318,0.1010176451476826,0.08603430735016114,ok,36.90248720438135,4.314747249241918
568,552,1826200,landscape,random_direct,2,-0.23999999463558197,0.23761864006519318,0.12361065880353643,0.10182869580380162,no_axis,0.10845751447277535,3.952255084645003
569,553,1826200,landscape,latent,2,-0.18000000715255737,0.2218836098909378,0.0965452400523628,0.08060145573866864,ok,43.31000929769624,4.34859657427296
570,554,1826200,landscape,tangent_direct,2,-0.18000000715255737,0.17821399867534637,0.07576323061474527,0.06452572787773762,no_axis,0.11083411400497421,3.999053389765322
571,555,1826200,landscape,random_direct,2,-0.18000000715255737,0.17821399867534637,0.09270798769839039,0.07637151726509511,no_axis,0.10512693281103898,3.9522844390012324
572,556,1826200,landscape,latent,2,-0.11999999731779099,0.13357487320899963,0.05686854523121904,0.047992460916949954,ok,45.73495906219886,4.328409886918962
573,557,1826200,landscape,tangent_direct,2,-0.11999999731779099,0.11880932003259659,0.05050883482024983,0.04301716082692898,ok,45.36884163108508,4.352351563051343
574,558,1826200,landscape,random_direct,2,-0.11999999731779099,0.11880932003259659,0.06180531934192803,0.05091434003804867,no_axis,0.10588878291226363,3.998406397178769
575,559,1826200,landscape,latent,2,-0.09000000357627869,0.09608207643032074,0.040714133199338434,0.034479492238764835,ok,47.65934668013642,2.2227577823214233
576,560,1826200,landscape,tangent_direct,2,-0.09000000357627869,0.08910699933767319,0.03788161240802245,0.03226286606316482,ok,47.29598299205373,2.2259561950340867
577,561,1826200,landscape,random_direct,2,-0.09000000357627869,0.08910699188709259,0.046353995737999434,0.03818575694859758,no_axis,0.10788308993224344,3.972968741785735
578,562,1826200,landscape,latent,2,-0.05999999865889549,0.06202966347336769,0.026257002326380535,0.02229028941709279,ok,49.08517877415638,2.248264954891056
579,563,1826200,landscape,tangent_direct,2,-0.05999999865889549,0.05940466374158859,0.0252544151645869,0.02150857842838323,ok,48.927259451732674,2.2224123650230467
580,564,1826200,landscape,random_direct,2,-0.05999999865889549,0.059404660016298294,0.030902667585786987,0.025457173568392676,no_axis,0.10990182971462772,3.952158461790532
581,565,1826200,landscape,latent,2,-0.04500000178813934,0.04591797664761543,0.01944475579832223,0.016522955906190084,ok,49.812351617135164,2.2352281832136214
582,566,1826200,landscape,tangent_direct,2,-0.04500000178813934,0.044553499668836594,0.018940805713162444,0.016131429370158917,ok,49.71759211722233,2.248899188823998
583,567,1826200,landscape,random_direct,2,-0.04500000178813934,0.044553499668836594,0.02317698513706445,0.019092873410462237,no_axis,0.11075043819676395,3.9514249940402806
584,568,1826200,landscape,latent,2,-0.029999999329447746,0.03026353381574154,0.01282682350192478,0.010908584747139797,ok,50.518680191668444,2.2253425689414144
585,569,1826200,landscape,tangent_direct,2,-0.029999999329447746,0.029702328145503998,0.012627208837724785,0.010754290472779487,ok,50.484431385937086,2.235050463117659
586,570,1826200,landscape,random_direct,2,-0.029999999329447746,0.029702328145503998,0.01545132385226012,0.012728578523028816,no_axis,0.11143196864985534,3.998736176174134
587,571,1826200,landscape,latent,2,-0.024000000208616257,0.02410987578332424,0.010223426850909358,0.008697226855966519,ok,51.030296979334736,2.2222008472308517
588,572,1826200,landscape,tangent_direct,2,-0.024000000208616257,0.023761864751577377,0.01010176413221949,0.00860343104425944,ok,50.99466746460214,2.2242832398042083
589,573,1826200,landscape,random_direct,2,-0.024000000208616257,0.023761864751577377,0.012361059325330107,0.010182866410703947,no_axis,0.11167276660759509,3.9729792959988117
590,574,1826200,landscape,latent,2,-0.017999999225139618,0.018010791391134262,0.007641260126473388,0.00650247095291963,ok,51.50689099813151,2.248359987977892
591,575,1826200,landscape,tangent_direct,2,-0.017999999225139618,0.01782139763236046,0.007576308618196418,0.006452563401813167,ok,51.506622707192875,2.2221075338311493
592,576,1826200,landscape,random_direct,2,-0.017999999225139618,0.01782139576971531,0.009270780467010253,0.007637140112175828,ok,41.79192273255653,4.318989036139101
593,577,1826200,landscape,latent,2,-0.012000000104308128,0.01196200866252184,0.005077949141270378,0.00432241777952787,ok,51.6117370241044,2.2394031560979784
594,578,1826200,landscape,tangent_direct,2,-0.012000000104308128,0.011880932375788689,0.005050885317386443,0.004301716580975929,ok,51.64055775066103,2.2536781579256058
595,579,1826200,landscape,random_direct,2,-0.012000000104308128,0.011880932375788689,0.006180532025590397,0.005091432669927546,ok,46.49069892542811,2.2189847831614316
596,580,1826200,landscape,latent,2,-0.008999999612569809,0.008955332450568676,0.0038027977964015624,0.0032374503233853686,ok,51.771400573104145,2.2273704796098173
597,581,1826200,landscape,tangent_direct,2,-0.008999999612569809,0.00891069695353508,0.0037881554666664057,0.003226284328670313,ok,51.77664777132109,2.2395557891577482
598,582,1826200,landscape,random_direct,2,-0.008999999612569809,0.00891069881618023,0.004635407476510061,0.0038185780371293395,ok,48.05113269998475,2.2440958209335804
599,583,1826200,landscape,latent,2,-0.006000000052154064,0.00595966586843133,0.0025315333523914475,0.0021554655719892178,ok,51.89952010330153,2.227753777988255
600,584,1826200,landscape,tangent_direct,2,-0.006000000052154064,0.005940467119216919,0.0025254427290332007,0.002150858757431954,ok,51.924293567724355,2.228810010943562
601,585,1826200,landscape,random_direct,2,-0.006000000052154064,0.00594046525657177,0.0030902565221280543,0.0025457083842281027,ok,49.247936900806835,2.235540788155049
602,586,1826200,landscape,latent,2,-0.004000000189989805,0.003968487959355116,0.0016860875510543644,0.001435750125414516,ok,51.93343473445205,2.279710470698774
603,587,1826200,landscape,tangent_direct,2,-0.004000000189989805,0.003960310015827417,0.0016836291427156243,0.0014339061688881745,ok,51.978693503379326,2.23337145941332
604,588,1826200,landscape,random_direct,2,-0.004000000189989805,0.003960311412811279,0.002060166679357746,0.0016971363915820798,ok,50.27544768262496,2.2243132051080465
605,589,1826200,landscape,latent,2,-0.0020000000949949026,0.0019819571170955896,0.0008422384066802567,0.0007172579866670541,ok,51.998494629924075,2.235179910901934
606,590,1826200,landscape,tangent_direct,2,-0.0020000000949949026,0.0019801573362201452,0.0008418120120464848,0.0007169494954362291,ok,52.00846470298636,2.247668890748173
607,591,1826200,landscape,random_direct,2,-0.0020000000949949026,0.0019801557064056396,0.0010300740188596597,0.0008485633754033007,ok,51.29438057511336,2.2226494108326733
608,592,1826200,landscape,latent,2,-0.0010000000474974513,0.0009904211619868875,0.00042094586976931326,0.0003584970976275715,ok,52.0177035769849,2.224042836111039
609,593,1826200,landscape,tangent_direct,2,-0.0010000000474974513,0.0009900785516947508,0.00042089856085510255,0.00035847180371408635,ok,52.0217511955913,2.2354311659000814
610,594,1826200,landscape,random_direct,2,-0.0010000000474974513,0.0009900765726342797,0.0005150284674698196,0.0004242751020745776,ok,51.50057505033982,2.2455398002639413
611,414,1826200,landscape,latent,2,0.0,1.0436745867536956e-07,4.4640317867836566e-08,3.318825207861222e-08,ok,52.011007554823856,2.2507524639368057
612,368,1826200,landscape,tangent_direct,2,0.0,0.0,0.0,0.0,ok,52.02015668052781,2.22429089108482
613,368,1826200,landscape,random_direct,2,0.0,0.0,0.0,0.0,ok,52.02015668052781,2.22429089108482
614,595,1826200,landscape,latent,2,0.0010000000474974513,0.0009893678361549973,0.00042069336175087267,0.0003582990831652925,ok,52.01918010243562,2.223278549965471
615,596,1826200,landscape,tangent_direct,2,0.0010000000474974513,0.0009900785516947508,0.00042091708947710604,0.0003584823592381263,ok,52.03693789095764,2.2402848438359797
616,597,1826200,landscape,random_direct,2,0.0010000000474974513,0.0009900765726342797,0.0005150388128216278,0.0004242845682492618,ok,52.21119194718703,2.2396948910318315
617,598,1826200,landscape,latent,2,0.0020000000949949026,0.001977654406800866,0.0008408672061490939,0.0007162230829078114,ok,52.04365733160206,2.24775556800887
618,599,1826200,landscape,tangent_direct,2,0.0020000000949949026,0.0019801573362201452,0.0008418310077222542,0.0007169618773371996,ok,52.0172163181618,2.222563761752099
619,600,1826200,landscape,random_direct,2,0.0020000000949949026,0.0019801557064056396,0.0010300945431033028,0.0008485765728570929,ok,52.36893741814868,2.231522929854691
620,601,1826200,landscape,latent,2,0.004000000189989805,0.003951080143451691,0.0016803866491350847,0.0014314199225156621,ok,51.99587293664068,2.234719766769558
621,602,1826200,landscape,tangent_direct,2,0.004000000189989805,0.003960309084504843,0.0016836216849562095,0.0014339006557028743,ok,51.971935904919604,2.246127827093005
622,603,1826200,landscape,random_direct,2,0.004000000189989805,0.003960311412811279,0.0020601918348422356,0.0016971534468152637,ok,52.704186246228915,2.239427553024143
623,604,1826200,landscape,latent,2,0.006000000052154064,0.005920412950217724,0.0025185073905294544,0.002145552601183716,ok,51.85143443354726,2.223721952177584
624,605,1826200,landscape,tangent_direct,2,0.006000000052154064,0.005940467119216919,0.0025254419734412285,0.002150858264421973,ok,51.847813768862316,2.233944154344499
625,606,1826200,landscape,random_direct,2,0.006000000052154064,0.005940464790910482,0.0030902741619939222,0.0025457206115962684,ok,52.67867673311158,2.24525039922446
626,607,1826200,landscape,latent,2,0.008999999612569809,0.008866896852850914,0.0037734276176639293,0.0032150411766329913,ok,51.80795182173178,2.222334232646972
627,608,1826200,landscape,tangent_direct,2,0.008999999612569809,0.00891069695353508,0.003788161955792747,0.0032262900529639806,ok,51.83958358412357,2.2243621731176972
628,609,1826200,landscape,random_direct,2,0.008999999612569809,0.00891069881618023,0.00463541994702955,0.003818589865557571,ok,53.06349199003926,2.239354479126632
629,610,1826200,landscape,latent,2,0.012000000104308128,0.011804739944636822,0.005025652119748703,0.004282520897681585,ok,51.84722003992219,2.247930806130171
630,611,1826200,landscape,tangent_direct,2,0.012000000104308128,0.011880932375788689,0.0050509013377083994,0.004301726316752548,ok,51.84838738587992,2.221737259067595
631,612,1826200,landscape,random_direct,2,0.012000000104308128,0.011880932375788689,0.006180534866887114,0.005091435750678119,ok,53.53520060125174,2.2253752048127353
632,613,1826200,landscape,latent,2,0.017999999225139618,0.017656125128269196,0.007522984436689503,0.006412265729339912,ok,51.8960706250069,2.2336385678499937
633,614,1826200,landscape,tangent_direct,2,0.017999999225139618,0.01782139763236046,0.007576321015660295,0.006452570175794221,ok,51.91178882261897,2.2483825949020684
634,615,1826200,landscape,random_direct,2,0.017999999225139618,0.01782139576971531,0.009270809659362438,0.00763715838470627,ok,53.616291329133944,2.2222149362787604
635,616,1826200,landscape,latent,2,0.024000000208616257,0.023477613925933838,0.010012213650039155,0.008536167229416008,ok,51.528006648388995,2.224806517828256
636,617,1826200,landscape,tangent_direct,2,0.024000000208616257,0.023761864751577377,0.010101765874549331,0.008603434520699496,ok,51.54231951786194,2.2340527130290866
637,618,1826200,landscape,random_direct,2,0.024000000208616257,0.023761864751577377,0.012361081914239349,0.010182880842722935,ok,53.88719363941401,2.2437047390267253
638,619,1826200,landscape,latent,2,0.029999999329447746,0.029272163286805153,0.01249463505034629,0.010655347295642893,ok,51.54148840383758,2.2218556771986187
639,620,1826200,landscape,tangent_direct,2,0.029999999329447746,0.029702328145503998,0.012627209802888057,0.01075429029990703,ok,51.57961782766936,2.223627331200987
640,621,1826200,landscape,random_direct,2,0.029999999329447746,0.029702328145503998,0.015451338290703968,0.01272859052905842,ok,53.61958328773174,2.230017989873886
641,622,1826200,landscape,latent,2,0.04500000178813934,0.043659523129463196,0.018681318206852666,0.015941520978237745,ok,51.56645331661866,2.247391112614423
642,623,1826200,landscape,tangent_direct,2,0.04500000178813934,0.044553499668836594,0.01894079208237803,0.016131420820524482,ok,51.70840138458992,2.222066313959658
643,624,1826200,landscape,random_direct,2,0.04500000178813934,0.044553499668836594,0.023177000430151744,0.019092886398974874,ok,53.2546961894247,2.220119943842292
644,625,1826200,landscape,latent,2,0.05999999865889549,0.057941265404224396,0.02485844457599532,0.021226383792548275,ok,50.94330990857584,4.345485414844006
645,626,1826200,landscape,tangent_direct,2,0.05999999865889549,0.059404660016298294,0.02525441421332767,0.021508576627701066,ok,51.1456333013712,2.242806657217443
646,627,1826200,landscape,random_direct,2,0.05999999865889549,0.059404660016298294,0.030902674335011322,0.02545717931232793,ok,52.28464574230169,2.214129422791302
647,628,1826200,landscape,latent,2,0.09000000357627869,0.08637063950300217,0.037279278897369005,0.03187376846283935,ok,50.392399516768855,2.215912295039743
648,629,1826200,landscape,tangent_direct,2,0.09000000357627869,0.08910699933767319,0.03788160840630022,0.0322628608611085,ok,51.066605296450966,2.230338624678552
649,630,1826200,landscape,random_direct,2,0.09000000357627869,0.08910699188709259,0.04635400644369964,0.03818576550612245,ok,48.0927466109005,2.240270923823118
650,631,1826200,landscape,latent,2,0.11999999731779099,0.11497042328119278,0.04997870558471804,0.04278743822547319,ok,49.134113584900746,2.2094966028817
651,632,1826200,landscape,tangent_direct,2,0.11999999731779099,0.11880932003259659,0.050508830481940686,0.04301715885443315,ok,50.25049706368564,2.2117651207372546
652,633,1826200,landscape,random_direct,2,0.11999999731779099,0.11880932003259659,0.061805329307323964,0.05091434872985601,flux_rejected,0.33301882364869645,2.1351286941207945
653,634,1826200,landscape,latent,2,0.18000000715255737,0.17546091973781586,0.07786591044136308,0.06683855543062868,flux_rejected,0.3526204311272512,2.1605719411745667
654,635,1826200,landscape,tangent_direct,2,0.18000000715255737,0.17821399867534637,0.07576322971677264,0.06452572658648362,flux_rejected,0.35771584347579005,2.1349989916197956
655,636,1826200,landscape,random_direct,2,0.18000000715255737,0.17821399867534637,0.0927080037588932,0.07637152987454694,no_surface,0.30332764998482414,4.211503676138818
656,637,1826200,landscape,latent,2,0.23999999463558197,0.2653399109840393,0.12836577656495715,0.11039337933321282,flux_rejected,0.3334772976806843,2.1477434961125255
657,638,1826200,landscape,tangent_direct,2,0.23999999463558197,0.23761864006519318,0.10101764396899944,0.08603430493680343,flux_rejected,0.33804349027561664,2.152490984182805
658,639,1826200,landscape,random_direct,2,0.23999999463558197,0.23761864006519318,0.12361066067103516,0.10182869776132863,no_axis,0.10304034100733833,3.94893566891551
659,640,1826200,landscape,latent,3,-0.23999999463558197,0.30262643098831177,0.1370190400296444,0.12318780665182787,ok,37.298422884435425,4.294686319772154
660,641,1826200,landscape,tangent_direct,3,-0.23999999463558197,0.2490168809890747,0.08193224412900876,0.07083466919732231,ok,48.70773434849251,2.222786471247673
661,642,1826200,landscape,random_direct,3,-0.23999999463558197,0.2490168809890747,0.14306602314168015,0.1128071513845815,no_axis,0.10357353541706259,3.9984036250971258
662,643,1826200,landscape,latent,3,-0.18000000715255737,0.22019550204277039,0.0980595700562953,0.08904137115867182,flux_rejected,0.3565217791772386,2.1394987981766462
663,644,1826200,landscape,tangent_direct,3,-0.18000000715255737,0.18676267564296722,0.061449188385361175,0.05312600431202342,ok,49.18979507192053,2.2114766016602516
664,645,1826200,landscape,random_direct,3,-0.18000000715255737,0.18676267564296722,0.10729952685770001,0.08460537271603792,no_axis,0.10161767417313541,3.972557235043496
665,646,1826200,landscape,latent,3,-0.11999999731779099,0.13168567419052124,0.05258427988837237,0.046931157758755976,ok,48.90081312963396,2.2392448699101806
666,647,1826200,landscape,tangent_direct,3,-0.11999999731779099,0.12450844049453735,0.040966126496194896,0.035417337102393476,ok,49.60457145319546,2.218042897991836
667,648,1826200,landscape,random_direct,3,-0.11999999731779099,0.12450843304395676,0.07153300325665489,0.05640357028169015,no_axis,0.10087742916714984,3.9526439919136465
668,649,1826200,landscape,latent,3,-0.09000000357627869,0.09497281163930893,0.03551687005625596,0.03133294603290393,ok,49.805916703708405,2.2308305301703513
669,650,1826200,landscape,tangent_direct,3,-0.09000000357627869,0.09338134527206421,0.030724588729286233,0.026563001759364106,ok,50.00773249681568,2.2437060568481684
670,651,1826200,landscape,random_direct,3,-0.09000000357627869,0.09338133782148361,0.05364976714482924,0.04230268897966183,no_axis,0.10350815076356666,3.948806020896882
671,652,1826200,landscape,latent,3,-0.05999999865889549,0.06220371648669243,0.022078524064993638,0.019301154193053935,ok,50.52355281077156,2.2229689797386527
672,653,1826200,landscape,tangent_direct,3,-0.05999999865889549,0.06225422024726868,0.020483061243275483,0.017708667998938398,ok,50.504059678154036,2.2511258479207754
673,654,1826200,landscape,random_direct,3,-0.05999999865889549,0.06225422024726868,0.03576651085368174,0.028201792414313344,flux_rejected,0.3343113684822723,2.142221224028617
674,655,1826200,landscape,latent,3,-0.04500000178813934,0.0464925616979599,0.016145423840614945,0.014063981826475985,ok,50.48919168361348,2.2221288229338825
675,656,1826200,landscape,tangent_direct,3,-0.04500000178813934,0.046690668910741806,0.015362288146778556,0.013281496818718395,ok,50.48270819820143,2.245722954161465
676,657,1826200,landscape,random_direct,3,-0.04500000178813934,0.046690668910741806,0.02682489111812957,0.021151347810952792,flux_rejected,0.35744231313250585,2.1550018931739032
677,658,1826200,landscape,latent,3,-0.029999999329447746,0.030971040949225426,0.010545702540957061,0.009158538157749575,ok,50.892967977741186,2.2478977511636913
678,659,1826200,landscape,tangent_direct,3,-0.029999999329447746,0.031127111986279488,0.010241530922787305,0.008854331708449013,ok,50.900525635841994,2.222446517087519
679,660,1826200,landscape,random_direct,3,-0.029999999329447746,0.03112710826098919,0.017883262751317013,0.014100898332062796,ok,55.779672740405736,2.22035377798602
680,661,1826200,landscape,latent,3,-0.024000000208616257,0.024785064160823822,0.008377431851978005,0.007267748266532158,ok,51.0595004137764,2.2348876260221004
681,662,1826200,landscape,tangent_direct,3,-0.024000000208616257,0.02490168809890747,0.008193225744863664,0.007083467580521345,ok,51.074156351161804,2.2484234031289816
682,663,1826200,landscape,random_direct,3,-0.024000000208616257,0.02490168996155262,0.0143066093945385,0.011280720906815044,ok,55.277812287185306,2.2180998330004513
683,664,1826200,landscape,latent,3,-0.017999999225139618,0.018601123243570328,0.006242702288282019,0.00541044871711211,ok,51.26065867209476,2.24213849613443
684,665,1826200,landscape,tangent_direct,3,-0.017999999225139618,0.018676264211535454,0.006144907844393923,0.00531259388741831,ok,51.2562402254474,2.23454339010641
685,666,1826200,landscape,random_direct,3,-0.017999999225139618,0.018676264211535454,0.01072997082800766,0.008460548359565266,ok,54.70567598043535,2.2428904557600617
686,667,1826200,landscape,latent,3,-0.012000000104308128,0.012412888929247856,0.00413729502576299,0.0035824466983198832,ok,51.51390019703088,2.2215786008164287
687,668,1826200,landscape,tangent_direct,3,-0.012000000104308128,0.012450844049453735,0.004096625114197666,0.0035417410159449708,ok,51.52608752078145,2.2245079521089792
688,669,1826200,landscape,random_direct,3,-0.012000000104308128,0.01245084498077631,0.007153297569840449,0.005640359953658195,ok,54.04155116821213,2.2312544751912355
689,670,1826200,landscape,latent,3,-0.008999999612569809,0.009315190836787224,0.003094410132241412,0.002678264480195844,ok,51.65758281662084,2.251910156570375
690,671,1826200,landscape,tangent_direct,3,-0.008999999612569809,0.009338133037090302,0.003072459214088086,0.002656300503631397,ok,51.679451527709006,2.2218889580108225
691,672,1826200,landscape,random_direct,3,-0.008999999612569809,0.009338131174445152,0.005364989778789966,0.004230276867065751,ok,53.36635724122617,2.22373233595863
692,673,1826200,landscape,latent,3,-0.006000000052154064,0.0062143332324922085,0.002057564366247417,0.0017801030806958139,ok,51.80817246176454,2.2345730448141694
693,674,1826200,landscape,tangent_direct,3,-0.006000000052154064,0.006225423887372017,0.0020483026461483905,0.0017708620703195223,ok,51.81569199548128,2.252052973024547
694,675,1826200,landscape,random_direct,3,-0.006000000052154064,0.006225420627743006,0.0035766595069846164,0.0028201850092726593,ok,53.0704541066793,2.2190094511024654
695,676,1826200,landscape,latent,3,-0.004000000189989805,0.0041449107229709625,0.001369427389629809,0.0011844368038809434,ok,51.88986598032976,2.224286620039493
696,677,1826200,landscape,tangent_direct,3,-0.004000000189989805,0.0041502793319523335,0.0013655319179000285,0.001180574529126,ok,51.90908281518011,2.239821822848171
697,678,1826200,landscape,random_direct,3,-0.004000000189989805,0.004150280728936195,0.0023844379945457844,0.0018801249850620807,ok,52.936165235719784,2.2543047070503235
698,679,1826200,landscape,latent,3,-0.0020000000949949026,0.0020735226571559906,0.0006836277158391095,0.0005911133031145818,ok,51.97798335361825,2.2223820737563074
699,680,1826200,landscape,tangent_direct,3,-0.0020000000949949026,0.00207514432258904,0.0006827852665814728,0.0005902995503513478,ok,51.98551970267036,2.224202156998217
700,681,1826200,landscape,random_direct,3,-0.0020000000949949026,0.0020751410629600286,0.0011922240957950325,0.000940065364957646,ok,52.27973310853049,2.2350447280332446
701,682,1826200,landscape,latent,3,-0.0010000000474974513,0.0010370590025559068,0.0003415211515354467,0.0002952739779274847,ok,52.01367139369655,2.2479335251264274
702,683,1826200,landscape,tangent_direct,3,-0.0010000000474974513,0.0010375702986493707,0.0003413910363576958,0.0002951475278721804,ok,51.9994869096131,2.241808732971549
703,684,1826200,landscape,random_direct,3,-0.0010000000474974513,0.0010375709971413016,0.0005961127272469802,0.0004700346435355169,ok,52.18509151620449,2.2248365110717714
704,414,1826200,landscape,latent,3,0.0,1.0436745867536956e-07,4.4640317867836566e-08,3.318825207861222e-08,ok,52.011007554823856,2.2507524639368057
705,368,1826200,landscape,tangent_direct,3,0.0,0.0,0.0,0.0,ok,52.02015668052781,2.22429089108482
706,368,1826200,landscape,random_direct,3,0.0,0.0,0.0,0.0,ok,52.02015668052781,2.22429089108482
707,685,1826200,landscape,latent,3,0.0010000000474974513,0.00103757216129452,0.0003409360055750207,0.0002947016695202591,ok,52.079378858922716,2.235524549148977
708,686,1826200,landscape,tangent_direct,3,0.0010000000474974513,0.0010375702986493707,0.0003413898790031051,0.00029514691877943804,ok,52.05705755862102,2.2474149758927524
709,687,1826200,landscape,random_direct,3,0.0010000000474974513,0.0010375709971413016,0.000596089257284451,0.0004700153171087335,ok,51.47234133093145,2.222121298778802
710,688,1826200,landscape,latent,3,0.0020000000949949026,0.0020757808815687895,0.0006813672572302855,0.000588897343119259,ok,52.09863603442569,2.224024247843772
711,689,1826200,landscape,tangent_direct,3,0.0020000000949949026,0.00207514432258904,0.0006827852552877159,0.0005902989550861366,ok,52.06058754530064,2.2351449760608375
712,690,1826200,landscape,random_direct,3,0.0020000000949949026,0.0020751410629600286,0.0011922241710291227,0.0009400632501290624,ok,51.16712723877732,2.2478861333802342
713,691,1826200,landscape,latent,3,0.004000000189989805,0.004154224880039692,0.0013607064270961201,0.001175745352651434,ok,52.08227951728837,2.222464201040566
714,692,1826200,landscape,tangent_direct,3,0.004000000189989805,0.0041502793319523335,0.0013655209800105754,0.0011805701540603618,ok,52.101500428998236,2.224024008028209
715,693,1826200,landscape,random_direct,3,0.004000000189989805,0.004150280728936195,0.002384416437321818,0.0018801054352484987,ok,49.77018480516315,2.2357450942508876
716,694,1826200,landscape,latent,3,0.006000000052154064,0.006235341541469097,0.002038207567985622,0.0017607219588510498,ok,52.06187594756587,2.2481276551261544
717,695,1826200,landscape,tangent_direct,3,0.006000000052154064,0.006225422956049442,0.002048296053419928,0.0017708606151295029,ok,52.096648081144544,2.222392894793302
718,696,1826200,landscape,random_direct,3,0.006000000052154064,0.006225420627743006,0.0035766405138741085,0.002820169750069928,ok,48.705942801878884,2.223654374945909
719,697,1826200,landscape,latent,3,0.008999999612569809,0.009362572804093361,0.003050955716040322,0.0026347025280601174,ok,52.02430197062502,2.2398653840646148
720,698,1826200,landscape,tangent_direct,3,0.008999999612569809,0.009338133037090302,0.0030724594331713595,0.002656299522014133,ok,52.00983944455771,2.2511791638098657
721,699,1826200,landscape,random_direct,3,0.008999999612569809,0.009338131174445152,0.005364959975165261,0.00423025540440316,ok,46.92001247429536,2.219141913112253
722,700,1826200,landscape,latent,3,0.012000000104308128,0.012496979907155037,0.00406002610478001,0.0035049323220607952,ok,51.908892336222046,2.230108648072928
723,701,1826200,landscape,tangent_direct,3,0.012000000104308128,0.012450844049453735,0.0040966050147509874,0.0035417284474358796,ok,51.91706141314256,2.239600338973105
724,702,1826200,landscape,random_direct,3,0.012000000104308128,0.01245084498077631,0.007153291632110232,0.005640352417553004,ok,44.72031154709045,4.364182395860553
725,703,1826200,landscape,latent,3,0.017999999225139618,0.01878964714705944,0.0060678951431067845,0.005235045515302799,ok,51.663864939280586,2.2260529440827668
726,704,1826200,landscape,tangent_direct,3,0.017999999225139618,0.018676262348890305,0.0061449064386421975,0.005312590058582674,ok,51.61893618028341,2.2274725288152695
727,705,1826200,landscape,random_direct,3,0.017999999225139618,0.018676264211535454,0.01072993659061329,0.00846052443083335,no_axis,0.11161123999526706,3.9727703100070357
728,706,1826200,landscape,latent,3,0.024000000208616257,0.025118300691246986,0.008064362394981955,0.006953495966554194,ok,51.3309536701093,2.2496046042069793
729,707,1826200,landscape,tangent_direct,3,0.024000000208616257,0.02490168809890747,0.008193206949288833,0.007083456574038627,ok,51.31180770389593,2.245672307908535
730,708,1826200,landscape,random_direct,3,0.024000000208616257,0.02490168996155262,0.014306602489230505,0.011280714892099279,no_axis,0.11130321444987908,3.9525461131706834
731,709,1826200,landscape,latent,3,0.029999999329447746,0.03148749843239784,0.010051602199555205,0.008662417725973355,ok,51.00874856438043,2.2390465354546905
732,710,1826200,landscape,tangent_direct,3,0.029999999329447746,0.031127113848924637,0.01024153646127369,0.008854334071501503,ok,50.96810052358995,2.2496013389900327
733,711,1826200,landscape,random_direct,3,0.029999999329447746,0.03112710826098919,0.017883236700296037,0.014100879780164506,no_axis,0.11095111858081164,3.9485324579291046
734,712,1826200,landscape,latent,3,0.04500000178813934,0.04761962592601776,0.01499296833649101,0.012906029960861137,ok,50.333105009253224,2.2240252550691366
735,713,1826200,landscape,tangent_direct,3,0.04500000178813934,0.046690668910741806,0.015362293277111702,0.013281500429724697,ok,50.26249737033318,2.235772343352437
736,714,1826200,landscape,random_direct,3,0.04500000178813934,0.046690668910741806,0.026824864696876213,0.02115133171517704,no_axis,0.11006771698983975,3.9931129259057343
737,715,1826200,landscape,latent,3,0.05999999865889549,0.06410761922597885,0.01991971043952863,0.017130953743006223,ok,49.49073167235038,2.223460922949016
738,716,1826200,landscape,tangent_direct,3,0.05999999865889549,0.062254223972558975,0.02048306620123629,0.01770867020013285,ok,49.363500165508185,2.223591350018978
739,717,1826200,landscape,random_direct,3,0.05999999865889549,0.06225422024726868,0.035766492916068586,0.02820177681050777,ok,32.23124553531084,4.328127284999937
740,718,1826200,landscape,latent,3,0.09000000357627869,0.09843407571315765,0.02983195457118614,0.025620217538396075,ok,48.284835765110834,2.244108055718243
741,719,1826200,landscape,tangent_direct,3,0.09000000357627869,0.09338133782148361,0.030724596097115725,0.02656300300819577,ok,48.09457112794282,2.2212012838572264
742,720,1826200,landscape,random_direct,3,0.09000000357627869,0.09338133782148361,0.05364973007195939,0.04230266345168293,ok,29.353529409026276,2.216734439134598
743,721,1826200,landscape,latent,3,0.11999999731779099,0.1350012868642807,0.039960655678982875,0.03428826525442782,ok,46.92333993841283,2.2314609359018505
744,722,1826200,landscape,tangent_direct,3,0.11999999731779099,0.12450844049453735,0.040966123330024314,0.03541733350928693,ok,46.52740725205711,2.2450909530743957
745,723,1826200,landscape,random_direct,3,0.11999999731779099,0.12450844049453735,0.07153299464678034,0.05640356185526889,ok,23.631771640288424,2.2107802708633244
746,724,1826200,landscape,latent,3,0.18000000715255737,0.2166309356689453,0.0613668476231927,0.052603619306910425,ok,44.08949675157118,2.224128684028983
747,725,1826200,landscape,tangent_direct,3,0.18000000715255737,0.18676267564296722,0.06144917159668935,0.0531259970581732,ok,44.686798297655955,2.225785725284368
748,726,1826200,landscape,random_direct,3,0.18000000715255737,0.18676267564296722,0.10729949014567104,0.08460534779548316,ok,11.347827923406019,2.2311920463107526
749,727,1826200,landscape,latent,3,0.23999999463558197,0.3120502531528473,0.085643983553584,0.07334253681003315,ok,39.76083156126223,2.2102872082032263
750,728,1826200,landscape,tangent_direct,3,0.23999999463558197,0.2490168809890747,0.08193224896123145,0.0708346714584768,ok,42.771056896070895,2.2189997886307538
751,729,1826200,landscape,random_direct,3,0.23999999463558197,0.2490168809890747,0.14306599050226615,0.11280712920122109,ok,5.455352058661953,2.2214648188091815
752,730,2419096,source_raw,,,,,2.383191797912103e-08,2.7832968671770665e-08,ok,89.1473638365307,4.847590246703476
753,731,2419096,source_flipped,,,,,0.0,0.0,ok,89.1473339963271,4.795444753952324
754,732,2419096,source_canonical,,,,,2.2633104884166635e-08,2.6650848750397724e-08,ok,89.03238675858466,2.44194416096434
755,733,2419096,reconstruction,,,,0.0,0.0,0.0,ok,89.1463337089138,4.818497141357511
756,734,2419096,landscape,latent,0,-0.23999999463558197,0.2391924113035202,0.03995577118268983,0.041739507805037115,ok,85.07642787124581,2.5004456560127437
757,735,2419096,landscape,tangent_direct,0,-0.23999999463558197,0.2087671309709549,0.03212409388080959,0.03446763807887482,ok,81.40519146770846,4.795417846180499
758,736,2419096,landscape,random_direct,0,-0.23999999463558197,0.2087671160697937,0.12652604347731217,0.12208701733418029,no_axis,0.10297387646419134,4.455499685835093
759,737,2419096,landscape,latent,0,-0.18000000715255737,0.16824090480804443,0.028140573751192985,0.02930228843041348,ok,85.73901699269415,2.4457519468851388
760,738,2419096,landscape,tangent_direct,0,-0.18000000715255737,0.15657535195350647,0.02409305424744122,0.02585071425978505,ok,84.24349462647898,4.849567363038659
761,739,2419096,landscape,random_direct,0,-0.18000000715255737,0.15657535195350647,0.09489452926244941,0.09156526025002366,no_axis,0.10472516129216487,4.446821245364845
762,740,2419096,landscape,latent,0,-0.11999999731779099,0.10707204043865204,0.017479049565844573,0.01825163240390404,ok,87.1246856777168,2.4436718211509287
763,741,2419096,landscape,tangent_direct,0,-0.11999999731779099,0.10438356548547745,0.016062040340787204,0.017233812710467537,ok,86.60611011042393,4.821859220042825
764,742,2419096,landscape,random_direct,0,-0.11999999731779099,0.10438355803489685,0.06326301168204929,0.0610435001044054,no_axis,0.10445654556194726,4.497799759730697
765,743,2419096,landscape,latent,0,-0.09000000357627869,0.07898587733507156,0.012674643725293182,0.013283278455015087,ok,87.79715933184977,4.795026739593595
766,744,2419096,landscape,tangent_direct,0,-0.09000000357627869,0.07828767597675323,0.012046530336576019,0.012925361519595368,ok,87.52052994291203,2.4420342738740146
767,745,2419096,landscape,random_direct,0,-0.09000000357627869,0.07828767597675323,0.04744726228543191,0.04578262669345601,no_axis,0.10541007533479221,4.469445941969752
768,746,2419096,landscape,latent,0,-0.05999999865889549,0.05208945274353027,0.008210730406089044,0.008653104979662183,ok,88.28290545375255,2.4613189697265625
769,747,2419096,landscape,tangent_direct,0,-0.05999999865889549,0.052191782742738724,0.00803101877215451,0.008616905769495404,ok,88.27588648542229,2.4375508660450578
770,748,2419096,landscape,random_direct,0,-0.05999999865889549,0.052191779017448425,0.03163150232280246,0.03052174581338817,no_axis,0.10835138186216141,4.456118089146912
771,749,2419096,landscape,latent,0,-0.04500000178813934,0.03895623981952667,0.006089944483159294,0.006441273655651076,ok,88.52611964657663,2.4461599830538034
772,750,2419096,landscape,tangent_direct,0,-0.04500000178813934,0.03914383798837662,0.006023259962339214,0.006462673948428994,ok,88.555468540338,2.475563925690949
773,751,2419096,landscape,random_direct,0,-0.04500000178813934,0.03914383426308632,0.02372363685119768,0.022891314363257132,no_axis,0.11002674823313048,4.44851551996544
774,752,2419096,landscape,latent,0,-0.029999999329447746,0.025949055328965187,0.004027349220466939,0.004277567460888408,ok,88.75742685854974,2.4496293016709387
775,753,2419096,landscape,tangent_direct,0,-0.029999999329447746,0.026095891371369362,0.00401549191373245,0.004308436789264703,ok,88.79510856204634,2.4483456648886204
776,754,2419096,landscape,random_direct,0,-0.029999999329447746,0.026095889508724213,0.01581576951371106,0.01526088707459993,flux_rejected,0.3331346006588536,4.7945338087156415
777,755,2419096,landscape,latent,0,-0.024000000208616257,0.020765069872140884,0.0032148174213290095,0.0034208331725197644,ok,88.83743243735992,2.4384411009959877
778,756,2419096,landscape,tangent_direct,0,-0.024000000208616257,0.020876716822385788,0.0032124076824286674,0.003446761855709214,ok,88.8788532150079,2.4417796339839697
779,757,2419096,landscape,random_direct,0,-0.024000000208616257,0.02087671123445034,0.012652614081645218,0.01220870875503141,ok,62.24810162315887,4.820570314768702
780,758,2419096,landscape,latent,0,-0.017999999225139618,0.015583918429911137,0.0024074401760912543,0.0025666659523357963,ok,88.89857918946664,2.4632051810622215
781,759,2419096,landscape,tangent_direct,0,-0.017999999225139618,0.015657534822821617,0.0024093086844146024,0.002585070922892801,ok,88.93740094715821,2.4363585361279547
782,760,2419096,landscape,random_direct,0,-0.017999999225139618,0.015657534822821617,0.009489437733779658,0.009156513010497047,ok,68.05841902748587,2.4425113829784095
783,761,2419096,landscape,latent,0,-0.012000000104308128,0.010400138795375824,0.0016036584412485086,0.0017131783641638643,ok,88.97568864822262,2.4708259580656886
784,762,2419096,landscape,tangent_direct,0,-0.012000000104308128,0.010438354685902596,0.001606187304902938,0.0017233688347917336,ok,88.95993423167295,2.463983343914151
785,763,2419096,landscape,random_direct,0,-0.012000000104308128,0.010438359342515469,0.006326306567197903,0.006104353239972932,ok,75.35952453768776,2.4367783828638494
786,764,2419096,landscape,latent,0,-0.008999999612569809,0.007805282715708017,0.001202590029122019,0.0012860615992815955,ok,89.00213111963772,2.441837524995208
787,765,2419096,landscape,tangent_direct,0,-0.008999999612569809,0.007828768342733383,0.001204644960430898,0.0012925283180082205,ok,88.99317588872631,2.4579980252310634
788,766,2419096,landscape,random_direct,0,-0.008999999612569809,0.007828767411410809,0.004744729090637532,0.004578264237320562,ok,80.44156500301645,2.4641884001903236
789,767,2419096,landscape,latent,0,-0.006000000052154064,0.0052075800485908985,0.0008018238915110956,0.0008583865506322733,ok,89.00019332982131,2.436448327731341
790,768,2419096,landscape,tangent_direct,0,-0.006000000052154064,0.005219179671257734,0.0008030872287975326,0.0008616781416608562,ok,89.00334131605406,2.4438466308638453
791,769,2419096,landscape,random_direct,0,-0.006000000052154064,0.005219177808612585,0.003163131509624136,0.0030521594481169602,ok,83.85594029754672,2.4503276483155787
792,770,2419096,landscape,latent,0,-0.004000000189989805,0.0034736760426312685,0.0005346224604647299,0.0005727445178446393,ok,89.02688302639253,2.4637483288533986
793,771,2419096,landscape,tangent_direct,0,-0.004000000189989805,0.0034794542007148266,0.0005353957191196696,0.0005744540499687095,ok,89.02194460313585,2.436202811077237
794,772,2419096,landscape,random_direct,0,-0.004000000189989805,0.003479454666376114,0.0021087552025488843,0.002034772342020025,ok,86.05427238772063,2.4744799360632896
795,773,2419096,landscape,latent,0,-0.0020000000949949026,0.0017380088102072477,0.0002674097823837986,0.0002866867498204344,ok,89.04281464860978,2.447242407128215
796,774,2419096,landscape,tangent_direct,0,-0.0020000000949949026,0.001739727915264666,0.00026769272192235505,0.0002872231807935457,ok,89.05482181384959,2.464804741088301
797,775,2419096,landscape,random_direct,0,-0.0020000000949949026,0.001739725936204195,0.0010543755618290967,0.00101738388970107,ok,87.89774039630868,2.4372083889320493
798,776,2419096,landscape,latent,0,-0.0010000000474974513,0.000869269366376102,0.00013370040515945695,0.00014339662096760715,ok,89.04977743623913,2.441911911126226
799,777,2419096,landscape,tangent_direct,0,-0.0010000000474974513,0.0008698632591404021,0.00013384846299170378,0.00014361405067826256,ok,89.04451830126878,2.449751247651875
800,778,2419096,landscape,random_direct,0,-0.0010000000474974513,0.0008698640740476549,0.0005271786212738574,0.0005086841997991781,ok,88.8364655215025,2.463570133782923
801,779,2419096,landscape,latent,0,0.0,1.0723327648065606e-07,2.492013707629625e-08,2.9343866312690466e-08,ok,89.15815163768173,2.4363579521887004
802,733,2419096,landscape,tangent_direct,0,0.0,0.0,0.0,0.0,ok,89.1463337089138,4.818497141357511
803,733,2419096,landscape,random_direct,0,0.0,0.0,0.0,0.0,ok,89.1463337089138,4.818497141357511
804,780,2419096,landscape,latent,0,0.0010000000474974513,0.0008699469035491347,0.00013382819554075018,0.0001436254472818555,ok,89.05472709351405,2.438303466886282
805,781,2419096,landscape,tangent_direct,0,0.0010000000474974513,0.0008698632591404021,0.00013386484120217167,0.00014362564880747238,ok,89.1598694929346,4.821482187137008
806,782,2419096,landscape,random_direct,0,0.0010000000474974513,0.0008698640740476549,0.0005272022845782477,0.0005087044462306047,ok,88.7313620353201,2.46332054072991
807,783,2419096,landscape,latent,0,0.0020000000949949026,0.0017404358368366957,0.0002676573638761784,0.0002873659231213153,ok,89.04664355932609,2.436785214114934
808,784,2419096,landscape,tangent_direct,0,0.0020000000949949026,0.001739727915264666,0.0002676995211077225,0.00028723132559241467,ok,89.04665813116983,2.4419254497624934
809,785,2419096,landscape,random_direct,0,0.0020000000949949026,0.001739725936204195,0.0010543707167759485,0.0010173842819308895,ok,87.45879539436197,2.4819247853010893
810,786,2419096,landscape,latent,0,0.004000000189989805,0.0034836074337363243,0.0005356099326432178,0.0005754972250257286,ok,89.06986344256474,2.463446923997253
811,787,2419096,landscape,tangent_direct,0,0.004000000189989805,0.0034794542007148266,0.000535416080534716,0.0005744726819310119,ok,89.06007056313663,2.4360160208307207
812,788,2419096,landscape,random_direct,0,0.004000000189989805,0.0034794542007148266,0.0021087664794271414,0.0020347821675914314,ok,82.50237877780339,2.4416049788706005
813,789,2419096,landscape,latent,0,0.006000000052154064,0.005229666363447905,0.0008039310201796274,0.0008644713239973577,ok,89.05648726584725,2.4501260071992874
814,790,2419096,landscape,tangent_direct,0,0.006000000052154064,0.005219180136919022,0.0008030980873946059,0.0008616895970965711,ok,89.04158815409714,2.4633824368938804
815,791,2419096,landscape,random_direct,0,0.006000000052154064,0.005219177808612585,0.0031631478427875557,0.0030521752915895223,ok,80.0558888717071,2.4378933189436793
816,792,2419096,landscape,latent,0,0.008999999612569809,0.007855174131691456,0.0012074148041174482,0.0012998301095026995,ok,89.21012241369954,2.4414300192147493
817,793,2419096,landscape,tangent_direct,0,0.008999999612569809,0.007828769274055958,0.0012046594863898343,0.0012925413212705066,ok,89.07543884626432,2.450702168047428
818,794,2419096,landscape,random_direct,0,0.008999999612569809,0.007828768342733383,0.004744725713446982,0.004578263889631028,ok,77.01441289092551,4.889025753829628
819,795,2419096,landscape,latent,0,0.012000000104308128,0.01048884354531765,0.001612294948993604,0.0017377391594292956,ok,89.06548845413502,2.436889302916825
820,796,2419096,landscape,tangent_direct,0,0.012000000104308128,0.01043835561722517,0.001606200307740795,0.0017233792767883574,ok,89.09038853230003,2.4418471599929035
821,797,2419096,landscape,random_direct,0,0.012000000104308128,0.010438359342515469,0.0063262797465287405,0.00610433595771895,ok,66.48942908158483,4.8206843552179635
822,798,2419096,landscape,latent,0,0.017999999225139618,0.015785392373800278,0.0024275901166701205,0.00262273692984408,ok,89.09109013898029,2.473576106131077
823,799,2419096,landscape,tangent_direct,0,0.017999999225139618,0.015657534822821617,0.002409316860221746,0.002585082863243652,ok,89.09158396261805,2.4366037361323833
824,800,2419096,landscape,random_direct,0,0.017999999225139618,0.015657532960176468,0.009489450204189304,0.009156524984661636,no_axis,0.11420740398516681,4.456455023959279
825,801,2419096,landscape,latent,0,0.024000000208616257,0.021127937361598015,0.00325284162655032,0.0035229103919529456,ok,89.05594921185407,2.4505333569832146
826,802,2419096,landscape,tangent_direct,0,0.024000000208616257,0.02087671495974064,0.003212419791024382,0.0034467717349737506,ok,89.11401446158195,2.4645112208090723
827,803,2419096,landscape,random_direct,0,0.024000000208616257,0.02087670937180519,0.012652586216496965,0.012208691228225177,no_axis,0.11430009656509882,4.445544105954468
828,804,2419096,landscape,latent,0,0.029999999329447746,0.026526154950261116,0.00409114703500791,0.004441826478059087,ok,89.00478118529688,2.44269005022943
829,805,2419096,landscape,tangent_direct,0,0.029999999329447746,0.026095891371369362,0.004015510510723122,0.004308454193836882,ok,89.06635269390615,2.4511509998701513
830,806,2419096,landscape,random_direct,0,0.029999999329447746,0.026095889508724213,0.01581576427302374,0.015260885551823655,no_axis,0.11435653256243844,4.499931051861495
831,807,2419096,landscape,latent,0,0.04500000178813934,0.040335867553949356,0.006268852066301112,0.006849248271473269,ok,89.00531771751609,2.436143274884671
832,808,2419096,landscape,tangent_direct,0,0.04500000178813934,0.03914383798837662,0.0060232850999763655,0.0064626941955984694,ok,89.16205450147102,2.4422642909921706
833,809,2419096,landscape,random_direct,0,0.04500000178813934,0.03914383798837662,0.023723619460368994,0.02289130895837001,no_axis,0.11421531076473204,4.475342623889446
834,810,2419096,landscape,latent,0,0.05999999865889549,0.05475833639502525,0.008621439743184153,0.009479072710380357,ok,88.75282604096957,2.4654880529269576
835,811,2419096,landscape,tangent_direct,0,0.05999999865889549,0.052191782742738724,0.008031037268838491,0.008616920865243563,ok,89.04921799509411,2.438740456942469
836,812,2419096,landscape,random_direct,0,0.05999999865889549,0.052191779017448425,0.0316315059310005,0.030521751861098383,no_axis,0.11383289930568563,4.455528673250228
837,813,2419096,landscape,latent,0,0.09000000357627869,0.08665498346090317,0.014287380429607158,0.015890615456828676,ok,87.22541133353897,2.4528291006572545
838,814,2419096,landscape,tangent_direct,0,0.09000000357627869,0.07828767597675323,0.0120465483781945,0.012925377028538649,ok,88.85670237071895,2.4633311489596963
839,815,2419096,landscape,random_direct,0,0.09000000357627869,0.07828767597675323,0.047447276023560844,0.04578264108939913,no_axis,0.11287939182392055,4.445785666815937
840,816,2419096,landscape,latent,0,0.11999999731779099,0.12706735730171204,0.022818695385881715,0.025590291927842023,ok,84.25078952133848,2.475208440795541
841,817,2419096,landscape,tangent_direct,0,0.11999999731779099,0.10438356548547745,0.01606205780820104,0.01723382816058236,ok,88.59060399569061,2.4515173262916505
842,818,2419096,landscape,random_direct,0,0.11999999731779099,0.10438355803489685,0.06326301957273404,0.061043508169128145,no_axis,0.11172615538115155,4.5010064309462905
843,819,2419096,landscape,latent,0,0.18000000715255737,0.5272201895713806,0.27890017880883344,0.3223470510111721,ok,31.598336646989726,2.4742300482466817
844,820,2419096,landscape,tangent_direct,0,0.18000000715255737,0.15657535195350647,0.024093076779270518,0.025850734936146213,ok,87.44166992751553,2.4745264970697463
845,821,2419096,landscape,random_direct,0,0.18000000715255737,0.15657535195350647,0.09489453914453728,0.09156527356768507,no_axis,0.10878669212963775,4.474041239824146
846,822,2419096,landscape,latent,0,0.23999999463558197,0.5867949724197388,0.299588892906507,0.34722544931158883,ok,29.994662203658883,2.5178516330197453
847,823,2419096,landscape,tangent_direct,0,0.23999999463558197,0.2087671309709549,0.03212409806510564,0.03446764267132008,ok,84.9729908917003,2.497946908697486
848,824,2419096,landscape,random_direct,0,0.23999999463558197,0.2087671309709549,0.1265260205094853,0.12208700523659015,no_axis,0.10486574668440758,4.454679499845952
849,825,2419096,landscape,latent,1,-0.23999999463558197,0.4308752715587616,0.16983919620470153,0.19815739615881217,ok,64.29109032946165,4.825876059010625
850,826,2419096,landscape,tangent_direct,1,-0.23999999463558197,0.20823857188224792,0.029075103823219504,0.03135175660495155,no_axis,0.1119884490300977,4.50316322920844
851,827,2419096,landscape,random_direct,1,-0.23999999463558197,0.20823857188224792,0.125406312961804,0.12372099830319183,flux_rejected,0.33630150274730286,2.3836945346556604
852,828,2419096,landscape,latent,1,-0.18000000715255737,0.2476774901151657,0.07175213036962903,0.08062024572887742,ok,75.31390697978743,4.803478508722037
853,829,2419096,landscape,tangent_direct,1,-0.18000000715255737,0.15617893636226654,0.021806327408379594,0.02351381768305198,ok,61.416972456772854,4.826020422857255
854,830,2419096,landscape,random_direct,1,-0.18000000715255737,0.15617895126342773,0.09405472666950672,0.092790744419306,ok,5.234092178441762,2.4659068468026817
855,831,2419096,landscape,latent,1,-0.11999999731779099,0.12840339541435242,0.024400736803763468,0.02735464327542665,ok,75.61323022869563,4.7965546566993
856,832,2419096,landscape,tangent_direct,1,-0.11999999731779099,0.10411927849054337,0.014537550985125275,0.015675877156626283,ok,74.97012240899032,2.441642372868955
857,833,2419096,landscape,random_direct,1,-0.11999999731779099,0.10411929339170456,0.06270314910668001,0.06186049479401359,ok,32.046237020610114,2.4515453008934855
858,834,2419096,landscape,latent,1,-0.09000000357627869,0.08862145245075226,0.014778447458559142,0.016511280119127367,ok,80.81223897655842,4.854155593086034
859,835,2419096,landscape,tangent_direct,1,-0.09000000357627869,0.07808946818113327,0.01090316346547468,0.011756909983963209,ok,78.61419174023665,2.4435311667621136
860,836,2419096,landscape,random_direct,1,-0.09000000357627869,0.07808947563171387,0.04702736549074176,0.046395372563913226,ok,66.33777164200025,2.488755171187222
861,837,2419096,landscape,latent,1,-0.05999999865889549,0.05557292327284813,0.008448389159423681,0.009351226959148206,ok,84.26430644562969,2.487950856797397
862,838,2419096,landscape,tangent_direct,1,-0.05999999865889549,0.05205964297056198,0.007268764334218823,0.007837933092246663,ok,84.19736738253539,2.500813875813037
863,839,2419096,landscape,random_direct,1,-0.05999999865889549,0.05205964297056198,0.031351564418148396,0.03093024023926514,ok,72.54364911109344,2.4366683778353035
864,840,2419096,landscape,latent,1,-0.04500000178813934,0.04073478281497955,0.005991913527770916,0.006591371697544652,ok,85.97729801497405,2.4758299561217427
865,841,2419096,landscape,tangent_direct,1,-0.04500000178813934,0.039044737815856934,0.005451585661744536,0.0058784555429893135,ok,85.95842652965274,2.488084477838129
866,842,2419096,landscape,random_direct,1,-0.04500000178813934,0.039044734090566635,0.023513701755349486,0.023197704494060428,ok,75.78797326585916,2.465568725951016
867,843,2419096,landscape,latent,1,-0.029999999329447746,0.02666427753865719,0.0038263673103000394,0.004181172371979532,ok,87.6475106033284,2.436728614382446
868,844,2419096,landscape,tangent_direct,1,-0.029999999329447746,0.02602982521057129,0.003634399036864458,0.003918978408506097,ok,87.6829767019321,2.442135598976165
869,845,2419096,landscape,random_direct,1,-0.029999999329447746,0.02602982521057129,0.01567577240604793,0.015465111771889249,ok,81.03547448933793,2.4854287980124354
870,846,2419096,landscape,latent,1,-0.024000000208616257,0.021201489493250847,0.003018941908208971,0.0032899225674792453,ok,88.24555836565084,2.4755946528166533
871,847,2419096,landscape,tangent_direct,1,-0.024000000208616257,0.02082386054098606,0.0029075058954583437,0.0031351735179849824,ok,88.26016208368091,2.4360701330006123
872,848,2419096,landscape,random_direct,1,-0.024000000208616257,0.02082386054098606,0.01254061378930116,0.012372087699442223,ok,82.69997765589099,2.4751647380180657
873,849,2419096,landscape,latent,1,-0.017999999225139618,0.015814319252967834,0.0022369812933805467,0.0024311537760990233,ok,88.74162417252495,2.451833981089294
874,850,2419096,landscape,tangent_direct,1,-0.017999999225139618,0.01561789121478796,0.0021806382338464196,0.0023513860686172105,ok,88.85817139297454,2.4660619860515
875,851,2419096,landscape,random_direct,1,-0.017999999225139618,0.01561789307743311,0.009405449936027328,0.009279057835385107,ok,84.42114222917589,2.4700357071124017
876,852,2419096,landscape,latent,1,-0.012000000104308128,0.010491752997040749,0.0014758706258726723,0.001599672868939619,ok,89.12209940782192,2.441296435892582
877,853,2419096,landscape,tangent_direct,1,-0.012000000104308128,0.010411928407847881,0.0014537519402936677,0.0015675863438657125,ok,89.12504035860569,2.4513160530477762
878,854,2419096,landscape,random_direct,1,-0.012000000104308128,0.010411926545202732,0.006270292246357061,0.0061860364091258025,ok,86.11116062503962,2.5027252128347754
879,855,2419096,landscape,latent,1,-0.008999999612569809,0.007851439528167248,0.001101791542464554,0.0011926366461465488,ok,89.24863782899044,2.437033837195486
880,856,2419096,landscape,tangent_direct,1,-0.008999999612569809,0.007808947004377842,0.0010903214345381119,0.0011756952485478273,ok,89.23163781439058,2.4428633279167116
881,857,2419096,landscape,random_direct,1,-0.008999999612569809,0.00780894560739398,0.0047027421080051614,0.004639540835368039,ok,86.93510801084844,2.4859235612675548
882,858,2419096,landscape,latent,1,-0.006000000052154064,0.005223453044891357,0.0007314229099356332,0.0007906910238549475,ok,89.25829661125755,2.466139462776482
883,859,2419096,landscape,tangent_direct,1,-0.006000000052154064,0.005205962341278791,0.0007268737544272112,0.0007837903502806398,ok,89.28074546103021,2.4437825600616634
884,860,2419096,landscape,random_direct,1,-0.006000000052154064,0.005205965135246515,0.003135162528420038,0.0030930283484758955,ok,87.84088601960313,2.478257207199931
885,861,2419096,landscape,latent,1,-0.004000000189989805,0.0034778350964188576,0.0004863826223676425,0.0005253316128240415,ok,89.23091863184486,2.4527682177722454
886,862,2419096,landscape,tangent_direct,1,-0.004000000189989805,0.003470643889158964,0.0004845990696055038,0.000522539903962863,ok,89.19451241806036,2.473891992121935
887,863,2419096,landscape,random_direct,1,-0.004000000189989805,0.003470643423497677,0.002090092357870043,0.002062007880172695,ok,88.55095224113866,2.4715410857461393
888,864,2419096,landscape,latent,1,-0.0020000000949949026,0.0017367390682920814,0.00024259016149682329,0.00026178847879939905,ok,89.14252346740287,2.4436006522737443
889,865,2419096,landscape,tangent_direct,1,-0.0020000000949949026,0.001735323341563344,0.00024230692627899255,0.0002612768547742924,ok,89.12128814816646,2.4544817423447967
890,866,2419096,landscape,random_direct,1,-0.0020000000949949026,0.001735321944579482,0.001045031871237979,0.0010309942970417045,ok,89.20532143473291,2.4659698428586125
891,867,2419096,landscape,latent,1,-0.0010000000474974513,0.0008678036974743009,0.00012114674646860272,0.0001306748548609172,ok,89.09467902987895,2.437192884273827
892,868,2419096,landscape,tangent_direct,1,-0.0010000000474974513,0.0008676605066284537,0.00012114684375493034,0.00013063430765098503,ok,89.09266395417316,2.4415430622175336
893,869,2419096,landscape,random_direct,1,-0.0010000000474974513,0.0008676615543663502,0.0005224992852673343,0.0005154882470867123,ok,89.27569268145139,2.4519996056333184
894,779,2419096,landscape,latent,1,0.0,1.0723327648065606e-07,2.492013707629625e-08,2.9343866312690466e-08,ok,89.15815163768173,2.4363579521887004
895,733,2419096,landscape,tangent_direct,1,0.0,0.0,0.0,0.0,ok,89.1463337089138,4.818497141357511
896,733,2419096,landscape,random_direct,1,0.0,0.0,0.0,0.0,ok,89.1463337089138,4.818497141357511
897,870,2419096,landscape,latent,1,0.0010000000474974513,0.0008668231312185526,0.00012086672543978281,0.00013027449481750914,ok,89.01782982516572,2.4659076002426445
898,871,2419096,landscape,tangent_direct,1,0.0010000000474974513,0.0008676606230437756,0.00012114323710021436,0.0001306285096765008,ok,89.00872910788654,2.4370159218087792
899,872,2419096,landscape,random_direct,1,0.0010000000474974513,0.0008676615543663502,0.0005225432351802889,0.0005155162670096923,ok,88.97643139881433,2.442559538874775
900,873,2419096,landscape,latent,1,0.0020000000949949026,0.0017326987581327558,0.00024149412547350363,0.00026017364525101185,ok,88.91927533037855,2.452243066392839
901,874,2419096,landscape,tangent_direct,1,0.0020000000949949026,0.0017353239236399531,0.0002422874071839947,0.0002612613481503017,ok,88.94836200944553,2.4669209960848093
902,875,2419096,landscape,random_direct,1,0.0020000000949949026,0.001735321944579482,0.0010450373320999159,0.001030997502493979,ok,88.7728886769186,4.796478686854243
903,876,2419096,landscape,latent,1,0.004000000189989805,0.0034617187920957804,0.00048208803078249513,0.0005189240401854879,ok,88.82081700253303,2.441477932035923
904,877,2419096,landscape,tangent_direct,1,0.004000000189989805,0.003470643889158964,0.0004845722007399988,0.0005225207083849588,ok,88.85450731718707,2.451701096724719
905,878,2419096,landscape,random_direct,1,0.004000000189989805,0.003470643423497677,0.0020901128572083545,0.0020620214166062957,ok,87.1372066018719,4.854992660228163
906,879,2419096,landscape,latent,1,0.006000000052154064,0.005187355913221836,0.000721762025247094,0.0007762917150077867,ok,88.72062718440579,2.4392508710734546
907,880,2419096,landscape,tangent_direct,1,0.006000000052154064,0.005205961875617504,0.0007268696835367632,0.0007837839580949501,ok,88.82121451188345,4.804564275313169
908,881,2419096,landscape,random_direct,1,0.006000000052154064,0.005205965135246515,0.0031351609331011594,0.003093025424798646,ok,84.65679979746348,4.861304328776896
909,882,2419096,landscape,latent,1,0.008999999612569809,0.007770014461129904,0.0010799654694684567,0.0011601131671377162,ok,88.65572049335722,2.466436794027686
910,883,2419096,landscape,tangent_direct,1,0.008999999612569809,0.007808947470039129,0.001090295190330282,0.0011756742897982334,ok,88.69733985146921,2.437763945199549
911,884,2419096,landscape,random_direct,1,0.008999999612569809,0.007808946073055267,0.004702744967453369,0.004639540792148739,ok,83.21797668697464,4.838620835915208
912,885,2419096,landscape,latent,1,0.012000000104308128,0.01034650020301342,0.0014367918557732042,0.0015415799786260133,ok,88.52998828722671,2.451190293766558
913,886,2419096,landscape,tangent_direct,1,0.012000000104308128,0.010411929339170456,0.0014537442916255458,0.0015675787221154263,ok,88.49637059095318,2.4666139376349747
914,887,2419096,landscape,random_direct,1,0.012000000104308128,0.010411926545202732,0.0062703280499854346,0.00618605895045507,no_axis,0.11365547003669688,4.448665251024067
915,888,2419096,landscape,latent,1,0.017999999225139618,0.015484909527003765,0.002147659192931159,0.0022989493032739587,ok,88.18372526763707,2.4422676861286163
916,889,2419096,landscape,tangent_direct,1,0.017999999225139618,0.01561789121478796,0.0021806277750738667,0.00235137721107913,ok,88.15676042280369,2.4519712766632438
917,890,2419096,landscape,random_direct,1,0.017999999225139618,0.015617894008755684,0.009405484917885145,0.009279079221702367,ok,79.94626170841006,4.855122831650078
918,891,2419096,landscape,latent,1,0.024000000208616257,0.020609037950634956,0.002856631613080824,0.003051087472783555,ok,87.80690975231508,2.4439093759283423
919,892,2419096,landscape,tangent_direct,1,0.024000000208616257,0.020823856815695763,0.002907513757493131,0.0031351785638056725,ok,87.7899802644801,2.4419825710356236
920,893,2419096,landscape,random_direct,1,0.024000000208616257,0.020823858678340912,0.012540639695065508,0.012372104086148531,ok,79.92208182600751,2.450309452135116
921,894,2419096,landscape,latent,1,0.029999999329447746,0.02572523057460785,0.0035658179849236736,0.0038005064786880544,ok,87.37216333265917,2.466475506313145
922,895,2419096,landscape,tangent_direct,1,0.029999999329447746,0.02602982334792614,0.0036343810016196175,0.003918963422438018,ok,87.34864405722425,2.4365785969421268
923,896,2419096,landscape,random_direct,1,0.029999999329447746,0.02602982521057129,0.015675766543421538,0.015465108053948504,ok,76.45267986170674,2.4405157268047333
924,897,2419096,landscape,latent,1,0.04500000178813934,0.03851580247282982,0.005350395568745221,0.005675327865052773,ok,86.27733407110712,2.4520102036185563
925,898,2419096,landscape,tangent_direct,1,0.04500000178813934,0.039044737815856934,0.005451574585605752,0.005878446626947348,ok,86.36935641806946,2.4660568442195654
926,899,2419096,landscape,random_direct,1,0.04500000178813934,0.039044734090566635,0.023513700056388902,0.023197698871589702,ok,69.16326837199641,2.438124767038971
927,900,2419096,landscape,latent,1,0.05999999865889549,0.051364798098802567,0.007168114131664325,0.007572563632835728,ok,85.17802889463897,2.444982504006475
928,901,2419096,landscape,tangent_direct,1,0.05999999865889549,0.05205964297056198,0.0072687718061639085,0.007837935550496418,ok,85.41774501908687,2.4513936140574515
929,902,2419096,landscape,random_direct,1,0.05999999865889549,0.05205964297056198,0.03135158537982133,0.03093025219497447,no_axis,0.112311292849766,4.503874636720866
930,903,2419096,landscape,latent,1,0.09000000357627869,0.07746505737304688,0.010958021027519058,0.011505362969135543,ok,83.89366530306452,2.471462106797844
931,904,2419096,landscape,tangent_direct,1,0.09000000357627869,0.07808946818113327,0.010903156958749808,0.011756905042183814,ok,83.7905044597575,2.442613895982504
932,905,2419096,landscape,random_direct,1,0.09000000357627869,0.07808946818113327,0.047027368317662535,0.046395372067690586,no_axis,0.11108564214735983,4.476275072898716
933,906,2419096,landscape,latent,1,0.11999999731779099,0.10437175631523132,0.015000516408437749,0.0156883631614566,ok,82.09383331412221,2.5008957469835877
934,907,2419096,landscape,tangent_direct,1,0.11999999731779099,0.10411928594112396,0.014537533676730902,0.015675864837991108,ok,82.50637768255078,2.4367675548419356
935,908,2419096,landscape,random_direct,1,0.11999999731779099,0.10411928594112396,0.06270314321040961,0.0618604879354969,no_axis,0.10972612650769197,4.456558741163462
936,909,2419096,landscape,latent,1,0.18000000715255737,0.16139815747737885,0.023882328532877396,0.024898761564946123,ok,78.36885686919923,4.82556341169402
937,910,2419096,landscape,tangent_direct,1,0.18000000715255737,0.15617893636226654,0.02180631542500945,0.02351380714427315,ok,80.28329431335933,2.4668424259871244
938,911,2419096,landscape,random_direct,1,0.18000000715255737,0.15617895126342773,0.09405474298351474,0.0927907555265882,no_axis,0.105624214292801,4.448234184179455
939,912,2419096,landscape,latent,1,0.23999999463558197,0.22354891896247864,0.0337150554829199,0.03517421099874613,ok,74.21062430710104,4.805090899113566
940,913,2419096,landscape,tangent_direct,1,0.23999999463558197,0.20823857188224792,0.029075088378753056,0.03135174465468739,ok,76.96895470134614,4.8595398352481425
941,914,2419096,landscape,random_direct,1,0.23999999463558197,0.20823857188224792,0.12540633473144033,0.12372100879342308,no_axis,0.10379328498708043,4.508728676941246
942,915,2419096,landscape,latent,2,-0.23999999463558197,0.5441495180130005,0.25806168653465117,0.2992437120427048,ok,47.49981540097941,2.476108103990555
943,916,2419096,landscape,tangent_direct,2,-0.23999999463558197,0.2600872814655304,0.044284220951496076,0.04875371214161478,no_axis,0.11302000475265404,4.4568563667126
944,917,2419096,landscape,random_direct,2,-0.23999999463558197,0.2600872814655304,0.12441684127458681,0.1260138547149952,no_surface,0.2771226979172187,2.380956580862403
945,918,2419096,landscape,latent,2,-0.18000000715255737,0.5251477360725403,0.25886251042242175,0.30022851650768284,ok,46.76975694519163,2.5070741581730545
946,919,2419096,landscape,tangent_direct,2,-0.18000000715255737,0.19506549835205078,0.03321316928592484,0.03656528889245112,no_axis,0.11312676742470298,4.4498467948287725
947,920,2419096,landscape,random_direct,2,-0.18000000715255737,0.1950654834508896,0.0933126264688895,0.09451038752675683,ok,10.724539411697384,2.4765717410482466
948,921,2419096,landscape,latent,2,-0.11999999731779099,0.13340924680233002,0.025049999983065657,0.027846634326695475,ok,62.68587615845731,4.8257514531724155
949,922,2419096,landscape,tangent_direct,2,-0.11999999731779099,0.1300436407327652,0.02214212232786655,0.024376867367325604,ok,61.299838161150596,4.8556606359779835
950,923,2419096,landscape,random_direct,2,-0.11999999731779099,0.1300436407327652,0.0622084162879771,0.06300692353625137,ok,32.91496667997687,2.476029827259481
951,924,2419096,landscape,latent,2,-0.09000000357627869,0.091839499771595,0.01617129228776419,0.017824621655790896,ok,65.52046984463894,4.803729983046651
952,925,2419096,landscape,tangent_direct,2,-0.09000000357627869,0.09753274917602539,0.016606587004440482,0.018282648928492455,ok,66.53604235877094,4.826943574938923
953,926,2419096,landscape,random_direct,2,-0.09000000357627869,0.09753274917602539,0.04665631324102062,0.047255193733324014,ok,55.484530940500406,2.50140796136111
954,927,2419096,landscape,latent,2,-0.05999999865889549,0.061411052942276,0.010582491681766974,0.01164239242713203,ok,82.27368050653065,4.800923724193126
955,928,2419096,landscape,tangent_direct,2,-0.05999999865889549,0.0650218203663826,0.011071053494518871,0.012188427241495211,ok,82.76861917487813,4.805141889024526
956,929,2419096,landscape,random_direct,2,-0.05999999865889549,0.0650218203663826,0.031104216834303366,0.03150346749703858,ok,69.43658847792713,2.5014482960104942
957,930,2419096,landscape,latent,2,-0.04500000178813934,0.046523503959178925,0.007974145809773955,0.008770434297492628,ok,84.84787940249764,2.466606119181961
958,931,2419096,landscape,tangent_direct,2,-0.04500000178813934,0.048766374588012695,0.008303293211665995,0.009141326525453831,ok,85.06764622193279,2.4376382771879435
959,932,2419096,landscape,random_direct,2,-0.04500000178813934,0.0487663671374321,0.023328150629661027,0.023627589691118875,ok,72.14168507069324,2.481554707046598
960,933,2419096,landscape,latent,2,-0.029999999329447746,0.031431932002305984,0.005369257793171226,0.005905652769118106,ok,86.65854059790556,2.4515712950378656
961,934,2419096,landscape,tangent_direct,2,-0.029999999329447746,0.0325109139084816,0.005535531974646704,0.006094217957062237,ok,86.75654765951973,2.4675083430483937
962,935,2419096,landscape,random_direct,2,-0.029999999329447746,0.0325109101831913,0.015552109483737744,0.015751736261614125,ok,74.5641056954763,2.436488944105804
963,936,2419096,landscape,latent,2,-0.024000000208616257,0.02529814839363098,0.004317331537939871,0.004749077866026495,ok,87.38124149475895,2.442332724109292
964,937,2419096,landscape,tangent_direct,2,-0.024000000208616257,0.026008732616901398,0.004428423000569978,0.004875373686331425,ok,87.41810380536882,2.451518119778484
965,938,2419096,landscape,random_direct,2,-0.024000000208616257,0.02600872702896595,0.012441676311143887,0.012601377943659519,ok,76.24859309631393,2.4654443790204823
966,939,2419096,landscape,latent,2,-0.017999999225139618,0.019095543771982193,0.0032562668429568288,0.003582388373692396,ok,88.01365610617064,2.4368802029639482
967,940,2419096,landscape,tangent_direct,2,-0.017999999225139618,0.01950654946267605,0.0033213257933107066,0.003656532404168899,ok,87.91793052986075,2.442273019813001
968,941,2419096,landscape,random_direct,2,-0.017999999225139618,0.01950654573738575,0.009331255306621542,0.009451031818172865,ok,78.20753213635652,2.4516308661550283
969,942,2419096,landscape,latent,2,-0.012000000104308128,0.01281641237437725,0.0021841207528922454,0.0024032920299685815,ok,88.65056344623353,2.4664823869243264
970,943,2419096,landscape,tangent_direct,2,-0.012000000104308128,0.013004365377128124,0.0022142205250170123,0.002437691794917655,ok,88.64562044971089,2.4359464929439127
971,944,2419096,landscape,random_direct,2,-0.012000000104308128,0.013004366308450699,0.006220841255943663,0.006300692949023254,ok,80.29138930592848,2.4416045350953937
972,945,2419096,landscape,latent,2,-0.008999999612569809,0.00964569766074419,0.0016433252279328553,0.0018084179410900627,ok,88.88779705526721,2.4523785379715264
973,946,2419096,landscape,tangent_direct,2,-0.008999999612569809,0.00975327380001545,0.0016606601103701924,0.0018282656711914604,ok,88.750761726708,2.4667129018343985
974,947,2419096,landscape,random_direct,2,-0.008999999612569809,0.00975327380001545,0.004665629444521691,0.004725519283035971,ok,81.38104185306263,2.436588355805725
975,948,2419096,landscape,latent,2,-0.006000000052154064,0.006453322246670723,0.001099142790903565,0.001209702489895616,ok,88.90347980283607,2.4416662477888167
976,949,2419096,landscape,tangent_direct,2,-0.006000000052154064,0.006502183154225349,0.0011071230978332164,0.001218857394636499,ok,88.91322138597778,2.451870545744896
977,950,2419096,landscape,random_direct,2,-0.006000000052154064,0.0065021817572414875,0.0031104105910604524,0.003150336083906831,ok,84.40138623979043,2.4995616930536926
978,951,2419096,landscape,latent,2,-0.004000000189989805,0.004312695469707251,0.0007344902688889501,0.0008084285852460009,ok,88.9703033008604,2.4378939759917557
979,952,2419096,landscape,tangent_direct,2,-0.004000000189989805,0.004334790166467428,0.0007380704134482828,0.0008125601194007223,ok,89.0823648053319,4.80429335590452
980,953,2419096,landscape,random_direct,2,-0.004000000189989805,0.004334788769483566,0.002073617544449187,0.0021002357119947095,ok,85.82730574313518,2.485555569175631
981,954,2419096,landscape,latent,2,-0.0020000000949949026,0.00216166814789176,0.0003680845861004117,0.0004051724616563654,ok,88.99769591720113,2.4661974771879613
982,955,2419096,landscape,tangent_direct,2,-0.0020000000949949026,0.0021673941519111395,0.0003690427078318054,0.00040628607293117434,ok,88.99711805170432,2.437023083679378
983,956,2419096,landscape,random_direct,2,-0.0020000000949949026,0.0021673934534192085,0.001036808901719398,0.0010501147117818147,ok,88.07051408716855,2.4759184629656374
984,957,2419096,landscape,latent,2,-0.0010000000474974513,0.0010819989256560802,0.00018424018840495018,0.00020281187753637967,ok,89.04666182424381,2.4514793241396546
985,958,2419096,landscape,tangent_direct,2,-0.0010000000474974513,0.0010836963774636388,0.00018453141376475115,0.00020315145963228115,ok,89.02157335569481,2.4661312447860837
986,959,2419096,landscape,random_direct,2,-0.0010000000474974513,0.0010836974252015352,0.0005184104281853862,0.0005250632366058446,ok,89.1695737851548,2.43713434971869
987,779,2419096,landscape,latent,2,0.0,1.0723327648065606e-07,2.492013707629625e-08,2.9343866312690466e-08,ok,89.15815163768173,2.4363579521887004
988,733,2419096,landscape,tangent_direct,2,0.0,0.0,0.0,0.0,ok,89.1463337089138,4.818497141357511
989,733,2419096,landscape,random_direct,2,0.0,0.0,0.0,0.0,ok,89.1463337089138,4.818497141357511
990,960,2419096,landscape,latent,2,0.0010000000474974513,0.0010846200166270137,0.00018461697165994654,0.00020324778937665049,ok,89.06113830023841,2.441881338134408
991,961,2419096,landscape,tangent_direct,2,0.0010000000474974513,0.0010836964938789606,0.00018451692659351653,0.00020314086857353667,ok,89.08175879410473,2.46681238617748
992,962,2419096,landscape,random_direct,2,0.0010000000474974513,0.001083697541616857,0.0005184055010992502,0.0005250603766236038,ok,88.55938719364589,2.466578360181302
993,963,2419096,landscape,latent,2,0.0020000000949949026,0.00217198533937335,0.00036970271936043105,0.0004070411171878029,ok,89.09805195675237,2.4386130087077618
994,964,2419096,landscape,tangent_direct,2,0.0020000000949949026,0.0021673941519111395,0.0003690362071457431,0.00040628187518780237,ok,89.19640959447747,4.804459288716316
995,965,2419096,landscape,random_direct,2,0.0020000000949949026,0.002167393686249852,0.0010368120257367801,0.0010501200794579967,ok,87.39430807835197,4.82640207093209
996,966,2419096,landscape,latent,2,0.004000000189989805,0.004355158191174269,0.0007412509689126242,0.0008161882653285691,ok,89.0865455219369,2.4662382043898106
997,967,2419096,landscape,tangent_direct,2,0.004000000189989805,0.0043347906321287155,0.0007380541376972645,0.0008125478824982518,ok,89.09830783727043,2.437062267679721
998,968,2419096,landscape,random_direct,2,0.004000000189989805,0.004334788769483566,0.002073611821766395,0.0021002277369999507,ok,82.69824436171083,4.839056738186628
999,969,2419096,landscape,latent,2,0.006000000052154064,0.006549391895532608,0.0011145920564714885,0.0012273945358604274,ok,89.06715063060965,2.4509760681539774
1000,970,2419096,landscape,tangent_direct,2,0.006000000052154064,0.006502182688564062,0.0011070985081872485,0.0012188396857052135,ok,89.08376076998304,2.4666978870518506
1001,971,2419096,landscape,random_direct,2,0.006000000052154064,0.006502182222902775,0.003110425583506788,0.003150349265247243,ok,76.8559009449678,4.798420729115605
1002,972,2419096,landscape,latent,2,0.008999999612569809,0.00986225064843893,0.00167814542479017,0.001848279659695933,ok,88.94309758345008,2.4415260669775307
1003,973,2419096,landscape,tangent_direct,2,0.008999999612569809,0.00975327380001545,0.001660657946138108,0.0018282622542973863,ok,88.92690935532033,2.4522824408486485
1004,974,2419096,landscape,random_direct,2,0.008999999612569809,0.009753272868692875,0.004665632982355787,0.004725521845940339,no_axis,0.11390371831178786,4.503127489704639
1005,975,2419096,landscape,latent,2,0.012000000104308128,0.013201040215790272,0.0022458956265561116,0.002474038416241856,ok,88.65868404829804,2.4714982761070132
1006,976,2419096,landscape,tangent_direct,2,0.012000000104308128,0.013004365377128124,0.002214207166514347,0.002437684921063303,ok,88.6549289172661,2.4758070898242295
1007,977,2419096,landscape,random_direct,2,0.012000000104308128,0.013004366308450699,0.006220840333316467,0.006300691797589017,no_axis,0.11395439103182839,4.473814218770713
1008,978,2419096,landscape,latent,2,0.017999999225139618,0.01996028609573841,0.0033948720585315994,0.0037411660269350503,ok,87.64241852986581,2.5004495941102505
1009,979,2419096,landscape,tangent_direct,2,0.017999999225139618,0.01950654946267605,0.003321308879954474,0.0036565221351999517,ok,87.61574390792977,2.4714420437812805
1010,980,2419096,landscape,random_direct,2,0.017999999225139618,0.01950654573738575,0.00933126642954749,0.009451040516290667,ok,64.79248313686331,4.804070953279734
1011,981,2419096,landscape,latent,2,0.024000000208616257,0.02683267556130886,0.004562424780813493,0.0050299754304538495,ok,86.55034785834398,2.4866949981078506
1012,982,2419096,landscape,tangent_direct,2,0.024000000208616257,0.026008732616901398,0.004428417238649484,0.004875365563721298,ok,86.41621737855148,2.5019639432430267
1013,983,2419096,landscape,random_direct,2,0.024000000208616257,0.02600872702896595,0.012441686583469565,0.012601388965628724,no_surface,0.36054683691336253,4.72898208303377
1014,984,2419096,landscape,latent,2,0.029999999329447746,0.03382302448153496,0.005749315965425743,0.006341521294955879,ok,85.43717336733063,2.476780564058572
1015,985,2419096,landscape,tangent_direct,2,0.029999999329447746,0.0325109139084816,0.005535528422841093,0.0060942163885259314,ok,85.2663065981713,2.4858561898581684
1016,986,2419096,landscape,random_direct,2,0.029999999329447746,0.0325109101831913,0.015552100388324677,0.015751726964050097,no_axis,0.1141333551561161,4.504597468301654
1017,987,2419096,landscape,latent,2,0.04500000178813934,0.05184660479426384,0.008805429346689998,0.009725990795860874,ok,81.72611198021777,2.437226314097643
1018,988,2419096,landscape,tangent_direct,2,0.04500000178813934,0.048766374588012695,0.008303282683421603,0.00914131465449002,ok,81.50929597130069,2.442148081958294
1019,989,2419096,landscape,random_direct,2,0.04500000178813934,0.0487663671374321,0.02332817137463113,0.023627608275323328,no_axis,0.11399385314072304,4.478091882076114
1020,990,2419096,landscape,latent,2,0.05999999865889549,0.07071445137262344,0.011994895122350939,0.013271749102503658,ok,81.06351742863652,2.4655446521937847
1021,991,2419096,landscape,tangent_direct,2,0.05999999865889549,0.0650218278169632,0.011071042328716167,0.01218841784454127,ok,80.44442169675878,2.4839507387951016
1022,992,2419096,landscape,random_direct,2,0.05999999865889549,0.0650218203663826,0.031104209384131706,0.031503463117185423,no_axis,0.1135145051201913,4.457378554157913
1023,993,2419096,landscape,latent,2,0.09000000357627869,0.11129559576511383,0.018792944229246492,0.020889811086263754,ok,79.94806275849251,2.486543706152588
1024,994,2419096,landscape,tangent_direct,2,0.09000000357627869,0.09753274917602539,0.016606581919503163,0.018282641551109147,ok,77.35359100950313,2.5023811869323254
1025,995,2419096,landscape,random_direct,2,0.09000000357627869,0.09753274917602539,0.04665632288579374,0.047255200705308906,no_axis,0.1124268258055958,4.4512054030783474
1026,996,2419096,landscape,latent,2,0.11999999731779099,0.15633046627044678,0.026172594072000534,0.029289446033430172,ok,80.61327850435146,2.4420084627345204
1027,997,2419096,landscape,tangent_direct,2,0.11999999731779099,0.1300436556339264,0.02214209274099244,0.024376843431610055,ok,74.3836370900481,2.4515965711325407
1028,998,2419096,landscape,random_direct,2,0.11999999731779099,0.1300436407327652,0.06220842349408312,0.06300692845543432,no_axis,0.11094089034193705,4.50403722980991
1029,999,2419096,landscape,latent,2,0.18000000715255737,0.26926079392433167,0.044561644485757744,0.05107292312507838,ok,77.87218989103675,2.4370710398070514
1030,1000,2419096,landscape,tangent_direct,2,0.18000000715255737,0.19506549835205078,0.03321315551476172,0.03656527729407423,ok,69.0119008705786,2.4619331103749573
1031,1001,2419096,landscape,random_direct,2,0.18000000715255737,0.1950654834508896,0.09331264509433322,0.09451039961042837,no_axis,0.1057975201427886,4.476485691964626
1032,1002,2419096,landscape,latent,2,0.23999999463558197,0.6028315424919128,0.22091085100407934,0.25712096719524286,no_axis,0.10334239035220638,4.503731735982001
1033,1003,2419096,landscape,tangent_direct,2,0.23999999463558197,0.2600873112678528,0.04428421041574635,0.04875370515987865,flux_rejected,0.36648677117056194,4.75183828920126
1034,1004,2419096,landscape,random_direct,2,0.23999999463558197,0.2600872814655304,0.12441685018148564,0.1260138573973453,no_axis,0.10478251944387816,4.456685020122677
1035,1005,2419096,landscape,latent,3,-0.23999999463558197,0.25123131275177,0.04356265688251614,0.04959304724195845,ok,68.12239153549217,2.451446358114481
1036,1006,2419096,landscape,tangent_direct,3,-0.23999999463558197,0.24373087286949158,0.02836615437757821,0.031040877839783845,ok,72.12885318704326,4.852929136250168
1037,1007,2419096,landscape,random_direct,3,-0.23999999463558197,0.24373087286949158,0.1726925997757686,0.1556854066519814,ok,12.776087477799011,2.4372071214020252
1038,1008,2419096,landscape,latent,3,-0.18000000715255737,0.17681606113910675,0.025180009018994046,0.02853512351319052,ok,68.86729536016266,4.805000525899231
1039,1009,2419096,landscape,tangent_direct,3,-0.18000000715255737,0.18279814720153809,0.02127460221963236,0.023280647716899736,ok,77.62193068120793,4.827305672690272
1040,1010,2419096,landscape,random_direct,3,-0.18000000715255737,0.18279817700386047,0.1295194557003459,0.11676406030599518,flux_rejected,0.3649889612215602,2.418670626822859
1041,1011,2419096,landscape,latent,3,-0.11999999731779099,0.11503282189369202,0.014438566393384403,0.016143305420180037,ok,83.96224676082555,4.7991789458319545
1042,1012,2419096,landscape,tangent_direct,3,-0.11999999731779099,0.12186543643474579,0.014183077771768953,0.015520439319832383,ok,84.55966988366741,4.804469708818942
1043,1013,2419096,landscape,random_direct,3,-0.11999999731779099,0.12186543643474579,0.08634630462081654,0.07784270800733631,no_axis,0.10918629715469114,4.476711075752974
1044,1014,2419096,landscape,latent,3,-0.09000000357627869,0.08644189685583115,0.010449878262647197,0.011603833902859873,ok,86.00037769882312,2.4666815977543592
1045,1015,2419096,landscape,tangent_direct,3,-0.09000000357627869,0.09139908850193024,0.010637302917897619,0.011640324810769456,ok,86.0303725957837,2.4378318646922708
1046,1016,2419096,landscape,random_direct,3,-0.09000000357627869,0.09139908850193024,0.06475972904008719,0.05838203092058209,no_axis,0.11081808046435625,4.456840174272656
1047,1017,2419096,landscape,latent,3,-0.05999999865889549,0.058235544711351395,0.006875457939719436,0.007588158976166075,ok,87.61076328431243,2.4522778098471463
1048,1018,2419096,landscape,tangent_direct,3,-0.05999999865889549,0.060932718217372894,0.007091540083677922,0.007760221886149457,ok,87.52598128717206,2.4667083770036697
1049,1019,2419096,landscape,random_direct,3,-0.05999999865889549,0.060932718217372894,0.04317313941043514,0.03892134323439211,no_axis,0.11254692719659487,4.451816874090582
1050,1020,2419096,landscape,latent,3,-0.04500000178813934,0.0440409779548645,0.005162014835178872,0.005681966437763125,ok,88.25959131937132,2.4429219998419285
1051,1021,2419096,landscape,tangent_direct,3,-0.04500000178813934,0.04569954425096512,0.0053186537611612855,0.005820165984809111,ok,88.22769908464481,2.4515849291346967
1052,1022,2419096,landscape,random_direct,3,-0.04500000178813934,0.04569954425096512,0.03237985272806571,0.02919100664229081,no_axis,0.1131510601245543,4.503955552820116
1053,1023,2419096,landscape,latent,3,-0.029999999329447746,0.02966444380581379,0.0034609763424805528,0.003800681414873958,ok,88.7641790280879,2.436943989712745
1054,1024,2419096,landscape,tangent_direct,3,-0.029999999329447746,0.030466357246041298,0.0035457674788016164,0.00388010765258634,ok,88.70470171729828,2.44213804975152
1055,1025,2419096,landscape,random_direct,3,-0.029999999329447746,0.030466359108686447,0.021586564381184264,0.019460666565453744,flux_rejected,0.36786310088457913,2.399480863008648
1056,1026,2419096,landscape,latent,3,-0.024000000208616257,0.02384243905544281,0.0027784673504702008,0.0030486296907018345,ok,88.91245128541107,2.4664990198798478
1057,1027,2419096,landscape,tangent_direct,3,-0.024000000208616257,0.024373086169362068,0.0028366193433153617,0.0031040919695435394,ok,88.87647903981915,2.43731035804376
1058,1028,2419096,landscape,random_direct,3,-0.024000000208616257,0.024373088032007217,0.01726924051012107,0.015568524645454674,ok,62.57011288361682,2.4423891180194914
1059,1029,2419096,landscape,latent,3,-0.017999999225139618,0.017971066758036613,0.002092522569244574,0.0022942026209506576,ok,88.9956627855459,2.4510408169589937
1060,1030,2419096,landscape,tangent_direct,3,-0.017999999225139618,0.01827981323003769,0.002127459922354246,0.0023280652761842576,ok,88.99044771163099,2.4662543889135122
1061,1031,2419096,landscape,random_direct,3,-0.017999999225139618,0.01827981509268284,0.012951947337360844,0.011676407227844793,ok,66.56786957577552,2.437119142152369
1062,1032,2419096,landscape,latent,3,-0.012000000104308128,0.0120442109182477,0.0014017460874408505,0.0015357445317322038,ok,89.08199936177405,2.44183956598863
1063,1033,2419096,landscape,tangent_direct,3,-0.012000000104308128,0.012186544947326183,0.0014183046093488054,0.001552041388965458,ok,88.9693898866864,2.4517400548793375
1064,1034,2419096,landscape,random_direct,3,-0.012000000104308128,0.012186543084681034,0.008634632220870728,0.0077842720960305005,ok,72.30063844983376,2.4662265586666763
1065,1035,2419096,landscape,latent,3,-0.008999999612569809,0.009058181196451187,0.0010540835084236358,0.0011544602049251404,ok,88.9892835820164,2.437110119033605
1066,1036,2419096,landscape,tangent_direct,3,-0.008999999612569809,0.009139909408986568,0.0010637340403715687,0.001164037297083274,ok,88.99108510994452,2.4416349972598255
1067,1037,2419096,landscape,random_direct,3,-0.008999999612569809,0.009139906615018845,0.0064759851535673195,0.005838211816430628,ok,76.37363672530054,2.4853022936731577
1068,1038,2419096,landscape,latent,3,-0.006000000052154064,0.006055844482034445,0.000704688891481985,0.0007715488848039709,ok,89.01508733805312,2.4648611480370164
1069,1039,2419096,landscape,tangent_direct,3,-0.006000000052154064,0.006093272008001804,0.0007091551675906582,0.0007760212408638378,ok,89.04094687394617,2.4374724510125816
1070,1040,2419096,landscape,random_direct,3,-0.006000000052154064,0.006093273404985666,0.004317316127306577,0.0038921363062736298,ok,80.026037009739,2.476598149165511
1071,1041,2419096,landscape,latent,3,-0.004000000189989805,0.0040451530367136,0.00047068287106351753,0.0005152395723194123,ok,89.02494697582303,2.4518535155802965
1072,1042,2419096,landscape,tangent_direct,3,-0.004000000189989805,0.004062179941684008,0.00047277856502483175,0.0005173548754887719,ok,89.03845248085126,2.466380616184324
1073,1043,2419096,landscape,random_direct,3,-0.004000000189989805,0.004062180407345295,0.0028781953516132355,0.0025947459951203493,ok,81.55741641308678,2.4378454871475697
1074,1044,2419096,landscape,latent,3,-0.0020000000949949026,0.0020265427883714437,0.00023582519797172674,0.0002580999662057663,ok,89.04856971287599,2.442695190664381
1075,1045,2419096,landscape,tangent_direct,3,-0.0020000000949949026,0.0020310936961323023,0.00023638815957112395,0.0002586783079138444,ok,89.05191294456347,2.451885499060154
1076,1046,2419096,landscape,random_direct,3,-0.0020000000949949026,0.002031092531979084,0.0014390884344097194,0.0012973662040893217,ok,87.22426057637473,2.5021007959730923
1077,1047,2419096,landscape,latent,3,-0.0010000000474974513,0.0010142475366592407,0.00011802201413835069,0.00012915489079334615,ok,89.03586345566916,2.4362505692988634
1078,1048,2419096,landscape,tangent_direct,3,-0.0010000000474974513,0.0010155434720218182,0.00011819106272682931,0.00012933911681813702,ok,89.04978058645358,2.438102985266596
1079,1049,2419096,landscape,random_direct,3,-0.0010000000474974513,0.0010155446361750364,0.0007195629676778171,0.0006486955703943434,ok,89.06159036715134,2.4517045002430677
1080,779,2419096,landscape,latent,3,0.0,1.0723327648065606e-07,2.492013707629625e-08,2.9343866312690466e-08,ok,89.15815163768173,2.4363579521887004
1081,733,2419096,landscape,tangent_direct,3,0.0,0.0,0.0,0.0,ok,89.1463337089138,4.818497141357511
1082,733,2419096,landscape,random_direct,3,0.0,0.0,0.0,0.0,ok,89.1463337089138,4.818497141357511
1083,1050,2419096,landscape,latent,3,0.0010000000474974513,0.0010162565158680081,0.00011827544803083298,0.00012940832675439374,ok,89.05893671941104,2.4665505727753043
1084,1051,2419096,landscape,tangent_direct,3,0.0010000000474974513,0.0010155434720218182,0.00011819165270083993,0.00012933567861270862,ok,89.06925389795273,2.4370826738886535
1085,1052,2419096,landscape,random_direct,3,0.0010000000474974513,0.0010155446361750364,0.0007195523807474368,0.0006486891930823489,ok,88.37764161904273,2.4418149180710316
1086,1053,2419096,landscape,latent,3,0.0020000000949949026,0.0020346969831734896,0.000236841085729066,0.00025910773483531284,ok,89.05344081525095,2.451583890710026
1087,1054,2419096,landscape,tangent_direct,3,0.0020000000949949026,0.0020310936961323023,0.0002363845732723215,0.00025867602649653473,ok,89.05775889205798,2.465599282644689
1088,1055,2419096,landscape,random_direct,3,0.0020000000949949026,0.002031092531979084,0.0014391070428193427,0.0012973795620604283,ok,87.04908447783019,2.437503671273589
1089,1056,2419096,landscape,latent,3,0.004000000189989805,0.004077867139130831,0.0004746718397717405,0.0005192176086596112,ok,89.05520308452708,2.4416663898155093
1090,1057,2419096,landscape,tangent_direct,3,0.004000000189989805,0.00406218133866787,0.00047277422847413005,0.0005173521441306863,ok,89.0487718847679,2.451406940817833
1091,1058,2419096,landscape,random_direct,3,0.004000000189989805,0.004062180407345295,0.002878229779686745,0.0025947730117555764,ok,84.51298965123225,2.4663011566735804
1092,1059,2419096,landscape,latent,3,0.006000000052154064,0.0061297244392335415,0.0007136146621581002,0.0007804526716267536,ok,89.05317292149829,2.43648387119174
1093,1060,2419096,landscape,tangent_direct,3,0.006000000052154064,0.006093272008001804,0.0007091508831985306,0.0007760176851559126,ok,89.03119989924457,2.441884367261082
1094,1061,2419096,landscape,random_direct,3,0.006000000052154064,0.006093274336308241,0.004317317978470414,0.003892136436603795,ok,81.24219162458573,4.826282842084765
1095,1062,2419096,landscape,latent,3,0.008999999612569809,0.00922404509037733,0.0010741251874143865,0.001174460671560985,ok,89.00825487514076,2.4861808121204376
1096,1063,2419096,landscape,tangent_direct,3,0.008999999612569809,0.009139908477663994,0.0010637313028616926,0.001164031738737521,ok,89.02152813715165,2.436910801101476
1097,1064,2419096,landscape,random_direct,3,0.008999999612569809,0.009139906615018845,0.006475976012414999,0.005838205332373681,ok,65.03027222718318,4.804353399202228
1098,1065,2419096,landscape,latent,3,0.012000000104308128,0.012339525856077671,0.0014374247247353213,0.001571348337617683,ok,89.0145034982566,2.452260420192033
1099,1066,2419096,landscape,tangent_direct,3,0.012000000104308128,0.012186544947326183,0.0014183091328692293,0.0015520447372597893,ok,89.004575057067,2.4663395415991545
1100,1067,2419096,landscape,random_direct,3,0.012000000104308128,0.012186543084681034,0.00863464858515977,0.007784285935958624,ok,42.73944314960173,4.798549280036241
1101,1068,2419096,landscape,latent,3,0.017999999225139618,0.018636031076312065,0.00217265871242449,0.002374203754860415,ok,88.90628201522094,2.4437609896995127
1102,1069,2419096,landscape,tangent_direct,3,0.017999999225139618,0.01827981323003769,0.002127458473620261,0.002328062066270831,ok,88.93340234983064,2.5065888040699065
1103,1070,2419096,landscape,random_direct,3,0.017999999225139618,0.018279816955327988,0.012951978966425139,0.011676432086611928,no_axis,0.11398292322787346,4.503475558012724
1104,1071,2419096,landscape,latent,3,0.024000000208616257,0.02502618357539177,0.0029206130383428505,0.0031905738360286408,ok,88.83625706593529,2.438583981245756
1105,1072,2419096,landscape,tangent_direct,3,0.024000000208616257,0.024373086169362068,0.0028366182201712904,0.003104089172088621,ok,88.80215935447994,2.4418445196934044
1106,1073,2419096,landscape,random_direct,3,0.024000000208616257,0.024373088032007217,0.017269271245998315,0.01556854813050066,no_axis,0.11391715615730358,4.475148376077414
1107,1074,2419096,landscape,latent,3,0.029999999329447746,0.03151670843362808,0.0036824647846488753,0.004021943291964729,ok,88.75703783745952,2.477292060852051
1108,1075,2419096,landscape,tangent_direct,3,0.029999999329447746,0.030466357246041298,0.0035457578799604037,0.0038801002146506944,ok,88.63921691862059,2.4372094869613647
1109,1076,2419096,landscape,random_direct,3,0.029999999329447746,0.030466359108686447,0.021586586586291135,0.019460683729413158,no_axis,0.1139044489444169,4.454819474834949
1110,1077,2419096,landscape,latent,3,0.04500000178813934,0.04823193699121475,0.005655833515419018,0.006175951429889541,ok,88.42224219952371,2.4511324618943036
1111,1078,2419096,landscape,tangent_direct,3,0.04500000178813934,0.04569954425096512,0.0053186493692060815,0.005820158545768087,ok,88.2645132200498,2.46702388394624
1112,1079,2419096,landscape,random_direct,3,0.04500000178813934,0.04569954425096512,0.03237989272108431,0.029191036643248028,no_axis,0.11392663804403014,4.451411831192672
1113,1080,2419096,landscape,latent,3,0.05999999865889549,0.06574801355600357,0.007743181693027509,0.00845814508168831,ok,87.87910592958804,2.442340403329581
1114,1081,2419096,landscape,tangent_direct,3,0.05999999865889549,0.060932718217372894,0.0070915394940896425,0.007760217515756684,ok,87.81382121023047,2.4645745982415974
1115,1082,2419096,landscape,random_direct,3,0.05999999865889549,0.060932718217372894,0.04317314036143344,0.03892134505182187,no_axis,0.11400430796258564,4.504091512877494
1116,1083,2419096,landscape,latent,3,0.09000000357627869,0.10382028669118881,0.012355840092352601,0.013532972847883061,ok,86.98145331999315,2.436987037304789
1117,1084,2419096,landscape,tangent_direct,3,0.09000000357627869,0.09139908850193024,0.010637312668072881,0.011640332438845415,ok,86.64640513019611,2.475732928607613
1118,1085,2419096,landscape,random_direct,3,0.09000000357627869,0.09139908850193024,0.06475973716408416,0.05838203864477531,no_axis,0.11383767366826947,4.476997071877122
1119,1086,2419096,landscape,latent,3,0.11999999731779099,0.1476220041513443,0.017868013301856743,0.01970083009443793,ok,85.84419328253544,2.507428098935634
1120,1087,2419096,landscape,tangent_direct,3,0.11999999731779099,0.12186543643474579,0.014183073706637133,0.015520435646631355,ok,85.5148734920265,2.472875311039388
1121,1088,2419096,landscape,random_direct,3,0.11999999731779099,0.12186543643474579,0.08634633002852457,0.0778427261554274,no_axis,0.11210145134198116,4.456664394121617
1122,1089,2419096,landscape,latent,3,0.18000000715255737,0.3433057367801666,0.10199176055401173,0.11572512133685497,no_axis,0.10559583120317786,4.474129029083997
1123,1090,2419096,landscape,tangent_direct,3,0.18000000715255737,0.18279816210269928,0.0212746118563182,0.02328065252389704,ok,83.62100610255568,2.508169420994818
1124,1091,2419096,landscape,random_direct,3,0.18000000715255737,0.18279817700386047,0.12951947788391244,0.11676407852028851,no_axis,0.10522599987441164,4.452456505037844
1125,1092,2419096,landscape,latent,3,0.23999999463558197,0.5757564306259155,0.2197254054229386,0.253282545958135,ok,69.76665911186832,2.4438962498679757
1126,1093,2419096,landscape,tangent_direct,3,0.23999999463558197,0.24373087286949158,0.02836614592464318,0.031040868970267768,ok,82.16535180614112,2.485817339271307
1127,1094,2419096,landscape,random_direct,3,0.23999999463558197,0.24373087286949158,0.1726926219127447,0.1556854232167266,no_axis,0.10329542681774889,4.504311143886298
