point_id,case_id,source_id,kind,path,direction,alpha,normalized_delta_rms,position_delta_rms_m,coefficient_relative_l2,status,score,score_wall_s
0,0,1446077,source_raw,,,,,4.4713290408311026e-08,4.028171641745794e-08,ok,72.1850627159278,7.545495490543544
1,1,1446077,source_canonical,,,,,4.31007106790893e-08,3.910132740260421e-08,ok,63.26609929778146,7.523826324380934
2,2,1446077,reconstruction,,,,0.0,0.0,0.0,ok,63.26900269505957,7.5343757681548595
3,3,1446077,landscape,latent,0,-0.23999999463558197,0.23611101508140564,0.04547436182684004,0.03638363090541172,ok,28.96486715573153,11.463559488765895
4,4,1446077,landscape,tangent_direct,0,-0.23999999463558197,0.23810823261737823,0.042255960113022656,0.034263061942233004,ok,34.95388091595679,7.996834798716009
5,5,1446077,landscape,random_direct,0,-0.23999999463558197,0.23810824751853943,0.1346824269515421,0.10545711328448416,flux_rejected,0.31466441977300713,8.685448223724961
6,6,1446077,landscape,latent,0,-0.18000000715255737,0.17521372437477112,0.03313916194929611,0.02661869337323865,ok,41.797428678570604,7.098778906278312
7,7,1446077,landscape,tangent_direct,0,-0.18000000715255737,0.17858119308948517,0.03169194903080427,0.025697284984339645,ok,44.14928089105016,9.340275831520557
8,8,1446077,landscape,random_direct,0,-0.18000000715255737,0.17858119308948517,0.10101181444580067,0.07909283277001136,flux_rejected,0.32047119539594005,8.679684791713953
9,9,1446077,landscape,latent,0,-0.11999999731779099,0.11645817011594772,0.02161839716887032,0.01742944928611448,ok,53.24780501994714,6.0909939063712955
10,10,1446077,landscape,tangent_direct,0,-0.11999999731779099,0.11905411630868912,0.021127971387274062,0.017131525373593047,ok,53.59893224439564,7.097062528133392
11,11,1446077,landscape,random_direct,0,-0.11999999731779099,0.11905412375926971,0.06734121580735272,0.052728558044753314,drift_rejected,0.3109263256136776,4.805989732034504
12,12,1446077,landscape,latent,0,-0.09000000357627869,0.08746233582496643,0.01607563080600195,0.012982200810005217,ok,57.58275333647185,6.089818567968905
13,13,1446077,landscape,tangent_direct,0,-0.09000000357627869,0.08929060399532318,0.015845978206185322,0.012848645661371531,ok,57.589069916851464,6.09368961583823
14,14,1446077,landscape,random_direct,0,-0.09000000357627869,0.08929059654474258,0.050505915920325474,0.039546421155148,flux_rejected,0.38687395031707644,5.700002404861152
15,15,1446077,landscape,latent,0,-0.05999999865889549,0.05852175131440163,0.010644272118656832,0.00860876163260279,ok,58.74431023145285,7.027777843177319
16,16,1446077,landscape,tangent_direct,0,-0.05999999865889549,0.05952706187963486,0.010563976977480795,0.008565757954793557,ok,58.70173763207301,7.051644097082317
17,17,1446077,landscape,random_direct,0,-0.05999999865889549,0.05952706187963486,0.0336706192829706,0.026364286776835805,ok,8.734315970768622,5.1366725116968155
18,18,1446077,landscape,latent,0,-0.04500000178813934,0.04401790350675583,0.007961688510521005,0.006443566795258931,ok,60.443260257498146,7.093713007867336
19,19,1446077,landscape,tangent_direct,0,-0.04500000178813934,0.04464529827237129,0.007922975422812381,0.00642431486910081,ok,60.41871957099967,7.031262427568436
20,20,1446077,landscape,random_direct,0,-0.04500000178813934,0.04464529827237129,0.025252972530780304,0.01977322013496556,ok,10.378487471658621,6.092621627263725
21,21,1446077,landscape,latent,0,-0.029999999329447746,0.029454225674271584,0.005296215510606843,0.00428912858919451,ok,61.6594116992275,7.052568294107914
22,22,1446077,landscape,tangent_direct,0,-0.029999999329447746,0.029763532802462578,0.0052819763701652525,0.0042828723839929295,ok,61.64893282300515,7.097707945853472
23,23,1446077,landscape,random_direct,0,-0.029999999329447746,0.02976352907717228,0.016835298844282313,0.01318213739269755,ok,18.88427478693718,7.029074866324663
24,24,1446077,landscape,latent,0,-0.024000000208616257,0.023604366928339005,0.004233870811747528,0.0034296611681988304,ok,62.10971408752795,7.05171983409673
25,25,1446077,landscape,tangent_direct,0,-0.024000000208616257,0.023810824379324913,0.004225588861424768,0.0034263009871101924,ok,62.092377955335124,7.055227275006473
26,26,1446077,landscape,random_direct,0,-0.024000000208616257,0.023810826241970062,0.01346824448155323,0.0105457147003593,ok,26.704641753738656,7.092066928744316
27,27,1446077,landscape,latent,0,-0.017999999225139618,0.017736773937940598,0.003173372635574108,0.0025712547698585166,ok,62.483846695025356,7.029721304774284
28,28,1446077,landscape,tangent_direct,0,-0.017999999225139618,0.017858117818832397,0.0031691906575787923,0.0025697253930862325,ok,62.48310249043975,7.050482510589063
29,29,1446077,landscape,random_direct,0,-0.017999999225139618,0.017858117818832397,0.010101209305939256,0.007909300044740938,ok,37.63563554984705,7.059121363796294
30,30,1446077,landscape,latent,0,-0.012000000104308128,0.011848796159029007,0.002114408137704038,0.0017136472498702007,ok,62.80736937279122,7.103133016265929
31,31,1446077,landscape,tangent_direct,0,-0.012000000104308128,0.011905409395694733,0.002112793703122335,0.0017131492964357216,ok,62.80012345983599,7.028909281827509
32,32,1446077,landscape,random_direct,0,-0.012000000104308128,0.01190541498363018,0.00673413653971955,0.005272866386002952,ok,49.983018922426375,7.053528405725956
33,33,1446077,landscape,latent,0,-0.008999999612569809,0.008896414190530777,0.0015854753543880892,0.0012851222536488518,ok,62.92911868863514,6.099468914791942
34,34,1446077,landscape,tangent_direct,0,-0.008999999612569809,0.008929056115448475,0.001584594453243374,0.0012848617372011532,ok,62.916122931248616,6.133161541074514
35,35,1446077,landscape,random_direct,0,-0.008999999612569809,0.008929059840738773,0.005050599761040126,0.003954645574787371,ok,55.50140188430208,7.0326888132840395
36,36,1446077,landscape,latent,0,-0.006000000052154064,0.005937623325735331,0.0010567459649460276,0.0008566656263771066,ok,63.04228397016583,6.09638852532953
37,37,1446077,landscape,tangent_direct,0,-0.006000000052154064,0.005952706094831228,0.0010563846798369808,0.0008565677685944136,ok,63.07890093267449,6.099522168748081
38,38,1446077,landscape,random_direct,0,-0.006000000052154064,0.005952702835202217,0.003367058488109588,0.0026364247516163877,ok,59.77678740868295,7.104869000613689
39,39,1446077,landscape,latent,0,-0.004000000189989805,0.003961480222642422,0.0007043867620837561,0.0005710704279635555,ok,63.10369386797876,6.077693174593151
40,40,1446077,landscape,tangent_direct,0,-0.004000000189989805,0.003968470264226198,0.0007042597904622809,0.0005710463259281518,ok,63.10815241883175,6.0964716440066695
41,41,1446077,landscape,random_direct,0,-0.004000000189989805,0.003968472592532635,0.002244717646292023,0.00175762564148236,ok,61.729094093361965,6.102696321904659
42,42,1446077,landscape,latent,0,-0.0020000000949949026,0.001982346875593066,0.0003521165440815698,0.00028550136268328446,ok,63.187365221789506,6.135626797564328
43,43,1446077,landscape,tangent_direct,0,-0.0020000000949949026,0.0019842342007905245,0.0003521123795707122,0.0002855130563807853,ok,63.16503140082444,6.076620498672128
44,44,1446077,landscape,random_direct,0,-0.0020000000949949026,0.0019842360634356737,0.001122349238007078,0.0008788058113898816,ok,62.857252330865904,6.100394682958722
45,45,1446077,landscape,latent,0,-0.0010000000474974513,0.0009916413109749556,0.0001760478597025281,0.00014275229331744426,ok,63.20961808350878,6.1044679852202535
46,46,1446077,landscape,tangent_direct,0,-0.0010000000474974513,0.0009921208256855607,0.00017605848120752732,0.00014275513593605763,ok,63.199582095183516,6.137966472655535
47,47,1446077,landscape,random_direct,0,-0.0010000000474974513,0.000992120010778308,0.0005611903377248464,0.0004394142193725708,ok,63.1444592497015,6.081492871977389
48,48,1446077,landscape,latent,0,0.0,1.1518514497765864e-07,2.949353875718035e-08,2.309062356631084e-08,ok,63.25538050316757,6.1011548936367035
49,2,1446077,landscape,tangent_direct,0,0.0,0.0,0.0,0.0,ok,63.26900269505957,7.5343757681548595
50,2,1446077,landscape,random_direct,0,0.0,0.0,0.0,0.0,ok,63.26900269505957,7.5343757681548595
51,49,1446077,landscape,latent,0,0.0010000000474974513,0.0009922754252329469,0.0001760256384931373,0.0001427352578763282,ok,63.27658716209198,6.106626181863248
52,50,1446077,landscape,tangent_direct,0,0.0010000000474974513,0.0009921208256855607,0.00017609070336178128,0.0001427766167604537,ok,63.2559538045611,6.137456469237804
53,51,1446077,landscape,random_direct,0,0.0010000000474974513,0.0009921197779476643,0.0005611638354815587,0.00043939930524071675,ok,63.13960822133568,6.0818512393161654
54,52,1446077,landscape,latent,0,0.0020000000949949026,0.0019855306018143892,0.00035216328872685114,0.00028556187586463856,ok,63.285886085457975,6.099270613864064
55,53,1446077,landscape,tangent_direct,0,0.0020000000949949026,0.0019842342007905245,0.00035214729047629355,0.00028553365766848714,ok,63.310748481887146,6.106741700321436
56,54,1446077,landscape,random_direct,0,0.0020000000949949026,0.0019842362962663174,0.001122352023111003,0.0008788079937464121,ok,62.85296215610468,6.137458750978112
57,55,1446077,landscape,latent,0,0.004000000189989805,0.003974494524300098,0.0007041474047491726,0.0005710444435893663,ok,63.36846270074191,6.081073977053165
58,56,1446077,landscape,tangent_direct,0,0.004000000189989805,0.003968470264226198,0.0007042822750426528,0.0005710601852984429,ok,63.336984671666606,6.099690875969827
59,57,1446077,landscape,random_direct,0,0.004000000189989805,0.003968472592532635,0.0022447066928555598,0.0017576196383744579,ok,61.7463483738821,6.106753001920879
60,58,1446077,landscape,latent,0,0.006000000052154064,0.005966979544609785,0.0010561425263899236,0.0008565650804455914,ok,63.37151074205533,6.137294632382691
61,59,1446077,landscape,tangent_direct,0,0.006000000052154064,0.0059527065604925156,0.0010564046903900747,0.0008565807724912735,ok,63.38489504661947,6.080536034889519
62,60,1446077,landscape,random_direct,0,0.006000000052154064,0.005952703300863504,0.00336704811448326,0.002636420014252124,ok,59.90998266709094,6.098663737997413
63,61,1446077,landscape,latent,0,0.008999999612569809,0.008962668478488922,0.0015840554062021119,0.0012848936817349825,ok,63.41268299220466,6.107288580387831
64,62,1446077,landscape,tangent_direct,0,0.008999999612569809,0.008929056115448475,0.001584612609577026,0.0012848736095405248,ok,63.463115098518124,6.13823077082634
65,63,1446077,landscape,random_direct,0,0.008999999612569809,0.008929059840738773,0.005050586594625708,0.0039546404348980635,ok,55.97471365417383,6.081054355017841
66,64,1446077,landscape,latent,0,0.012000000104308128,0.011966897174715996,0.0021119570792124645,0.0017132945285189389,ok,63.46878513710747,6.0989863984286785
67,65,1446077,landscape,tangent_direct,0,0.012000000104308128,0.011905409395694733,0.0021128277661876444,0.0017131697999515573,ok,63.472493936389334,6.108193764463067
68,66,1446077,landscape,random_direct,0,0.012000000104308128,0.01190541498363018,0.006734115413992862,0.005272853311538996,ok,51.021493331590754,6.138301892206073
69,67,1446077,landscape,latent,0,0.017999999225139618,0.018003134056925774,0.0031678080596139573,0.0025704602702011745,ok,63.50842897580298,6.081826647743583
70,68,1446077,landscape,tangent_direct,0,0.017999999225139618,0.017858117818832397,0.0031692165483094984,0.0025697415049579357,ok,63.49891303100613,6.099423753097653
71,69,1446077,landscape,random_direct,0,0.017999999225139618,0.017858119681477547,0.01010118333724092,0.007909283519901328,ok,40.060390381178316,6.1066841604188085
72,70,1446077,landscape,latent,0,0.024000000208616257,0.024079302325844765,0.00422414527119255,0.00342839918085905,ok,63.479334553859985,6.143599066883326
73,71,1446077,landscape,tangent_direct,0,0.024000000208616257,0.023810826241970062,0.004225610432307031,0.0034263149586854697,ok,63.496664103372375,6.082170236855745
74,72,1446077,landscape,random_direct,0,0.024000000208616257,0.023810826241970062,0.013468229506183666,0.010545703394691403,ok,30.362487288801677,6.100165353156626
75,73,1446077,landscape,latent,0,0.029999999329447746,0.030199235305190086,0.005281304480569182,0.004287396027475204,ok,63.436587581447895,6.10692781675607
76,74,1446077,landscape,tangent_direct,0,0.029999999329447746,0.02976353093981743,0.0052820058577009756,0.0042828914861894685,ok,63.43099442768634,6.151795857585967
77,75,1446077,landscape,random_direct,0,0.029999999329447746,0.02976352907717228,0.01683528948610189,0.013182130892149825,ok,23.081711000377027,6.0752228340134025
78,76,1446077,landscape,latent,0,0.04500000178813934,0.04571639373898506,0.007931080858394002,0.006442039637846223,ok,63.07465547065664,6.098998201079667
79,77,1446077,landscape,tangent_direct,0,0.04500000178813934,0.04464529827237129,0.007923007644268698,0.006424333876710757,ok,63.05391908373613,6.107290949672461
80,78,1446077,landscape,random_direct,0,0.04500000178813934,0.04464529827237129,0.02525294980304234,0.01977320669287788,ok,9.168162152512055,7.106244834139943
81,79,1446077,landscape,latent,0,0.05999999865889549,0.06159697845578194,0.01059725175277764,0.00861195192620959,ok,62.423699021100816,6.081387012265623
82,80,1446077,landscape,tangent_direct,0,0.05999999865889549,0.05952706187963486,0.010564006035206169,0.008565775119694672,ok,62.392745678301125,6.100189138203859
83,81,1446077,landscape,random_direct,0,0.05999999865889549,0.05952706187963486,0.033670593062009174,0.02636427066166744,ok,8.335411176744078,6.1129825338721275
84,82,1446077,landscape,latent,0,0.09000000357627869,0.09474269300699234,0.016020657391576498,0.013028771609665495,ok,60.21633737081879,6.148827386088669
85,83,1446077,landscape,tangent_direct,0,0.09000000357627869,0.08929059654474258,0.01584599338091563,0.012848655273300525,ok,60.37168436121063,6.080984958447516
86,84,1446077,landscape,random_direct,0,0.09000000357627869,0.08929060399532318,0.050505902968424776,0.03954641241144244,drift_rejected,0.3626887645116712,3.0342488856986165
87,85,1446077,landscape,latent,0,0.11999999731779099,0.13029567897319794,0.02166923843639855,0.01762168964517373,ok,56.79294730043472,6.113200532272458
88,86,1446077,landscape,tangent_direct,0,0.11999999731779099,0.11905411630868912,0.021127988323632923,0.01713153602400476,ok,57.672676416903755,6.142410078085959
89,87,1446077,landscape,random_direct,0,0.11999999731779099,0.11905412375926971,0.06734119576231032,0.052728546533145314,no_axis,0.10066836947735361,4.4193476447835565
90,88,1446077,landscape,latent,0,0.18000000715255737,0.21193043887615204,0.03490953110010493,0.028132448740088117,flux_rejected,0.4040140679183643,9.020648780278862
91,89,1446077,landscape,tangent_direct,0,0.18000000715255737,0.17858119308948517,0.03169198896264402,0.025697309003537835,ok,34.995349317163424,6.1140643786638975
92,90,1446077,landscape,random_direct,0,0.18000000715255737,0.17858119308948517,0.10101181153702711,0.07909283271187108,no_axis,0.09938547361324346,4.477893521077931
93,91,1446077,landscape,latent,0,0.23999999463558197,0.3175502419471741,0.07984914304483062,0.059335809496868425,flux_rejected,0.38682197977204846,8.519782055169344
94,92,1446077,landscape,tangent_direct,0,0.23999999463558197,0.23810824751853943,0.04225597762873152,0.03426307256394889,flux_rejected,0.40217382407933533,9.080002182163298
95,93,1446077,landscape,random_direct,0,0.23999999463558197,0.23810824751853943,0.1346823995677835,0.10545709836567202,no_axis,0.09730187543535784,4.4562087235972285
96,94,1446077,landscape,latent,1,-0.23999999463558197,0.22977010905742645,0.03345205573591672,0.02833716278463766,ok,15.826862027382196,7.1089980863034725
97,95,1446077,landscape,tangent_direct,1,-0.23999999463558197,0.228127583861351,0.031120809558184127,0.02647039680278958,ok,19.935646560932927,7.036772219464183
98,96,1446077,landscape,random_direct,1,-0.23999999463558197,0.228127583861351,0.13058109327556802,0.10121379772916793,no_axis,0.1027505138701515,4.439780260436237
99,97,1446077,landscape,latent,1,-0.18000000715255737,0.1703125238418579,0.0244899204516177,0.020782807306754743,ok,25.108635637454515,7.076215948909521
100,98,1446077,landscape,tangent_direct,1,-0.18000000715255737,0.17109569907188416,0.02334061564271132,0.01985280430573707,ok,28.85636860714627,7.10909824911505
101,99,1446077,landscape,random_direct,1,-0.18000000715255737,0.17109571397304535,0.09793584581000947,0.07591036329091674,no_axis,0.10422228599995374,4.419016731902957
102,100,1446077,landscape,latent,1,-0.11999999731779099,0.11295168101787567,0.015989136131924847,0.013585227735862127,ok,39.85124781442037,7.062668388709426
103,101,1446077,landscape,tangent_direct,1,-0.11999999731779099,0.1140637919306755,0.015560402494378728,0.013235197711757593,ok,41.964994487184605,7.079588017426431
104,102,1446077,landscape,random_direct,1,-0.11999999731779099,0.1140637919306755,0.06529056006495844,0.05060690536226333,drift_rejected,0.3605479024218277,3.0589922601357102
105,103,1446077,landscape,latent,1,-0.09000000357627869,0.08470652252435684,0.011886081531556486,0.010103190457176394,ok,48.32266374562871,7.027458058670163
106,104,1446077,landscape,tangent_direct,1,-0.09000000357627869,0.08554785698652267,0.011670301243975929,0.009926395088524933,ok,49.4195175995659,6.101081384345889
107,105,1446077,landscape,random_direct,1,-0.09000000357627869,0.08554785698652267,0.04896792499104811,0.03795518432044799,ok,6.899115422272066,6.115406018681824
108,106,1446077,landscape,latent,1,-0.05999999865889549,0.056561991572380066,0.007864213964057842,0.00668663109933401,ok,55.82663731745797,6.143746118992567
109,107,1446077,landscape,tangent_direct,1,-0.05999999865889549,0.05703189596533775,0.007780210689831975,0.006617603739979389,ok,56.197321134216594,6.082404939457774
110,108,1446077,landscape,random_direct,1,-0.05999999865889549,0.05703189596533775,0.0326452792086128,0.025303451760756168,ok,9.674244828562063,7.059181068092585
111,109,1446077,landscape,latent,1,-0.04500000178813934,0.042482636868953705,0.005878969650077397,0.004999244713572154,ok,58.81754403890898,6.116137148812413
112,110,1446077,landscape,tangent_direct,1,-0.04500000178813934,0.042773932218551636,0.005835153459379479,0.0049632028664797516,ok,58.97272586732211,6.145701063796878
113,111,1446077,landscape,random_direct,1,-0.04500000178813934,0.04277392849326134,0.024483950753606983,0.018977584841091643,ok,12.377150342904592,8.949260354973376
114,112,1446077,landscape,latent,1,-0.029999999329447746,0.02837439998984337,0.003908002977407254,0.003323546713337335,ok,61.15777871421272,6.099933847784996
115,113,1446077,landscape,tangent_direct,1,-0.029999999329447746,0.028515951707959175,0.0038901121633340466,0.0033088075923253107,ok,61.181985638501835,6.117183399386704
116,114,1446077,landscape,random_direct,1,-0.029999999329447746,0.028515947982668877,0.016322630510753916,0.012651721120179676,ok,22.299870615659007,7.1092777997255325
117,115,1446077,landscape,latent,1,-0.024000000208616257,0.02271903119981289,0.0031231374654312975,0.0026561414348779118,ok,61.78848633142715,6.083524936810136
118,116,1446077,landscape,tangent_direct,1,-0.024000000208616257,0.02281276322901249,0.0031120900075012363,0.002647047243409681,ok,61.79815692367636,6.1012486554682255
119,117,1446077,landscape,random_direct,1,-0.024000000208616257,0.02281275764107704,0.013058102943917686,0.010121372662392701,ok,30.01376359239375,7.0749297915026546
120,118,1446077,landscape,latent,1,-0.017999999225139618,0.01705494523048401,0.00234002538977476,0.00199019306242232,ok,62.332594140769345,6.144357535988092
121,119,1446077,landscape,tangent_direct,1,-0.017999999225139618,0.017109567299485207,0.002334063571370203,0.0019852815483583034,ok,62.34085650264539,6.081881521269679
122,120,1446077,landscape,random_direct,1,-0.017999999225139618,0.017109569162130356,0.009793579534157609,0.007591030740102584,ok,40.24234161509929,7.058606701903045
123,121,1446077,landscape,latent,1,-0.012000000104308128,0.011381271295249462,0.0015585997396767737,0.0013256244647749725,ok,62.78884831586726,6.1140297297388315
124,122,1446077,landscape,tangent_direct,1,-0.012000000104308128,0.01140638068318367,0.0015560491396934073,0.0013235247492089394,ok,62.76276704203954,6.141671089455485
125,123,1446077,landscape,random_direct,1,-0.012000000104308128,0.011406376957893372,0.0065290482851495385,0.005060685738375823,ok,51.48059090874331,6.0806964142248034
126,124,1446077,landscape,latent,1,-0.008999999612569809,0.008540344424545765,0.0011684303349023743,0.0009937951374509382,ok,62.97953456399552,6.10003837198019
127,125,1446077,landscape,tangent_direct,1,-0.008999999612569809,0.008554782718420029,0.001167036350454335,0.0009926447169733,ok,62.93790096441951,6.1151657504960895
128,126,1446077,landscape,random_direct,1,-0.008999999612569809,0.008554781787097454,0.0048967990554715035,0.0037955216526483785,ok,56.470963159917154,6.142992661334574
129,127,1446077,landscape,latent,1,-0.006000000052154064,0.005696678068488836,0.0007786679824453763,0.0006622895949762481,ok,63.121665975572476,6.081579677760601
130,128,1446077,landscape,tangent_direct,1,-0.006000000052154064,0.005703188478946686,0.0007780260383112983,0.000661764798736763,ok,63.06716889921985,6.100894802249968
131,129,1446077,landscape,random_direct,1,-0.006000000052154064,0.00570319127291441,0.0032645290499816342,0.0025303462014814055,ok,60.25740537964143,6.114422866143286
132,130,1446077,landscape,latent,1,-0.004000000189989805,0.0037992331199347973,0.0005189672304739033,0.0004414100187129771,ok,63.12534328973113,6.1441697077825665
133,131,1446077,landscape,tangent_direct,1,-0.004000000189989805,0.0038021295331418514,0.0005186874049019196,0.0004411799102740248,ok,63.14459384260996,6.082291175611317
134,132,1446077,landscape,random_direct,1,-0.004000000189989805,0.0038021248765289783,0.002176340472070111,0.0016868885371767919,ok,61.9820085885744,6.099836417473853
135,133,1446077,landscape,latent,1,-0.0020000000949949026,0.0019002427579835057,0.0002593853834411109,0.00022062123006460954,ok,63.194727713615265,6.115137823857367
136,134,1446077,landscape,tangent_direct,1,-0.0020000000949949026,0.0019010654650628567,0.00025934662557737097,0.00022059202216095052,ok,63.16732490918628,6.143432643264532
137,135,1446077,landscape,random_direct,1,-0.0020000000949949026,0.0019010641844943166,0.0010881653532076859,0.0008434414811169587,ok,62.9587713560503,6.079505203291774
138,136,1446077,landscape,latent,1,-0.0010000000474974513,0.0009504423942416906,0.00012967382776943486,0.00011029680019510075,ok,63.19318731129273,6.102105189114809
139,137,1446077,landscape,tangent_direct,1,-0.0010000000474974513,0.0009505326743237674,0.00012968408939108468,0.00011029998676950353,ok,63.239588969640245,6.114149624481797
140,138,1446077,landscape,random_direct,1,-0.0010000000474974513,0.0009505311027169228,0.0005440911335530569,0.00042172486038110485,ok,63.18899269673962,6.143605560995638
141,48,1446077,landscape,latent,1,0.0,1.1518514497765864e-07,2.949353875718035e-08,2.309062356631084e-08,ok,63.25538050316757,6.1011548936367035
142,2,1446077,landscape,tangent_direct,1,0.0,0.0,0.0,0.0,ok,63.26900269505957,7.5343757681548595
143,2,1446077,landscape,random_direct,1,0.0,0.0,0.0,0.0,ok,63.26900269505957,7.5343757681548595
144,139,1446077,landscape,latent,1,0.0010000000474974513,0.0009506739443168044,0.00012967257246728,0.00011029225470937274,ok,63.23343334565788,6.072161177173257
145,140,1446077,landscape,tangent_direct,1,0.0010000000474974513,0.0009505326743237674,0.00012967056353397686,0.00011029279962562822,ok,63.245168147072775,6.100348914973438
146,141,1446077,landscape,random_direct,1,0.0010000000474974513,0.0009505308698862791,0.0005440822275227901,0.00042172041955193,ok,63.1203175236008,6.115373791195452
147,142,1446077,landscape,latent,1,0.0020000000949949026,0.0019016922451555729,0.00025924276681001096,0.00022051547221111408,ok,63.2497518090849,6.143765551038086
148,143,1446077,landscape,tangent_direct,1,0.0020000000949949026,0.0019010653486475348,0.0002593362326928159,0.00022058274003702597,ok,63.25924477037547,6.078533325344324
149,144,1446077,landscape,random_direct,1,0.0020000000949949026,0.0019010644173249602,0.0010881860009013956,0.0008434565237517936,ok,62.815733938008904,6.1003377521410584
150,145,1446077,landscape,latent,1,0.004000000189989805,0.0038049458526074886,0.0005183902723907922,0.0004409442797563765,ok,63.30595870092283,6.115531454794109
151,146,1446077,landscape,tangent_direct,1,0.004000000189989805,0.0038021295331418514,0.0005186750124710858,0.00044117294262947934,ok,63.27322936700552,6.145143122412264
152,147,1446077,landscape,random_direct,1,0.004000000189989805,0.003802124410867691,0.0021763343434537466,0.0016868867384481174,ok,61.56361350598205,6.082494843751192
153,148,1446077,landscape,latent,1,0.006000000052154064,0.00570963229984045,0.0007774103622401485,0.0006612657071439206,ok,63.27242161072043,6.099795582704246
154,149,1446077,landscape,tangent_direct,1,0.006000000052154064,0.005703188478946686,0.0007780157111099232,0.0006617570139247504,ok,63.29098339066848,6.115006709471345
155,150,1446077,landscape,random_direct,1,0.006000000052154064,0.005703190807253122,0.003264539984615536,0.0025303530909065353,ok,59.66065051387088,6.149613813497126
156,151,1446077,landscape,latent,1,0.008999999612569809,0.008569753728806973,0.0011657482751737131,0.0009915875401662064,ok,63.25497320855166,6.079061976633966
157,152,1446077,landscape,tangent_direct,1,0.008999999612569809,0.008554783649742603,0.0011670214085458483,0.0009926348755533254,ok,63.223663740437196,6.100036135874689
158,153,1446077,landscape,random_direct,1,0.008999999612569809,0.00855478085577488,0.004896791477697491,0.003795520123594781,ok,55.68686294258803,7.076429936103523
159,154,1446077,landscape,latent,1,0.012000000104308128,0.011433498933911324,0.0015538395984905885,0.0013217152308619966,ok,63.16457099372596,6.157163160853088
160,155,1446077,landscape,tangent_direct,1,0.012000000104308128,0.01140638068318367,0.0015560417780221473,0.0013235198333060962,ok,63.15509938832645,6.076707326807082
161,156,1446077,landscape,random_direct,1,0.012000000104308128,0.011406376957893372,0.006529031946481139,0.0050606765793376855,ok,50.45377789236062,7.059616983868182
162,157,1446077,landscape,latent,1,0.017999999225139618,0.01717265322804451,0.002329391946244958,0.0019814347745295306,ok,62.963151028816945,6.1166997300460935
163,158,1446077,landscape,tangent_direct,1,0.017999999225139618,0.017109569162130356,0.0023340450750378187,0.0019852702065010584,ok,62.976837947783544,6.148199928924441
164,159,1446077,landscape,random_direct,1,0.017999999225139618,0.017109569162130356,0.009793598555160269,0.007591043253586009,ok,38.694592371650685,7.031828740611672
165,160,1446077,landscape,latent,1,0.024000000208616257,0.022927846759557724,0.0031041442987421925,0.002640506755964846,ok,62.60988429377001,6.1000337693840265
166,161,1446077,landscape,tangent_direct,1,0.024000000208616257,0.02281276136636734,0.003112078415127936,0.002647037610435493,ok,62.58364480957202,6.116069721058011
167,162,1446077,landscape,random_direct,1,0.024000000208616257,0.02281275764107704,0.013058105509319363,0.010121378021503,ok,28.17312150712197,7.109005751088262
168,163,1446077,landscape,latent,1,0.029999999329447746,0.028700439259409904,0.003878358608632958,0.0032991290705510243,ok,62.12551554073725,6.0803655795753
169,164,1446077,landscape,tangent_direct,1,0.029999999329447746,0.028515947982668877,0.00389009836872913,0.0033088003390342557,ok,62.0504687501542,6.100811729207635
170,165,1446077,landscape,random_direct,1,0.029999999329447746,0.028515946120023727,0.01632262424414912,0.012651717295576318,ok,20.315001261182758,7.076031105592847
171,166,1446077,landscape,latent,1,0.04500000178813934,0.04321379214525223,0.005812355861242599,0.0049444298917808655,ok,60.36934846323345,6.143503840081394
172,167,1446077,landscape,tangent_direct,1,0.04500000178813934,0.042773932218551636,0.00583515229161212,0.004963200916093091,ok,60.184529634290406,6.082595262676477
173,168,1446077,landscape,random_direct,1,0.04500000178813934,0.04277392849326134,0.024483966269412644,0.01897759493577747,ok,10.895400914043703,7.058005900122225
174,169,1446077,landscape,latent,1,0.05999999865889549,0.057855069637298584,0.007745825876968494,0.006589301377013373,ok,57.821674474473724,6.114435995928943
175,170,1446077,landscape,tangent_direct,1,0.05999999865889549,0.05703189596533775,0.007780201138083122,0.006617596704673564,ok,57.37161192524755,6.144796636886895
176,171,1446077,landscape,random_direct,1,0.05999999865889549,0.05703189596533775,0.03264527247585524,0.025303449511807435,ok,9.065119701165848,7.03335546515882
177,172,1446077,landscape,latent,1,0.09000000357627869,0.08756900578737259,0.011619606689733998,0.009884729793231501,ok,50.85829867235888,6.098983768373728
178,173,1446077,landscape,tangent_direct,1,0.09000000357627869,0.08554785698652267,0.011670281052996587,0.00992638372261357,ok,49.63157448047486,6.114747012965381
179,174,1446077,landscape,random_direct,1,0.09000000357627869,0.08554785698652267,0.0489679183899191,0.03795517892656814,ok,8.391009274197481,6.14931920543313
180,175,1446077,landscape,latent,1,0.11999999731779099,0.11791233718395233,0.015514315002637679,0.013197432569535443,ok,42.68183616085819,6.081058689393103
181,176,1446077,landscape,tangent_direct,1,0.11999999731779099,0.1140637919306755,0.015560391073858698,0.01323518964105531,ok,40.417533585776276,6.10953750833869
182,177,1446077,landscape,random_direct,1,0.11999999731779099,0.1140637919306755,0.06529055822535329,0.05060690363750695,ok,6.702675760104649,5.154808591119945
183,178,1446077,landscape,latent,1,0.18000000715255737,0.18059657514095306,0.023409576045182807,0.019910773314704977,ok,27.858813777264384,6.148761366494
184,179,1446077,landscape,tangent_direct,1,0.18000000715255737,0.17109569907188416,0.023340600645606793,0.019852790930441563,ok,24.236869364483812,7.036621796898544
185,180,1446077,landscape,random_direct,1,0.18000000715255737,0.17109571397304535,0.09793584465251245,0.07591036305882305,flux_rejected,0.3352539131513505,8.698371041566133
186,181,1446077,landscape,latent,1,0.23999999463558197,0.24607835710048676,0.031502136145446856,0.026791868736588714,ok,18.165851050124893,7.077924448996782
187,182,1446077,landscape,tangent_direct,1,0.23999999463558197,0.228127583861351,0.03112079941399892,0.02647038985206193,ok,14.682811586906453,7.110155581496656
188,183,1446077,landscape,random_direct,1,0.23999999463558197,0.228127583861351,0.13058111953852466,0.10121381539799798,no_axis,0.11337151024065972,4.418273851275444
189,184,1446077,landscape,latent,2,-0.23999999463558197,0.19460785388946533,0.03308489978568271,0.026418820026421312,ok,29.262854261472565,6.099828353151679
190,185,1446077,landscape,tangent_direct,2,-0.23999999463558197,0.20219218730926514,0.03180194794104836,0.025722698968722438,ok,27.955458194976185,6.114585597999394
191,186,1446077,landscape,random_direct,2,-0.23999999463558197,0.20219218730926514,0.12706285906302237,0.09983909021264291,drift_rejected,0.36911044254709147,3.0577954659238458
192,187,1446077,landscape,latent,2,-0.18000000715255737,0.14536988735198975,0.024291815569401087,0.019392688434380433,ok,39.41154983111262,6.078901874832809
193,188,1446077,landscape,tangent_direct,2,-0.18000000715255737,0.15164415538311005,0.023851460157951077,0.01929202422479874,ok,38.09985073387439,6.0997005533427
194,189,1446077,landscape,random_direct,2,-0.18000000715255737,0.15164415538311005,0.09529715251877406,0.07487932292542636,no_axis,0.11190050313964506,4.457390850409865
195,190,1446077,landscape,latent,2,-0.11999999731779099,0.09739623218774796,0.01596926103059179,0.012776316252230902,ok,50.421430952192594,6.144932188093662
196,191,1446077,landscape,tangent_direct,2,-0.11999999731779099,0.10109610110521317,0.01590097169205687,0.012861348632731579,ok,49.596689977669406,6.08242027182132
197,192,1446077,landscape,random_direct,2,-0.11999999731779099,0.10109609365463257,0.06353142097499918,0.04991953857215163,no_axis,0.11217018453452315,4.4393805572763085
198,193,1446077,landscape,latent,2,-0.09000000357627869,0.07348143309354782,0.011926207096495276,0.009560330128473769,ok,55.36207467176265,6.117541308514774
199,194,1446077,landscape,tangent_direct,2,-0.09000000357627869,0.07582207769155502,0.011925731762136335,0.009646013976266415,ok,54.89172079629891,6.143536439165473
200,195,1446077,landscape,random_direct,2,-0.09000000357627869,0.07582207769155502,0.04764858696915803,0.03743966814623704,no_axis,0.11245180999183113,4.4186831852421165
201,196,1446077,landscape,latent,2,-0.05999999865889549,0.04939168319106102,0.007932798187443652,0.00637504152668649,ok,59.343996472292176,6.0992741137743
202,197,1446077,landscape,tangent_direct,2,-0.05999999865889549,0.050548046827316284,0.007950469210378787,0.006430665148427174,ok,59.16445496406832,6.116633848287165
203,198,1446077,landscape,random_direct,2,-0.05999999865889549,0.050548046827316284,0.03176572030632114,0.02495977552588655,drift_rejected,0.38748768214277135,4.930782297626138
204,199,1446077,landscape,latent,2,-0.04500000178813934,0.037227556109428406,0.005947532050718262,0.004786526859512971,ok,60.85289631284366,6.073953602463007
205,200,1446077,landscape,tangent_direct,2,-0.04500000178813934,0.03791104257106781,0.0059628654977030605,0.0048230064113412826,ok,60.76903065356999,6.100266930647194
206,201,1446077,landscape,random_direct,2,-0.04500000178813934,0.03791103512048721,0.023824285158662,0.018719829149870144,flux_rejected,0.4914853266342615,6.88907147012651
207,202,1446077,landscape,latent,2,-0.029999999329447746,0.024955332279205322,0.003965972170278849,0.003196763121189912,ok,62.008703573781844,6.143869868479669
208,203,1446077,landscape,tangent_direct,2,-0.029999999329447746,0.02527402527630329,0.003975242341822846,0.0032153369679140315,ok,61.991840323033756,6.072627012617886
209,204,1446077,landscape,random_direct,2,-0.029999999329447746,0.025274023413658142,0.015882866668827076,0.012479890345914714,ok,10.926566659186713,7.0596983060240746
210,205,1446077,landscape,latent,2,-0.024000000208616257,0.020011335611343384,0.0031735616185388387,0.002559730537712709,ok,62.397602051552965,6.11585336457938
211,206,1446077,landscape,tangent_direct,2,-0.024000000208616257,0.020219219848513603,0.0031802080768862425,0.0025722763057909807,ok,62.35652220046101,6.143657716922462
212,207,1446077,landscape,random_direct,2,-0.024000000208616257,0.020219219848513603,0.012706304035983447,0.009983920115183294,ok,14.437001778998125,7.034093351103365
213,208,1446077,landscape,latent,2,-0.017999999225139618,0.015045209787786007,0.0023810116453763745,0.0019217751265011315,ok,62.69096009150672,6.0996660105884075
214,209,1446077,landscape,tangent_direct,2,-0.017999999225139618,0.01516441348940134,0.002385141707237805,0.001929200096042898,ok,62.69177319491782,6.117157661356032
215,210,1446077,landscape,random_direct,2,-0.017999999225139618,0.01516441348940134,0.009529712200436795,0.007487926494534331,ok,22.012509178240197,7.108712769113481
216,211,1446077,landscape,latent,2,-0.012000000104308128,0.010055439546704292,0.0015880673661367462,0.0012826595861197454,ok,62.92806989167803,6.078038225881755
217,212,1446077,landscape,tangent_direct,2,-0.012000000104308128,0.010109609924256802,0.0015900985377905387,0.0012861350745927544,ok,62.94536180754125,6.100603546947241
218,213,1446077,landscape,random_direct,2,-0.012000000104308128,0.010109610855579376,0.00635314524559537,0.004991954779549724,ok,35.86162215564672,7.076351386494935
219,214,1446077,landscape,latent,2,-0.008999999612569809,0.00755138648673892,0.001191398298949316,0.0009626121000833896,ok,63.032427626714075,6.1436959356069565
220,215,1446077,landscape,tangent_direct,2,-0.008999999612569809,0.00758220674470067,0.001192570149403045,0.0009646020550668821,ok,63.05322983688569,6.07210301887244
221,216,1446077,landscape,random_direct,2,-0.008999999612569809,0.00758220674470067,0.004764862215375378,0.0037439677900885982,ok,44.919618058850695,7.060398984700441
222,217,1446077,landscape,latent,2,-0.006000000052154064,0.005040883086621761,0.0007944598423199026,0.0006421344155970271,ok,63.124946256506895,6.11609957087785
223,218,1446077,landscape,tangent_direct,2,-0.006000000052154064,0.005054808221757412,0.0007950374817452658,0.0006430616707242168,ok,63.14990400896077,6.143499475903809
224,219,1446077,landscape,random_direct,2,-0.006000000052154064,0.005054806359112263,0.003176585174151588,0.0024959852813926336,ok,53.878414059371735,7.035446317866445
225,220,1446077,landscape,latent,2,-0.004000000189989805,0.003363607916980982,0.000529734037319794,0.00042827400883831466,ok,63.184029366101406,6.0992923732846975
226,221,1446077,landscape,tangent_direct,2,-0.004000000189989805,0.003369871061295271,0.0005300344666281515,0.00042871452170135233,ok,63.12813926163057,6.1175956930965185
227,222,1446077,landscape,random_direct,2,-0.004000000189989805,0.003369869664311409,0.002117718051332183,0.001663985857908928,ok,58.670531562235354,6.144016110338271
228,223,1446077,landscape,latent,2,-0.0020000000949949026,0.001683268928900361,0.00026491676627866283,0.00021423980851911333,ok,63.199587841213024,6.078498505055904
229,224,1446077,landscape,tangent_direct,2,-0.0020000000949949026,0.0016849328530952334,0.0002650202967832741,0.00021435905554639508,ok,63.20347369490347,6.100705495104194
230,225,1446077,landscape,random_direct,2,-0.0020000000949949026,0.0016849341336637735,0.0010588612707286933,0.0008319950609446426,ok,61.82505642990068,6.116625393740833
231,226,1446077,landscape,latent,2,-0.0010000000474974513,0.0008419865625910461,0.00013248855776970878,0.00010716171255675942,ok,63.223568243985824,6.145446673966944
232,227,1446077,landscape,tangent_direct,2,-0.0010000000474974513,0.0008424695115536451,0.00013249719086995662,0.0001071723906599853,ok,63.21392077676455,6.079994723200798
233,228,1446077,landscape,random_direct,2,-0.0010000000474974513,0.0008424683474004269,0.0005294382479762057,0.0004159984304278809,ok,62.77855290531962,6.098841575905681
234,48,1446077,landscape,latent,2,0.0,1.1518514497765864e-07,2.949353875718035e-08,2.309062356631084e-08,ok,63.25538050316757,6.1011548936367035
235,2,1446077,landscape,tangent_direct,2,0.0,0.0,0.0,0.0,ok,63.26900269505957,7.5343757681548595
236,2,1446077,landscape,random_direct,2,0.0,0.0,0.0,0.0,ok,63.26900269505957,7.5343757681548595
237,229,1446077,landscape,latent,2,0.0010000000474974513,0.0008428471628576517,0.0001325190000223155,0.0001071809535923494,ok,63.24618852600038,6.115654041990638
238,230,1446077,landscape,tangent_direct,2,0.0010000000474974513,0.0008424697443842888,0.0001325130123307047,0.00010717996485387282,ok,63.25527456766155,6.142718024551868
239,231,1446077,landscape,random_direct,2,0.0010000000474974513,0.0008424683474004269,0.0005294344149353275,0.00041599981998675966,ok,63.21494090179461,6.080921906977892
240,232,1446077,landscape,latent,2,0.0020000000949949026,0.001686450676061213,0.00026509065149119107,0.0002144564948369524,ok,63.251401354272005,6.09992210380733
241,233,1446077,landscape,tangent_direct,2,0.0020000000949949026,0.0016849328530952334,0.00026503512997515374,0.00021436618040447225,ok,63.23657312699467,6.116564813069999
242,234,1446077,landscape,random_direct,2,0.0020000000949949026,0.0016849341336637735,0.001058857386391863,0.0008319944962560987,ok,62.64234616288225,6.143744972534478
243,235,1446077,landscape,latent,2,0.004000000189989805,0.0033759395591914654,0.0005303148707278785,0.0004291302035595935,ok,63.300124039018236,6.079993665218353
244,236,1446077,landscape,tangent_direct,2,0.004000000189989805,0.0033698708284646273,0.0005300277312955814,0.0004287079598965619,ok,63.292840766532315,6.099709080532193
245,237,1446077,landscape,random_direct,2,0.004000000189989805,0.003369869664311409,0.002117696875214766,0.0016639744419422616,ok,60.08584765607993,6.115829112008214
246,238,1446077,landscape,latent,2,0.006000000052154064,0.005068609025329351,0.0007956479960457991,0.0006440065470328969,ok,63.27939498705587,6.1454455414786935
247,239,1446077,landscape,tangent_direct,2,0.006000000052154064,0.005054808221757412,0.0007950559098789384,0.0006430702860866489,ok,63.29619607237865,6.0800409419462085
248,240,1446077,landscape,random_direct,2,0.006000000052154064,0.005054806359112263,0.0031765655920598115,0.002495972158127724,ok,55.64306191702256,6.101292449049652
249,241,1446077,landscape,latent,2,0.008999999612569809,0.007613728288561106,0.0011939298433747915,0.0009667539574705498,ok,63.30153243203681,6.116394664160907
250,242,1446077,landscape,tangent_direct,2,0.008999999612569809,0.00758220674470067,0.001192574802521288,0.0009646015813298542,ok,63.28417852703751,6.143399094231427
251,243,1446077,landscape,random_direct,2,0.008999999612569809,0.007582205813378096,0.004764854759610152,0.00374396333472051,ok,46.50357048349684,6.081011105328798
252,244,1446077,landscape,latent,2,0.012000000104308128,0.010166292078793049,0.0015926995192483556,0.0012901311213379162,ok,63.25621345038682,6.098782266490161
253,245,1446077,landscape,tangent_direct,2,0.012000000104308128,0.010109609924256802,0.00159010738445283,0.0012861395512868692,ok,63.2695018411221,6.1168255135416985
254,246,1446077,landscape,random_direct,2,0.012000000104308128,0.010109609924256802,0.006353139427120765,0.0049919510567437144,ok,36.669745771368056,6.145448599010706
255,247,1446077,landscape,latent,2,0.017999999225139618,0.015294300392270088,0.002391439747416708,0.0019386272607537856,ok,63.23029846228255,6.08136775251478
256,248,1446077,landscape,tangent_direct,2,0.017999999225139618,0.01516441348940134,0.0023851491991038584,0.0019292020943222912,ok,63.2217219074657,6.101095844991505
257,249,1446077,landscape,random_direct,2,0.017999999225139618,0.015164412558078766,0.009529714684326927,0.007487931207538849,ok,21.344499131408373,6.1163729866966605
258,250,1446077,landscape,latent,2,0.024000000208616257,0.02045419253408909,0.003192207011276686,0.0025897889268082647,ok,63.06692017534277,6.143124891445041
259,251,1446077,landscape,tangent_direct,2,0.024000000208616257,0.020219219848513603,0.003180201231156677,0.0025722707122106843,ok,63.05501642645543,6.080822000280023
260,252,1446077,landscape,random_direct,2,0.024000000208616257,0.020219221711158752,0.012706282410481051,0.009983908081940317,ok,13.31308241837631,6.102099426090717
261,253,1446077,landscape,latent,2,0.029999999329447746,0.025647200644016266,0.003995194370920034,0.0032438179156239703,ok,62.87643990609115,6.115730749443173
262,254,1446077,landscape,tangent_direct,2,0.029999999329447746,0.02527402900159359,0.0039752420554131146,0.0032153342465351133,ok,62.880498108004254,6.143853971734643
263,255,1446077,landscape,random_direct,2,0.029999999329447746,0.025274023413658142,0.015882849735962216,0.012479881628016483,ok,10.084271996913177,7.036461614072323
264,256,1446077,landscape,latent,2,0.04500000178813934,0.038783762603998184,0.0060149066270271554,0.004893583815815626,ok,62.14092329282234,7.059489685110748
265,257,1446077,landscape,tangent_direct,2,0.04500000178813934,0.03791103884577751,0.0059628721259049194,0.004823008920585623,ok,62.135034726639645,7.076853200793266
266,258,1446077,landscape,random_direct,2,0.04500000178813934,0.03791103884577751,0.023824278037003082,0.018719824477632704,ok,6.834436051502485,6.320391395129263
267,259,1446077,landscape,latent,2,0.05999999865889549,0.05215747281908989,0.008056253405565705,0.006568069547687515,ok,60.97537204123078,7.036210536956787
268,260,1446077,landscape,tangent_direct,2,0.05999999865889549,0.050548046827316284,0.007950494147345416,0.0064306768628764515,ok,61.128728226055046,7.058372437022626
269,261,1446077,landscape,random_direct,2,0.05999999865889549,0.050548046827316284,0.03176570540830638,0.02495976681740997,flux_rejected,0.38576704661539185,7.5995173724368215
270,262,1446077,landscape,latent,2,0.09000000357627869,0.07970241457223892,0.012229150769033281,0.010013076426828122,ok,57.52516404050737,7.107299133203924
271,263,1446077,landscape,tangent_direct,2,0.09000000357627869,0.07582207769155502,0.011925737223746404,0.009646013839867622,ok,57.8056686260081,7.03687949012965
272,264,1446077,landscape,random_direct,2,0.09000000357627869,0.07582207769155502,0.04764857652710921,0.037439665269838864,drift_rejected,0.32326085141113575,3.0366937117651105
273,265,1446077,landscape,latent,2,0.11999999731779099,0.10845740884542465,0.01657354456097946,0.013629600176595612,ok,52.61495923518904,7.075666925869882
274,266,1446077,landscape,tangent_direct,2,0.11999999731779099,0.10109610110521317,0.015900981383827003,0.012861348935521833,ok,53.30146578315031,7.108102641068399
275,267,1446077,landscape,random_direct,2,0.11999999731779099,0.10109609365463257,0.06353141844883005,0.04991954200410163,no_axis,0.10768356613181414,4.419431236572564
276,268,1446077,landscape,latent,2,0.18000000715255737,0.17037762701511383,0.02612488398762163,0.021665798105368738,ok,40.801817668780366,7.06050933431834
277,269,1446077,landscape,tangent_direct,2,0.18000000715255737,0.15164414048194885,0.023851471340266363,0.01929202645324312,ok,42.58938670186272,7.0760534862056375
278,270,1446077,landscape,random_direct,2,0.18000000715255737,0.15164415538311005,0.0952971263100703,0.0748793114292557,no_axis,0.10407768540202865,4.4776785066351295
279,271,1446077,landscape,latent,2,0.23999999463558197,0.23991477489471436,0.03779859890525977,0.03156517986304042,ok,29.915595860562902,7.996279424987733
280,272,1446077,landscape,tangent_direct,2,0.23999999463558197,0.20219218730926514,0.03180195465180598,0.025722698213210805,ok,32.46551858075106,8.018192946910858
281,273,1446077,landscape,random_direct,2,0.23999999463558197,0.20219218730926514,0.12706284907530058,0.09983908613918087,no_axis,0.09816581444479558,4.458182419650257
282,274,1446077,landscape,latent,3,-0.23999999463558197,0.25528159737586975,0.04434296654266189,0.03624599717870536,flux_rejected,0.40514256349839645,8.47940559219569
283,275,1446077,landscape,tangent_direct,3,-0.23999999463558197,0.22158509492874146,0.0388010953578589,0.03176357719685472,ok,49.58871420922631,6.083955182693899
284,276,1446077,landscape,random_direct,3,-0.23999999463558197,0.22158509492874146,0.12067810361735803,0.09357831268541479,no_axis,0.09942235263665211,4.438879892230034
285,277,1446077,landscape,latent,3,-0.18000000715255737,0.18136173486709595,0.03171438307472154,0.025834276549728096,ok,52.51518434980892,6.117464338429272
286,278,1446077,landscape,tangent_direct,3,-0.18000000715255737,0.1661888211965561,0.02910081061321964,0.02382267657228646,ok,54.859418832068684,6.145966516807675
287,279,1446077,landscape,random_direct,3,-0.18000000715255737,0.1661888211965561,0.09050859691470108,0.07018374635719901,no_axis,0.1013829963789455,4.420052052475512
288,280,1446077,landscape,latent,3,-0.11999999731779099,0.11576149612665176,0.020378381211567126,0.016571772917569325,ok,59.31599001932591,6.099800573661923
289,281,1446077,landscape,tangent_direct,3,-0.11999999731779099,0.11079254746437073,0.019400549943300475,0.015881789649607552,ok,59.93009963932176,6.118727225810289
290,282,1446077,landscape,random_direct,3,-0.11999999731779099,0.11079254746437073,0.06033904927988938,0.04678915637935591,no_axis,0.1007333239644201,4.478961583226919
291,283,1446077,landscape,latent,3,-0.09000000357627869,0.08537868410348892,0.015051788229331566,0.012243008263065094,ok,61.63537845603043,6.082754072733223
292,284,1446077,landscape,tangent_direct,3,-0.09000000357627869,0.08309441804885864,0.01455042321020286,0.011911350807671252,ok,61.781520011376,6.100311419926584
293,285,1446077,landscape,random_direct,3,-0.09000000357627869,0.08309441059827805,0.045254295342950585,0.035091871206730615,drift_rejected,0.3587148953358378,3.046247176826
294,286,1446077,landscape,latent,3,-0.05999999865889549,0.0561797134578228,0.00990082884706657,0.008062249500106722,ok,63.12278601923357,6.145187634974718
295,287,1446077,landscape,tangent_direct,3,-0.05999999865889549,0.055396273732185364,0.009700259303363693,0.007940889098986012,ok,63.14919056239727,6.0815734174102545
296,288,1446077,landscape,random_direct,3,-0.05999999865889549,0.055396273732185364,0.030169546695134553,0.02339459001829877,flux_rejected,0.40854382093453245,8.42040567100048
297,289,1446077,landscape,latent,3,-0.04500000178813934,0.04192087799310684,0.00738139734531259,0.006016203144809518,ok,63.53136512393756,6.115938949398696
298,290,1446077,landscape,tangent_direct,3,-0.04500000178813934,0.04154720902442932,0.007275191316952125,0.005955664758988213,ok,63.52154684048691,6.144606268964708
299,291,1446077,landscape,random_direct,3,-0.04500000178813934,0.04154720529913902,0.02262715923088175,0.017545943909853624,ok,26.49940872238543,6.0829457230865955
300,292,1446077,landscape,latent,3,-0.029999999329447746,0.027833525091409683,0.004894199826842909,0.003993704997336401,ok,63.70858364271101,6.100427200086415
301,293,1446077,landscape,tangent_direct,3,-0.029999999329447746,0.027698135003447533,0.004850135114566369,0.003970447424357038,ok,63.67733146034154,6.118892750702798
302,294,1446077,landscape,random_direct,3,-0.029999999329447746,0.027698136866092682,0.015084776966949117,0.011697299329952527,ok,43.68158524788938,6.144730618223548
303,295,1446077,landscape,latent,3,-0.024000000208616257,0.02223699912428856,0.0039075061879885785,0.003190288184834304,ok,63.69324936737674,6.085686426609755
304,296,1446077,landscape,tangent_direct,3,-0.024000000208616257,0.022158509120345116,0.003880108334060491,0.0031763576380542066,ok,63.680503933884324,6.100543475709856
305,297,1446077,landscape,random_direct,3,-0.024000000208616257,0.022158510982990265,0.012067811227682607,0.009357834691048993,ok,50.82270623138925,6.117170633748174
306,298,1446077,landscape,latent,3,-0.017999999225139618,0.016658229753375053,0.0029250450750191994,0.0023895569222735598,ok,63.65051434682896,6.142842602916062
307,299,1446077,landscape,tangent_direct,3,-0.017999999225139618,0.0166188795119524,0.0029100644974282244,0.0023822592919517977,ok,63.639511951126735,6.084976475685835
308,300,1446077,landscape,random_direct,3,-0.017999999225139618,0.0166188795119524,0.009050872969815037,0.007018383272996542,ok,56.894706420824775,6.100270505994558
309,301,1446077,landscape,latent,3,-0.012000000104308128,0.01109438668936491,0.0019464057092730097,0.0015910920822532729,ok,63.53873447479328,6.115495191887021
310,302,1446077,landscape,tangent_direct,3,-0.012000000104308128,0.011079251766204834,0.0019400460906720852,0.001588174748816493,ok,63.56041910038845,6.1452529933303595
311,303,1446077,landscape,random_direct,3,-0.012000000104308128,0.011079256422817707,0.006033911049173982,0.004678919798561732,ok,61.21678250752949,6.08326817676425
312,304,1446077,landscape,latent,3,-0.008999999612569809,0.008317205123603344,0.0014585820130569233,0.0011927145139576148,ok,63.500036905421766,6.098776035942137
313,305,1446077,landscape,tangent_direct,3,-0.008999999612569809,0.00830944161862135,0.001455021413771488,0.001191125306989958,ok,63.49124145304912,6.115441733039916
314,306,1446077,landscape,random_direct,3,-0.008999999612569809,0.0083094397559762,0.004525434709770273,0.0035091893029792405,ok,62.48455009688501,6.1453704526647925
315,307,1446077,landscape,latent,3,-0.006000000052154064,0.005542662460356951,0.0009716079138841444,0.0007947692163711647,ok,63.40892738354112,6.078592204488814
316,308,1446077,landscape,tangent_direct,3,-0.006000000052154064,0.00553962541744113,0.0009700200211296565,0.0007940873371697039,ok,63.43469062855642,6.100879481062293
317,309,1446077,landscape,random_direct,3,-0.006000000052154064,0.005539625883102417,0.003016963130530986,0.002339466982163932,ok,63.3212010977835,6.115187154151499
318,310,1446077,landscape,latent,3,-0.004000000189989805,0.003694310085847974,0.0006473804750210631,0.0005296870663246325,ok,63.35936361121129,6.143856638111174
319,311,1446077,landscape,tangent_direct,3,-0.004000000189989805,0.003693085629492998,0.0006466804991425975,0.0005293915893465283,ok,63.367660473335604,6.081961893476546
320,312,1446077,landscape,random_direct,3,-0.004000000189989805,0.0036930853966623545,0.00201130318535669,0.001559639874158661,ok,63.51989116679772,6.098995256237686
321,313,1446077,landscape,latent,3,-0.0020000000949949026,0.0018467312911525369,0.00032358118740419625,0.00026480613749137004,ok,63.29444658343266,6.1147533329203725
322,314,1446077,landscape,tangent_direct,3,-0.0020000000949949026,0.0018465440953150392,0.0003233426796528345,0.0002646967854955585,ok,63.308671281488806,6.143822581507266
323,315,1446077,landscape,random_direct,3,-0.0020000000949949026,0.001846541534177959,0.0010056583184563062,0.0007798270879801193,ok,63.47704474977439,6.080978548154235
324,316,1446077,landscape,latent,3,-0.0010000000474974513,0.000923281826544553,0.00016172519820077864,0.00013236264800393013,ok,63.289986271830706,6.099571093916893
325,317,1446077,landscape,tangent_direct,3,-0.0010000000474974513,0.0009232708835043013,0.00016166337989597526,0.0001323477708525838,ok,63.282109249845995,6.115087253972888
326,318,1446077,landscape,random_direct,3,-0.0010000000474974513,0.0009232698939740658,0.0005028256979699505,0.0003899108586512435,ok,63.406376133229855,6.144375084899366
327,48,1446077,landscape,latent,3,0.0,1.1518514497765864e-07,2.949353875718035e-08,2.309062356631084e-08,ok,63.25538050316757,6.1011548936367035
328,2,1446077,landscape,tangent_direct,3,0.0,0.0,0.0,0.0,ok,63.26900269505957,7.5343757681548595
329,2,1446077,landscape,random_direct,3,0.0,0.0,0.0,0.0,ok,63.26900269505957,7.5343757681548595
330,319,1446077,landscape,latent,3,0.0010000000474974513,0.0009230505093000829,0.00016160872831925513,0.00013231298573151382,ok,63.205584040972376,6.083783314563334
331,320,1446077,landscape,tangent_direct,3,0.0010000000474974513,0.0009232708835043013,0.00016168183080942592,0.00013235263991507123,ok,63.1827841071761,6.101343058049679
332,321,1446077,landscape,random_direct,3,0.0010000000474974513,0.0009232700103893876,0.0005028111214007942,0.00038989802327782754,ok,63.017451241457294,6.115322261117399
333,322,1446077,landscape,latent,3,0.0020000000949949026,0.0018460557330399752,0.0003231266028458184,0.0002645874390665598,ok,63.191962988933845,6.144900979474187
334,323,1446077,landscape,tangent_direct,3,0.0020000000949949026,0.0018465440953150392,0.0003233442301753908,0.0002646960651476632,ok,63.18744027817449,6.0748742539435625
335,324,1446077,landscape,random_direct,3,0.0020000000949949026,0.001846541534177959,0.001005645372884821,0.0007798149866237713,ok,62.72293312745879,6.098681641742587
336,325,1446077,landscape,latent,3,0.004000000189989805,0.003691466059535742,0.0006460023929690177,0.0005290850819658187,ok,63.09506032104037,6.11530433781445
337,326,1446077,landscape,tangent_direct,3,0.004000000189989805,0.003693085629492998,0.0006466965698962203,0.0005293960185944933,ok,63.09162431672645,6.1466139033436775
338,327,1446077,landscape,random_direct,3,0.004000000189989805,0.003693085163831711,0.0020112800079366473,0.0015596245218316867,ok,62.132979209859634,6.080961879342794
339,328,1446077,landscape,latent,3,0.006000000052154064,0.0055365003645420074,0.000968596389656659,0.0007934902229233269,ok,63.00778084084242,6.09955579880625
340,329,1446077,landscape,tangent_direct,3,0.006000000052154064,0.00553962541744113,0.0009700449920985832,0.0007940981998549413,ok,63.014147898012055,6.116090916097164
341,330,1446077,landscape,random_direct,3,0.006000000052154064,0.005539626348763704,0.0030169426969716443,0.0023394512470840973,ok,61.267784998083066,7.1129845613613725
342,331,1446077,landscape,latent,3,0.008999999612569809,0.008303327485918999,0.0014518234342816615,0.0011898470401441668,ok,62.87863178037924,6.080616116523743
343,332,1446077,landscape,tangent_direct,3,0.008999999612569809,0.008309442549943924,0.001455044611421032,0.0011911345484287262,ok,62.878738957750954,6.099670951254666
344,333,1446077,landscape,random_direct,3,0.008999999612569809,0.0083094397559762,0.00452542615145131,0.0035091845611419856,ok,59.566386140325946,7.0766166895627975
345,334,1446077,landscape,latent,3,0.012000000104308128,0.011069794185459614,0.0019345193266813957,0.0015860888174767922,ok,62.73812305022317,6.144088903442025
346,335,1446077,landscape,tangent_direct,3,0.012000000104308128,0.011079252697527409,0.0019400702599648453,0.0015881858352847136,ok,62.749692493572816,6.083130773156881
347,336,1446077,landscape,random_direct,3,0.012000000104308128,0.011079256422817707,0.006033899334781269,0.004678910277697392,ok,57.444955073259,7.0580970058217645
348,337,1446077,landscape,latent,3,0.017999999225139618,0.01660306192934513,0.002898256903063539,0.002378308458464099,ok,62.446249720694084,6.114538109861314
349,338,1446077,landscape,tangent_direct,3,0.017999999225139618,0.0166188795119524,0.002910081792554504,0.0023822648512403354,ok,62.423295050788646,6.146701076067984
350,339,1446077,landscape,random_direct,3,0.017999999225139618,0.0166188795119524,0.009050847763313519,0.007018364133409797,ok,52.25925082230082,7.038556312210858
351,340,1446077,landscape,latent,3,0.024000000208616257,0.02213946357369423,0.003860167458516379,0.003170533747199971,ok,62.123218014747515,6.098296848125756
352,341,1446077,landscape,tangent_direct,3,0.024000000208616257,0.022158509120345116,0.003880112397320747,0.003176358687002996,ok,62.071858135840706,6.117237223312259
353,342,1446077,landscape,random_direct,3,0.024000000208616257,0.022158509120345116,0.01206779247230282,0.009357822644689158,ok,46.51742167090977,7.108579222112894
354,343,1446077,landscape,latent,3,0.029999999329447746,0.027682136744260788,0.004820738248650094,0.003963294697276478,ok,61.83476087238501,8.423714092932642
355,344,1446077,landscape,tangent_direct,3,0.029999999329447746,0.027698136866092682,0.004850163300968012,0.003970462549496695,ok,61.80675545518158,6.099199649877846
356,345,1446077,landscape,random_direct,3,0.029999999329447746,0.027698135003447533,0.01508476160372244,0.011697287127682485,ok,40.72007647164402,7.0765296295285225
357,346,1446077,landscape,latent,3,0.04500000178813934,0.04158816114068031,0.007219517701152888,0.005950937713754773,ok,60.75394417149493,6.143875632435083
358,347,1446077,landscape,tangent_direct,3,0.04500000178813934,0.04154720902442932,0.007275223716071384,0.005955678670449666,ok,60.61704009924276,6.072131446562707
359,348,1446077,landscape,random_direct,3,0.04500000178813934,0.04154720529913902,0.022627139105118578,0.01754592933785446,ok,28.986491765017043,6.0987990368157625
360,349,1446077,landscape,latent,3,0.05999999865889549,0.055607087910175323,0.009621551869110526,0.007954121213134414,ok,59.415236260754995,6.115608763881028
361,350,1446077,landscape,tangent_direct,3,0.05999999865889549,0.055396273732185364,0.009700281623455424,0.007940897015087994,ok,59.164589955678444,6.143368559889495
362,351,1446077,landscape,random_direct,3,0.05999999865889549,0.055396273732185364,0.03016952895672213,0.02339457662731326,no_axis,0.11111288798407062,4.419176020659506
363,352,1446077,landscape,latent,3,0.09000000357627869,0.08421272784471512,0.01448056942867622,0.012052659276484896,ok,56.02451425986879,6.099898881278932
364,353,1446077,landscape,tangent_direct,3,0.09000000357627869,0.08309441059827805,0.014550419110097648,0.011911345329458818,ok,55.38110769356449,6.115103891119361
365,354,1446077,landscape,random_direct,3,0.09000000357627869,0.08309441059827805,0.04525426655254072,0.03509184931116254,no_axis,0.11007581800817284,4.47803998645395
366,355,1446077,landscape,latent,3,0.11999999731779099,0.11400222033262253,0.01951654524546852,0.01637557478230997,ok,51.711096470134066,6.068886439315975
367,356,1446077,landscape,tangent_direct,3,0.11999999731779099,0.11079254746437073,0.019400549861060983,0.015881789531220984,ok,50.65725413081976,6.100142564624548
368,357,1446077,landscape,random_direct,3,0.11999999731779099,0.11079254746437073,0.06033902533270007,0.046789139271355,no_axis,0.10918374036380635,4.4574398417025805
369,358,1446077,landscape,latent,3,0.18000000715255737,0.17977675795555115,0.03099546698523314,0.026522953342149515,flux_rejected,0.47900941395738034,5.835422836244106
370,359,1446077,landscape,tangent_direct,3,0.18000000715255737,0.1661888211965561,0.029100831434020175,0.023822685777961407,flux_rejected,0.4794725371469449,5.707228903658688
371,360,1446077,landscape,random_direct,3,0.18000000715255737,0.1661888211965561,0.09050856825200382,0.07018372831847222,ok,11.780482981633504,5.139821315184236
372,361,1446077,landscape,latent,3,0.23999999463558197,0.2613362967967987,0.04799281486043365,0.04203679899320238,flux_rejected,0.4762919341562175,5.751875628717244
373,362,1446077,landscape,tangent_direct,3,0.23999999463558197,0.22158509492874146,0.03880111254361319,0.031763583069596965,flux_rejected,0.47616271631464535,5.776336724869907
374,363,1446077,landscape,random_direct,3,0.23999999463558197,0.22158509492874146,0.12067808792834786,0.09357830008045241,ok,11.722211882114724,5.117834030650556
375,364,1826200,source_raw,,,,,5.230544956046952e-08,3.870823503004144e-08,ok,69.38161169980602,7.280539171770215
376,365,1826200,source_canonical,,,,,4.573024804328432e-08,3.309748510892392e-08,ok,54.8405417124163,7.2990846913307905
377,366,1826200,reconstruction,,,,0.0,0.0,0.0,ok,54.83262810526722,7.332667460665107
378,367,1826200,landscape,latent,0,-0.23999999463558197,0.6064570546150208,0.8107813572891542,0.5813749781775621,no_axis,0.102303938968103,3.9146496430039406
379,368,1826200,landscape,tangent_direct,0,-0.23999999463558197,0.2541361153125763,0.058724186399490695,0.05202300017118009,no_surface,0.29986183954876494,2.759446654468775
380,369,1826200,landscape,random_direct,0,-0.23999999463558197,0.2541361153125763,0.1511698874702863,0.11498480923018964,no_axis,0.10802366441508422,3.949510732665658
381,370,1826200,landscape,latent,0,-0.18000000715255737,0.48551884293556213,0.73068766810681,0.519367028394809,no_axis,0.10176736344394455,3.972946111112833
382,371,1826200,landscape,tangent_direct,0,-0.18000000715255737,0.190602108836174,0.04404314197923556,0.03901725095429305,drift_rejected,0.3468350110614665,2.74489454459399
383,372,1826200,landscape,random_direct,0,-0.18000000715255737,0.190602108836174,0.11337739431875293,0.08623859578848861,no_axis,0.10603197598685113,3.938657173886895
384,373,1826200,landscape,latent,0,-0.11999999731779099,0.133121058344841,0.03813520249156227,0.03323652131170118,ok,7.772296414864207,4.646317937411368
385,374,1826200,landscape,tangent_direct,0,-0.11999999731779099,0.12706805765628815,0.029362089078546004,0.026011496812189457,ok,9.225302632935446,5.555981359444559
386,375,1826200,landscape,random_direct,0,-0.11999999731779099,0.12706805765628815,0.07558493248800763,0.05749239895361512,no_axis,0.1079049707358753,3.9141655201092362
387,376,1826200,landscape,latent,0,-0.09000000357627869,0.09672698378562927,0.02466332445815074,0.02166224506783901,ok,9.857035879809086,6.3981061745435
388,377,1826200,landscape,tangent_direct,0,-0.09000000357627869,0.095301054418087,0.02202157094520328,0.01950862698916357,ok,11.642801602888984,6.416266143321991
389,378,1826200,landscape,random_direct,0,-0.09000000357627869,0.095301054418087,0.056688716881227945,0.04311930861805566,drift_rejected,0.36249658203697654,2.779205526225269
390,379,1826200,landscape,latent,0,-0.05999999865889549,0.06380731612443924,0.015389181732060908,0.013573245086673201,ok,19.011614891580386,6.3670430816709995
391,380,1826200,landscape,tangent_direct,0,-0.05999999865889549,0.06353402882814407,0.014681045429704751,0.013005749185167535,ok,21.440409497282563,6.397959794849157
392,381,1826200,landscape,random_direct,0,-0.05999999865889549,0.06353402882814407,0.037792460623423986,0.028746195820521687,drift_rejected,0.3720027570163476,4.360942712984979
393,382,1826200,landscape,latent,0,-0.04500000178813934,0.04773670807480812,0.011319093330047587,0.009997677273625211,ok,29.546755819223623,6.446586876176298
394,383,1826200,landscape,tangent_direct,0,-0.04500000178813934,0.0476505272090435,0.01101077672190201,0.00975430705231529,ok,31.297315066387426,6.365807444788516
395,384,1826200,landscape,random_direct,0,-0.04500000178813934,0.0476505272090435,0.028344336584165294,0.021559641308843174,drift_rejected,0.38197068223552827,4.405472713522613
396,385,1826200,landscape,latent,0,-0.029999999329447746,0.03177988901734352,0.007444232245708936,0.0065827509067641525,ok,43.19352330403437,6.414649643935263
397,386,1826200,landscape,tangent_direct,0,-0.029999999329447746,0.031767018139362335,0.007340535537305503,0.006502882484513666,ok,43.9913837208775,6.4459574753418565
398,387,1826200,landscape,random_direct,0,-0.029999999329447746,0.031767018139362335,0.018896221382808887,0.014373092580624552,flux_rejected,0.4544008325933413,5.422063620761037
399,388,1826200,landscape,latent,0,-0.024000000208616257,0.02541588991880417,0.005931020968274104,0.00524677573667023,ok,48.554284636100995,6.398655369877815
400,389,1826200,landscape,tangent_direct,0,-0.024000000208616257,0.02541361190378666,0.005872422977220978,0.0052023022532567565,ok,49.01656846186512,6.414172955788672
401,390,1826200,landscape,random_direct,0,-0.024000000208616257,0.025413615629076958,0.015116963920075104,0.011498466747854895,flux_rejected,0.45375667080970694,5.545642260462046
402,391,1826200,landscape,latent,0,-0.017999999225139618,0.019058268517255783,0.004432955787178124,0.003923037659430154,ok,53.14648150926082,8.45098467823118
403,392,1826200,landscape,tangent_direct,0,-0.017999999225139618,0.019060207530856133,0.0044043150612470515,0.0039017242061913063,ok,53.37956984956198,6.398826623335481
404,393,1826200,landscape,random_direct,0,-0.017999999225139618,0.019060209393501282,0.011337726925128641,0.008623852999367819,ok,8.474248682110371,6.414424605667591
405,394,1826200,landscape,latent,0,-0.012000000104308128,0.012704562395811081,0.0029469388985606136,0.002608894172417509,ok,56.66760595182484,6.445109558291733
406,395,1826200,landscape,tangent_direct,0,-0.012000000104308128,0.01270680595189333,0.0029362112447575517,0.0026011509885774586,ok,56.790390941553156,6.3671430023387074
407,396,1826200,landscape,random_direct,0,-0.012000000104308128,0.01270680595189333,0.007558483084423796,0.0057492346808608544,ok,10.05296037476534,6.39985681977123
408,397,1826200,landscape,latent,0,-0.008999999612569809,0.009528441354632378,0.002207500863395226,0.0019546171874001744,ok,51.26741969774684,7.29858560860157
409,398,1826200,landscape,tangent_direct,0,-0.008999999612569809,0.00953010655939579,0.0022021508208965998,0.0019508581309366558,ok,51.28658896139884,7.3435845440253615
410,399,1826200,landscape,random_direct,0,-0.008999999612569809,0.00953010655939579,0.005668861232257238,0.0043119239258685715,ok,13.921575847776692,6.369088315404952
411,400,1826200,landscape,latent,0,-0.006000000052154064,0.006352447438985109,0.0014700920638319986,0.0013019119260510206,ok,53.12338698129233,7.282766334712505
412,401,1826200,landscape,tangent_direct,0,-0.006000000052154064,0.0063534025102853775,0.0014681082648422678,0.0013005766536060969,ok,53.170993622100085,7.301186630502343
413,402,1826200,landscape,random_direct,0,-0.006000000052154064,0.006353403907269239,0.0037792291657129167,0.002874609702181506,ok,24.98193072929997,7.333895220421255
414,403,1826200,landscape,latent,0,-0.004000000189989805,0.0042350394651293755,0.0009794244617657936,0.0008674679746240317,ok,54.01344808889089,7.249598933383822
415,404,1826200,landscape,tangent_direct,0,-0.004000000189989805,0.004235601983964443,0.0009787387597544525,0.0008670512514484719,ok,54.02183254073016,7.281934146769345
416,405,1826200,landscape,random_direct,0,-0.004000000189989805,0.0042356024496257305,0.0025194830059746915,0.0019164052509050354,ok,37.750816362034776,7.298914602957666
417,406,1826200,landscape,latent,0,-0.0020000000949949026,0.0021176100708544254,0.0004893977490164274,0.000433513826978785,ok,54.57603594133182,7.340759550221264
418,407,1826200,landscape,tangent_direct,0,-0.0020000000949949026,0.0021178056485950947,0.0004893645430319286,0.00043352287146631663,ok,54.58971339519025,7.245557738468051
419,408,1826200,landscape,random_direct,0,-0.0020000000949949026,0.002117801457643509,0.001259743082987289,0.000958203705820736,ok,50.75768647747299,7.281116530299187
420,409,1826200,landscape,latent,0,-0.0010000000474974513,0.00105884054210037,0.00024462592154096897,0.0002167041316718376,ok,54.75876399220257,7.2991092232987285
421,410,1826200,landscape,tangent_direct,0,-0.0010000000474974513,0.00105890107806772,0.00024469467645765167,0.00021677058937362998,ok,54.744139263643895,7.333573912270367
422,411,1826200,landscape,random_direct,0,-0.0010000000474974513,0.001058900379575789,0.0006298557387173492,0.0004790923840317233,ok,54.38596264424621,7.245003605261445
423,412,1826200,landscape,latent,0,0.0,1.0436745867536956e-07,4.4640317867836566e-08,3.318825207861222e-08,ok,54.8281070020077,7.282229411415756
424,366,1826200,landscape,tangent_direct,0,0.0,0.0,0.0,0.0,ok,54.83262810526722,7.332667460665107
425,366,1826200,landscape,random_direct,0,0.0,0.0,0.0,0.0,ok,54.83262810526722,7.332667460665107
426,413,1826200,landscape,latent,0,0.0010000000474974513,0.0010590639431029558,0.00024456289587401276,0.00021666791705906994,ok,54.90274454276144,7.300071875564754
427,414,1826200,landscape,tangent_direct,0,0.0010000000474974513,0.00105890107806772,0.00024468860605892035,0.00021676582707349568,ok,54.856585362995474,7.333741129375994
428,415,1826200,landscape,random_direct,0,0.0010000000474974513,0.0010589002631604671,0.000629886175286069,0.0004791090028077858,ok,52.01676018181024,7.244524574838579
429,416,1826200,landscape,latent,0,0.0020000000949949026,0.0021180210169404745,0.000488976265645194,0.0004332243917364866,ok,54.82966040723523,7.280881487764418
430,417,1826200,landscape,tangent_direct,0,0.0020000000949949026,0.0021178056485950947,0.000489368591654005,0.0004335268623413819,ok,54.8489361032074,7.298723254352808
431,418,1826200,landscape,random_direct,0,0.0020000000949949026,0.0021178016904741526,0.001259757090349579,0.0009582111785146969,ok,46.36370821519609,7.334208443760872
432,419,1826200,landscape,latent,0,0.004000000189989805,0.00423627533018589,0.0009774401376324785,0.0008660962214779943,ok,54.506241776530565,7.245456439442933
433,420,1826200,landscape,tangent_direct,0,0.004000000189989805,0.004235601518303156,0.0009787327260080464,0.0008670483757332739,ok,54.5312202933385,7.28128622379154
434,421,1826200,landscape,random_direct,0,0.004000000189989805,0.0042356024496257305,0.0025195063507963407,0.001916417396847727,ok,31.879663440444954,7.298118378035724
435,422,1826200,landscape,latent,0,0.006000000052154064,0.006354932207614183,0.0014656448212360313,0.0012988177602290933,ok,53.943492339388094,7.334873710758984
436,423,1826200,landscape,tangent_direct,0,0.006000000052154064,0.0063534025102853775,0.0014681109206636411,0.0013005794669974158,ok,53.98482241375376,7.24560852907598
437,424,1826200,landscape,random_direct,0,0.006000000052154064,0.006353403907269239,0.00377926255777763,0.002874628421438881,ok,33.31795344883419,6.400357250124216
438,425,1826200,landscape,latent,0,0.008999999612569809,0.009533852338790894,0.002197383502146142,0.001947582530428465,flux_rejected,0.49606235962497974,7.1738906828686595
439,426,1826200,landscape,tangent_direct,0,0.008999999612569809,0.009530105628073215,0.002202157898391231,0.0019508635544497623,flux_rejected,0.4959509033134086,7.209674687124789
440,427,1826200,landscape,random_direct,0,0.008999999612569809,0.00953010655939579,0.005668877781217124,0.004311932739736134,ok,20.2323125290444,6.366613365709782
441,428,1826200,landscape,latent,0,0.012000000104308128,0.01271397527307272,0.00292877027730657,0.002596223062944046,flux_rejected,0.49526259157012253,7.049438242800534
442,429,1826200,landscape,tangent_direct,0,0.012000000104308128,0.012706806883215904,0.002936217631773744,0.0026011564168823918,flux_rejected,0.4948571170432319,7.064936894923449
443,430,1826200,landscape,random_direct,0,0.012000000104308128,0.01270680595189333,0.007558501293811816,0.0057492449713580735,ok,13.223818631125228,6.445684199221432
444,431,1826200,landscape,latent,0,0.017999999225139618,0.01907859370112419,0.004391283013291611,0.0038938856153545582,flux_rejected,0.49216020818062867,6.355085612274706
445,432,1826200,landscape,tangent_direct,0,0.017999999225139618,0.019060205668210983,0.004404315584692293,0.00390172634639792,flux_rejected,0.4924919355004536,6.399866383522749
446,433,1826200,landscape,random_direct,0,0.017999999225139618,0.019060209393501282,0.011337756674301574,0.00862386939511309,ok,9.508725605511012,6.414147458970547
447,434,1826200,landscape,latent,0,0.024000000208616257,0.025450628250837326,0.005855051566935016,0.00519343346927231,flux_rejected,0.4800356619472739,5.60238925460726
448,435,1826200,landscape,tangent_direct,0,0.024000000208616257,0.02541361190378666,0.005872422127054785,0.005202301097290125,flux_rejected,0.47976030313079826,5.532653966918588
449,436,1826200,landscape,random_direct,0,0.024000000208616257,0.025413615629076958,0.015116999332186687,0.011498487511612168,ok,8.461695767272362,7.281148366630077
450,437,1826200,landscape,latent,0,0.029999999329447746,0.0318312793970108,0.0073215928673523644,0.006496225067144907,flux_rejected,0.4771791033809465,5.464119219221175
451,438,1826200,landscape,tangent_direct,0,0.029999999329447746,0.031767018139362335,0.007340525666118428,0.006502877686264847,flux_rejected,0.47700170822557375,5.491345854476094
452,439,1826200,landscape,random_direct,0,0.029999999329447746,0.031767018139362335,0.018896259937037873,0.014373113923400994,ok,7.773074952330188,7.247440862469375
453,440,1826200,landscape,latent,0,0.04500000178813934,0.04782998189330101,0.0110106200063689,0.009776759530721083,no_axis,0.11199083088090794,3.9392173243686557
454,441,1826200,landscape,tangent_direct,0,0.04500000178813934,0.0476505272090435,0.011010787504140923,0.009754313469304977,no_axis,0.11193912407101535,3.9492514319717884
455,442,1826200,landscape,random_direct,0,0.04500000178813934,0.0476505272090435,0.028344367423751002,0.021559660178568793,ok,6.778129536506839,7.334823574870825
456,443,1826200,landscape,latent,0,0.05999999865889549,0.06391257792711258,0.014751987054243654,0.01310866445298782,no_axis,0.11181714226491064,3.915122017264366
457,444,1826200,landscape,tangent_direct,0,0.05999999865889549,0.06353402882814407,0.01468104477817668,0.013005748790095022,no_axis,0.11172684012800421,3.9388571614399552
458,445,1826200,landscape,random_direct,0,0.05999999865889549,0.06353402882814407,0.03779247252414904,0.028746203370337384,ok,6.2741301911887986,7.297512429766357
459,446,1826200,landscape,latent,0,0.09000000357627869,0.09642214328050613,0.02250141299692543,0.020022579368013733,no_axis,0.11153557752270503,3.9738203221932054
460,447,1826200,landscape,tangent_direct,0,0.09000000357627869,0.095301054418087,0.022021572788187813,0.019508628702896096,no_axis,0.1112580317870125,3.9149816604331136
461,448,1826200,landscape,random_direct,0,0.09000000357627869,0.095301054418087,0.056688736957633296,0.0431193209004387,no_axis,0.1065376662807953,3.938724626787007
462,449,1826200,landscape,latent,0,0.11999999731779099,0.12958835065364838,0.03084418542987604,0.027472616082516544,no_axis,0.11119009536456625,3.949362527579069
463,450,1826200,landscape,tangent_direct,0,0.11999999731779099,0.12706805765628815,0.029362095989051522,0.02601150238258801,no_axis,0.11073835165514341,3.973066261038184
464,451,1826200,landscape,random_direct,0,0.11999999731779099,0.12706805765628815,0.07558497064735484,0.057492419695498065,no_axis,0.10999875029467146,3.914877964183688
465,452,1826200,landscape,latent,0,0.18000000715255737,0.19924339652061462,0.05109390374466481,0.04544454048425707,no_axis,0.10699289132921071,3.9392931517213583
466,453,1826200,landscape,tangent_direct,0,0.18000000715255737,0.190602108836174,0.04404313911515003,0.039017250746888936,no_axis,0.10966500899670349,3.948918581008911
467,454,1826200,landscape,random_direct,0,0.18000000715255737,0.1906021237373352,0.11337744130198926,0.08623862445646928,no_axis,0.10947254593848516,3.9738803934305906
468,455,1826200,landscape,latent,0,0.23999999463558197,0.27497076988220215,0.07912985919909699,0.06989370764087674,ok,5.497546000945926,6.366251585073769
469,456,1826200,landscape,tangent_direct,0,0.23999999463558197,0.2541361153125763,0.05872419476865045,0.052023006746451425,no_axis,0.10855302164436356,3.9396174494177103
470,457,1826200,landscape,random_direct,0,0.23999999463558197,0.2541361153125763,0.15116991559653978,0.11498482632005327,drift_rejected,0.33736686294197243,2.7666110154241323
471,458,1826200,landscape,latent,1,-0.23999999463558197,0.2362297624349594,0.0935019129066604,0.07557403818333962,drift_rejected,0.334637934725874,2.7796013019979
472,459,1826200,landscape,tangent_direct,1,-0.23999999463558197,0.20300869643688202,0.05839199665601241,0.04786428420381253,no_axis,0.10586137401700896,3.9141158014535904
473,460,1826200,landscape,random_direct,1,-0.23999999463558197,0.20300866663455963,0.14873655473096353,0.11209702668502763,no_surface,0.29459422880592023,4.855331959202886
474,461,1826200,landscape,latent,1,-0.18000000715255737,0.1593635380268097,0.05431058414423049,0.0442916244911569,drift_rejected,0.3591925558006721,2.7655202141031623
475,462,1826200,landscape,tangent_direct,1,-0.18000000715255737,0.15225651860237122,0.043794004069101285,0.035898214994796465,no_axis,0.10784875913771122,3.9733748929575086
476,463,1826200,landscape,random_direct,1,-0.18000000715255737,0.15225651860237122,0.11155238866102453,0.0840727550448995,drift_rejected,0.34123995792190154,2.7446400616317987
477,464,1826200,landscape,latent,1,-0.11999999731779099,0.10211306810379028,0.03213279901732225,0.02630811051238984,drift_rejected,0.3706791621520853,4.350834516808391
478,465,1826200,landscape,tangent_direct,1,-0.11999999731779099,0.10150434821844101,0.029195983080953194,0.02393213072869941,drift_rejected,0.3724001570364539,3.567358110100031
479,466,1826200,landscape,random_direct,1,-0.11999999731779099,0.10150433331727982,0.07436824886841192,0.056048496716914656,drift_rejected,0.35322118402758407,2.7760125435888767
480,467,1826200,landscape,latent,1,-0.09000000357627869,0.07598969340324402,0.02327970724697589,0.019076731934821466,drift_rejected,0.3848074131082226,4.436987833119929
481,468,1826200,landscape,tangent_direct,1,-0.09000000357627869,0.0761282667517662,0.021897003682465752,0.017949110684525864,drift_rejected,0.38461727684667163,4.404667398892343
482,469,1826200,landscape,random_direct,1,-0.09000000357627869,0.07612825930118561,0.055776217634785526,0.04203639114075752,drift_rejected,0.36710231943547067,2.7655806401744485
483,470,1826200,landscape,latent,1,-0.05999999865889549,0.05050675570964813,0.01512473583643453,0.012399281685347568,flux_rejected,0.48165207179460756,5.542666954919696
484,471,1826200,landscape,tangent_direct,1,-0.05999999865889549,0.050752174109220505,0.014597995012928598,0.011966068316220367,flux_rejected,0.48015196040583086,5.477861371822655
485,472,1826200,landscape,random_direct,1,-0.05999999865889549,0.050752170383930206,0.03718411594345285,0.028024242832337377,drift_rejected,0.37551919824885743,4.35002526640892
486,473,1826200,landscape,latent,1,-0.04500000178813934,0.037877656519412994,0.01122425127889296,0.009202374893217572,flux_rejected,0.48264716606531044,6.181814551353455
487,474,1826200,landscape,tangent_direct,1,-0.04500000178813934,0.038064129650592804,0.010948491260085472,0.008974547867998794,flux_rejected,0.48180968652988104,6.212019174359739
488,475,1826200,landscape,random_direct,1,-0.04500000178813934,0.038064129650592804,0.027888105296099596,0.021018193835483243,ok,8.048131217245132,4.6112678702920675
489,476,1826200,landscape,latent,1,-0.029999999329447746,0.025271791964769363,0.007413135084710257,0.006077801639917976,flux_rejected,0.4933660141495443,9.144447512924671
490,477,1826200,landscape,tangent_direct,1,-0.029999999329447746,0.025376085191965103,0.0072989880970276465,0.005983027016145577,flux_rejected,0.4922762297489974,9.167730748653412
491,478,1826200,landscape,random_direct,1,-0.029999999329447746,0.025376083329319954,0.018592053566838247,0.014012118050604993,ok,9.421156006344917,5.557912341319025
492,479,1826200,landscape,latent,1,-0.024000000208616257,0.020228562876582146,0.0059101587556448735,0.00484547999142422,ok,53.44021586547486,7.245907480828464
493,480,1826200,landscape,tangent_direct,1,-0.024000000208616257,0.02030087076127529,0.005839199420024579,0.004786429903627157,ok,53.61716927208822,7.282532430253923
494,481,1826200,landscape,random_direct,1,-0.024000000208616257,0.020300867035984993,0.014873639267539951,0.01120969288195205,ok,10.47867811951057,6.413793139159679
495,482,1826200,landscape,latent,1,-0.017999999225139618,0.015181622467935085,0.004418027533968366,0.003622055713274075,ok,54.53945550969274,7.334713976830244
496,483,1826200,landscape,tangent_direct,1,-0.017999999225139618,0.015225651673972607,0.0043794056482226945,0.0035898244794073495,ok,54.662750100555854,7.245706868357956
497,484,1826200,landscape,random_direct,1,-0.017999999225139618,0.015225649811327457,0.011155219294925665,0.008407263267931238,ok,14.401409483980226,7.281321808695793
498,485,1826200,landscape,latent,1,-0.012000000104308128,0.010129276663064957,0.0029361789291168635,0.0024070937329133085,ok,55.20449554649098,7.300602642819285
499,486,1826200,landscape,tangent_direct,1,-0.012000000104308128,0.01015043631196022,0.0029196005098281893,0.0023932134200298754,ok,55.30907212054989,7.337339724414051
500,487,1826200,landscape,random_direct,1,-0.012000000104308128,0.010150435380637646,0.007436809190987114,0.005604841280310347,ok,25.403640963490485,7.244795412756503
501,488,1826200,landscape,latent,1,-0.008999999612569809,0.007600369397550821,0.0021988296272764437,0.0018025672075749229,ok,55.341652385507025,7.297063839621842
502,489,1826200,landscape,tangent_direct,1,-0.008999999612569809,0.007612826302647591,0.0021896970325496505,0.001794908288138388,ok,55.36628729881944,7.29892651271075
503,490,1826200,landscape,random_direct,1,-0.008999999612569809,0.007612826302647591,0.005577606285548537,0.004203628625803198,ok,35.058907693356716,7.334069536998868
504,491,1826200,landscape,latent,1,-0.006000000052154064,0.005069372709840536,0.0014636981366201295,0.0011999014516207132,ok,55.32446735530762,7.245746815577149
505,492,1826200,landscape,tangent_direct,1,-0.006000000052154064,0.005075215827673674,0.0014597918449814147,0.0011966011574142202,ok,55.33771746932492,7.281735325232148
506,493,1826200,landscape,random_direct,1,-0.006000000052154064,0.005075215827673674,0.0037184040696945004,0.002802419903534181,ok,46.58331583119372,7.300879689864814
507,494,1826200,landscape,latent,1,-0.004000000189989805,0.0033807046711444855,0.0009748494463985385,0.0007991412837469472,ok,55.22760396468119,7.334388656541705
508,495,1826200,landscape,tangent_direct,1,-0.004000000189989805,0.003383479081094265,0.000973190570423696,0.0007977320808859734,ok,55.251515573163815,7.247307451441884
509,496,1826200,landscape,random_direct,1,-0.004000000189989805,0.003383478382602334,0.00247893736626363,0.0018682783588332848,ok,53.54416924157643,7.282006909139454
510,497,1826200,landscape,latent,1,-0.0020000000949949026,0.0016910077538341284,0.00048697450021855613,0.0003991997255482844,ok,55.10265035594584,7.299131724983454
511,498,1826200,landscape,tangent_direct,1,-0.0020000000949949026,0.0016917403554543853,0.00048660104648133964,0.0003988679538306505,ok,55.0881603574832,7.33440634701401
512,499,1826200,landscape,random_direct,1,-0.0020000000949949026,0.0016917409375309944,0.0012394714387141065,0.0009341424985007822,ok,58.21036859134877,6.368173572234809
513,500,1826200,landscape,latent,1,-0.0010000000474974513,0.0008456744253635406,0.0002433559467281463,0.0001994919979850964,ok,54.99828310334617,7.282119235023856
514,501,1826200,landscape,tangent_direct,1,-0.0010000000474974513,0.0008458696538582444,0.0002433011184230585,0.00019943314669654207,ok,54.9900487060061,7.297876816242933
515,502,1826200,landscape,random_direct,1,-0.0010000000474974513,0.0008458700031042099,0.0006197193150819492,0.0004670603814615609,ok,54.24851767153277,7.3337331702932715
516,412,1826200,landscape,latent,1,0.0,1.0436745867536956e-07,4.4640317867836566e-08,3.318825207861222e-08,ok,54.8281070020077,7.282229411415756
517,366,1826200,landscape,tangent_direct,1,0.0,0.0,0.0,0.0,ok,54.83262810526722,7.332667460665107
518,366,1826200,landscape,random_direct,1,0.0,0.0,0.0,0.0,ok,54.83262810526722,7.332667460665107
519,503,1826200,landscape,latent,1,0.0010000000474974513,0.000845864589791745,0.00024316102497679874,0.0001993143618158584,ok,54.702463459091895,7.2452474273741245
520,504,1826200,landscape,tangent_direct,1,0.0010000000474974513,0.0008458696538582444,0.0002433044858566668,0.00019943838472525618,ok,54.70960162447652,7.282595478929579
521,505,1826200,landscape,random_direct,1,0.0010000000474974513,0.0008458700031042099,0.00061973439608208,0.00046707177561539195,ok,53.824461877485334,7.298430268652737
522,506,1826200,landscape,latent,1,0.0020000000949949026,0.0016921564238145947,0.000486093569734674,0.00039845154346015624,ok,54.57198348055551,7.333857594057918
523,507,1826200,landscape,tangent_direct,1,0.0020000000949949026,0.0016917403554543853,0.00048660874180721247,0.00039887397021276815,ok,54.554974132698014,7.245317554101348
524,508,1826200,landscape,random_direct,1,0.0020000000949949026,0.0016917410539463162,0.0012394778693840215,0.0009341474239581925,ok,51.363758258707705,7.284649226814508
525,509,1826200,landscape,latent,1,0.004000000189989805,0.0033856297377496958,0.0009712771277866169,0.0007961310350257702,ok,54.16497470675909,7.300734075717628
526,510,1826200,landscape,tangent_direct,1,0.004000000189989805,0.0033834795467555523,0.0009731994408195875,0.0007977412884697223,ok,54.17366105316628,7.335688770748675
527,511,1826200,landscape,random_direct,1,0.004000000189989805,0.0033834779169410467,0.0024789542372805266,0.001868289769235734,flux_rejected,0.48921770537879755,6.959520592354238
528,512,1826200,landscape,latent,1,0.006000000052154064,0.005080522503703833,0.001455626292483427,0.0011931084732506427,ok,53.75854959951714,7.282224286347628
529,513,1826200,landscape,tangent_direct,1,0.006000000052154064,0.005075216293334961,0.001459799113028249,0.0011966058387475774,ok,53.76441538435051,7.2997505171224475
530,514,1826200,landscape,random_direct,1,0.006000000052154064,0.005075216758996248,0.0037184141212061473,0.0028024269691498136,flux_rejected,0.4858299190648988,5.601890884339809
531,515,1826200,landscape,latent,1,0.008999999612569809,0.007625656668096781,0.0021805890880816493,0.0017872728022256497,ok,52.98168933272304,7.246671392582357
532,516,1826200,landscape,tangent_direct,1,0.008999999612569809,0.007612825371325016,0.0021897038825753833,0.0017949161470810276,ok,53.007073691835444,7.281197574920952
533,517,1826200,landscape,random_direct,1,0.008999999612569809,0.007612826302647591,0.005577625849015582,0.004203641671835811,flux_rejected,0.4803214606891804,5.354674153961241
534,518,1826200,landscape,latent,1,0.012000000104308128,0.010174287483096123,0.0029037420199102726,0.0023799012861064183,ok,52.04962493218551,7.336314572021365
535,519,1826200,landscape,tangent_direct,1,0.012000000104308128,0.01015043631196022,0.0029196067420495246,0.0023932204418623997,ok,52.13918740686667,7.246628875844181
536,520,1826200,landscape,random_direct,1,0.012000000104308128,0.010150435380637646,0.007436816669132809,0.00560484583698469,no_axis,0.11182745335746168,3.93865367770195
537,521,1826200,landscape,latent,1,0.017999999225139618,0.015283098444342613,0.0043449922282904965,0.003560840505472379,ok,56.83498991095064,6.414695100858808
538,522,1826200,landscape,tangent_direct,1,0.017999999225139618,0.015225652605295181,0.004379408394225318,0.0035898264597876866,ok,56.95156903590483,6.447730999439955
539,523,1826200,landscape,random_direct,1,0.017999999225139618,0.015225649811327457,0.01115525136285674,0.008407283147923342,no_axis,0.1114530251479637,3.9156093802303076
540,524,1826200,landscape,latent,1,0.024000000208616257,0.020408887416124344,0.005779950622122538,0.004736366160576624,ok,55.23302778848879,6.399141266942024
541,525,1826200,landscape,tangent_direct,1,0.024000000208616257,0.02030087076127529,0.00583920041654473,0.004786428560399377,ok,55.4138571639948,6.4141128631308675
542,526,1826200,landscape,random_direct,1,0.024000000208616257,0.020300867035984993,0.014873659003560271,0.011209705132691495,no_axis,0.11107244471615635,3.9735398245975375
543,527,1826200,landscape,latent,1,0.029999999329447746,0.025553550571203232,0.007209183484531436,0.0059069121118372585,ok,53.29196399744859,6.36859299428761
544,528,1826200,landscape,tangent_direct,1,0.029999999329447746,0.025376085191965103,0.007298995172567766,0.005983032360006494,ok,53.611136591146995,6.398001256398857
545,529,1826200,landscape,random_direct,1,0.029999999329447746,0.025376083329319954,0.018592085406012867,0.014012137648209626,no_axis,0.11064268414527681,3.949165833182633
546,530,1826200,landscape,latent,1,0.04500000178813934,0.03851054608821869,0.010761202042302553,0.00881449550235357,ok,47.08597307215794,6.452234490774572
547,531,1826200,landscape,tangent_direct,1,0.04500000178813934,0.0380641333758831,0.010948498467203971,0.008974552130972542,ok,47.908019696209855,6.369373742491007
548,532,1826200,landscape,random_direct,1,0.04500000178813934,0.038064129650592804,0.02788811569832359,0.021018200290274867,no_axis,0.10958855589511536,3.938525352627039
549,533,1826200,landscape,latent,1,0.05999999865889549,0.051629438996315,0.014290849279422887,0.011701099943609097,ok,39.73252891501505,6.4148822501301765
550,534,1826200,landscape,tangent_direct,1,0.05999999865889549,0.050752174109220505,0.014597999882929499,0.01196607265679632,ok,41.21869821218763,6.452677337452769
551,535,1826200,landscape,random_direct,1,0.05999999865889549,0.050752170383930206,0.03718412970223662,0.028024251904045182,no_axis,0.1084202585625689,3.9153859494253993
552,536,1826200,landscape,latent,1,0.09000000357627869,0.07851193100214005,0.02132482429255637,0.017443612300657756,ok,25.62368732938652,6.398753019049764
553,537,1826200,landscape,tangent_direct,1,0.09000000357627869,0.0761282667517662,0.021897011584208106,0.017949115192635312,ok,28.136728319552873,6.414739941246808
554,538,1826200,landscape,random_direct,1,0.09000000357627869,0.07612825930118561,0.05577622719277981,0.04203639591872191,no_axis,0.10572853973744203,3.9740826096385717
555,539,1826200,landscape,latent,1,0.11999999731779099,0.10662265866994858,0.028396039760276357,0.023203574660726853,ok,16.01227928239381,7.245991717092693
556,540,1826200,landscape,tangent_direct,1,0.11999999731779099,0.10150434076786041,0.029196004958133712,0.02393214652876916,ok,18.621308869892086,6.397382364608347
557,541,1826200,landscape,random_direct,1,0.11999999731779099,0.10150433331727982,0.07436826296901096,0.05604850668264355,no_axis,0.10111176067598303,3.9494922850281
558,542,1826200,landscape,latent,1,0.18000000715255737,0.16870665550231934,0.04294010739952069,0.03504316327447853,ok,9.650666302879069,6.451416841708124
559,543,1826200,landscape,tangent_direct,1,0.18000000715255737,0.15225651860237122,0.043794002247304106,0.035898216097825474,ok,10.601023046086542,7.247135506942868
560,544,1826200,landscape,random_direct,1,0.18000000715255737,0.15225651860237122,0.11155242097626705,0.08407277549763624,drift_rejected,0.35164019862487716,3.612539074383676
561,545,1826200,landscape,latent,1,0.23999999463558197,0.24160265922546387,0.05843160131784927,0.04770333684683094,flux_rejected,0.46871185312701763,5.4655216578394175
562,546,1826200,landscape,tangent_direct,1,0.23999999463558197,0.20300869643688202,0.058392002032181735,0.047864287580598075,ok,8.817650181923353,6.448664233088493
563,547,1826200,landscape,random_direct,1,0.23999999463558197,0.20300868153572083,0.14873656340610514,0.11209703439318211,ok,2.8501731301521325,3.877010803669691
564,548,1826200,landscape,latent,2,-0.23999999463558197,0.31784436106681824,0.13926075428904341,0.11538720238951486,no_axis,0.11000738157307405,3.938510587438941
565,549,1826200,landscape,tangent_direct,2,-0.23999999463558197,0.23761864006519318,0.1010176451476826,0.08603430735016114,no_axis,0.11023822077294552,3.949956512078643
566,550,1826200,landscape,random_direct,2,-0.23999999463558197,0.23761864006519318,0.12361065880353643,0.10182869580380162,no_axis,0.10845751447277535,3.9739994555711746
567,551,1826200,landscape,latent,2,-0.18000000715255737,0.2218836098909378,0.0965452400523628,0.08060145573866864,no_axis,0.11118918757808752,3.9151667477563024
568,552,1826200,landscape,tangent_direct,2,-0.18000000715255737,0.17821399867534637,0.07576323061474527,0.06452572787773762,no_axis,0.11083411400497421,3.9384271828457713
569,553,1826200,landscape,random_direct,2,-0.18000000715255737,0.17821399867534637,0.09270798769839039,0.07637151726509511,no_axis,0.10512693281103898,3.948911010287702
570,554,1826200,landscape,latent,2,-0.11999999731779099,0.13357487320899963,0.05686854523121904,0.047992460916949954,no_axis,0.11185711745564811,3.9734034510329366
571,555,1826200,landscape,tangent_direct,2,-0.11999999731779099,0.11880932003259659,0.05050883482024983,0.04301716082692898,no_axis,0.11160604525146052,3.915152662433684
572,556,1826200,landscape,random_direct,2,-0.11999999731779099,0.11880932003259659,0.06180531934192803,0.05091434003804867,no_axis,0.10588878291226363,3.938616257160902
573,557,1826200,landscape,latent,2,-0.09000000357627869,0.09608207643032074,0.040714133199338434,0.034479492238764835,ok,27.202685817157423,7.297779862768948
574,558,1826200,landscape,tangent_direct,2,-0.09000000357627869,0.08910699933767319,0.03788161240802245,0.03226286606316482,ok,23.138572548972487,7.332206420600414
575,559,1826200,landscape,random_direct,2,-0.09000000357627869,0.08910699188709259,0.046353995737999434,0.03818575694859758,no_axis,0.10788308993224344,3.9148235470056534
576,560,1826200,landscape,latent,2,-0.05999999865889549,0.06202966347336769,0.026257002326380535,0.02229028941709279,ok,40.83584010936569,7.2794284941628575
577,561,1826200,landscape,tangent_direct,2,-0.05999999865889549,0.05940466374158859,0.0252544151645869,0.02150857842838323,ok,38.401492648526975,7.299451939761639
578,562,1826200,landscape,random_direct,2,-0.05999999865889549,0.059404660016298294,0.030902667585786987,0.025457173568392676,no_axis,0.10990182971462772,3.9735946087166667
579,563,1826200,landscape,latent,2,-0.04500000178813934,0.04591797664761543,0.01944475579832223,0.016522955906190084,ok,48.59494601219561,7.244124335236847
580,564,1826200,landscape,tangent_direct,2,-0.04500000178813934,0.044553499668836594,0.018940805713162444,0.016131429370158917,ok,47.312532127352355,7.279608892276883
581,565,1826200,landscape,random_direct,2,-0.04500000178813934,0.044553499668836594,0.02317698513706445,0.019092873410462237,no_axis,0.11075043819676395,3.9495776779949665
582,566,1826200,landscape,latent,2,-0.029999999329447746,0.03026353381574154,0.01282682350192478,0.010908584747139797,ok,55.27257950869986,6.444799076765776
583,567,1826200,landscape,tangent_direct,2,-0.029999999329447746,0.029702328145503998,0.012627208837724785,0.010754290472779487,ok,54.88868307359633,6.366757924668491
584,568,1826200,landscape,random_direct,2,-0.029999999329447746,0.029702328145503998,0.01545132385226012,0.012728578523028816,no_axis,0.11143196864985534,3.9385925298556685
585,569,1826200,landscape,latent,2,-0.024000000208616257,0.02410987578332424,0.010223426850909358,0.008697226855966519,ok,57.27813226715577,6.415051193907857
586,570,1826200,landscape,tangent_direct,2,-0.024000000208616257,0.023761864751577377,0.01010176413221949,0.00860343104425944,ok,57.089171628296945,6.4434696435928345
587,571,1826200,landscape,random_direct,2,-0.024000000208616257,0.023761864751577377,0.012361059325330107,0.010182866410703947,no_axis,0.11167276660759509,3.9150461591780186
588,572,1826200,landscape,latent,2,-0.017999999225139618,0.018010791391134262,0.007641260126473388,0.00650247095291963,ok,58.75792750732098,6.398476974107325
589,573,1826200,landscape,tangent_direct,2,-0.017999999225139618,0.01782139763236046,0.007576308618196418,0.006452563401813167,ok,58.709967156120136,6.41580543294549
590,574,1826200,landscape,random_direct,2,-0.017999999225139618,0.01782139576971531,0.009270780467010253,0.007637140112175828,no_axis,0.11189813375194664,3.97341176122427
591,575,1826200,landscape,latent,2,-0.012000000104308128,0.01196200866252184,0.005077949141270378,0.00432241777952787,ok,55.59379378635599,7.244993589818478
592,576,1826200,landscape,tangent_direct,2,-0.012000000104308128,0.011880932375788689,0.005050885317386443,0.004301716580975929,ok,55.628045272907265,7.280598819255829
593,577,1826200,landscape,random_direct,2,-0.012000000104308128,0.011880932375788689,0.006180532025590397,0.005091432669927546,drift_rejected,0.3923781885592912,4.74591205175966
594,578,1826200,landscape,latent,2,-0.008999999612569809,0.008955332450568676,0.0038027977964015624,0.0032374503233853686,ok,55.878653255744666,7.333377277478576
595,579,1826200,landscape,tangent_direct,2,-0.008999999612569809,0.00891069695353508,0.0037881554666664057,0.003226284328670313,ok,55.88479823526498,7.243700589984655
596,580,1826200,landscape,random_direct,2,-0.008999999612569809,0.00891069881618023,0.004635407476510061,0.0038185780371293395,flux_rejected,0.4773938208090024,5.4490574998781085
597,581,1826200,landscape,latent,2,-0.006000000052154064,0.00595966586843133,0.0025315333523914475,0.0021554655719892178,ok,55.84363769285261,7.298792323097587
598,582,1826200,landscape,tangent_direct,2,-0.006000000052154064,0.005940467119216919,0.0025254427290332007,0.002150858757431954,ok,55.88153334222606,7.334147554822266
599,583,1826200,landscape,random_direct,2,-0.006000000052154064,0.00594046525657177,0.0030902565221280543,0.0025457083842281027,flux_rejected,0.4933882593079064,6.245320729911327
600,584,1826200,landscape,latent,2,-0.004000000189989805,0.003968487959355116,0.0016860875510543644,0.001435750125414516,ok,55.62007150963963,7.279971479438245
601,585,1826200,landscape,tangent_direct,2,-0.004000000189989805,0.003960310015827417,0.0016836291427156243,0.0014339061688881745,ok,55.6755487777319,7.299242595210671
602,586,1826200,landscape,random_direct,2,-0.004000000189989805,0.003960311412811279,0.002060166679357746,0.0016971363915820798,flux_rejected,0.4962353929486201,7.099015912041068
603,587,1826200,landscape,latent,2,-0.0020000000949949026,0.0019819571170955896,0.0008422384066802567,0.0007172579866670541,ok,55.30295710149632,7.245558086782694
604,588,1826200,landscape,tangent_direct,2,-0.0020000000949949026,0.0019801573362201452,0.0008418120120464848,0.0007169494954362291,ok,55.3131358044399,7.280293921940029
605,589,1826200,landscape,random_direct,2,-0.0020000000949949026,0.0019801557064056396,0.0010300740188596597,0.0008485633754033007,ok,52.96089995996252,7.29912349767983
606,590,1826200,landscape,latent,2,-0.0010000000474974513,0.0009904211619868875,0.00042094586976931326,0.0003584970976275715,ok,55.084778053270924,7.333428716287017
607,591,1826200,landscape,tangent_direct,2,-0.0010000000474974513,0.0009900785516947508,0.00042089856085510255,0.00035847180371408635,ok,55.0886822787886,7.254704895429313
608,592,1826200,landscape,random_direct,2,-0.0010000000474974513,0.0009900765726342797,0.0005150284674698196,0.0004242751020745776,ok,54.11455752940843,7.280033460818231
609,412,1826200,landscape,latent,2,0.0,1.0436745867536956e-07,4.4640317867836566e-08,3.318825207861222e-08,ok,54.8281070020077,7.282229411415756
610,366,1826200,landscape,tangent_direct,2,0.0,0.0,0.0,0.0,ok,54.83262810526722,7.332667460665107
611,366,1826200,landscape,random_direct,2,0.0,0.0,0.0,0.0,ok,54.83262810526722,7.332667460665107
612,593,1826200,landscape,latent,2,0.0010000000474974513,0.0009893678361549973,0.00042069336175087267,0.0003582990831652925,ok,54.54530041863185,7.297976577654481
613,594,1826200,landscape,tangent_direct,2,0.0010000000474974513,0.0009900785516947508,0.00042091708947710604,0.0003584823592381263,ok,54.570500116228956,7.333465055562556
614,595,1826200,landscape,random_direct,2,0.0010000000474974513,0.0009900765726342797,0.0005150388128216278,0.0004242845682492618,ok,55.03909559132726,7.244587413966656
615,596,1826200,landscape,latent,2,0.0020000000949949026,0.001977654406800866,0.0008408672061490939,0.0007162230829078114,ok,54.26178843036239,7.28076661657542
616,597,1826200,landscape,tangent_direct,2,0.0020000000949949026,0.0019801573362201452,0.0008418310077222542,0.0007169618773371996,ok,54.24183394473592,7.298948251642287
617,598,1826200,landscape,random_direct,2,0.0020000000949949026,0.0019801557064056396,0.0010300945431033028,0.0008485765728570929,ok,54.774858498137164,7.33392452262342
618,599,1826200,landscape,latent,2,0.004000000189989805,0.003951080143451691,0.0016803866491350847,0.0014314199225156621,ok,53.54372512366019,7.244914271868765
619,600,1826200,landscape,tangent_direct,2,0.004000000189989805,0.003960309084504843,0.0016836216849562095,0.0014339006557028743,ok,53.53311638769519,7.279979130253196
620,601,1826200,landscape,random_direct,2,0.004000000189989805,0.003960311412811279,0.0020601918348422356,0.0016971534468152637,ok,58.63727205441178,6.416892827488482
621,602,1826200,landscape,latent,2,0.006000000052154064,0.005920412950217724,0.0025185073905294544,0.002145552601183716,ok,52.62424335502895,7.333597034215927
622,603,1826200,landscape,tangent_direct,2,0.006000000052154064,0.005940467119216919,0.0025254419734412285,0.002150858264421973,ok,52.641663457989196,7.247137715108693
623,604,1826200,landscape,random_direct,2,0.006000000052154064,0.005940464790910482,0.0030902741619939222,0.0025457206115962684,ok,56.53578404393981,6.398553601466119
624,605,1826200,landscape,latent,2,0.008999999612569809,0.008866896852850914,0.0037734276176639293,0.0032150411766329913,ok,51.10425946854586,7.298961988650262
625,606,1826200,landscape,tangent_direct,2,0.008999999612569809,0.00891069695353508,0.003788161955792747,0.0032262900529639806,ok,51.20825042277353,7.333650326356292
626,607,1826200,landscape,random_direct,2,0.008999999612569809,0.00891069881618023,0.00463541994702955,0.003818589865557571,ok,51.51309754384882,6.368367339484394
627,608,1826200,landscape,latent,2,0.012000000104308128,0.011804739944636822,0.005025652119748703,0.004282520897681585,ok,49.354884472288695,7.280025648884475
628,609,1826200,landscape,tangent_direct,2,0.012000000104308128,0.011880932375788689,0.0050509013377083994,0.004301726316752548,ok,49.490340473395406,7.299489504657686
629,610,1826200,landscape,random_direct,2,0.012000000104308128,0.011880932375788689,0.006180534866887114,0.005091435750678119,ok,45.159628502989484,6.445663969963789
630,611,1826200,landscape,latent,2,0.017999999225139618,0.017656125128269196,0.007522984436689503,0.006412265729339912,ok,45.26744480513262,7.247569759376347
631,612,1826200,landscape,tangent_direct,2,0.017999999225139618,0.01782139763236046,0.007576321015660295,0.006452570175794221,ok,45.62079589360325,7.280307563021779
632,613,1826200,landscape,random_direct,2,0.017999999225139618,0.01782139576971531,0.009270809659362438,0.00763715838470627,ok,31.74973475499176,6.415886243805289
633,614,1826200,landscape,latent,2,0.024000000208616257,0.023477613925933838,0.010012213650039155,0.008536167229416008,ok,40.792687371205474,7.34197726752609
634,615,1826200,landscape,tangent_direct,2,0.024000000208616257,0.023761864751577377,0.010101765874549331,0.008603434520699496,ok,41.45933191233578,7.245378212071955
635,616,1826200,landscape,random_direct,2,0.024000000208616257,0.023761864751577377,0.012361081914239349,0.010182880842722935,ok,21.47954200273749,6.398772420361638
636,617,1826200,landscape,latent,2,0.029999999329447746,0.029272163286805153,0.01249463505034629,0.010655347295642893,ok,36.06562715989169,7.299416637979448
637,618,1826200,landscape,tangent_direct,2,0.029999999329447746,0.029702328145503998,0.012627209802888057,0.01075429029990703,ok,37.09671707801516,7.333760356530547
638,619,1826200,landscape,random_direct,2,0.029999999329447746,0.029702328145503998,0.015451338290703968,0.01272859052905842,ok,15.056316680000485,6.36756279412657
639,620,1826200,landscape,latent,2,0.04500000178813934,0.043659523129463196,0.018681318206852666,0.015941520978237745,ok,25.331000784520494,6.398904375731945
640,621,1826200,landscape,tangent_direct,2,0.04500000178813934,0.044553499668836594,0.01894079208237803,0.016131420820524482,ok,27.223409558587225,6.414573658257723
641,622,1826200,landscape,random_direct,2,0.04500000178813934,0.044553499668836594,0.023177000430151744,0.019092886398974874,ok,9.546104370621542,5.556934411637485
642,623,1826200,landscape,latent,2,0.05999999865889549,0.057941265404224396,0.02485844457599532,0.021226383792548275,ok,17.512137352039698,8.450028790161014
643,624,1826200,landscape,tangent_direct,2,0.05999999865889549,0.059404660016298294,0.02525441421332767,0.021508576627701066,ok,19.768796234436724,6.398813937790692
644,625,1826200,landscape,random_direct,2,0.05999999865889549,0.059404660016298294,0.030902674335011322,0.02545717931232793,ok,8.255681278609023,4.645564923994243
645,626,1826200,landscape,latent,2,0.09000000357627869,0.08637063950300217,0.037279278897369005,0.03187376846283935,ok,10.222955889827732,5.556578774936497
646,627,1826200,landscape,tangent_direct,2,0.09000000357627869,0.08910699933767319,0.03788160840630022,0.0322628608611085,ok,11.858148036929592,5.489280063658953
647,628,1826200,landscape,random_direct,2,0.09000000357627869,0.08910699188709259,0.04635400644369964,0.03818576550612245,drift_rejected,0.35617457313506173,2.7577716587111354
648,629,1826200,landscape,latent,2,0.11999999731779099,0.11497042328119278,0.04997870558471804,0.04278743822547319,ok,8.641073367728515,4.645700358785689
649,630,1826200,landscape,tangent_direct,2,0.11999999731779099,0.11880932003259659,0.050508830481940686,0.04301715885443315,ok,9.355504214215696,5.557388827204704
650,631,1826200,landscape,random_direct,2,0.11999999731779099,0.11880932003259659,0.061805329307323964,0.05091434872985601,drift_rejected,0.33819104742923195,2.7442986499518156
651,632,1826200,landscape,latent,2,0.18000000715255737,0.17546091973781586,0.07786591044136308,0.06683855543062868,flux_rejected,0.38779389404489134,4.938975606113672
652,633,1826200,landscape,tangent_direct,2,0.18000000715255737,0.17821399867534637,0.07576322971677264,0.06452572658648362,flux_rejected,0.42008236078478944,9.000230853445828
653,634,1826200,landscape,random_direct,2,0.18000000715255737,0.17821399867534637,0.0927080037588932,0.07637152987454694,no_surface,0.3045639488686315,4.894825976341963
654,635,1826200,landscape,latent,2,0.23999999463558197,0.2653399109840393,0.12836577656495715,0.11039337933321282,drift_rejected,0.34275083328897404,2.744900917634368
655,636,1826200,landscape,tangent_direct,2,0.23999999463558197,0.23761864006519318,0.10101764396899944,0.08603430493680343,flux_rejected,0.36392851574686236,6.939512771554291
656,637,1826200,landscape,random_direct,2,0.23999999463558197,0.23761864006519318,0.12361066067103516,0.10182869776132863,no_axis,0.10304034100733833,3.9493086813017726
657,638,1826200,landscape,latent,3,-0.23999999463558197,0.30262643098831177,0.1370190400296444,0.12318780665182787,no_axis,0.10550916254353555,3.9735121419653296
658,639,1826200,landscape,tangent_direct,3,-0.23999999463558197,0.2490168809890747,0.08193224412900876,0.07083466919732231,ok,7.5810153101276665,4.611008808016777
659,640,1826200,landscape,random_direct,3,-0.23999999463558197,0.2490168809890747,0.14306602314168015,0.1128071513845815,no_axis,0.10357353541706259,3.938933446072042
660,641,1826200,landscape,latent,3,-0.18000000715255737,0.22019550204277039,0.0980595700562953,0.08904137115867182,drift_rejected,0.3662350614208145,4.068151639774442
661,642,1826200,landscape,tangent_direct,3,-0.18000000715255737,0.18676267564296722,0.061449188385361175,0.05312600431202342,ok,8.59841024903252,4.683341737836599
662,643,1826200,landscape,random_direct,3,-0.18000000715255737,0.18676267564296722,0.10729952685770001,0.08460537271603792,no_axis,0.10161767417313541,3.9154033102095127
663,644,1826200,landscape,latent,3,-0.11999999731779099,0.13168567419052124,0.05258427988837237,0.046931157758755976,flux_rejected,0.44539889837415925,5.2319118129089475
664,645,1826200,landscape,tangent_direct,3,-0.11999999731779099,0.12450844049453735,0.040966126496194896,0.035417337102393476,ok,8.488981700726947,6.415009034797549
665,646,1826200,landscape,random_direct,3,-0.11999999731779099,0.12450843304395676,0.07153300325665489,0.05640357028169015,no_axis,0.10087742916714984,3.972633029334247
666,647,1826200,landscape,latent,3,-0.09000000357627869,0.09497281163930893,0.03551687005625596,0.03133294603290393,flux_rejected,0.48312795244217394,6.13579033408314
667,648,1826200,landscape,tangent_direct,3,-0.09000000357627869,0.09338134527206421,0.030724588729286233,0.026563001759364106,ok,9.500920664000686,6.397709458135068
668,649,1826200,landscape,random_direct,3,-0.09000000357627869,0.09338133782148361,0.05364976714482924,0.04230268897966183,no_axis,0.10350815076356666,3.949347034096718
669,650,1826200,landscape,latent,3,-0.05999999865889549,0.06220371648669243,0.022078524064993638,0.019301154193053935,flux_rejected,0.48619088136689026,7.045671715401113
670,651,1826200,landscape,tangent_direct,3,-0.05999999865889549,0.06225422024726868,0.020483061243275483,0.017708667998938398,ok,13.415646042344514,6.365752031095326
671,652,1826200,landscape,random_direct,3,-0.05999999865889549,0.06225422024726868,0.03576651085368174,0.028201792414313344,no_surface,0.33866574517010445,2.759798461571336
672,653,1826200,landscape,latent,3,-0.04500000178813934,0.0464925616979599,0.016145423840614945,0.014063981826475985,ok,18.666939113314424,7.29842000734061
673,654,1826200,landscape,tangent_direct,3,-0.04500000178813934,0.046690668910741806,0.015362288146778556,0.013281496818718395,ok,19.411509655136726,7.340947233140469
674,655,1826200,landscape,random_direct,3,-0.04500000178813934,0.046690668910741806,0.02682489111812957,0.021151347810952792,drift_rejected,0.3698881006033122,3.540030692704022
675,656,1826200,landscape,latent,3,-0.029999999329447746,0.030971040949225426,0.010545702540957061,0.009158538157749575,ok,29.331414724321906,7.280891768634319
676,657,1826200,landscape,tangent_direct,3,-0.029999999329447746,0.031127111986279488,0.010241530922787305,0.008854331708449013,ok,29.822906735861945,7.298058287240565
677,658,1826200,landscape,random_direct,3,-0.029999999329447746,0.03112710826098919,0.017883262751317013,0.014100898332062796,ok,9.626348495069845,5.556790234521031
678,659,1826200,landscape,latent,3,-0.024000000208616257,0.024785064160823822,0.008377431851978005,0.007267748266532158,ok,34.885498154388024,7.244148873724043
679,660,1826200,landscape,tangent_direct,3,-0.024000000208616257,0.02490168809890747,0.008193225744863664,0.007083467580521345,ok,35.23483627771469,7.280786573886871
680,661,1826200,landscape,random_direct,3,-0.024000000208616257,0.02490168996155262,0.0143066093945385,0.011280720906815044,ok,11.439250866165636,7.297347233630717
681,662,1826200,landscape,latent,3,-0.017999999225139618,0.018601123243570328,0.006242702288282019,0.00541044871711211,ok,40.83555424089223,7.341629990376532
682,663,1826200,landscape,tangent_direct,3,-0.017999999225139618,0.018676264211535454,0.006144907844393923,0.00531259388741831,ok,41.012259847066204,7.244170663878322
683,664,1826200,landscape,random_direct,3,-0.017999999225139618,0.018676264211535454,0.01072997082800766,0.008460548359565266,ok,16.81364901164471,7.282572673633695
684,665,1826200,landscape,latent,3,-0.012000000104308128,0.012412888929247856,0.00413729502576299,0.0035824466983198832,ok,46.60852221084892,7.297465888783336
685,666,1826200,landscape,tangent_direct,3,-0.012000000104308128,0.012450844049453735,0.004096625114197666,0.0035417410159449708,ok,46.68663310636943,7.33346592169255
686,667,1826200,landscape,random_direct,3,-0.012000000104308128,0.01245084498077631,0.007153297569840449,0.005640359953658195,ok,28.614196237343705,6.367278095334768
687,668,1826200,landscape,latent,3,-0.008999999612569809,0.009315190836787224,0.003094410132241412,0.002678264480195844,ok,49.207766868257984,7.281472445465624
688,669,1826200,landscape,tangent_direct,3,-0.008999999612569809,0.009338133037090302,0.003072459214088086,0.002656300503631397,ok,49.260585512952815,7.298220060765743
689,670,1826200,landscape,random_direct,3,-0.008999999612569809,0.009338131174445152,0.005364989778789966,0.004230276867065751,ok,37.48663741608473,6.445811312645674
690,671,1826200,landscape,latent,3,-0.006000000052154064,0.0062143332324922085,0.002057564366247417,0.0017801030806958139,ok,51.502530110030996,7.244430934078991
691,672,1826200,landscape,tangent_direct,3,-0.006000000052154064,0.006225423887372017,0.0020483026461483905,0.0017708620703195223,ok,51.52143172610704,7.281098078936338
692,673,1826200,landscape,random_direct,3,-0.006000000052154064,0.006225420627743006,0.0035766595069846164,0.0028201850092726593,ok,47.18632021586507,6.414266978390515
693,674,1826200,landscape,latent,3,-0.004000000189989805,0.0041449107229709625,0.001369427389629809,0.0011844368038809434,ok,52.81476958284767,7.334134349599481
694,675,1826200,landscape,tangent_direct,3,-0.004000000189989805,0.0041502793319523335,0.0013655319179000285,0.001180574529126,ok,52.8394198483327,7.245411298237741
695,676,1826200,landscape,random_direct,3,-0.004000000189989805,0.004150280728936195,0.0023844379945457844,0.0018801249850620807,ok,53.02780427422379,6.398875086568296
696,677,1826200,landscape,latent,3,-0.0020000000949949026,0.0020735226571559906,0.0006836277158391095,0.0005911133031145818,ok,53.93691219152805,7.299628051929176
697,678,1826200,landscape,tangent_direct,3,-0.0020000000949949026,0.00207514432258904,0.0006827852665814728,0.0005902995503513478,ok,53.950941912864714,7.334079924039543
698,679,1826200,landscape,random_direct,3,-0.0020000000949949026,0.0020751410629600286,0.0011922240957950325,0.000940065364957646,ok,50.11641933572237,7.245234778150916
699,680,1826200,landscape,latent,3,-0.0010000000474974513,0.0010370590025559068,0.0003415211515354467,0.0002952739779274847,ok,54.425488387246986,7.28053408395499
700,681,1826200,landscape,tangent_direct,3,-0.0010000000474974513,0.0010375702986493707,0.0003413910363576958,0.0002951475278721804,ok,54.410585530589294,7.299505922943354
701,682,1826200,landscape,random_direct,3,-0.0010000000474974513,0.0010375709971413016,0.0005961127272469802,0.0004700346435355169,ok,52.945334504352665,7.334616586565971
702,412,1826200,landscape,latent,3,0.0,1.0436745867536956e-07,4.4640317867836566e-08,3.318825207861222e-08,ok,54.8281070020077,7.282229411415756
703,366,1826200,landscape,tangent_direct,3,0.0,0.0,0.0,0.0,ok,54.83262810526722,7.332667460665107
704,366,1826200,landscape,random_direct,3,0.0,0.0,0.0,0.0,ok,54.83262810526722,7.332667460665107
705,683,1826200,landscape,latent,3,0.0010000000474974513,0.00103757216129452,0.0003409360055750207,0.0002947016695202591,ok,55.24340961053883,7.256695746444166
706,684,1826200,landscape,tangent_direct,3,0.0010000000474974513,0.0010375702986493707,0.0003413898790031051,0.00029514691877943804,ok,55.21392080626817,7.281928839161992
707,685,1826200,landscape,random_direct,3,0.0010000000474974513,0.0010375709971413016,0.000596089257284451,0.0004700153171087335,ok,55.66961226139669,7.298855167813599
708,686,1826200,landscape,latent,3,0.0020000000949949026,0.0020757808815687895,0.0006813672572302855,0.000588897343119259,ok,55.55974275417472,7.335097674280405
709,687,1826200,landscape,tangent_direct,3,0.0020000000949949026,0.00207514432258904,0.0006827852552877159,0.0005902989550861366,ok,55.516616448612965,7.244653180241585
710,688,1826200,landscape,random_direct,3,0.0020000000949949026,0.0020751410629600286,0.0011922241710291227,0.0009400632501290624,ok,55.42128906458125,7.282648420892656
711,689,1826200,landscape,latent,3,0.004000000189989805,0.004154224880039692,0.0013607064270961201,0.001175745352651434,ok,55.96136582562311,7.298997427336872
712,690,1826200,landscape,tangent_direct,3,0.004000000189989805,0.0041502793319523335,0.0013655209800105754,0.0011805701540603618,ok,55.98413714436532,7.333990762941539
713,691,1826200,landscape,random_direct,3,0.004000000189989805,0.004150280728936195,0.002384416437321818,0.0018801054352484987,flux_rejected,0.49516753843625105,7.013345803134143
714,692,1826200,landscape,latent,3,0.006000000052154064,0.006235341541469097,0.002038207567985622,0.0017607219588510498,ok,56.16891616322674,7.281760004349053
715,693,1826200,landscape,tangent_direct,3,0.006000000052154064,0.006225422956049442,0.002048296053419928,0.0017708606151295029,ok,56.21413693021714,7.298319973051548
716,694,1826200,landscape,random_direct,3,0.006000000052154064,0.006225420627743006,0.0035766405138741085,0.002820169750069928,flux_rejected,0.4782955439878027,5.65645285975188
717,695,1826200,landscape,latent,3,0.008999999612569809,0.009362572804093361,0.003050955716040322,0.0026347025280601174,ok,56.0558480874577,7.2449900740757585
718,696,1826200,landscape,tangent_direct,3,0.008999999612569809,0.009338133037090302,0.0030724594331713595,0.002656299522014133,ok,56.05057634778485,7.281018026173115
719,697,1826200,landscape,random_direct,3,0.008999999612569809,0.009338131174445152,0.005364959975165261,0.00423025540440316,drift_rejected,0.3948933440474066,4.743852250277996
720,698,1826200,landscape,latent,3,0.012000000104308128,0.012496979907155037,0.00406002610478001,0.0035049323220607952,ok,55.35869083631353,7.342304911464453
721,699,1826200,landscape,tangent_direct,3,0.012000000104308128,0.012450844049453735,0.0040966050147509874,0.0035417284474358796,ok,55.36380653954226,7.244395770132542
722,700,1826200,landscape,random_direct,3,0.012000000104308128,0.01245084498077631,0.007153291632110232,0.005640352417553004,no_axis,0.11190214986110572,3.9389930376783013
723,701,1826200,landscape,latent,3,0.017999999225139618,0.01878964714705944,0.0060678951431067845,0.005235045515302799,ok,52.518219444336566,7.297387347556651
724,702,1826200,landscape,tangent_direct,3,0.017999999225139618,0.018676262348890305,0.0061449064386421975,0.005312590058582674,ok,52.4210444566006,7.354137193411589
725,703,1826200,landscape,random_direct,3,0.017999999225139618,0.018676264211535454,0.01072993659061329,0.00846052443083335,no_axis,0.11161123999526706,3.9146101092919707
726,704,1826200,landscape,latent,3,0.024000000208616257,0.025118300691246986,0.008064362394981955,0.006953495966554194,ok,47.90196586842472,7.282585456967354
727,705,1826200,landscape,tangent_direct,3,0.024000000208616257,0.02490168809890747,0.008193206949288833,0.007083456574038627,ok,47.74421895204099,7.29828514251858
728,706,1826200,landscape,random_direct,3,0.024000000208616257,0.02490168996155262,0.014306602489230505,0.011280714892099279,no_axis,0.11130321444987908,3.9742005709558725
729,707,1826200,landscape,latent,3,0.029999999329447746,0.03148749843239784,0.010051602199555205,0.008662417725973355,ok,42.194918538723094,7.246457108296454
730,708,1826200,landscape,tangent_direct,3,0.029999999329447746,0.031127113848924637,0.01024153646127369,0.008854334071501503,ok,41.924352240939484,7.281599409878254
731,709,1826200,landscape,random_direct,3,0.029999999329447746,0.03112710826098919,0.017883236700296037,0.014100879780164506,no_axis,0.11095111858081164,3.9492101008072495
732,710,1826200,landscape,latent,3,0.04500000178813934,0.04761962592601776,0.01499296833649101,0.012906029960861137,ok,40.61224693652441,6.445424151606858
733,711,1826200,landscape,tangent_direct,3,0.04500000178813934,0.046690668910741806,0.015362293277111702,0.013281500429724697,ok,40.2115284969018,6.366872043348849
734,712,1826200,landscape,random_direct,3,0.04500000178813934,0.046690668910741806,0.026824864696876213,0.02115133171517704,no_axis,0.11006771698983975,3.9395548589527607
735,713,1826200,landscape,latent,3,0.05999999865889549,0.06410761922597885,0.01991971043952863,0.017130953743006223,ok,29.559764554032817,6.414441036991775
736,714,1826200,landscape,tangent_direct,3,0.05999999865889549,0.062254223972558975,0.02048306620123629,0.01770867020013285,ok,29.07883340942994,6.450824365019798
737,715,1826200,landscape,random_direct,3,0.05999999865889549,0.06225422024726868,0.035766492916068586,0.02820177681050777,no_axis,0.10915949427663599,3.9146462632343173
738,716,1826200,landscape,latent,3,0.09000000357627869,0.09843407571315765,0.02983195457118614,0.025620217538396075,ok,15.249590454696383,6.400791266001761
739,717,1826200,landscape,tangent_direct,3,0.09000000357627869,0.09338133782148361,0.030724596097115725,0.02656300300819577,ok,15.082318611847171,6.413162330165505
740,718,1826200,landscape,random_direct,3,0.09000000357627869,0.09338133782148361,0.05364973007195939,0.04230266345168293,ok,5.165393793542175,5.556946953758597
741,719,1826200,landscape,latent,3,0.11999999731779099,0.1350012868642807,0.039960655678982875,0.03428826525442782,ok,10.264690288521413,6.366532724350691
742,720,1826200,landscape,tangent_direct,3,0.11999999731779099,0.12450844049453735,0.040966123330024314,0.03541733350928693,ok,10.339567413057893,6.399694326333702
743,721,1826200,landscape,random_direct,3,0.11999999731779099,0.12450844049453735,0.07153299464678034,0.05640356185526889,ok,4.417111956660339,5.530910887755454
744,722,1826200,landscape,latent,3,0.18000000715255737,0.2166309356689453,0.0613668476231927,0.052603619306910425,ok,8.202362926577358,6.451889339834452
745,723,1826200,landscape,tangent_direct,3,0.18000000715255737,0.18676267564296722,0.06144917159668935,0.0531259970581732,ok,8.633504975550121,6.366727438755333
746,724,1826200,landscape,random_direct,3,0.18000000715255737,0.18676267564296722,0.10729949014567104,0.08460534779548316,ok,3.0049164653842944,5.516109127551317
747,725,1826200,landscape,latent,3,0.23999999463558197,0.3120502531528473,0.085643983553584,0.07334253681003315,ok,7.951127449903368,4.921481120400131
748,726,1826200,landscape,tangent_direct,3,0.23999999463558197,0.2490168809890747,0.08193224896123145,0.0708346714584768,ok,7.640820811132801,7.343024682253599
749,727,1826200,landscape,random_direct,3,0.23999999463558197,0.2490168809890747,0.14306599050226615,0.11280712920122109,ok,2.1723887832087247,4.612215212546289
750,728,2419096,source_raw,,,,,2.383191797912103e-08,2.7832968671770665e-08,ok,62.97394012671751,7.491414912976325
751,729,2419096,source_canonical,,,,,2.2633104884166635e-08,2.6650848750397724e-08,ok,41.867471616341405,5.153926209546626
752,730,2419096,reconstruction,,,,0.0,0.0,0.0,ok,41.94705031391731,7.552451615221798
753,731,2419096,landscape,latent,0,-0.23999999463558197,0.2391924113035202,0.03995577118268983,0.041739507805037115,flux_rejected,0.4862393772815389,6.951124098151922
754,732,2419096,landscape,tangent_direct,0,-0.23999999463558197,0.2087671309709549,0.03212409388080959,0.03446763807887482,no_axis,0.11343297890752171,4.436299363151193
755,733,2419096,landscape,random_direct,0,-0.23999999463558197,0.2087671160697937,0.12652604347731217,0.12208701733418029,no_axis,0.10297387646419134,4.456286202184856
756,734,2419096,landscape,latent,0,-0.18000000715255737,0.16824090480804443,0.028140573751192985,0.02930228843041348,drift_rejected,0.4044750778866842,6.132370799779892
757,735,2419096,landscape,tangent_direct,0,-0.18000000715255737,0.15657535195350647,0.02409305424744122,0.02585071425978505,no_axis,0.1135736723934049,4.416810752823949
758,736,2419096,landscape,random_direct,0,-0.18000000715255737,0.15657535195350647,0.09489452926244941,0.09156526025002366,no_axis,0.10472516129216487,4.43784174323082
759,737,2419096,landscape,latent,0,-0.11999999731779099,0.10707204043865204,0.017479049565844573,0.01825163240390404,drift_rejected,0.406912039264661,6.103028032928705
760,738,2419096,landscape,tangent_direct,0,-0.11999999731779099,0.10438356548547745,0.016062040340787204,0.017233812710467537,no_axis,0.11367903296060665,4.477110713720322
761,739,2419096,landscape,random_direct,0,-0.11999999731779099,0.10438355803489685,0.06326301168204929,0.0610435001044054,no_axis,0.10445654556194726,4.416049278341234
762,740,2419096,landscape,latent,0,-0.09000000357627869,0.07898587733507156,0.012674643725293182,0.013283278455015087,drift_rejected,0.40829039910473797,8.437211194075644
763,741,2419096,landscape,tangent_direct,0,-0.09000000357627869,0.07828767597675323,0.012046530336576019,0.012925361519595368,drift_rejected,0.40000140344279056,5.803398873656988
764,742,2419096,landscape,random_direct,0,-0.09000000357627869,0.07828767597675323,0.04744726228543191,0.04578262669345601,no_axis,0.10541007533479221,4.478214669041336
765,743,2419096,landscape,latent,0,-0.05999999865889549,0.05208945274353027,0.008210730406089044,0.008653104979662183,drift_rejected,0.40754834751815894,6.412074004299939
766,744,2419096,landscape,tangent_direct,0,-0.05999999865889549,0.052191782742738724,0.00803101877215451,0.008616905769495404,drift_rejected,0.4054336681896392,6.08420239482075
767,745,2419096,landscape,random_direct,0,-0.05999999865889549,0.052191779017448425,0.03163150232280246,0.03052174581338817,no_axis,0.10835138186216141,4.4556000689044595
768,746,2419096,landscape,latent,0,-0.04500000178813934,0.03895623981952667,0.006089944483159294,0.006441273655651076,drift_rejected,0.40771508834847436,6.4896583100780845
769,747,2419096,landscape,tangent_direct,0,-0.04500000178813934,0.03914383798837662,0.006023259962339214,0.006462673948428994,drift_rejected,0.4073890442777218,6.412407147698104
770,748,2419096,landscape,random_direct,0,-0.04500000178813934,0.03914383426308632,0.02372363685119768,0.022891314363257132,no_axis,0.11002674823313048,4.437301920726895
771,749,2419096,landscape,latent,0,-0.029999999329447746,0.025949055328965187,0.004027349220466939,0.004277567460888408,drift_rejected,0.4080593976424296,6.580267491750419
772,750,2419096,landscape,tangent_direct,0,-0.029999999329447746,0.026095891371369362,0.00401549191373245,0.004308436789264703,drift_rejected,0.4082546629573238,6.490754660218954
773,751,2419096,landscape,random_direct,0,-0.029999999329447746,0.026095889508724213,0.01581576951371106,0.01526088707459993,no_axis,0.11132925479627875,4.416394475847483
774,752,2419096,landscape,latent,0,-0.024000000208616257,0.020765069872140884,0.0032148174213290095,0.0034208331725197644,drift_rejected,0.40824406861433593,6.681138405576348
775,753,2419096,landscape,tangent_direct,0,-0.024000000208616257,0.020876716822385788,0.0032124076824286674,0.003446761855709214,drift_rejected,0.4084734518934333,6.699451086111367
776,754,2419096,landscape,random_direct,0,-0.024000000208616257,0.02087671123445034,0.012652614081645218,0.01220870875503141,no_axis,0.11186573790864447,4.476733637973666
777,755,2419096,landscape,latent,0,-0.017999999225139618,0.015583918429911137,0.0024074401760912543,0.0025666659523357963,drift_rejected,0.40826108184100107,6.650485571473837
778,756,2419096,landscape,tangent_direct,0,-0.017999999225139618,0.015657534822821617,0.0024093086844146024,0.002585070922892801,drift_rejected,0.4085941842565921,6.683762325905263
779,757,2419096,landscape,random_direct,0,-0.017999999225139618,0.015657534822821617,0.009489437733779658,0.009156513010497047,drift_rejected,0.3687192080553024,5.055671335197985
780,758,2419096,landscape,latent,0,-0.012000000104308128,0.010400138795375824,0.0016036584412485086,0.0017131783641638643,drift_rejected,0.40871612687635717,6.967938971705735
781,759,2419096,landscape,tangent_direct,0,-0.012000000104308128,0.010438354685902596,0.001606187304902938,0.0017233688347917336,drift_rejected,0.408490128160497,6.888294120319188
782,760,2419096,landscape,random_direct,0,-0.012000000104308128,0.010438359342515469,0.006326306567197903,0.006104353239972932,ok,7.233309076109381,7.171828832477331
783,761,2419096,landscape,latent,0,-0.008999999612569809,0.007805282715708017,0.001202590029122019,0.0012860615992815955,drift_rejected,0.40880569239593084,6.937065998092294
784,762,2419096,landscape,tangent_direct,0,-0.008999999612569809,0.007828768342733383,0.001204644960430898,0.0012925283180082205,drift_rejected,0.40864316554881885,6.969266572035849
785,763,2419096,landscape,random_direct,0,-0.008999999612569809,0.007828767411410809,0.004744729090637532,0.004578264237320562,ok,12.339465576819883,6.186266912147403
786,764,2419096,landscape,latent,0,-0.006000000052154064,0.0052075800485908985,0.0008018238915110956,0.0008583865506322733,drift_rejected,0.4086541103347505,6.979769161902368
787,765,2419096,landscape,tangent_direct,0,-0.006000000052154064,0.005219179671257734,0.0008030872287975326,0.0008616781416608562,drift_rejected,0.4085827906383819,6.995530189014971
788,766,2419096,landscape,random_direct,0,-0.006000000052154064,0.005219177808612585,0.003163131509624136,0.0030521594481169602,ok,27.898713935481883,6.139318821020424
789,767,2419096,landscape,latent,0,-0.004000000189989805,0.0034736760426312685,0.0005346224604647299,0.0005727445178446393,ok,41.859030431222074,5.11564982868731
790,768,2419096,landscape,tangent_direct,0,-0.004000000189989805,0.0034794542007148266,0.0005353957191196696,0.0005744540499687095,ok,41.85097977128434,5.139189385809004
791,769,2419096,landscape,random_direct,0,-0.004000000189989805,0.003479454666376114,0.0021087552025488843,0.002034772342020025,ok,36.12737368585043,5.932311503216624
792,770,2419096,landscape,latent,0,-0.0020000000949949026,0.0017380088102072477,0.0002674097823837986,0.0002866867498204344,ok,41.86568671254917,5.177517876960337
793,771,2419096,landscape,tangent_direct,0,-0.0020000000949949026,0.001739727915264666,0.00026769272192235505,0.0002872231807935457,ok,41.877165028543345,5.116511668078601
794,772,2419096,landscape,random_direct,0,-0.0020000000949949026,0.001739725936204195,0.0010543755618290967,0.00101738388970107,ok,40.26871133399579,5.677454526536167
795,773,2419096,landscape,latent,0,-0.0010000000474974513,0.000869269366376102,0.00013370040515945695,0.00014339662096760715,ok,41.87694318058051,5.1543709468096495
796,774,2419096,landscape,tangent_direct,0,-0.0010000000474974513,0.0008698632591404021,0.00013384846299170378,0.00014361405067826256,ok,41.873180508182045,5.179045755416155
797,775,2419096,landscape,random_direct,0,-0.0010000000474974513,0.0008698640740476549,0.0005271786212738574,0.0005086841997991781,ok,41.774995754703106,5.115327236242592
798,776,2419096,landscape,latent,0,0.0,1.0723327648065606e-07,2.492013707629625e-08,2.9343866312690466e-08,ok,41.95055321436589,5.139859611168504
799,730,2419096,landscape,tangent_direct,0,0.0,0.0,0.0,0.0,ok,41.94705031391731,7.552451615221798
800,730,2419096,landscape,random_direct,0,0.0,0.0,0.0,0.0,ok,41.94705031391731,7.552451615221798
801,777,2419096,landscape,latent,0,0.0010000000474974513,0.0008699469035491347,0.00013382819554075018,0.0001436254472818555,ok,41.88554675106081,5.155478209257126
802,778,2419096,landscape,tangent_direct,0,0.0010000000474974513,0.0008698632591404021,0.00013386484120217167,0.00014362564880747238,ok,41.954624002090625,7.550447162240744
803,779,2419096,landscape,random_direct,0,0.0010000000474974513,0.0008698640740476549,0.0005272022845782477,0.0005087044462306047,drift_rejected,0.40080899747939924,6.116647859103978
804,780,2419096,landscape,latent,0,0.0020000000949949026,0.0017404358368366957,0.0002676573638761784,0.0002873659231213153,ok,41.883571447025474,5.139212720096111
805,781,2419096,landscape,tangent_direct,0,0.0020000000949949026,0.001739727915264666,0.0002676995211077225,0.00028723132559241467,ok,41.88767182294267,5.152842973358929
806,782,2419096,landscape,random_direct,0,0.0020000000949949026,0.001739725936204195,0.0010543707167759485,0.0010173842819308895,drift_rejected,0.39691051096591423,5.828965513035655
807,783,2419096,landscape,latent,0,0.004000000189989805,0.0034836074337363243,0.0005356099326432178,0.0005754972250257286,ok,41.90179920350906,5.118384879082441
808,784,2419096,landscape,tangent_direct,0,0.004000000189989805,0.0034794542007148266,0.000535416080534716,0.0005744726819310119,ok,41.89829724356064,5.139574860222638
809,785,2419096,landscape,random_direct,0,0.004000000189989805,0.0034794542007148266,0.0021087664794271414,0.0020347821675914314,drift_rejected,0.3891641220871918,5.324801465496421
810,786,2419096,landscape,latent,0,0.006000000052154064,0.005229666363447905,0.0008039310201796274,0.0008644713239973577,ok,41.909788380563185,5.177271665073931
811,787,2419096,landscape,tangent_direct,0,0.006000000052154064,0.005219180136919022,0.0008030980873946059,0.0008616895970965711,ok,41.89723480700361,5.114883820526302
812,788,2419096,landscape,random_direct,0,0.006000000052154064,0.005219177808612585,0.0031631478427875557,0.0030521752915895223,drift_rejected,0.37995328019705177,5.013846543617547
813,789,2419096,landscape,latent,0,0.008999999612569809,0.007855174131691456,0.0012074148041174482,0.0012998301095026995,ok,42.026634342507386,5.1523962914943695
814,790,2419096,landscape,tangent_direct,0,0.008999999612569809,0.007828769274055958,0.0012046594863898343,0.0012925413212705066,ok,41.93238265185619,5.1793088018894196
815,791,2419096,landscape,random_direct,0,0.008999999612569809,0.007828768342733383,0.004744725713446982,0.004578263889631028,no_axis,0.11409766254373187,4.415587802417576
816,792,2419096,landscape,latent,0,0.012000000104308128,0.01048884354531765,0.001612294948993604,0.0017377391594292956,ok,41.94723581686578,5.140047259628773
817,793,2419096,landscape,tangent_direct,0,0.012000000104308128,0.01043835561722517,0.001606200307740795,0.0017233792767883574,ok,41.95238169127718,5.1543152872473
818,794,2419096,landscape,random_direct,0,0.012000000104308128,0.010438359342515469,0.0063262797465287405,0.00610433595771895,no_axis,0.11413994375957548,4.476649123243988
819,795,2419096,landscape,latent,0,0.017999999225139618,0.015785392373800278,0.0024275901166701205,0.00262273692984408,ok,42.021830328900734,5.113725119270384
820,796,2419096,landscape,tangent_direct,0,0.017999999225139618,0.015657534822821617,0.002409316860221746,0.002585082863243652,ok,41.97867608283071,5.13833561912179
821,797,2419096,landscape,random_direct,0,0.017999999225139618,0.015657532960176468,0.009489450204189304,0.009156524984661636,no_axis,0.11420740398516681,4.455716389231384
822,798,2419096,landscape,latent,0,0.024000000208616257,0.021127937361598015,0.00325284162655032,0.0035229103919529456,ok,42.067424506164485,5.1777950851246715
823,799,2419096,landscape,tangent_direct,0,0.024000000208616257,0.02087671495974064,0.003212419791024382,0.0034467717349737506,ok,42.02879106761287,5.116275113075972
824,800,2419096,landscape,random_direct,0,0.024000000208616257,0.02087670937180519,0.012652586216496965,0.012208691228225177,no_axis,0.11430009656509882,4.436511809006333
825,801,2419096,landscape,latent,0,0.029999999329447746,0.026526154950261116,0.00409114703500791,0.004441826478059087,ok,42.14938557738598,5.153574041090906
826,802,2419096,landscape,tangent_direct,0,0.029999999329447746,0.026095891371369362,0.004015510510723122,0.004308454193836882,ok,42.03750509615487,5.177544146776199
827,803,2419096,landscape,random_direct,0,0.029999999329447746,0.026095889508724213,0.01581576427302374,0.015260885551823655,no_axis,0.11435653256243844,4.416241362690926
828,804,2419096,landscape,latent,0,0.04500000178813934,0.040335867553949356,0.006268852066301112,0.006849248271473269,ok,42.53721276768493,5.138800473883748
829,805,2419096,landscape,tangent_direct,0,0.04500000178813934,0.03914383798837662,0.0060232850999763655,0.0064626941955984694,ok,42.197306519662085,5.15285730175674
830,806,2419096,landscape,random_direct,0,0.04500000178813934,0.03914383798837662,0.023723619460368994,0.02289130895837001,no_axis,0.11421531076473204,4.476585930213332
831,807,2419096,landscape,latent,0,0.05999999865889549,0.05475833639502525,0.008621439743184153,0.009479072710380357,ok,42.08230869716863,5.1146405609324574
832,808,2419096,landscape,tangent_direct,0,0.05999999865889549,0.052191782742738724,0.008031037268838491,0.008616920865243563,ok,42.19165981325401,5.139324137941003
833,809,2419096,landscape,random_direct,0,0.05999999865889549,0.052191779017448425,0.0316315059310005,0.030521751861098383,no_axis,0.11383289930568563,4.454593939706683
834,810,2419096,landscape,latent,0,0.09000000357627869,0.08665498346090317,0.014287380429607158,0.015890615456828676,ok,40.77651937023112,5.177985387854278
835,811,2419096,landscape,tangent_direct,0,0.09000000357627869,0.07828767597675323,0.0120465483781945,0.012925377028538649,ok,42.06640578917933,5.11618706677109
836,812,2419096,landscape,random_direct,0,0.09000000357627869,0.07828767597675323,0.047447276023560844,0.04578264108939913,no_axis,0.11287939182392055,4.436829135753214
837,813,2419096,landscape,latent,0,0.11999999731779099,0.12706735730171204,0.022818695385881715,0.025590291927842023,ok,34.85119151392459,5.511915450915694
838,814,2419096,landscape,tangent_direct,0,0.11999999731779099,0.10438356548547745,0.01606205780820104,0.01723382816058236,ok,41.744067452574484,5.176706669852138
839,815,2419096,landscape,random_direct,0,0.11999999731779099,0.10438355803489685,0.06326301957273404,0.061043508169128145,no_axis,0.11172615538115155,4.41587745770812
840,816,2419096,landscape,latent,0,0.18000000715255737,0.5272201895713806,0.27890017880883344,0.3223470510111721,ok,5.270347577408826,6.0973740527406335
841,817,2419096,landscape,tangent_direct,0,0.18000000715255737,0.15657535195350647,0.024093076779270518,0.025850734936146213,ok,39.21970456252578,5.690728424116969
842,818,2419096,landscape,random_direct,0,0.18000000715255737,0.15657535195350647,0.09489453914453728,0.09156527356768507,no_axis,0.10878669212963775,4.47718249540776
843,819,2419096,landscape,latent,0,0.23999999463558197,0.5867949724197388,0.299588892906507,0.34722544931158883,ok,4.671525490354433,6.070437863469124
844,820,2419096,landscape,tangent_direct,0,0.23999999463558197,0.2087671309709549,0.03212409806510564,0.03446764267132008,drift_rejected,0.4012184357781136,6.024530529975891
845,821,2419096,landscape,random_direct,0,0.23999999463558197,0.2087671309709549,0.1265260205094853,0.12208700523659015,no_axis,0.10486574668440758,4.454271556809545
846,822,2419096,landscape,latent,1,-0.23999999463558197,0.4308752715587616,0.16983919620470153,0.19815739615881217,no_axis,0.10291072925705542,4.472333456389606
847,823,2419096,landscape,tangent_direct,1,-0.23999999463558197,0.20823857188224792,0.029075103823219504,0.03135175660495155,no_axis,0.1119884490300977,4.415868330746889
848,824,2419096,landscape,random_direct,1,-0.23999999463558197,0.20823857188224792,0.125406312961804,0.12372099830319183,no_surface,0.34140694525087534,3.0363044692203403
849,825,2419096,landscape,latent,1,-0.18000000715255737,0.2476774901151657,0.07175213036962903,0.08062024572887742,ok,9.595023959364156,7.815181512385607
850,826,2419096,landscape,tangent_direct,1,-0.18000000715255737,0.15617893636226654,0.021806327408379594,0.02351381768305198,no_axis,0.112734117628176,4.472079270519316
851,827,2419096,landscape,random_direct,1,-0.18000000715255737,0.15617895126342773,0.09405472666950672,0.092790744419306,drift_rejected,0.3525488700020417,3.9199237879365683
852,828,2419096,landscape,latent,1,-0.11999999731779099,0.12840339541435242,0.024400736803763468,0.02735464327542665,no_axis,0.11177961963626418,4.4381146635860205
853,829,2419096,landscape,tangent_direct,1,-0.11999999731779099,0.10411927849054337,0.014537550985125275,0.015675877156626283,drift_rejected,0.36793782899117267,4.84751951135695
854,830,2419096,landscape,random_direct,1,-0.11999999731779099,0.10411929339170456,0.06270314910668001,0.06186049479401359,drift_rejected,0.38121573872805037,4.8646801095455885
855,831,2419096,landscape,latent,1,-0.09000000357627869,0.08862145245075226,0.014778447458559142,0.016511280119127367,no_axis,0.11320522889353675,4.413490995764732
856,832,2419096,landscape,tangent_direct,1,-0.09000000357627869,0.07808946818113327,0.01090316346547468,0.011756909983963209,drift_rejected,0.3812614985798609,4.952818069607019
857,833,2419096,landscape,random_direct,1,-0.09000000357627869,0.07808947563171387,0.04702736549074176,0.046395372563913226,ok,7.197610536971062,5.153343760408461
858,834,2419096,landscape,latent,1,-0.05999999865889549,0.05557292327284813,0.008448389159423681,0.009351226959148206,drift_rejected,0.390981903320502,5.409372271038592
859,835,2419096,landscape,tangent_direct,1,-0.05999999865889549,0.05205964297056198,0.007268764334218823,0.007837933092246663,drift_rejected,0.392129400027013,5.339421688579023
860,836,2419096,landscape,random_direct,1,-0.05999999865889549,0.05205964297056198,0.031351564418148396,0.03093024023926514,ok,8.734816553313669,5.139784454368055
861,837,2419096,landscape,latent,1,-0.04500000178813934,0.04073478281497955,0.005991913527770916,0.006591371697544652,drift_rejected,0.3958277770768912,5.6834215158596635
862,838,2419096,landscape,tangent_direct,1,-0.04500000178813934,0.039044737815856934,0.005451585661744536,0.0058784555429893135,drift_rejected,0.3960309088908198,5.709587655030191
863,839,2419096,landscape,random_direct,1,-0.04500000178813934,0.039044734090566635,0.023513701755349486,0.023197704494060428,ok,10.88772985311388,5.114343817345798
864,840,2419096,landscape,latent,1,-0.029999999329447746,0.02666427753865719,0.0038263673103000394,0.004181172371979532,drift_rejected,0.3993292209473279,5.966859634034336
865,841,2419096,landscape,tangent_direct,1,-0.029999999329447746,0.02602982521057129,0.003634399036864458,0.003918978408506097,drift_rejected,0.39937549172469394,5.92284195125103
866,842,2419096,landscape,random_direct,1,-0.029999999329447746,0.02602982521057129,0.01567577240604793,0.015465111771889249,ok,26.477840569659364,5.183199123479426
867,843,2419096,landscape,latent,1,-0.024000000208616257,0.021201489493250847,0.003018941908208971,0.0032899225674792453,drift_rejected,0.40123952020417886,6.1153426840901375
868,844,2419096,landscape,tangent_direct,1,-0.024000000208616257,0.02082386054098606,0.0029075058954583437,0.0031351735179849824,drift_rejected,0.4011467347991034,6.084437055513263
869,845,2419096,landscape,random_direct,1,-0.024000000208616257,0.02082386054098606,0.01254061378930116,0.012372087699442223,ok,30.874624490848618,5.15213091019541
870,846,2419096,landscape,latent,1,-0.017999999225139618,0.015814319252967834,0.0022369812933805467,0.0024311537760990233,drift_rejected,0.4039369244648101,6.374838628806174
871,847,2419096,landscape,tangent_direct,1,-0.017999999225139618,0.01561789121478796,0.0021806382338464196,0.0023513860686172105,drift_rejected,0.4052886204731769,6.293952173553407
872,848,2419096,landscape,random_direct,1,-0.017999999225139618,0.01561789307743311,0.009405449936027328,0.009279057835385107,ok,34.96589354204487,5.139495224691927
873,849,2419096,landscape,latent,1,-0.012000000104308128,0.010491752997040749,0.0014758706258726723,0.001599672868939619,drift_rejected,0.4066233796303864,6.45865595061332
874,850,2419096,landscape,tangent_direct,1,-0.012000000104308128,0.010411928407847881,0.0014537519402936677,0.0015675863438657125,drift_rejected,0.4064386671856885,6.4902423564344645
875,851,2419096,landscape,random_direct,1,-0.012000000104308128,0.010411926545202732,0.006270292246357061,0.0061860364091258025,ok,38.46657386046139,5.117183057591319
876,852,2419096,landscape,latent,1,-0.008999999612569809,0.007851439528167248,0.001101791542464554,0.0011926366461465488,drift_rejected,0.40823860742327284,6.5027471305802464
877,853,2419096,landscape,tangent_direct,1,-0.008999999612569809,0.007808947004377842,0.0010903214345381119,0.0011756952485478273,drift_rejected,0.40800319607114316,6.5181698286905885
878,854,2419096,landscape,random_direct,1,-0.008999999612569809,0.00780894560739398,0.0047027421080051614,0.004639540835368039,ok,39.888767113797684,5.177187102846801
879,855,2419096,landscape,latent,1,-0.006000000052154064,0.005223453044891357,0.0007314229099356332,0.0007906910238549475,drift_rejected,0.40942822375823057,6.648815997876227
880,856,2419096,landscape,tangent_direct,1,-0.006000000052154064,0.005205962341278791,0.0007268737544272112,0.0007837903502806398,drift_rejected,0.40972368940210313,6.679574551992118
881,857,2419096,landscape,random_direct,1,-0.006000000052154064,0.005205965135246515,0.003135162528420038,0.0030930283484758955,ok,40.904463315945335,5.153719445690513
882,858,2419096,landscape,latent,1,-0.004000000189989805,0.0034778350964188576,0.0004863826223676425,0.0005253316128240415,drift_rejected,0.4095384562336058,6.849892312660813
883,859,2419096,landscape,tangent_direct,1,-0.004000000189989805,0.003470643889158964,0.0004845990696055038,0.000522539903962863,drift_rejected,0.40916952347446484,6.769004843197763
884,860,2419096,landscape,random_direct,1,-0.004000000189989805,0.003470643423497677,0.002090092357870043,0.002062007880172695,ok,41.1556783236736,5.140182091854513
885,861,2419096,landscape,latent,1,-0.0020000000949949026,0.0017367390682920814,0.00024259016149682329,0.00026178847879939905,drift_rejected,0.40914092589922113,6.997328541241586
886,862,2419096,landscape,tangent_direct,1,-0.0020000000949949026,0.001735323341563344,0.00024230692627899255,0.0002612768547742924,drift_rejected,0.4088838404294169,7.029388844035566
887,863,2419096,landscape,random_direct,1,-0.0020000000949949026,0.001735321944579482,0.001045031871237979,0.0010309942970417045,drift_rejected,0.4056267156018507,6.76820008829236
888,864,2419096,landscape,latent,1,-0.0010000000474974513,0.0008678036974743009,0.00012114674646860272,0.0001306748548609172,ok,41.86345163503789,5.140041057020426
889,865,2419096,landscape,tangent_direct,1,-0.0010000000474974513,0.0008676605066284537,0.00012114684375493034,0.00013063430765098503,ok,41.86620210024827,5.153139537200332
890,866,2419096,landscape,random_direct,1,-0.0010000000474974513,0.0008676615543663502,0.0005224992852673343,0.0005154882470867123,drift_rejected,0.41012164078699354,6.728997494094074
891,776,2419096,landscape,latent,1,0.0,1.0723327648065606e-07,2.492013707629625e-08,2.9343866312690466e-08,ok,41.95055321436589,5.139859611168504
892,730,2419096,landscape,tangent_direct,1,0.0,0.0,0.0,0.0,ok,41.94705031391731,7.552451615221798
893,730,2419096,landscape,random_direct,1,0.0,0.0,0.0,0.0,ok,41.94705031391731,7.552451615221798
894,867,2419096,landscape,latent,1,0.0010000000474974513,0.0008668231312185526,0.00012086672543978281,0.00013027449481750914,ok,41.90173255604433,5.114706864580512
895,868,2419096,landscape,tangent_direct,1,0.0010000000474974513,0.0008676606230437756,0.00012114323710021436,0.0001306285096765008,ok,41.89979516690352,5.139570930972695
896,869,2419096,landscape,random_direct,1,0.0010000000474974513,0.0008676615543663502,0.0005225432351802889,0.0005155162670096923,ok,42.73418599138672,5.152740744873881
897,870,2419096,landscape,latent,1,0.0020000000949949026,0.0017326987581327558,0.00024149412547350363,0.00026017364525101185,ok,41.89101254571384,5.177306932397187
898,871,2419096,landscape,tangent_direct,1,0.0020000000949949026,0.0017353239236399531,0.0002422874071839947,0.0002612613481503017,ok,41.893948693656206,5.1157678766176105
899,872,2419096,landscape,random_direct,1,0.0020000000949949026,0.001735321944579482,0.0010450373320999159,0.001030997502493979,no_axis,0.113737300594423,4.437166824005544
900,873,2419096,landscape,latent,1,0.004000000189989805,0.0034617187920957804,0.00048208803078249513,0.0005189240401854879,ok,41.918366507583784,5.154252806678414
901,874,2419096,landscape,tangent_direct,1,0.004000000189989805,0.003470643889158964,0.0004845722007399988,0.0005225207083849588,ok,41.93833008587771,5.176695513539016
902,875,2419096,landscape,random_direct,1,0.004000000189989805,0.003470643423497677,0.0020901128572083545,0.0020620214166062957,no_axis,0.11373145585046265,4.415549151599407
903,876,2419096,landscape,latent,1,0.006000000052154064,0.005187355913221836,0.000721762025247094,0.0007762917150077867,ok,41.963247162446194,5.140387820079923
904,877,2419096,landscape,tangent_direct,1,0.006000000052154064,0.005205961875617504,0.0007268696835367632,0.0007837839580949501,ok,42.03111314387899,7.517388265579939
905,878,2419096,landscape,random_direct,1,0.006000000052154064,0.005205965135246515,0.0031351609331011594,0.003093025424798646,no_axis,0.11371959005910424,4.47659769654274
906,879,2419096,landscape,latent,1,0.008999999612569809,0.007770014461129904,0.0010799654694684567,0.0011601131671377162,ok,42.148410744733596,5.113762573339045
907,880,2419096,landscape,tangent_direct,1,0.008999999612569809,0.007808947470039129,0.001090295190330282,0.0011756742897982334,ok,42.14956469846235,5.1447565499693155
908,881,2419096,landscape,random_direct,1,0.008999999612569809,0.007808946073055267,0.004702744967453369,0.004639540792148739,no_axis,0.11370178679819605,4.45546340662986
909,882,2419096,landscape,latent,1,0.012000000104308128,0.01034650020301342,0.0014367918557732042,0.0015415799786260133,ok,42.35038105604481,5.1769433887675405
910,883,2419096,landscape,tangent_direct,1,0.012000000104308128,0.010411929339170456,0.0014537442916255458,0.0015675787221154263,ok,42.283255183482254,5.113621269352734
911,884,2419096,landscape,random_direct,1,0.012000000104308128,0.010411926545202732,0.0062703280499854346,0.00618605895045507,no_axis,0.11365547003669688,4.436394983902574
912,885,2419096,landscape,latent,1,0.017999999225139618,0.015484909527003765,0.002147659192931159,0.0022989493032739587,ok,41.76108208632455,5.154041898436844
913,886,2419096,landscape,tangent_direct,1,0.017999999225139618,0.01561789121478796,0.0021806277750738667,0.00235137721107913,ok,41.84604081357084,5.176857864484191
914,887,2419096,landscape,random_direct,1,0.017999999225139618,0.015617894008755684,0.009405484917885145,0.009279079221702367,no_axis,0.11351836007060637,4.4152724565938115
915,888,2419096,landscape,latent,1,0.024000000208616257,0.020609037950634956,0.002856631613080824,0.003051087472783555,ok,41.07125365239009,5.140846429392695
916,889,2419096,landscape,tangent_direct,1,0.024000000208616257,0.020823856815695763,0.002907513757493131,0.0031351785638056725,ok,41.14228275193265,5.153798713348806
917,890,2419096,landscape,random_direct,1,0.024000000208616257,0.020823858678340912,0.012540639695065508,0.012372104086148531,drift_rejected,0.3966863529859169,4.929868850857019
918,891,2419096,landscape,latent,1,0.029999999329447746,0.02572523057460785,0.0035658179849236736,0.0038005064786880544,ok,40.46859955975605,5.113873224705458
919,892,2419096,landscape,tangent_direct,1,0.029999999329447746,0.02602982334792614,0.0036343810016196175,0.003918963422438018,ok,40.51385553519918,5.139801435172558
920,893,2419096,landscape,random_direct,1,0.029999999329447746,0.02602982521057129,0.015675766543421538,0.015465108053948504,drift_rejected,0.3830612389407604,4.8471247386187315
921,894,2419096,landscape,latent,1,0.04500000178813934,0.03851580247282982,0.005350395568745221,0.005675327865052773,ok,36.075156604833076,5.837119519710541
922,895,2419096,landscape,tangent_direct,1,0.04500000178813934,0.039044737815856934,0.005451574585605752,0.005878446626947348,ok,36.0069738969076,5.8860175758600235
923,896,2419096,landscape,random_direct,1,0.04500000178813934,0.039044734090566635,0.023513700056388902,0.023197698871589702,drift_rejected,0.37668090246206143,3.375460217706859
924,897,2419096,landscape,latent,1,0.05999999865889549,0.051364798098802567,0.007168114131664325,0.007572563632835728,ok,32.89476721762764,5.631921523250639
925,898,2419096,landscape,tangent_direct,1,0.05999999865889549,0.05205964297056198,0.0072687718061639085,0.007837935550496418,ok,33.32758974890125,5.838406960479915
926,899,2419096,landscape,random_direct,1,0.05999999865889549,0.05205964297056198,0.03135158537982133,0.03093025219497447,no_axis,0.112311292849766,4.4149946281686425
927,900,2419096,landscape,latent,1,0.09000000357627869,0.07746505737304688,0.010958021027519058,0.011505362969135543,ok,19.272052347660868,6.1541045773774385
928,901,2419096,landscape,tangent_direct,1,0.09000000357627869,0.07808946818113327,0.010903156958749808,0.011756905042183814,ok,27.28356046958342,5.692364362999797
929,902,2419096,landscape,random_direct,1,0.09000000357627869,0.07808946818113327,0.047027368317662535,0.046395372067690586,no_axis,0.11108564214735983,4.477137711830437
930,903,2419096,landscape,latent,1,0.11999999731779099,0.10437175631523132,0.015000516408437749,0.0156883631614566,ok,8.149597324535481,6.599430470727384
931,904,2419096,landscape,tangent_direct,1,0.11999999731779099,0.10411928594112396,0.014537533676730902,0.015675864837991108,ok,22.17574228056705,5.676586072891951
932,905,2419096,landscape,random_direct,1,0.11999999731779099,0.10411928594112396,0.06270314321040961,0.0618604879354969,no_axis,0.10972612650769197,4.455119808204472
933,906,2419096,landscape,latent,1,0.18000000715255737,0.16139815747737885,0.023882328532877396,0.024898761564946123,no_axis,0.11301213129062843,4.476637847721577
934,907,2419096,landscape,tangent_direct,1,0.18000000715255737,0.15617893636226654,0.02180631542500945,0.02351380714427315,ok,23.513654250729786,5.115413602441549
935,908,2419096,landscape,random_direct,1,0.18000000715255737,0.15617895126342773,0.09405474298351474,0.0927907555265882,no_axis,0.105624214292801,4.437285439111292
936,909,2419096,landscape,latent,1,0.23999999463558197,0.22354891896247864,0.0337150554829199,0.03517421099874613,no_axis,0.11238403412958096,4.454889233224094
937,910,2419096,landscape,tangent_direct,1,0.23999999463558197,0.20823857188224792,0.029075088378753056,0.03135174465468739,no_axis,0.11287068697628432,4.470926103182137
938,911,2419096,landscape,random_direct,1,0.23999999463558197,0.20823857188224792,0.12540633473144033,0.12372100879342308,no_axis,0.10379328498708043,4.416286422871053
939,912,2419096,landscape,latent,2,-0.23999999463558197,0.5441495180130005,0.25806168653465117,0.2992437120427048,ok,9.677849730614168,6.0987905114889145
940,913,2419096,landscape,tangent_direct,2,-0.23999999463558197,0.2600872814655304,0.044284220951496076,0.04875371214161478,no_axis,0.11302000475265404,4.454359988681972
941,914,2419096,landscape,random_direct,2,-0.23999999463558197,0.2600872814655304,0.12441684127458681,0.1260138547149952,drift_rejected,0.27949478035874603,3.0516096698120236
942,915,2419096,landscape,latent,2,-0.18000000715255737,0.5251477360725403,0.25886251042242175,0.30022851650768284,ok,10.231865999519586,6.068558326922357
943,916,2419096,landscape,tangent_direct,2,-0.18000000715255737,0.19506549835205078,0.03321316928592484,0.03656528889245112,no_axis,0.11312676742470298,4.4386074505746365
944,917,2419096,landscape,random_direct,2,-0.18000000715255737,0.1950654834508896,0.0933126264688895,0.09451038752675683,ok,5.751728378158427,5.154520372860134
945,918,2419096,landscape,latent,2,-0.11999999731779099,0.13340924680233002,0.025049999983065657,0.027846634326695475,no_axis,0.11325689302333074,4.471176585182548
946,919,2419096,landscape,tangent_direct,2,-0.11999999731779099,0.1300436407327652,0.02214212232786655,0.024376867367325604,no_axis,0.11339805335092756,4.412466340698302
947,920,2419096,landscape,random_direct,2,-0.11999999731779099,0.1300436407327652,0.0622084162879771,0.06300692353625137,ok,6.379101975572532,6.099732484668493
948,921,2419096,landscape,latent,2,-0.09000000357627869,0.091839499771595,0.01617129228776419,0.017824621655790896,no_axis,0.11357120943305399,4.45459626801312
949,922,2419096,landscape,tangent_direct,2,-0.09000000357627869,0.09753274917602539,0.016606587004440482,0.018282648928492455,no_axis,0.11352105784395446,4.473415804095566
950,923,2419096,landscape,random_direct,2,-0.09000000357627869,0.09753274917602539,0.04665631324102062,0.047255193733324014,ok,7.054637799830439,5.110959358513355
951,924,2419096,landscape,latent,2,-0.05999999865889549,0.061411052942276,0.010582491681766974,0.01164239242713203,no_axis,0.11367367391010763,4.4363981848582625
952,925,2419096,landscape,tangent_direct,2,-0.05999999865889549,0.0650218203663826,0.011071053494518871,0.012188427241495211,no_axis,0.11364777855202322,4.455511944368482
953,926,2419096,landscape,random_direct,2,-0.05999999865889549,0.0650218203663826,0.031104216834303366,0.03150346749703858,ok,8.210607497603386,5.171657407656312
954,927,2419096,landscape,latent,2,-0.04500000178813934,0.046523503959178925,0.007974145809773955,0.008770434297492628,drift_rejected,0.38361182690672313,4.808350954204798
955,928,2419096,landscape,tangent_direct,2,-0.04500000178813934,0.048766374588012695,0.008303293211665995,0.009141326525453831,drift_rejected,0.3842852341540271,4.834553871303797
956,929,2419096,landscape,random_direct,2,-0.04500000178813934,0.0487663671374321,0.023328150629661027,0.023627589691118875,ok,8.042297084830299,6.1138226967304945
957,930,2419096,landscape,latent,2,-0.029999999329447746,0.031431932002305984,0.005369257793171226,0.005905652769118106,drift_rejected,0.39637837262169784,5.523779627867043
958,931,2419096,landscape,tangent_direct,2,-0.029999999329447746,0.0325109139084816,0.005535531974646704,0.006094217957062237,drift_rejected,0.39693164929610236,5.461870833300054
959,932,2419096,landscape,random_direct,2,-0.029999999329447746,0.0325109101831913,0.015552109483737744,0.015751736261614125,ok,9.496747436981767,5.139329266734421
960,933,2419096,landscape,latent,2,-0.024000000208616257,0.02529814839363098,0.004317331537939871,0.004749077866026495,drift_rejected,0.4023573811848043,6.1004789136350155
961,934,2419096,landscape,tangent_direct,2,-0.024000000208616257,0.026008732616901398,0.004428423000569978,0.004875373686331425,drift_rejected,0.4022687311443279,6.128967265598476
962,935,2419096,landscape,random_direct,2,-0.024000000208616257,0.02600872702896595,0.012441676311143887,0.012601377943659519,ok,11.867632259332522,5.1130940318107605
963,936,2419096,landscape,latent,2,-0.017999999225139618,0.019095543771982193,0.0032562668429568288,0.003582388373692396,ok,36.80503474181788,6.453773569315672
964,937,2419096,landscape,tangent_direct,2,-0.017999999225139618,0.01950654946267605,0.0033213257933107066,0.003656532404168899,ok,36.82134293252357,6.528120803646743
965,938,2419096,landscape,random_direct,2,-0.017999999225139618,0.01950654573738575,0.009331255306621542,0.009451031818172865,ok,17.365762682285247,5.176464896649122
966,939,2419096,landscape,latent,2,-0.012000000104308128,0.01281641237437725,0.0021841207528922454,0.0024032920299685815,ok,40.45137684682391,5.649434036575258
967,940,2419096,landscape,tangent_direct,2,-0.012000000104308128,0.013004365377128124,0.0022142205250170123,0.002437691794917655,ok,40.46797705096016,5.676823845133185
968,941,2419096,landscape,random_direct,2,-0.012000000104308128,0.013004366308450699,0.006220841255943663,0.006300692949023254,ok,26.56831053927829,5.153606397099793
969,942,2419096,landscape,latent,2,-0.008999999612569809,0.00964569766074419,0.0016433252279328553,0.0018084179410900627,ok,41.343207829948746,5.958335576578975
970,943,2419096,landscape,tangent_direct,2,-0.008999999612569809,0.00975327380001545,0.0016606601103701924,0.0018282656711914604,ok,41.23165863145284,5.886122386902571
971,944,2419096,landscape,random_direct,2,-0.008999999612569809,0.00975327380001545,0.004665629444521691,0.004725519283035971,ok,31.60383112791921,5.139794692397118
972,945,2419096,landscape,latent,2,-0.006000000052154064,0.006453322246670723,0.001099142790903565,0.001209702489895616,ok,42.04753074307171,5.153650996275246
973,946,2419096,landscape,tangent_direct,2,-0.006000000052154064,0.006502183154225349,0.0011071230978332164,0.001218857394636499,ok,42.06598137962911,5.1772981360554695
974,947,2419096,landscape,random_direct,2,-0.006000000052154064,0.0065021817572414875,0.0031104105910604524,0.003150336083906831,ok,39.09107016183596,5.1148275742307305
975,948,2419096,landscape,latent,2,-0.004000000189989805,0.004312695469707251,0.0007344902688889501,0.0008084285852460009,ok,42.813014492780084,5.139738000929356
976,949,2419096,landscape,tangent_direct,2,-0.004000000189989805,0.004334790166467428,0.0007380704134482828,0.0008125601194007223,ok,42.878659564283204,7.51683147251606
977,950,2419096,landscape,random_direct,2,-0.004000000189989805,0.004334788769483566,0.002073617544449187,0.0021002357119947095,ok,40.83956022488365,5.177707326598465
978,951,2419096,landscape,latent,2,-0.0020000000949949026,0.00216166814789176,0.0003680845861004117,0.0004051724616563654,ok,42.12285358499658,5.115126768127084
979,952,2419096,landscape,tangent_direct,2,-0.0020000000949949026,0.0021673941519111395,0.0003690427078318054,0.00040628607293117434,ok,42.121431303905254,5.139334985055029
980,953,2419096,landscape,random_direct,2,-0.0020000000949949026,0.0021673934534192085,0.001036808901719398,0.0010501147117818147,ok,39.82431407165987,5.8108191369101405
981,954,2419096,landscape,latent,2,-0.0010000000474974513,0.0010819989256560802,0.00018424018840495018,0.00020281187753637967,ok,41.98957997422294,5.177303360775113
982,955,2419096,landscape,tangent_direct,2,-0.0010000000474974513,0.0010836963774636388,0.00018453141376475115,0.00020315145963228115,ok,41.97314665890774,5.115397573448718
983,956,2419096,landscape,random_direct,2,-0.0010000000474974513,0.0010836974252015352,0.0005184104281853862,0.0005250632366058446,drift_rejected,0.40537619652104157,6.501640737988055
984,776,2419096,landscape,latent,2,0.0,1.0723327648065606e-07,2.492013707629625e-08,2.9343866312690466e-08,ok,41.95055321436589,5.139859611168504
985,730,2419096,landscape,tangent_direct,2,0.0,0.0,0.0,0.0,ok,41.94705031391731,7.552451615221798
986,730,2419096,landscape,random_direct,2,0.0,0.0,0.0,0.0,ok,41.94705031391731,7.552451615221798
987,957,2419096,landscape,latent,2,0.0010000000474974513,0.0010846200166270137,0.00018461697165994654,0.00020324778937665049,drift_rejected,0.40906055424142046,6.939760799519718
988,958,2419096,landscape,tangent_direct,2,0.0010000000474974513,0.0010836964938789606,0.00018451692659351653,0.00020314086857353667,drift_rejected,0.40926764523927706,6.968733046203852
989,959,2419096,landscape,random_direct,2,0.0010000000474974513,0.001083697541616857,0.0005184055010992502,0.0005250603766236038,ok,40.68672763344958,5.767793928273022
990,960,2419096,landscape,latent,2,0.0020000000949949026,0.00217198533937335,0.00036970271936043105,0.0004070411171878029,drift_rejected,0.4097042863388272,6.681051047518849
991,961,2419096,landscape,tangent_direct,2,0.0020000000949949026,0.0021673941519111395,0.0003690362071457431,0.00040628187518780237,drift_rejected,0.41088047621047663,9.06078964099288
992,962,2419096,landscape,random_direct,2,0.0020000000949949026,0.002167393686249852,0.0010368120257367801,0.0010501200794579967,no_axis,0.11378201166685727,4.476805567741394
993,963,2419096,landscape,latent,2,0.004000000189989805,0.004355158191174269,0.0007412509689126242,0.0008161882653285691,drift_rejected,0.40729007876965917,6.412362841889262
994,964,2419096,landscape,tangent_direct,2,0.004000000189989805,0.0043347906321287155,0.0007380541376972645,0.0008125478824982518,drift_rejected,0.40742939274071593,6.441647442989051
995,965,2419096,landscape,random_direct,2,0.004000000189989805,0.004334788769483566,0.002073611821766395,0.0021002277369999507,no_axis,0.11381508661209408,4.456287768669426
996,966,2419096,landscape,latent,2,0.006000000052154064,0.006549391895532608,0.0011145920564714885,0.0012273945358604274,drift_rejected,0.40529379777454655,6.4883503541350365
997,967,2419096,landscape,tangent_direct,2,0.006000000052154064,0.006502182688564062,0.0011070985081872485,0.0012188396857052135,drift_rejected,0.4055209972323466,6.412387376651168
998,968,2419096,landscape,random_direct,2,0.006000000052154064,0.006502182222902775,0.003110425583506788,0.003150349265247243,no_axis,0.11385013427216624,4.4370156545192
999,969,2419096,landscape,latent,2,0.008999999612569809,0.00986225064843893,0.00167814542479017,0.001848279659695933,drift_rejected,0.4018718286450918,6.341751144267619
1000,970,2419096,landscape,tangent_direct,2,0.008999999612569809,0.00975327380001545,0.001660657946138108,0.0018282622542973863,drift_rejected,0.4015998386237007,6.368568625301123
1001,971,2419096,landscape,random_direct,2,0.008999999612569809,0.009753272868692875,0.004665632982355787,0.004725521845940339,no_axis,0.11390371831178786,4.416535853408277
1002,972,2419096,landscape,latent,2,0.012000000104308128,0.013201040215790272,0.0022458956265561116,0.002474038416241856,drift_rejected,0.4003994852066288,6.324279950931668
1003,973,2419096,landscape,tangent_direct,2,0.012000000104308128,0.013004365377128124,0.002214207166514347,0.002437684921063303,drift_rejected,0.4007537797891278,6.34044857788831
1004,974,2419096,landscape,random_direct,2,0.012000000104308128,0.013004366308450699,0.006220840333316467,0.006300691797589017,no_axis,0.11395439103182839,4.476994918659329
1005,975,2419096,landscape,latent,2,0.017999999225139618,0.01996028609573841,0.0033948720585315994,0.0037411660269350503,drift_rejected,0.3994375129281974,6.1157559575513005
1006,976,2419096,landscape,tangent_direct,2,0.017999999225139618,0.01950654946267605,0.003321308879954474,0.0036565221351999517,drift_rejected,0.39982283938462404,6.025643074885011
1007,977,2419096,landscape,random_direct,2,0.017999999225139618,0.01950654573738575,0.00933126642954749,0.009451040516290667,no_axis,0.11400124691528452,4.455352244898677
1008,978,2419096,landscape,latent,2,0.024000000208616257,0.02683267556130886,0.004562424780813493,0.0050299754304538495,drift_rejected,0.39880470929843,6.262318515218794
1009,979,2419096,landscape,tangent_direct,2,0.024000000208616257,0.026008732616901398,0.004428417238649484,0.004875365563721298,drift_rejected,0.3982345940654841,6.175132419914007
1010,980,2419096,landscape,random_direct,2,0.024000000208616257,0.02600872702896595,0.012441686583469565,0.012601388965628724,drift_rejected,0.37121954920258315,5.385630009695888
1011,981,2419096,landscape,latent,2,0.029999999329447746,0.03382302448153496,0.005749315965425743,0.006341521294955879,drift_rejected,0.3985001364039117,6.220957635901868
1012,982,2419096,landscape,tangent_direct,2,0.029999999329447746,0.0325109139084816,0.005535528422841093,0.0060942163885259314,drift_rejected,0.39821955165728645,6.248909216374159
1013,983,2419096,landscape,random_direct,2,0.029999999329447746,0.0325109101831913,0.015552100388324677,0.015751726964050097,no_axis,0.1141333551561161,4.4158207811415195
1014,984,2419096,landscape,latent,2,0.04500000178813934,0.05184660479426384,0.008805429346689998,0.009725990795860874,drift_rejected,0.3967702834274495,6.503025820478797
1015,985,2419096,landscape,tangent_direct,2,0.04500000178813934,0.048766374588012695,0.008303282683421603,0.00914131465449002,drift_rejected,0.3958518693838968,6.399516246281564
1016,986,2419096,landscape,random_direct,2,0.04500000178813934,0.0487663671374321,0.02332817137463113,0.023627608275323328,no_axis,0.11399385314072304,4.476714399643242
1017,987,2419096,landscape,latent,2,0.05999999865889549,0.07071445137262344,0.011994895122350939,0.013271749102503658,ok,39.75254386462946,5.1161823039874434
1018,988,2419096,landscape,tangent_direct,2,0.05999999865889549,0.0650218278169632,0.011071042328716167,0.01218841784454127,ok,39.479684074344064,5.1391920410096645
1019,989,2419096,landscape,random_direct,2,0.05999999865889549,0.0650218203663826,0.031104209384131706,0.031503463117185423,no_axis,0.1135145051201913,4.455994386225939
1020,990,2419096,landscape,latent,2,0.09000000357627869,0.11129559576511383,0.018792944229246492,0.020889811086263754,ok,39.155887453777666,5.178386543877423
1021,991,2419096,landscape,tangent_direct,2,0.09000000357627869,0.09753274917602539,0.016606581919503163,0.018282641551109147,drift_rejected,0.3946981508625634,6.650076222606003
1022,992,2419096,landscape,random_direct,2,0.09000000357627869,0.09753274917602539,0.04665632288579374,0.047255200705308906,no_axis,0.1124268258055958,4.437223409302533
1023,993,2419096,landscape,latent,2,0.11999999731779099,0.15633046627044678,0.026172594072000534,0.029289446033430172,ok,37.07523305695792,5.153809582814574
1024,994,2419096,landscape,tangent_direct,2,0.11999999731779099,0.1300436556339264,0.02214209274099244,0.024376843431610055,drift_rejected,0.3776340299372967,6.009771785698831
1025,995,2419096,landscape,random_direct,2,0.11999999731779099,0.1300436407327652,0.06220842349408312,0.06300692845543432,no_axis,0.11094089034193705,4.4162614000961185
1026,996,2419096,landscape,latent,2,0.18000000715255737,0.26926079392433167,0.044561644485757744,0.05107292312507838,drift_rejected,0.3866424764255483,5.311489999294281
1027,997,2419096,landscape,tangent_direct,2,0.18000000715255737,0.19506549835205078,0.03321315551476172,0.03656527729407423,drift_rejected,0.3901563271884902,4.875122988596559
1028,998,2419096,landscape,random_direct,2,0.18000000715255737,0.1950654834508896,0.09331264509433322,0.09451039961042837,no_axis,0.1057975201427886,4.4776261150836945
1029,999,2419096,landscape,latent,2,0.23999999463558197,0.6028315424919128,0.22091085100407934,0.25712096719524286,no_axis,0.10334239035220638,4.416044701822102
1030,1000,2419096,landscape,tangent_direct,2,0.23999999463558197,0.2600873112678528,0.04428421041574635,0.04875370515987865,no_axis,0.1124604092283351,4.437933770939708
1031,1001,2419096,landscape,random_direct,2,0.23999999463558197,0.2600872814655304,0.12441685018148564,0.1260138573973453,no_axis,0.10478251944387816,4.455775799229741
1032,1002,2419096,landscape,latent,3,-0.23999999463558197,0.25123131275177,0.04356265688251614,0.04959304724195845,drift_rejected,0.3699107889142026,3.7447084467858076
1033,1003,2419096,landscape,tangent_direct,3,-0.23999999463558197,0.24373087286949158,0.02836615437757821,0.031040877839783845,no_axis,0.11407880119510952,4.415777602232993
1034,1004,2419096,landscape,random_direct,3,-0.23999999463558197,0.24373087286949158,0.1726925997757686,0.1556854066519814,ok,5.421845085078304,5.140403943136334
1035,1005,2419096,landscape,latent,3,-0.18000000715255737,0.17681606113910675,0.025180009018994046,0.02853512351319052,no_axis,0.11371504268496935,4.456475229933858
1036,1006,2419096,landscape,tangent_direct,3,-0.18000000715255737,0.18279814720153809,0.02127460221963236,0.023280647716899736,no_axis,0.11429034280613473,4.47730999160558
1037,1007,2419096,landscape,random_direct,3,-0.18000000715255737,0.18279817700386047,0.1295194557003459,0.11676406030599518,drift_rejected,0.3890319548656903,4.432201036252081
1038,1008,2419096,landscape,latent,3,-0.11999999731779099,0.11503282189369202,0.014438566393384403,0.016143305420180037,no_axis,0.1141399941917422,4.437738990411162
1039,1009,2419096,landscape,tangent_direct,3,-0.11999999731779099,0.12186543643474579,0.014183077771768953,0.015520439319832383,no_axis,0.1142591319825726,4.454681902192533
1040,1010,2419096,landscape,random_direct,3,-0.11999999731779099,0.12186543643474579,0.08634630462081654,0.07784270800733631,no_axis,0.10918629715469114,4.476649167947471
1041,1011,2419096,landscape,latent,3,-0.09000000357627869,0.08644189685583115,0.010449878262647197,0.011603833902859873,drift_rejected,0.3976108605681385,5.523308867588639
1042,1012,2419096,landscape,tangent_direct,3,-0.09000000357627869,0.09139908850193024,0.010637302917897619,0.011640324810769456,drift_rejected,0.4002503381526829,5.726624465547502
1043,1013,2419096,landscape,random_direct,3,-0.09000000357627869,0.09139908850193024,0.06475972904008719,0.05838203092058209,no_axis,0.11081808046435625,4.45589863974601
1044,1014,2419096,landscape,latent,3,-0.05999999865889549,0.058235544711351395,0.006875457939719436,0.007588158976166075,ok,34.43252734412558,6.499009127728641
1045,1015,2419096,landscape,tangent_direct,3,-0.05999999865889549,0.060932718217372894,0.007091540083677922,0.007760221886149457,ok,34.20778509704645,6.541128633543849
1046,1016,2419096,landscape,random_direct,3,-0.05999999865889549,0.060932718217372894,0.04317313941043514,0.03892134323439211,no_axis,0.11254692719659487,4.439012584276497
1047,1017,2419096,landscape,latent,3,-0.04500000178813934,0.0440409779548645,0.005162014835178872,0.005681966437763125,ok,39.941747438295174,5.69323402736336
1048,1018,2419096,landscape,tangent_direct,3,-0.04500000178813934,0.04569954425096512,0.0053186537611612855,0.005820165984809111,ok,40.05565616340045,5.718205007724464
1049,1019,2419096,landscape,random_direct,3,-0.04500000178813934,0.04569954425096512,0.03237985272806571,0.02919100664229081,no_axis,0.1131510601245543,4.414997925050557
1050,1020,2419096,landscape,latent,3,-0.029999999329447746,0.02966444380581379,0.0034609763424805528,0.003800681414873958,ok,41.820962633807056,5.140745472162962
1051,1021,2419096,landscape,tangent_direct,3,-0.029999999329447746,0.030466357246041298,0.0035457674788016164,0.00388010765258634,ok,41.91688851137944,5.153822671622038
1052,1022,2419096,landscape,random_direct,3,-0.029999999329447746,0.030466359108686447,0.021586564381184264,0.019460666565453744,drift_rejected,0.38652913789608445,4.605353678576648
1053,1023,2419096,landscape,latent,3,-0.024000000208616257,0.02384243905544281,0.0027784673504702008,0.0030486296907018345,ok,42.127529328133825,5.115220028907061
1054,1024,2419096,landscape,tangent_direct,3,-0.024000000208616257,0.024373086169362068,0.0028366193433153617,0.0031040919695435394,ok,42.25282288980447,5.139195519499481
1055,1025,2419096,landscape,random_direct,3,-0.024000000208616257,0.024373088032007217,0.01726924051012107,0.015568524645454674,drift_rejected,0.37574077145694856,5.054345907643437
1056,1026,2419096,landscape,latent,3,-0.017999999225139618,0.017971066758036613,0.002092522569244574,0.0022942026209506576,ok,42.7485141141602,5.178776806220412
1057,1027,2419096,landscape,tangent_direct,3,-0.017999999225139618,0.01827981323003769,0.002127459922354246,0.0023280652761842576,ok,42.94990268457794,5.1167150335386395
1058,1028,2419096,landscape,random_direct,3,-0.017999999225139618,0.01827981509268284,0.012951947337360844,0.011676407227844793,drift_rejected,0.3731767092753266,5.966428094543517
1059,1029,2419096,landscape,latent,3,-0.012000000104308128,0.0120442109182477,0.0014017460874408505,0.0015357445317322038,ok,42.41923122365733,5.155773635022342
1060,1030,2419096,landscape,tangent_direct,3,-0.012000000104308128,0.012186544947326183,0.0014183046093488054,0.001552041388965458,ok,42.304995342712836,5.177260265685618
1061,1031,2419096,landscape,random_direct,3,-0.012000000104308128,0.012186543084681034,0.008634632220870728,0.0077842720960305005,ok,22.261375396797785,5.116014923900366
1062,1032,2419096,landscape,latent,3,-0.008999999612569809,0.009058181196451187,0.0010540835084236358,0.0011544602049251404,ok,42.150732840964224,5.1399846486747265
1063,1033,2419096,landscape,tangent_direct,3,-0.008999999612569809,0.009139909408986568,0.0010637340403715687,0.001164037297083274,ok,42.139520960829,5.155500380322337
1064,1034,2419096,landscape,random_direct,3,-0.008999999612569809,0.009139906615018845,0.0064759851535673195,0.005838211816430628,ok,26.704078319917006,5.659253362566233
1065,1035,2419096,landscape,latent,3,-0.006000000052154064,0.006055844482034445,0.000704688891481985,0.0007715488848039709,ok,42.027273862016614,5.116566562093794
1066,1036,2419096,landscape,tangent_direct,3,-0.006000000052154064,0.006093272008001804,0.0007091551675906582,0.0007760212408638378,ok,42.04094661377064,5.139629571698606
1067,1037,2419096,landscape,random_direct,3,-0.006000000052154064,0.006093273404985666,0.004317316127306577,0.0038921363062736298,drift_rejected,0.39351263658060476,6.458857825957239
1068,1038,2419096,landscape,latent,3,-0.004000000189989805,0.0040451530367136,0.00047068287106351753,0.0005152395723194123,ok,41.963308197069814,5.178456897847354
1069,1039,2419096,landscape,tangent_direct,3,-0.004000000189989805,0.004062179941684008,0.00047277856502483175,0.0005173548754887719,ok,41.97549434915595,5.1174671314656734
1070,1040,2419096,landscape,random_direct,3,-0.004000000189989805,0.004062180407345295,0.0028781953516132355,0.0025947459951203493,drift_rejected,0.39410167746471186,6.0852219928056
1071,1041,2419096,landscape,latent,3,-0.0020000000949949026,0.0020265427883714437,0.00023582519797172674,0.0002580999662057663,ok,41.927075167150385,5.153550751507282
1072,1042,2419096,landscape,tangent_direct,3,-0.0020000000949949026,0.0020310936961323023,0.00023638815957112395,0.0002586783079138444,ok,41.929097311295884,5.178325689397752
1073,1043,2419096,landscape,random_direct,3,-0.0020000000949949026,0.002031092531979084,0.0014390884344097194,0.0012973662040893217,drift_rejected,0.39852921837943006,5.998677511699498
1074,1044,2419096,landscape,latent,3,-0.0010000000474974513,0.0010142475366592407,0.00011802201413835069,0.00012915489079334615,ok,41.89304459487695,5.14043405931443
1075,1045,2419096,landscape,tangent_direct,3,-0.0010000000474974513,0.0010155434720218182,0.00011819106272682931,0.00012933911681813702,ok,41.90242034438334,5.155633862130344
1076,1046,2419096,landscape,random_direct,3,-0.0010000000474974513,0.0010155446361750364,0.0007195629676778171,0.0006486955703943434,drift_rejected,0.40104494031122173,6.370068019255996
1077,776,2419096,landscape,latent,3,0.0,1.0723327648065606e-07,2.492013707629625e-08,2.9343866312690466e-08,ok,41.95055321436589,5.139859611168504
1078,730,2419096,landscape,tangent_direct,3,0.0,0.0,0.0,0.0,ok,41.94705031391731,7.552451615221798
1079,730,2419096,landscape,random_direct,3,0.0,0.0,0.0,0.0,ok,41.94705031391731,7.552451615221798
1080,1047,2419096,landscape,latent,3,0.0010000000474974513,0.0010162565158680081,0.00011827544803083298,0.00012940832675439374,ok,41.86331494458587,5.1175135830417275
1081,1048,2419096,landscape,tangent_direct,3,0.0010000000474974513,0.0010155434720218182,0.00011819165270083993,0.00012933567861270862,ok,41.8701194332211,5.141195047646761
1082,1049,2419096,landscape,random_direct,3,0.0010000000474974513,0.0010155446361750364,0.0007195523807474368,0.0006486891930823489,ok,40.75729643849069,5.929478759877384
1083,1050,2419096,landscape,latent,3,0.0020000000949949026,0.0020346969831734896,0.000236841085729066,0.00025910773483531284,ok,41.836222432255774,5.177308730781078
1084,1051,2419096,landscape,tangent_direct,3,0.0020000000949949026,0.0020310936961323023,0.0002363845732723215,0.00025867602649653473,ok,41.8425808970104,5.116707272827625
1085,1052,2419096,landscape,random_direct,3,0.0020000000949949026,0.002031092531979084,0.0014391070428193427,0.0012973795620604283,ok,32.82084515395896,6.393458721227944
1086,1053,2419096,landscape,latent,3,0.004000000189989805,0.004077867139130831,0.0004746718397717405,0.0005192176086596112,drift_rejected,0.40902508294615125,6.935808943584561
1087,1054,2419096,landscape,tangent_direct,3,0.004000000189989805,0.00406218133866787,0.00047277422847413005,0.0005173521441306863,drift_rejected,0.4089639698971415,6.968537307344377
1088,1055,2419096,landscape,random_direct,3,0.004000000189989805,0.004062180407345295,0.002878229779686745,0.0025947730117555764,drift_rejected,0.38745177575954504,5.167020191438496
1089,1056,2419096,landscape,latent,3,0.006000000052154064,0.0061297244392335415,0.0007136146621581002,0.0007804526716267536,drift_rejected,0.40910006492286827,6.920446841977537
1090,1057,2419096,landscape,tangent_direct,3,0.006000000052154064,0.006093272008001804,0.0007091508831985306,0.0007760176851559126,drift_rejected,0.408841077676228,6.935022470541298
1091,1058,2419096,landscape,random_direct,3,0.006000000052154064,0.006093274336308241,0.004317317978470414,0.003892136436603795,no_axis,0.11389791673332764,4.477006923407316
1092,1059,2419096,landscape,latent,3,0.008999999612569809,0.00922404509037733,0.0010741251874143865,0.001174460671560985,drift_rejected,0.4087781954590054,6.7091053035110235
1093,1060,2419096,landscape,tangent_direct,3,0.008999999612569809,0.009139908477663994,0.0010637313028616926,0.001164031738737521,drift_rejected,0.4089548956260034,6.681504433974624
1094,1061,2419096,landscape,random_direct,3,0.008999999612569809,0.009139906615018845,0.006475976012414999,0.005838205332373681,no_axis,0.11395403926229708,4.455849385820329
1095,1062,2419096,landscape,latent,3,0.012000000104308128,0.012339525856077671,0.0014374247247353213,0.001571348337617683,drift_rejected,0.4091107901415435,6.727401380427182
1096,1063,2419096,landscape,tangent_direct,3,0.012000000104308128,0.012186544947326183,0.0014183091328692293,0.0015520447372597893,drift_rejected,0.4090530864119124,6.653296226635575
1097,1064,2419096,landscape,random_direct,3,0.012000000104308128,0.012186543084681034,0.00863464858515977,0.007784285935958624,no_axis,0.1139550645719874,4.437848738394678
1098,1065,2419096,landscape,latent,3,0.017999999225139618,0.018636031076312065,0.00217265871242449,0.002374203754860415,drift_rejected,0.40875162162232287,6.697701836936176
1099,1066,2419096,landscape,tangent_direct,3,0.017999999225139618,0.01827981323003769,0.002127458473620261,0.002328062066270831,drift_rejected,0.4089584977263465,6.5487512815743685
1100,1067,2419096,landscape,random_direct,3,0.017999999225139618,0.018279816955327988,0.012951978966425139,0.011676432086611928,no_axis,0.11398292322787346,4.417472695931792
1101,1068,2419096,landscape,latent,3,0.024000000208616257,0.02502618357539177,0.0029206130383428505,0.0031905738360286408,drift_rejected,0.40899759982191175,6.562721826136112
1102,1069,2419096,landscape,tangent_direct,3,0.024000000208616257,0.024373086169362068,0.0028366182201712904,0.003104089172088621,drift_rejected,0.4079055391230322,6.458996878005564
1103,1070,2419096,landscape,random_direct,3,0.024000000208616257,0.024373088032007217,0.017269271245998315,0.01556854813050066,no_axis,0.11391715615730358,4.476483365520835
1104,1071,2419096,landscape,latent,3,0.029999999329447746,0.03151670843362808,0.0036824647846488753,0.004021943291964729,drift_rejected,0.4091065859461382,6.529537431895733
1105,1072,2419096,landscape,tangent_direct,3,0.029999999329447746,0.030466357246041298,0.0035457578799604037,0.0038801002146506944,drift_rejected,0.40650650255656384,6.444917337037623
1106,1073,2419096,landscape,random_direct,3,0.029999999329447746,0.030466359108686447,0.021586586586291135,0.019460683729413158,no_axis,0.1139044489444169,4.455493360757828
1107,1074,2419096,landscape,latent,3,0.04500000178813934,0.04823193699121475,0.005655833515419018,0.006175951429889541,drift_rejected,0.4092436921878062,6.729534387588501
1108,1075,2419096,landscape,tangent_direct,3,0.04500000178813934,0.04569954425096512,0.0053186493692060815,0.005820158545768087,drift_rejected,0.40403633931512806,6.418393370695412
1109,1076,2419096,landscape,random_direct,3,0.04500000178813934,0.04569954425096512,0.03237989272108431,0.029191036643248028,no_axis,0.11392663804403014,4.438206687569618
1110,1077,2419096,landscape,latent,3,0.05999999865889549,0.06574801355600357,0.007743181693027509,0.00845814508168831,ok,40.70829472767545,5.153030178509653
1111,1078,2419096,landscape,tangent_direct,3,0.05999999865889549,0.060932718217372894,0.0070915394940896425,0.007760217515756684,drift_rejected,0.4026307160464371,6.5486756330356
1112,1079,2419096,landscape,random_direct,3,0.05999999865889549,0.060932718217372894,0.04317314036143344,0.03892134505182187,no_axis,0.11400430796258564,4.4159731939435005
1113,1080,2419096,landscape,latent,3,0.09000000357627869,0.10382028669118881,0.012355840092352601,0.013532972847883061,ok,38.966359856555925,5.140514498576522
1114,1081,2419096,landscape,tangent_direct,3,0.09000000357627869,0.09139908850193024,0.010637312668072881,0.011640332438845415,drift_rejected,0.4036152703246864,6.817217062227428
1115,1082,2419096,landscape,random_direct,3,0.09000000357627869,0.09139908850193024,0.06475973716408416,0.05838203864477531,no_axis,0.11383767366826947,4.477421801537275
1116,1083,2419096,landscape,latent,3,0.11999999731779099,0.1476220041513443,0.017868013301856743,0.01970083009443793,ok,38.14748980879318,5.115334981121123
1117,1084,2419096,landscape,tangent_direct,3,0.11999999731779099,0.12186543643474579,0.014183073706637133,0.015520435646631355,ok,35.63289588476461,5.918584814295173
1118,1085,2419096,landscape,random_direct,3,0.11999999731779099,0.12186543643474579,0.08634633002852457,0.0778427261554274,no_axis,0.11210145134198116,4.456015673466027
1119,1086,2419096,landscape,latent,3,0.18000000715255737,0.3433057367801666,0.10199176055401173,0.11572512133685497,no_axis,0.10559583120317786,4.477232061326504
1120,1087,2419096,landscape,tangent_direct,3,0.18000000715255737,0.18279816210269928,0.0212746118563182,0.02328065252389704,ok,36.56999026904379,5.115545668639243
1121,1088,2419096,landscape,random_direct,3,0.18000000715255737,0.18279817700386047,0.12951947788391244,0.11676407852028851,no_axis,0.10522599987441164,4.437940736301243
1122,1089,2419096,landscape,latent,3,0.23999999463558197,0.5757564306259155,0.2197254054229386,0.253282545958135,drift_rejected,0.3900004582727672,5.132585837505758
1123,1090,2419096,landscape,tangent_direct,3,0.23999999463558197,0.24373087286949158,0.02836614592464318,0.031040868970267768,ok,32.80284608565223,5.177516986615956
1124,1091,2419096,landscape,random_direct,3,0.23999999463558197,0.24373087286949158,0.1726926219127447,0.1556854232167266,no_axis,0.10329542681774889,4.415169231593609
