point_id,case_id,source_id,kind,path,direction,alpha,normalized_delta_rms,position_delta_rms_m,coefficient_relative_l2,status,score,score_wall_s
0,0,1446077,source_raw,,,,,4.4713290408311026e-08,4.028171641745794e-08,ok,86.55212196966373,7.613330211490393
1,1,1446077,source_flipped,,,,,0.0,0.0,ok,86.56419827363439,7.604868220165372
2,2,1446077,source_canonical,,,,,4.31007106790893e-08,3.910132740260421e-08,ok,86.61823977033168,7.50700163282454
3,3,1446077,reconstruction,,,,0.0,0.0,0.0,ok,86.62147053012114,7.455317504703999
4,4,1446077,landscape,latent,0,-0.23999999463558197,0.23611101508140564,0.04547436182684004,0.03638363090541172,ok,83.77202778401427,10.551410365849733
5,5,1446077,landscape,tangent_direct,0,-0.23999999463558197,0.23810823261737823,0.042255960113022656,0.034263061942233004,ok,84.704503880947,8.198576778173447
6,6,1446077,landscape,random_direct,0,-0.23999999463558197,0.23810824751853943,0.1346824269515421,0.10545711328448416,flux_rejected,0.31466441977300713,8.706744998693466
7,7,1446077,landscape,latent,0,-0.18000000715255737,0.17521372437477112,0.03313916194929611,0.02661869337323865,ok,85.7099011968414,7.013794664293528
8,8,1446077,landscape,tangent_direct,0,-0.18000000715255737,0.17858119308948517,0.03169194903080427,0.025697284984339645,ok,86.00885791523292,9.578884674236178
9,9,1446077,landscape,random_direct,0,-0.18000000715255737,0.17858119308948517,0.10101181444580067,0.07909283277001136,flux_rejected,0.32047119539594005,8.891807796433568
10,10,1446077,landscape,latent,0,-0.11999999731779099,0.11645817011594772,0.02161839716887032,0.01742944928611448,ok,87.55135385726496,6.107051583006978
11,11,1446077,landscape,tangent_direct,0,-0.11999999731779099,0.11905411630868912,0.021127971387274062,0.017131525373593047,ok,87.65071046857743,7.017088947817683
12,12,1446077,landscape,random_direct,0,-0.11999999731779099,0.11905412375926971,0.06734121580735272,0.052728558044753314,drift_rejected,0.30971611683609773,4.920547012239695
13,13,1446077,landscape,latent,0,-0.09000000357627869,0.08746233582496643,0.01607563080600195,0.012982200810005217,ok,88.44685681217052,6.239903749898076
14,14,1446077,landscape,tangent_direct,0,-0.09000000357627869,0.08929060399532318,0.015845978206185322,0.012848645661371531,ok,88.48600437706953,6.107914544641972
15,15,1446077,landscape,random_direct,0,-0.09000000357627869,0.08929059654474258,0.050505915920325474,0.039546421155148,flux_rejected,0.38687395031707644,5.6402978003025055
16,16,1446077,landscape,latent,0,-0.05999999865889549,0.05852175131440163,0.010644272118656832,0.00860876163260279,ok,84.94605006373894,7.183138310909271
17,17,1446077,landscape,tangent_direct,0,-0.05999999865889549,0.05952706187963486,0.010563976977480795,0.008565757954793557,ok,84.9517714249645,7.222105052322149
18,18,1446077,landscape,random_direct,0,-0.05999999865889549,0.05952706187963486,0.0336706192829706,0.026364286776835805,ok,72.62024372571344,5.148555772379041
19,19,1446077,landscape,latent,0,-0.04500000178813934,0.04401790350675583,0.007961688510521005,0.006443566795258931,ok,85.39636137127792,7.017841290682554
20,20,1446077,landscape,tangent_direct,0,-0.04500000178813934,0.04464529827237129,0.007922975422812381,0.00642431486910081,ok,85.41777513867014,7.181268155574799
21,21,1446077,landscape,random_direct,0,-0.04500000178813934,0.04464529827237129,0.025252972530780304,0.01977322013496556,ok,75.70009720490314,6.238980870693922
22,22,1446077,landscape,latent,0,-0.029999999329447746,0.029454225674271584,0.005296215510606843,0.00428912858919451,ok,85.76021687716892,7.065691489726305
23,23,1446077,landscape,tangent_direct,0,-0.029999999329447746,0.029763532802462578,0.0052819763701652525,0.0042828723839929295,ok,85.77493095171567,7.020738901570439
24,24,1446077,landscape,random_direct,0,-0.029999999329447746,0.02976352907717228,0.016835298844282313,0.01318213739269755,ok,78.39361528067032,7.1831126771867275
25,25,1446077,landscape,latent,0,-0.024000000208616257,0.023604366928339005,0.004233870811747528,0.0034296611681988304,ok,85.98742221439447,7.226056037470698
26,26,1446077,landscape,tangent_direct,0,-0.024000000208616257,0.023810824379324913,0.004225588861424768,0.0034263009871101924,ok,85.98550396361102,7.064983556047082
27,27,1446077,landscape,random_direct,0,-0.024000000208616257,0.023810826241970062,0.01346824448155323,0.0105457147003593,ok,79.75191967908661,7.018981672823429
28,28,1446077,landscape,latent,0,-0.017999999225139618,0.017736773937940598,0.003173372635574108,0.0025712547698585166,ok,86.19234814375568,7.1835414078086615
29,29,1446077,landscape,tangent_direct,0,-0.017999999225139618,0.017858117818832397,0.0031691906575787923,0.0025697253930862325,ok,86.20154755754908,7.223648997023702
30,30,1446077,landscape,random_direct,0,-0.017999999225139618,0.017858117818832397,0.010101209305939256,0.007909300044740938,ok,81.21833758291254,7.071799140423536
31,31,1446077,landscape,latent,0,-0.012000000104308128,0.011848796159029007,0.002114408137704038,0.0017136472498702007,ok,86.39344692759263,7.020385501906276
32,32,1446077,landscape,tangent_direct,0,-0.012000000104308128,0.011905409395694733,0.002112793703122335,0.0017131492964357216,ok,86.38989177393081,7.1871219873428345
33,33,1446077,landscape,random_direct,0,-0.012000000104308128,0.01190541498363018,0.00673413653971955,0.005272866386002952,ok,82.72332678197417,7.222790295258164
34,34,1446077,landscape,latent,0,-0.008999999612569809,0.008896414190530777,0.0015854753543880892,0.0012851222536488518,ok,86.46268637249241,6.112736357375979
35,35,1446077,landscape,tangent_direct,0,-0.008999999612569809,0.008929056115448475,0.001584594453243374,0.0012848617372011532,ok,86.45085156891031,6.065834855660796
36,36,1446077,landscape,random_direct,0,-0.008999999612569809,0.008929059840738773,0.005050599761040126,0.003954645574787371,ok,83.62054664905183,7.183377066627145
37,37,1446077,landscape,latent,0,-0.006000000052154064,0.005937623325735331,0.0010567459649460276,0.0008566656263771066,ok,86.52419647551616,6.242811530828476
38,38,1446077,landscape,tangent_direct,0,-0.006000000052154064,0.005952706094831228,0.0010563846798369808,0.0008565677685944136,ok,86.56565688325158,6.111854109913111
39,39,1446077,landscape,random_direct,0,-0.006000000052154064,0.005952702835202217,0.003367058488109588,0.0026364247516163877,ok,84.61809052747677,7.024455551058054
40,40,1446077,landscape,latent,0,-0.004000000189989805,0.003961480222642422,0.0007043867620837561,0.0005710704279635555,ok,86.54678526238017,6.210413508117199
41,41,1446077,landscape,tangent_direct,0,-0.004000000189989805,0.003968470264226198,0.0007042597904622809,0.0005710463259281518,ok,86.55225644347108,6.242708140984178
42,42,1446077,landscape,random_direct,0,-0.004000000189989805,0.003968472592532635,0.002244717646292023,0.00175762564148236,ok,85.3300473563168,6.113380653783679
43,43,1446077,landscape,latent,0,-0.0020000000949949026,0.001982346875593066,0.0003521165440815698,0.00028550136268328446,ok,86.58878479791953,6.07199783436954
44,44,1446077,landscape,tangent_direct,0,-0.0020000000949949026,0.0019842342007905245,0.0003521123795707122,0.0002855130563807853,ok,86.56426559291174,6.2086531184613705
45,45,1446077,landscape,random_direct,0,-0.0020000000949949026,0.0019842360634356737,0.001122349238007078,0.0008788058113898816,ok,86.01305255435216,6.243797358125448
46,46,1446077,landscape,latent,0,-0.0010000000474974513,0.0009916413109749556,0.0001760478597025281,0.00014275229331744426,ok,86.58557886589182,6.112042035907507
47,47,1446077,landscape,tangent_direct,0,-0.0010000000474974513,0.0009921208256855607,0.00017605848120752732,0.00014275513593605763,ok,86.57460760240488,6.072172520682216
48,48,1446077,landscape,random_direct,0,-0.0010000000474974513,0.000992120010778308,0.0005611903377248464,0.0004394142193725708,ok,86.35783320925479,6.210213912650943
49,49,1446077,landscape,latent,0,0.0,1.1518514497765864e-07,2.949353875718035e-08,2.309062356631084e-08,ok,86.60645847442204,6.257687719538808
50,3,1446077,landscape,tangent_direct,0,0.0,0.0,0.0,0.0,ok,86.62147053012114,7.455317504703999
51,3,1446077,landscape,random_direct,0,0.0,0.0,0.0,0.0,ok,86.62147053012114,7.455317504703999
52,50,1446077,landscape,latent,0,0.0010000000474974513,0.0009922754252329469,0.0001760256384931373,0.0001427352578763282,ok,86.59841920840111,6.112912844866514
53,51,1446077,landscape,tangent_direct,0,0.0010000000474974513,0.0009921208256855607,0.00017609070336178128,0.0001427766167604537,ok,86.57588245804993,6.074510121718049
54,52,1446077,landscape,random_direct,0,0.0010000000474974513,0.0009921197779476643,0.0005611638354815587,0.00043939930524071675,ok,86.4897816988539,6.207690430805087
55,53,1446077,landscape,latent,0,0.0020000000949949026,0.0019855306018143892,0.00035216328872685114,0.00028556187586463856,ok,86.57572752867912,6.242675585672259
56,54,1446077,landscape,tangent_direct,0,0.0020000000949949026,0.0019842342007905245,0.00035214729047629355,0.00028553365766848714,ok,86.60318071720134,6.114033631980419
57,55,1446077,landscape,random_direct,0,0.0020000000949949026,0.0019842362962663174,0.001122352023111003,0.0008788079937464121,ok,86.22230324443353,6.073245136067271
58,56,1446077,landscape,latent,0,0.004000000189989805,0.003974494524300098,0.0007041474047491726,0.0005710444435893663,ok,86.59607894708326,6.2093542125076056
59,57,1446077,landscape,tangent_direct,0,0.004000000189989805,0.003968470264226198,0.0007042822750426528,0.0005710601852984429,ok,86.56212678184765,6.242903573438525
60,58,1446077,landscape,random_direct,0,0.004000000189989805,0.003968472592532635,0.0022447066928555598,0.0017576196383744579,ok,85.66691087084784,6.113935550674796
61,59,1446077,landscape,latent,0,0.006000000052154064,0.005966979544609785,0.0010561425263899236,0.0008565650804455914,ok,86.52514572893358,6.07380417175591
62,60,1446077,landscape,tangent_direct,0,0.006000000052154064,0.0059527065604925156,0.0010564046903900747,0.0008565807724912735,ok,86.5410969352423,6.2092140186578035
63,61,1446077,landscape,random_direct,0,0.006000000052154064,0.005952703300863504,0.00336704811448326,0.002636420014252124,ok,85.12116417993519,6.2442282643169165
64,62,1446077,landscape,latent,0,0.008999999612569809,0.008962668478488922,0.0015840554062021119,0.0012848936817349825,ok,86.45698536368168,6.115507183596492
65,63,1446077,landscape,tangent_direct,0,0.008999999612569809,0.008929056115448475,0.001584612609577026,0.0012848736095405248,ok,86.51508110402902,6.0711257588118315
66,64,1446077,landscape,random_direct,0,0.008999999612569809,0.008929059840738773,0.005050586594625708,0.0039546404348980635,ok,84.3683682265558,6.208404466509819
67,65,1446077,landscape,latent,0,0.012000000104308128,0.011966897174715996,0.0021119570792124645,0.0017132945285189389,ok,86.40847471627563,6.244411973282695
68,66,1446077,landscape,tangent_direct,0,0.012000000104308128,0.011905409395694733,0.0021128277661876444,0.0017131697999515573,ok,86.41734995138633,6.114490672945976
69,67,1446077,landscape,random_direct,0,0.012000000104308128,0.01190541498363018,0.006734115413992862,0.005272853311538996,ok,83.70605947339943,6.072384478524327
70,68,1446077,landscape,latent,0,0.017999999225139618,0.018003134056925774,0.0031678080596139573,0.0025704602702011745,ok,86.2565451405883,6.209051618352532
71,69,1446077,landscape,tangent_direct,0,0.017999999225139618,0.017858117818832397,0.0031692165483094984,0.0025697415049579357,ok,86.25707990999523,6.244330760091543
72,70,1446077,landscape,random_direct,0,0.017999999225139618,0.017858119681477547,0.01010118333724092,0.007909283519901328,ok,82.45839602221506,6.1145163755863905
73,71,1446077,landscape,latent,0,0.024000000208616257,0.024079302325844765,0.00422414527119255,0.00342839918085905,ok,86.0748149396142,6.073051935061812
74,72,1446077,landscape,tangent_direct,0,0.024000000208616257,0.023810826241970062,0.004225610432307031,0.0034263149586854697,ok,86.11274427928849,6.208797330036759
75,73,1446077,landscape,random_direct,0,0.024000000208616257,0.023810826241970062,0.013468229506183666,0.010545703394691403,ok,81.36108401997905,6.243582848459482
76,74,1446077,landscape,latent,0,0.029999999329447746,0.030199235305190086,0.005281304480569182,0.004287396027475204,ok,85.92933748687524,6.112405510619283
77,75,1446077,landscape,tangent_direct,0,0.029999999329447746,0.02976353093981743,0.0052820058577009756,0.0042828914861894685,ok,85.95136963245696,6.072585891932249
78,76,1446077,landscape,random_direct,0,0.029999999329447746,0.02976352907717228,0.01683528948610189,0.013182130892149825,ok,80.37129319234474,6.209422031417489
79,77,1446077,landscape,latent,0,0.04500000178813934,0.04571639373898506,0.007931080858394002,0.006442039637846223,ok,85.51670282686361,6.2432941775768995
80,78,1446077,landscape,tangent_direct,0,0.04500000178813934,0.04464529827237129,0.007923007644268698,0.006424333876710757,ok,85.54570379486616,6.115203458815813
81,79,1446077,landscape,random_direct,0,0.04500000178813934,0.04464529827237129,0.02525294980304234,0.01977320669287788,ok,71.5664882183486,7.026228230446577
82,80,1446077,landscape,latent,0,0.05999999865889549,0.06159697845578194,0.01059725175277764,0.00861195192620959,ok,85.11605252331738,6.2089884132146835
83,81,1446077,landscape,tangent_direct,0,0.05999999865889549,0.05952706187963486,0.010564006035206169,0.008565775119694672,ok,85.14350294457535,6.244506074115634
84,82,1446077,landscape,random_direct,0,0.05999999865889549,0.05952706187963486,0.033670593062009174,0.02636427066166744,ok,69.70018673614315,6.115117160603404
85,83,1446077,landscape,latent,0,0.09000000357627869,0.09474269300699234,0.016020657391576498,0.013028771609665495,ok,84.27355962524656,6.071665193885565
86,84,1446077,landscape,tangent_direct,0,0.09000000357627869,0.08929059654474258,0.01584599338091563,0.012848655273300525,ok,84.39700885712232,6.209541836753488
87,85,1446077,landscape,random_direct,0,0.09000000357627869,0.08929060399532318,0.050505902968424776,0.03954641241144244,drift_rejected,0.3626887645116712,3.1069544292986393
88,86,1446077,landscape,latent,0,0.11999999731779099,0.13029567897319794,0.02166923843639855,0.01762168964517373,ok,83.25614181040098,6.115571025758982
89,87,1446077,landscape,tangent_direct,0,0.11999999731779099,0.11905411630868912,0.021127988323632923,0.01713153602400476,ok,83.73698489540118,6.07156440615654
90,88,1446077,landscape,random_direct,0,0.11999999731779099,0.11905412375926971,0.06734119576231032,0.052728546533145314,no_axis,0.10066836947735361,4.526108046993613
91,89,1446077,landscape,latent,0,0.18000000715255737,0.21193043887615204,0.03490953110010493,0.028132448740088117,flux_rejected,0.4040140679183643,9.230924028903246
92,90,1446077,landscape,tangent_direct,0,0.18000000715255737,0.17858119308948517,0.03169198896264402,0.025697309003537835,ok,74.99618755396392,6.112913461402059
93,91,1446077,landscape,random_direct,0,0.18000000715255737,0.17858119308948517,0.10101181153702711,0.07909283271187108,no_axis,0.09938547361324346,4.421193223446608
94,92,1446077,landscape,latent,0,0.23999999463558197,0.3175502419471741,0.07984914304483062,0.059335809496868425,flux_rejected,0.38682197977204846,8.696945443749428
95,93,1446077,landscape,tangent_direct,0,0.23999999463558197,0.23810824751853943,0.04225597762873152,0.03426307256394889,flux_rejected,0.40217382407933533,9.29140548221767
96,94,1446077,landscape,random_direct,0,0.23999999463558197,0.23810824751853943,0.1346823995677835,0.10545709836567202,no_axis,0.09730187543535784,4.451561884954572
97,95,1446077,landscape,latent,1,-0.23999999463558197,0.22977010905742645,0.03345205573591672,0.02833716278463766,ok,78.17028597505579,7.031218644231558
98,96,1446077,landscape,tangent_direct,1,-0.23999999463558197,0.228127583861351,0.031120809558184127,0.02647039680278958,ok,78.96698259299923,7.183894120156765
99,97,1446077,landscape,random_direct,1,-0.23999999463558197,0.228127583861351,0.13058109327556802,0.10121379772916793,no_axis,0.1027505138701515,4.559102866798639
100,98,1446077,landscape,latent,1,-0.18000000715255737,0.1703125238418579,0.0244899204516177,0.020782807306754743,ok,79.89919991696463,7.071659289300442
101,99,1446077,landscape,tangent_direct,1,-0.18000000715255737,0.17109569907188416,0.02334061564271132,0.01985280430573707,ok,80.41377508813548,7.026943221688271
102,100,1446077,landscape,random_direct,1,-0.18000000715255737,0.17109571397304535,0.09793584581000947,0.07591036329091674,no_axis,0.10422228599995374,4.525515012443066
103,101,1446077,landscape,latent,1,-0.11999999731779099,0.11295168101787567,0.015989136131924847,0.013585227735862127,ok,81.85337937827744,7.225682072341442
104,102,1446077,landscape,tangent_direct,1,-0.11999999731779099,0.1140637919306755,0.015560402494378728,0.013235197711757593,ok,82.1115064962448,7.072635972872376
105,103,1446077,landscape,random_direct,1,-0.11999999731779099,0.1140637919306755,0.06529056006495844,0.05060690536226333,drift_rejected,0.3605479024218277,3.023222265765071
106,104,1446077,landscape,latent,1,-0.09000000357627869,0.08470652252435684,0.011886081531556486,0.010103190457176394,ok,82.95597582117244,7.183566959574819
107,105,1446077,landscape,tangent_direct,1,-0.09000000357627869,0.08554785698652267,0.011670301243975929,0.009926395088524933,ok,83.0866020684163,6.2441100515425205
108,106,1446077,landscape,random_direct,1,-0.09000000357627869,0.08554785698652267,0.04896792499104811,0.03795518432044799,ok,59.04139280544821,6.112334661185741
109,107,1446077,landscape,latent,1,-0.05999999865889549,0.056561991572380066,0.007864213964057842,0.00668663109933401,ok,84.01665699295813,6.073841912671924
110,108,1446077,landscape,tangent_direct,1,-0.05999999865889549,0.05703189596533775,0.007780210689831975,0.006617603739979389,ok,84.0966293067703,6.208891721442342
111,109,1446077,landscape,random_direct,1,-0.05999999865889549,0.05703189596533775,0.0326452792086128,0.025303451760756168,ok,76.13565752471985,7.22546248883009
112,110,1446077,landscape,latent,1,-0.04500000178813934,0.042482636868953705,0.005878969650077397,0.004999244713572154,ok,84.64531870430504,6.112740904092789
113,111,1446077,landscape,tangent_direct,1,-0.04500000178813934,0.042773932218551636,0.005835153459379479,0.0049632028664797516,ok,84.69242085335948,6.072386024519801
114,112,1446077,landscape,random_direct,1,-0.04500000178813934,0.04277392849326134,0.024483950753606983,0.018977584841091643,ok,78.52952978455748,9.134721426293254
115,113,1446077,landscape,latent,1,-0.029999999329447746,0.02837439998984337,0.003908002977407254,0.003323546713337335,ok,85.39503798885457,6.243512047454715
116,114,1446077,landscape,tangent_direct,1,-0.029999999329447746,0.028515951707959175,0.0038901121633340466,0.0033088075923253107,ok,85.39619810076834,6.114215476438403
117,115,1446077,landscape,random_direct,1,-0.029999999329447746,0.028515947982668877,0.016322630510753916,0.012651721120179676,ok,80.7448584309869,7.02945282869041
118,116,1446077,landscape,latent,1,-0.024000000208616257,0.02271903119981289,0.0031231374654312975,0.0026561414348779118,ok,85.60896986500575,6.208039399236441
119,117,1446077,landscape,tangent_direct,1,-0.024000000208616257,0.02281276322901249,0.0031120900075012363,0.002647047243409681,ok,85.61132384728583,6.244303455576301
120,118,1446077,landscape,random_direct,1,-0.024000000208616257,0.02281275764107704,0.013058102943917686,0.010121372662392701,ok,81.6146711856329,7.072714610025287
121,119,1446077,landscape,latent,1,-0.017999999225139618,0.01705494523048401,0.00234002538977476,0.00199019306242232,ok,85.87589441889156,6.0718357395380735
122,120,1446077,landscape,tangent_direct,1,-0.017999999225139618,0.017109567299485207,0.002334063571370203,0.0019852815483583034,ok,85.88476520805632,6.20873025432229
123,121,1446077,landscape,random_direct,1,-0.017999999225139618,0.017109569162130356,0.009793579534157609,0.007591030740102584,ok,82.6213494884819,7.223331060260534
124,122,1446077,landscape,latent,1,-0.012000000104308128,0.011381271295249462,0.0015585997396767737,0.0013256244647749725,ok,86.18896268521306,6.114127332344651
125,123,1446077,landscape,tangent_direct,1,-0.012000000104308128,0.01140638068318367,0.0015560491396934073,0.0013235247492089394,ok,86.16195139732436,6.073424203321338
126,124,1446077,landscape,random_direct,1,-0.012000000104308128,0.011406376957893372,0.0065290482851495385,0.005060685738375823,ok,83.71561697632954,6.208113556727767
127,125,1446077,landscape,latent,1,-0.008999999612569809,0.008540344424545765,0.0011684303349023743,0.0009937951374509382,ok,86.3529978046747,6.243226006627083
128,126,1446077,landscape,tangent_direct,1,-0.008999999612569809,0.008554782718420029,0.001167036350454335,0.0009926447169733,ok,86.30859864021706,6.112063780426979
129,127,1446077,landscape,random_direct,1,-0.008999999612569809,0.008554781787097454,0.0048967990554715035,0.0037955216526483785,ok,84.4107576923269,6.072238374501467
130,128,1446077,landscape,latent,1,-0.006000000052154064,0.005696678068488836,0.0007786679824453763,0.0006622895949762481,ok,86.48874736287904,6.210112685337663
131,129,1446077,landscape,tangent_direct,1,-0.006000000052154064,0.005703188478946686,0.0007780260383112983,0.000661764798736763,ok,86.4294886582817,6.242780040949583
132,130,1446077,landscape,random_direct,1,-0.006000000052154064,0.00570319127291441,0.0032645290499816342,0.0025303462014814055,ok,85.11132502626648,6.111526316031814
133,131,1446077,landscape,latent,1,-0.004000000189989805,0.0037992331199347973,0.0005189672304739033,0.0004414100187129771,ok,86.48677115643696,6.070476362481713
134,132,1446077,landscape,tangent_direct,1,-0.004000000189989805,0.0038021295331418514,0.0005186874049019196,0.0004411799102740248,ok,86.50831928960552,6.21077567525208
135,133,1446077,landscape,random_direct,1,-0.004000000189989805,0.0038021248765289783,0.002176340472070111,0.0016868885371767919,ok,85.6504375437072,6.2434228248894215
136,134,1446077,landscape,latent,1,-0.0020000000949949026,0.0019002427579835057,0.0002593853834411109,0.00022062123006460954,ok,86.5559957354977,6.123459927737713
137,135,1446077,landscape,tangent_direct,1,-0.0020000000949949026,0.0019010654650628567,0.00025934662557737097,0.00022059202216095052,ok,86.52586931033282,6.0675775445997715
138,136,1446077,landscape,random_direct,1,-0.0020000000949949026,0.0019010641844943166,0.0010881653532076859,0.0008434414811169587,ok,86.18408921741172,6.209904078394175
139,137,1446077,landscape,latent,1,-0.0010000000474974513,0.0009504423942416906,0.00012967382776943486,0.00011029680019510075,ok,86.54781284067053,6.243984162807465
140,138,1446077,landscape,tangent_direct,1,-0.0010000000474974513,0.0009505326743237674,0.00012968408939108468,0.00011029998676950353,ok,86.59884475920526,6.111223155632615
141,139,1446077,landscape,random_direct,1,-0.0010000000474974513,0.0009505311027169228,0.0005440911335530569,0.00042172486038110485,ok,86.45156330045387,6.072683323174715
142,49,1446077,landscape,latent,1,0.0,1.1518514497765864e-07,2.949353875718035e-08,2.309062356631084e-08,ok,86.60645847442204,6.257687719538808
143,3,1446077,landscape,tangent_direct,1,0.0,0.0,0.0,0.0,ok,86.62147053012114,7.455317504703999
144,3,1446077,landscape,random_direct,1,0.0,0.0,0.0,0.0,ok,86.62147053012114,7.455317504703999
145,140,1446077,landscape,latent,1,0.0010000000474974513,0.0009506739443168044,0.00012967257246728,0.00011029225470937274,ok,86.56877412775214,6.211009355261922
146,141,1446077,landscape,tangent_direct,1,0.0010000000474974513,0.0009505326743237674,0.00012967056353397686,0.00011029279962562822,ok,86.58180130233627,6.243071744218469
147,142,1446077,landscape,random_direct,1,0.0010000000474974513,0.0009505308698862791,0.0005440822275227901,0.00042172041955193,ok,86.42379300865566,6.111422553658485
148,143,1446077,landscape,latent,1,0.0020000000949949026,0.0019016922451555729,0.00025924276681001096,0.00022051547221111408,ok,86.56935709652267,6.065735263749957
149,144,1446077,landscape,tangent_direct,1,0.0020000000949949026,0.0019010653486475348,0.0002593362326928159,0.00022058274003702597,ok,86.57991689414064,6.209247848019004
150,145,1446077,landscape,random_direct,1,0.0020000000949949026,0.0019010644173249602,0.0010881860009013956,0.0008434565237517936,ok,86.11340029375727,6.241782307624817
151,146,1446077,landscape,latent,1,0.004000000189989805,0.0038049458526074886,0.0005183902723907922,0.0004409442797563765,ok,86.58709686827913,6.112631503492594
152,147,1446077,landscape,tangent_direct,1,0.004000000189989805,0.0038021295331418514,0.0005186750124710858,0.00044117294262947934,ok,86.55139075681669,6.065641136839986
153,148,1446077,landscape,random_direct,1,0.004000000189989805,0.003802124410867691,0.0021763343434537466,0.0016868867384481174,ok,85.34770187802137,6.209894601255655
154,149,1446077,landscape,latent,1,0.006000000052154064,0.00570963229984045,0.0007774103622401485,0.0006612657071439206,ok,86.5004897920034,6.242488795891404
155,150,1446077,landscape,tangent_direct,1,0.006000000052154064,0.005703188478946686,0.0007780157111099232,0.0006617570139247504,ok,86.52131966102765,6.110957881435752
156,151,1446077,landscape,random_direct,1,0.006000000052154064,0.005703190807253122,0.003264539984615536,0.0025303530909065353,ok,84.68295152348497,6.067765427753329
157,152,1446077,landscape,latent,1,0.008999999612569809,0.008569753728806973,0.0011657482751737131,0.0009915875401662064,ok,86.41186338512182,6.209237324073911
158,153,1446077,landscape,tangent_direct,1,0.008999999612569809,0.008554783649742603,0.0011670214085458483,0.0009926348755533254,ok,86.37854092971162,6.24288053996861
159,154,1446077,landscape,random_direct,1,0.008999999612569809,0.00855478085577488,0.004896791477697491,0.003795520123594781,ok,83.8909037608769,7.072640074416995
160,155,1446077,landscape,latent,1,0.012000000104308128,0.011433498933911324,0.0015538395984905885,0.0013217152308619966,ok,86.2640552879452,6.065422631800175
161,156,1446077,landscape,tangent_direct,1,0.012000000104308128,0.01140638068318367,0.0015560417780221473,0.0013235198333060962,ok,86.25619092497527,6.2095501236617565
162,157,1446077,landscape,random_direct,1,0.012000000104308128,0.011406376957893372,0.006529031946481139,0.0050606765793376855,ok,83.03623257495295,7.224072709679604
163,158,1446077,landscape,latent,1,0.017999999225139618,0.01717265322804451,0.002329391946244958,0.0019814347745295306,ok,86.03884010045647,6.114101208746433
164,159,1446077,landscape,tangent_direct,1,0.017999999225139618,0.017109569162130356,0.0023340450750378187,0.0019852702065010584,ok,86.06385824672206,6.070009872317314
165,160,1446077,landscape,random_direct,1,0.017999999225139618,0.017109569162130356,0.009793598555160269,0.007591043253586009,ok,81.47944940943188,7.18592250905931
166,161,1446077,landscape,latent,1,0.024000000208616257,0.022927846759557724,0.0031041442987421925,0.002640506755964846,ok,85.78760979678943,6.268954196944833
167,162,1446077,landscape,tangent_direct,1,0.024000000208616257,0.02281276136636734,0.003112078415127936,0.002647037610435493,ok,85.78372737907237,6.115164443850517
168,163,1446077,landscape,random_direct,1,0.024000000208616257,0.02281275764107704,0.013058105509319363,0.010121378021503,ok,80.14873151258963,7.025286611169577
169,164,1446077,landscape,latent,1,0.029999999329447746,0.028700439259409904,0.003878358608632958,0.0032991290705510243,ok,85.53995178592703,6.209583746269345
170,165,1446077,landscape,tangent_direct,1,0.029999999329447746,0.028515947982668877,0.00389009836872913,0.0033088003390342557,ok,85.5079165290015,6.243263244628906
171,166,1446077,landscape,random_direct,1,0.029999999329447746,0.028515946120023727,0.01632262424414912,0.012651717295576318,ok,78.90634824776029,7.073426641523838
172,167,1446077,landscape,latent,1,0.04500000178813934,0.04321379214525223,0.005812355861242599,0.0049444298917808655,ok,84.97028506829989,6.0712658278644085
173,168,1446077,landscape,tangent_direct,1,0.04500000178813934,0.042773932218551636,0.00583515229161212,0.004963200916093091,ok,84.94718064918477,6.213630028069019
174,169,1446077,landscape,random_direct,1,0.04500000178813934,0.04277392849326134,0.024483966269412644,0.01897759493577747,ok,76.23993290608517,7.223322480916977
175,170,1446077,landscape,latent,1,0.05999999865889549,0.057855069637298584,0.007745825876968494,0.006589301377013373,ok,84.41628202295827,6.114567942917347
176,171,1446077,landscape,tangent_direct,1,0.05999999865889549,0.05703189596533775,0.007780201138083122,0.006617596704673564,ok,84.34242181038924,6.072442585602403
177,172,1446077,landscape,random_direct,1,0.05999999865889549,0.05703189596533775,0.03264527247585524,0.025303449511807435,ok,74.1637716643771,7.182649862021208
178,173,1446077,landscape,latent,1,0.09000000357627869,0.08756900578737259,0.011619606689733998,0.009884729793231501,ok,83.37842841169793,6.242086024954915
179,174,1446077,landscape,tangent_direct,1,0.09000000357627869,0.08554785698652267,0.011670281052996587,0.00992638372261357,ok,83.27920756772527,6.115627663210034
180,175,1446077,landscape,random_direct,1,0.09000000357627869,0.08554785698652267,0.0489679183899191,0.03795517892656814,ok,73.0345517023022,6.07362112775445
181,176,1446077,landscape,latent,1,0.11999999731779099,0.11791233718395233,0.015514315002637679,0.013197432569535443,ok,82.4655246079595,6.2096027079969645
182,177,1446077,landscape,tangent_direct,1,0.11999999731779099,0.1140637919306755,0.015560391073858698,0.01323518964105531,ok,82.23634454362612,6.2428836692124605
183,178,1446077,landscape,random_direct,1,0.11999999731779099,0.1140637919306755,0.06529055822535329,0.05060690363750695,ok,54.47903635776233,5.152553034946322
184,179,1446077,landscape,latent,1,0.18000000715255737,0.18059657514095306,0.023409576045182807,0.019910773314704977,ok,80.83023928523122,6.07191282697022
185,180,1446077,landscape,tangent_direct,1,0.18000000715255737,0.17109569907188416,0.023340600645606793,0.019852790930441563,ok,80.4525486026834,7.184084692969918
186,181,1446077,landscape,random_direct,1,0.18000000715255737,0.17109571397304535,0.09793584465251245,0.07591036305882305,flux_rejected,0.3352539131513505,8.89705290645361
187,182,1446077,landscape,latent,1,0.23999999463558197,0.24607835710048676,0.031502136145446856,0.026791868736588714,ok,79.32696753229169,7.074320033192635
188,183,1446077,landscape,tangent_direct,1,0.23999999463558197,0.228127583861351,0.03112079941399892,0.02647038985206193,ok,78.79864457943057,7.028468247503042
189,184,1446077,landscape,random_direct,1,0.23999999463558197,0.228127583861351,0.13058111953852466,0.10121381539799798,no_axis,0.11337151024065972,4.527051564306021
190,185,1446077,landscape,latent,2,-0.23999999463558197,0.19460785388946533,0.03308489978568271,0.026418820026421312,ok,80.30681192668276,6.246519083157182
191,186,1446077,landscape,tangent_direct,2,-0.23999999463558197,0.20219218730926514,0.03180194794104836,0.025722698968722438,ok,80.07257529375822,6.114261964336038
192,187,1446077,landscape,random_direct,2,-0.23999999463558197,0.20219218730926514,0.12706285906302237,0.09983909021264291,drift_rejected,0.36911044254709147,3.022597935050726
193,188,1446077,landscape,latent,2,-0.18000000715255737,0.14536988735198975,0.024291815569401087,0.019392688434380433,ok,81.62640979660398,6.211480433121324
194,189,1446077,landscape,tangent_direct,2,-0.18000000715255737,0.15164415538311005,0.023851460157951077,0.01929202422479874,ok,81.48213496406329,6.244562312960625
195,190,1446077,landscape,random_direct,2,-0.18000000715255737,0.15164415538311005,0.09529715251877406,0.07487932292542636,no_axis,0.11190050313964506,4.45371544547379
196,191,1446077,landscape,latent,2,-0.11999999731779099,0.09739623218774796,0.01596926103059179,0.012776316252230902,ok,83.10710154636007,6.07235324382782
197,192,1446077,landscape,tangent_direct,2,-0.11999999731779099,0.10109610110521317,0.01590097169205687,0.012861348632731579,ok,82.95807648312184,6.210131606087089
198,193,1446077,landscape,random_direct,2,-0.11999999731779099,0.10109609365463257,0.06353142097499918,0.04991953857215163,no_axis,0.11217018453452315,4.558011805638671
199,194,1446077,landscape,latent,2,-0.09000000357627869,0.07348143309354782,0.011926207096495276,0.009560330128473769,ok,83.91941810845667,6.111653124913573
200,195,1446077,landscape,tangent_direct,2,-0.09000000357627869,0.07582207769155502,0.011925731762136335,0.009646013976266415,ok,83.81986086269758,6.0718835685402155
201,196,1446077,landscape,random_direct,2,-0.09000000357627869,0.07582207769155502,0.04764858696915803,0.03743966814623704,no_axis,0.11245180999183113,4.526133764535189
202,197,1446077,landscape,latent,2,-0.05999999865889549,0.04939168319106102,0.007932798187443652,0.00637504152668649,ok,84.79655150034833,6.2436886336654425
203,198,1446077,landscape,tangent_direct,2,-0.05999999865889549,0.050548046827316284,0.007950469210378787,0.006430665148427174,ok,84.75538959037581,6.113084936514497
204,199,1446077,landscape,random_direct,2,-0.05999999865889549,0.050548046827316284,0.03176572030632114,0.02495977552588655,drift_rejected,0.3844372829269918,4.873075285926461
205,200,1446077,landscape,latent,2,-0.04500000178813934,0.037227556109428406,0.005947532050718262,0.004786526859512971,ok,85.25158241880389,6.210188928991556
206,201,1446077,landscape,tangent_direct,2,-0.04500000178813934,0.03791104257106781,0.0059628654977030605,0.0048230064113412826,ok,85.23438771433824,6.243956608697772
207,202,1446077,landscape,random_direct,2,-0.04500000178813934,0.03791103512048721,0.023824285158662,0.018719829149870144,flux_rejected,0.4914853266342615,6.886019224300981
208,203,1446077,landscape,latent,2,-0.029999999329447746,0.024955332279205322,0.003965972170278849,0.003196763121189912,ok,85.72776806838183,6.072073046118021
209,204,1446077,landscape,tangent_direct,2,-0.029999999329447746,0.02527402527630329,0.003975242341822846,0.0032153369679140315,ok,85.73611631895152,6.207810677587986
210,205,1446077,landscape,random_direct,2,-0.029999999329447746,0.025274023413658142,0.015882866668827076,0.012479890345914714,ok,76.87234563903365,7.223957711830735
211,206,1446077,landscape,latent,2,-0.024000000208616257,0.020011335611343384,0.0031735616185388387,0.002559730537712709,ok,85.95542195605904,6.112722624093294
212,207,1446077,landscape,tangent_direct,2,-0.024000000208616257,0.020219219848513603,0.0031802080768862425,0.0025722763057909807,ok,85.92482857914814,6.074149303138256
213,208,1446077,landscape,random_direct,2,-0.024000000208616257,0.020219219848513603,0.012706304035983447,0.009983920115183294,ok,78.25149003621289,7.185981387272477
214,209,1446077,landscape,latent,2,-0.017999999225139618,0.015045209787786007,0.0023810116453763745,0.0019217751265011315,ok,86.14232867758032,6.242731306701899
215,210,1446077,landscape,tangent_direct,2,-0.017999999225139618,0.01516441348940134,0.002385141707237805,0.001929200096042898,ok,86.15069890104833,6.116265473887324
216,211,1446077,landscape,random_direct,2,-0.017999999225139618,0.01516441348940134,0.009529712200436795,0.007487926494534331,ok,79.75810840576032,7.027076279744506
217,212,1446077,landscape,latent,2,-0.012000000104308128,0.010055439546704292,0.0015880673661367462,0.0012826595861197454,ok,86.32662000796407,6.213387478142977
218,213,1446077,landscape,tangent_direct,2,-0.012000000104308128,0.010109609924256802,0.0015900985377905387,0.0012861350745927544,ok,86.3487392526376,6.242678113281727
219,214,1446077,landscape,random_direct,2,-0.012000000104308128,0.010109610855579376,0.00635314524559537,0.004991954779549724,ok,81.65499165550982,7.080442508682609
220,215,1446077,landscape,latent,2,-0.008999999612569809,0.00755138648673892,0.001191398298949316,0.0009626121000833896,ok,86.42039917665457,6.07248860411346
221,216,1446077,landscape,tangent_direct,2,-0.008999999612569809,0.00758220674470067,0.001192570149403045,0.0009646020550668821,ok,86.44508480835317,6.21022798679769
222,217,1446077,landscape,random_direct,2,-0.008999999612569809,0.00758220674470067,0.004764862215375378,0.0037439677900885982,ok,82.73291796857767,7.222463678568602
223,218,1446077,landscape,latent,2,-0.006000000052154064,0.005040883086621761,0.0007944598423199026,0.0006421344155970271,ok,86.50719933936456,6.119917709380388
224,219,1446077,landscape,tangent_direct,2,-0.006000000052154064,0.005054808221757412,0.0007950374817452658,0.0006430616707242168,ok,86.53538573932548,6.07309802994132
225,220,1446077,landscape,random_direct,2,-0.006000000052154064,0.005054806359112263,0.003176585174151588,0.0024959852813926336,ok,83.93181516557537,7.183975061401725
226,221,1446077,landscape,latent,2,-0.004000000189989805,0.003363607916980982,0.000529734037319794,0.00042827400883831466,ok,86.56181373206972,6.2435496132820845
227,222,1446077,landscape,tangent_direct,2,-0.004000000189989805,0.003369871061295271,0.0005300344666281515,0.00042871452170135233,ok,86.50068548083469,6.113978058099747
228,223,1446077,landscape,random_direct,2,-0.004000000189989805,0.003369869664311409,0.002117718051332183,0.001663985857908928,ok,84.76138324167955,6.072129100561142
229,224,1446077,landscape,latent,2,-0.0020000000949949026,0.001683268928900361,0.00026491676627866283,0.00021423980851911333,ok,86.56503332840747,6.208514096215367
230,225,1446077,landscape,tangent_direct,2,-0.0020000000949949026,0.0016849328530952334,0.0002650202967832741,0.00021435905554639508,ok,86.56935156799172,6.242118148133159
231,226,1446077,landscape,random_direct,2,-0.0020000000949949026,0.0016849341336637735,0.0010588612707286933,0.0008319950609446426,ok,85.64338519774606,6.113391105085611
232,227,1446077,landscape,latent,2,-0.0010000000474974513,0.0008419865625910461,0.00013248855776970878,0.00010716171255675942,ok,86.58228714693095,6.0764284785836935
233,228,1446077,landscape,tangent_direct,2,-0.0010000000474974513,0.0008424695115536451,0.00013249719086995662,0.0001071723906599853,ok,86.57181381359894,6.211483124643564
234,229,1446077,landscape,random_direct,2,-0.0010000000474974513,0.0008424683474004269,0.0005294382479762057,0.0004159984304278809,ok,86.19515236363966,6.243181739002466
235,49,1446077,landscape,latent,2,0.0,1.1518514497765864e-07,2.949353875718035e-08,2.309062356631084e-08,ok,86.60645847442204,6.257687719538808
236,3,1446077,landscape,tangent_direct,2,0.0,0.0,0.0,0.0,ok,86.62147053012114,7.455317504703999
237,3,1446077,landscape,random_direct,2,0.0,0.0,0.0,0.0,ok,86.62147053012114,7.455317504703999
238,230,1446077,landscape,latent,2,0.0010000000474974513,0.0008428471628576517,0.0001325190000223155,0.0001071809535923494,ok,86.58364704274267,6.111534604802728
239,231,1446077,landscape,tangent_direct,2,0.0010000000474974513,0.0008424697443842888,0.0001325130123307047,0.00010717996485387282,ok,86.59367146145891,6.073642238974571
240,232,1446077,landscape,random_direct,2,0.0010000000474974513,0.0008424683474004269,0.0005294344149353275,0.00041599981998675966,ok,86.30360100319801,6.209675228223205
241,233,1446077,landscape,latent,2,0.0020000000949949026,0.001686450676061213,0.00026509065149119107,0.0002144564948369524,ok,86.57468239868345,6.242201093584299
242,234,1446077,landscape,tangent_direct,2,0.0020000000949949026,0.0016849328530952334,0.00026503512997515374,0.00021436618040447225,ok,86.55850037755536,6.11273449473083
243,235,1446077,landscape,random_direct,2,0.0020000000949949026,0.0016849341336637735,0.001058857386391863,0.0008319944962560987,ok,85.76467607596183,6.071050448343158
244,236,1446077,landscape,latent,2,0.004000000189989805,0.0033759395591914654,0.0005303148707278785,0.0004291302035595935,ok,86.59384350750993,6.209456332027912
245,237,1446077,landscape,tangent_direct,2,0.004000000189989805,0.0033698708284646273,0.0005300277312955814,0.0004287079598965619,ok,86.58624732483537,6.242682751268148
246,238,1446077,landscape,random_direct,2,0.004000000189989805,0.003369869664311409,0.002117696875214766,0.0016639744419422616,ok,84.81444296543603,6.114707931876183
247,239,1446077,landscape,latent,2,0.006000000052154064,0.005068609025329351,0.0007956479960457991,0.0006440065470328969,ok,86.53144011689615,6.070487264543772
248,240,1446077,landscape,tangent_direct,2,0.006000000052154064,0.005054808221757412,0.0007950559098789384,0.0006430702860866489,ok,86.55088393993468,6.2086736261844635
249,241,1446077,landscape,random_direct,2,0.006000000052154064,0.005054806359112263,0.0031765655920598115,0.002495972158127724,ok,83.93844596996846,6.242516184225678
250,242,1446077,landscape,latent,2,0.008999999612569809,0.007613728288561106,0.0011939298433747915,0.0009667539574705498,ok,86.49315530273972,6.112243261188269
251,243,1446077,landscape,tangent_direct,2,0.008999999612569809,0.00758220674470067,0.001192574802521288,0.0009646015813298542,ok,86.47611885575242,6.0656912457197905
252,244,1446077,landscape,random_direct,2,0.008999999612569809,0.007582205813378096,0.004764854759610152,0.00374396333472051,ok,82.67777738066475,6.210321236401796
253,245,1446077,landscape,latent,2,0.012000000104308128,0.010166292078793049,0.0015926995192483556,0.0012901311213379162,ok,86.38403832658197,6.244103165343404
254,246,1446077,landscape,tangent_direct,2,0.012000000104308128,0.010109609924256802,0.00159010738445283,0.0012861395512868692,ok,86.40192114821927,6.113274315372109
255,247,1446077,landscape,random_direct,2,0.012000000104308128,0.010109609924256802,0.006353139427120765,0.0049919510567437144,ok,81.52462782208214,6.067970247939229
256,248,1446077,landscape,latent,2,0.017999999225139618,0.015294300392270088,0.002391439747416708,0.0019386272607537856,ok,86.26821613966897,6.210750352591276
257,249,1446077,landscape,tangent_direct,2,0.017999999225139618,0.01516441348940134,0.0023851491991038584,0.0019292020943222912,ok,86.26533552169403,6.243774576112628
258,250,1446077,landscape,random_direct,2,0.017999999225139618,0.015164412558078766,0.009529714684326927,0.007487931207538849,ok,79.53824348687297,6.112752258777618
259,251,1446077,landscape,latent,2,0.024000000208616257,0.02045419253408909,0.003192207011276686,0.0025897889268082647,ok,86.06003990129608,6.07287353836
260,252,1446077,landscape,tangent_direct,2,0.024000000208616257,0.020219219848513603,0.003180201231156677,0.0025722707122106843,ok,86.0564013995956,6.2093053963035345
261,253,1446077,landscape,random_direct,2,0.024000000208616257,0.020219221711158752,0.012706282410481051,0.009983908081940317,ok,77.8673777960056,6.244669072329998
262,254,1446077,landscape,latent,2,0.029999999329447746,0.025647200644016266,0.003995194370920034,0.0032438179156239703,ok,85.89022668354214,6.1149883810430765
263,255,1446077,landscape,tangent_direct,2,0.029999999329447746,0.02527402900159359,0.0039752420554131146,0.0032153342465351133,ok,85.90580075145304,6.071389829739928
264,256,1446077,landscape,random_direct,2,0.029999999329447746,0.025274023413658142,0.015882849735962216,0.012479881628016483,ok,76.10607689120378,7.184910805895925
265,257,1446077,landscape,latent,2,0.04500000178813934,0.038783762603998184,0.0060149066270271554,0.004893583815815626,ok,85.49862542560884,7.224118396639824
266,258,1446077,landscape,tangent_direct,2,0.04500000178813934,0.03791103884577751,0.0059628721259049194,0.004823008920585623,ok,85.49543596370751,7.075188137590885
267,259,1446077,landscape,random_direct,2,0.04500000178813934,0.03791103884577751,0.023824278037003082,0.018719824477632704,ok,57.61325643835386,6.245841478928924
268,260,1446077,landscape,latent,2,0.05999999865889549,0.05215747281908989,0.008056253405565705,0.006568069547687515,ok,85.10246955912143,7.185806604102254
269,261,1446077,landscape,tangent_direct,2,0.05999999865889549,0.050548046827316284,0.007950494147345416,0.0064306768628764515,ok,85.24279088228865,7.224874282255769
270,262,1446077,landscape,random_direct,2,0.05999999865889549,0.050548046827316284,0.03176570540830638,0.02495976681740997,flux_rejected,0.38576704661539185,7.598527615889907
271,263,1446077,landscape,latent,2,0.09000000357627869,0.07970241457223892,0.012229150769033281,0.010013076426828122,ok,84.47064848237355,7.024177197366953
272,264,1446077,landscape,tangent_direct,2,0.09000000357627869,0.07582207769155502,0.011925737223746404,0.009646013839867622,ok,84.54115163892554,7.184371219947934
273,265,1446077,landscape,random_direct,2,0.09000000357627869,0.07582207769155502,0.04764857652710921,0.037439665269838864,drift_rejected,0.32326085141113575,3.1088218223303556
274,266,1446077,landscape,latent,2,0.11999999731779099,0.10845740884542465,0.01657354456097946,0.013629600176595612,ok,83.82783484825197,7.074120111763477
275,267,1446077,landscape,tangent_direct,2,0.11999999731779099,0.10109610110521317,0.015900981383827003,0.012861348935521833,ok,83.9267576097004,7.027382832020521
276,268,1446077,landscape,random_direct,2,0.11999999731779099,0.10109609365463257,0.06353141844883005,0.04991954200410163,no_axis,0.10768356613181414,4.525958182290196
277,269,1446077,landscape,latent,2,0.18000000715255737,0.17037762701511383,0.02612488398762163,0.021665798105368738,ok,82.77421154144035,7.223524520173669
278,270,1446077,landscape,tangent_direct,2,0.18000000715255737,0.15164414048194885,0.023851471340266363,0.01929202645324312,ok,82.89664797513727,7.073304729536176
279,271,1446077,landscape,random_direct,2,0.18000000715255737,0.15164415538311005,0.0952971263100703,0.0748793114292557,no_axis,0.10407768540202865,4.420968841761351
280,272,1446077,landscape,latent,2,0.23999999463558197,0.23991477489471436,0.03779859890525977,0.03156517986304042,ok,81.95258373617992,8.16219224408269
281,273,1446077,landscape,tangent_direct,2,0.23999999463558197,0.20219218730926514,0.03180195465180598,0.025722698213210805,ok,82.1178840086348,8.204362591728568
282,274,1446077,landscape,random_direct,2,0.23999999463558197,0.20219218730926514,0.12706284907530058,0.09983908613918087,no_axis,0.09816581444479558,4.451095083728433
283,275,1446077,landscape,latent,3,-0.23999999463558197,0.25528159737586975,0.04434296654266189,0.03624599717870536,flux_rejected,0.40514256349839645,8.383815484121442
284,276,1446077,landscape,tangent_direct,3,-0.23999999463558197,0.22158509492874146,0.0388010953578589,0.03176357719685472,ok,82.30102900434007,6.208424046635628
285,277,1446077,landscape,random_direct,3,-0.23999999463558197,0.22158509492874146,0.12067810361735803,0.09357831268541479,no_axis,0.09942235263665211,4.558514615520835
286,278,1446077,landscape,latent,3,-0.18000000715255737,0.18136173486709595,0.03171438307472154,0.025834276549728096,ok,82.75024005241349,6.113229997456074
287,279,1446077,landscape,tangent_direct,3,-0.18000000715255737,0.1661888211965561,0.02910081061321964,0.02382267657228646,ok,83.32803633230587,6.074528615921736
288,280,1446077,landscape,random_direct,3,-0.18000000715255737,0.1661888211965561,0.09050859691470108,0.07018374635719901,no_axis,0.1013829963789455,4.525433957576752
289,281,1446077,landscape,latent,3,-0.11999999731779099,0.11576149612665176,0.020378381211567126,0.016571772917569325,ok,84.26735431440436,6.244961636140943
290,282,1446077,landscape,tangent_direct,3,-0.11999999731779099,0.11079254746437073,0.019400549943300475,0.015881789649607552,ok,84.44377172260192,6.114020703360438
291,283,1446077,landscape,random_direct,3,-0.11999999731779099,0.11079254746437073,0.06033904927988938,0.04678915637935591,no_axis,0.1007333239644201,4.421408589929342
292,284,1446077,landscape,latent,3,-0.09000000357627869,0.08537868410348892,0.015051788229331566,0.012243008263065094,ok,84.84670766913554,6.207950860261917
293,285,1446077,landscape,tangent_direct,3,-0.09000000357627869,0.08309441804885864,0.01455042321020286,0.011911350807671252,ok,84.8887433606614,6.245939787477255
294,286,1446077,landscape,random_direct,3,-0.09000000357627869,0.08309441059827805,0.045254295342950585,0.035091871206730615,drift_rejected,0.3587148953358378,3.0497731156647205
295,287,1446077,landscape,latent,3,-0.05999999865889549,0.0561797134578228,0.00990082884706657,0.008062249500106722,ok,85.47077171550994,6.070216149091721
296,288,1446077,landscape,tangent_direct,3,-0.05999999865889549,0.055396273732185364,0.009700259303363693,0.007940889098986012,ok,85.52700822634968,6.208983974531293
297,289,1446077,landscape,random_direct,3,-0.05999999865889549,0.055396273732185364,0.030169546695134553,0.02339459001829877,flux_rejected,0.40854382093453245,8.614499242976308
298,290,1446077,landscape,latent,3,-0.04500000178813934,0.04192087799310684,0.00738139734531259,0.006016203144809518,ok,85.80354865227673,6.122391050681472
299,291,1446077,landscape,tangent_direct,3,-0.04500000178813934,0.04154720902442932,0.007275191316952125,0.005955664758988213,ok,85.83103052018038,6.072701655328274
300,292,1446077,landscape,random_direct,3,-0.04500000178813934,0.04154720529913902,0.02262715923088175,0.017545943909853624,ok,79.55190256992174,6.207243882119656
301,293,1446077,landscape,latent,3,-0.029999999329447746,0.027833525091409683,0.004894199826842909,0.003993704997336401,ok,86.14877522654028,6.243038464337587
302,294,1446077,landscape,tangent_direct,3,-0.029999999329447746,0.027698135003447533,0.004850135114566369,0.003970447424357038,ok,86.14135790772806,6.113354144617915
303,295,1446077,landscape,random_direct,3,-0.029999999329447746,0.027698136866092682,0.015084776966949117,0.011697299329952527,ok,82.1089789110762,6.071797974407673
304,296,1446077,landscape,latent,3,-0.024000000208616257,0.02223699912428856,0.0039075061879885785,0.003190288184834304,ok,86.26555940768552,6.207460001111031
305,297,1446077,landscape,tangent_direct,3,-0.024000000208616257,0.022158509120345116,0.003880108334060491,0.0031763576380542066,ok,86.27122020924811,6.243061730638146
306,298,1446077,landscape,random_direct,3,-0.024000000208616257,0.022158510982990265,0.012067811227682607,0.009357834691048993,ok,82.93673006925886,6.114844573661685
307,299,1446077,landscape,latent,3,-0.017999999225139618,0.016658229753375053,0.0029250450750191994,0.0023895569222735598,ok,86.3913322033597,6.071753228083253
308,300,1446077,landscape,tangent_direct,3,-0.017999999225139618,0.0166188795119524,0.0029100644974282244,0.0023822592919517977,ok,86.39165319680617,6.208471801131964
309,301,1446077,landscape,random_direct,3,-0.017999999225139618,0.0166188795119524,0.009050872969815037,0.007018383272996542,ok,83.78220410462207,6.242217738181353
310,302,1446077,landscape,latent,3,-0.012000000104308128,0.01109438668936491,0.0019464057092730097,0.0015910920822532729,ok,86.47535078867344,6.113192858174443
311,303,1446077,landscape,tangent_direct,3,-0.012000000104308128,0.011079251766204834,0.0019400460906720852,0.001588174748816493,ok,86.50495850676786,6.0712788589298725
312,304,1446077,landscape,random_direct,3,-0.012000000104308128,0.011079256422817707,0.006033911049173982,0.004678919798561732,ok,84.79562838708642,6.20918801240623
313,305,1446077,landscape,latent,3,-0.008999999612569809,0.008317205123603344,0.0014585820130569233,0.0011927145139576148,ok,86.54481636626353,6.24293364956975
314,306,1446077,landscape,tangent_direct,3,-0.008999999612569809,0.00830944161862135,0.001455021413771488,0.001191125306989958,ok,86.53868880354021,6.1116346176713705
315,307,1446077,landscape,random_direct,3,-0.008999999612569809,0.0083094397559762,0.004525434709770273,0.0035091893029792405,ok,85.23796186437542,6.072527626529336
316,308,1446077,landscape,latent,3,-0.006000000052154064,0.005542662460356951,0.0009716079138841444,0.0007947692163711647,ok,86.55901332196237,6.208297707140446
317,309,1446077,landscape,tangent_direct,3,-0.006000000052154064,0.00553962541744113,0.0009700200211296565,0.0007940873371697039,ok,86.58878066843225,6.242557356134057
318,310,1446077,landscape,random_direct,3,-0.006000000052154064,0.005539625883102417,0.003016963130530986,0.002339466982163932,ok,85.82624008709563,6.113448230549693
319,311,1446077,landscape,latent,3,-0.004000000189989805,0.003694310085847974,0.0006473804750210631,0.0005296870663246325,ok,86.57966256652338,6.0722513273358345
320,312,1446077,landscape,tangent_direct,3,-0.004000000189989805,0.003693085629492998,0.0006466804991425975,0.0005293915893465283,ok,86.5895228373734,6.210563343018293
321,313,1446077,landscape,random_direct,3,-0.004000000189989805,0.0036930853966623545,0.00201130318535669,0.001559639874158661,ok,86.15244775680634,6.246579555794597
322,314,1446077,landscape,latent,3,-0.0020000000949949026,0.0018467312911525369,0.00032358118740419625,0.00026480613749137004,ok,86.58086944784381,6.111566109582782
323,315,1446077,landscape,tangent_direct,3,-0.0020000000949949026,0.0018465440953150392,0.0003233426796528345,0.0002646967854955585,ok,86.59679176478392,6.072253283113241
324,316,1446077,landscape,random_direct,3,-0.0020000000949949026,0.001846541534177959,0.0010056583184563062,0.0007798270879801193,ok,86.44360497088216,6.2103179935365915
325,317,1446077,landscape,latent,3,-0.0010000000474974513,0.000923281826544553,0.00016172519820077864,0.00013236264800393013,ok,86.61081338919499,6.245719935745001
326,318,1446077,landscape,tangent_direct,3,-0.0010000000474974513,0.0009232708835043013,0.00016166337989597526,0.0001323477708525838,ok,86.60214753094007,6.113058989867568
327,319,1446077,landscape,random_direct,3,-0.0010000000474974513,0.0009232698939740658,0.0005028256979699505,0.0003899108586512435,ok,86.58228726465128,6.067185824736953
328,49,1446077,landscape,latent,3,0.0,1.1518514497765864e-07,2.949353875718035e-08,2.309062356631084e-08,ok,86.60645847442204,6.257687719538808
329,3,1446077,landscape,tangent_direct,3,0.0,0.0,0.0,0.0,ok,86.62147053012114,7.455317504703999
330,3,1446077,landscape,random_direct,3,0.0,0.0,0.0,0.0,ok,86.62147053012114,7.455317504703999
331,320,1446077,landscape,latent,3,0.0010000000474974513,0.0009230505093000829,0.00016160872831925513,0.00013231298573151382,ok,86.58405536987101,6.211261373013258
332,321,1446077,landscape,tangent_direct,3,0.0010000000474974513,0.0009232708835043013,0.00016168183080942592,0.00013235263991507123,ok,86.55901287014007,6.2443527318537235
333,322,1446077,landscape,random_direct,3,0.0010000000474974513,0.0009232700103893876,0.0005028111214007942,0.00038989802327782754,ok,86.48767076427146,6.110620930790901
334,323,1446077,landscape,latent,3,0.0020000000949949026,0.0018460557330399752,0.0003231266028458184,0.0002645874390665598,ok,86.60020669438768,6.067028326913714
335,324,1446077,landscape,tangent_direct,3,0.0020000000949949026,0.0018465440953150392,0.0003233442301753908,0.0002646960651476632,ok,86.59538048012547,6.210368087515235
336,325,1446077,landscape,random_direct,3,0.0020000000949949026,0.001846541534177959,0.001005645372884821,0.0007798149866237713,ok,86.3045632050698,6.244613600894809
337,326,1446077,landscape,latent,3,0.004000000189989805,0.003691466059535742,0.0006460023929690177,0.0005290850819658187,ok,86.55192123979181,6.112898280844092
338,327,1446077,landscape,tangent_direct,3,0.004000000189989805,0.003693085629492998,0.0006466965698962203,0.0005293960185944933,ok,86.5486735888233,6.070688111707568
339,328,1446077,landscape,random_direct,3,0.004000000189989805,0.003693085163831711,0.0020112800079366473,0.0015596245218316867,ok,86.06410325700813,6.211553083732724
340,329,1446077,landscape,latent,3,0.006000000052154064,0.0055365003645420074,0.000968596389656659,0.0007934902229233269,ok,86.50945477114013,6.243127608671784
341,330,1446077,landscape,tangent_direct,3,0.006000000052154064,0.00553962541744113,0.0009700449920985832,0.0007940981998549413,ok,86.5177784150653,6.1126600075513124
342,331,1446077,landscape,random_direct,3,0.006000000052154064,0.005539626348763704,0.0030169426969716443,0.0023394512470840973,ok,85.74725050375906,7.026344625279307
343,332,1446077,landscape,latent,3,0.008999999612569809,0.008303327485918999,0.0014518234342816615,0.0011898470401441668,ok,86.44194311390719,6.209776831790805
344,333,1446077,landscape,tangent_direct,3,0.008999999612569809,0.008309442549943924,0.001455044611421032,0.0011911345484287262,ok,86.44496911541692,6.243355194106698
345,334,1446077,landscape,random_direct,3,0.008999999612569809,0.0083094397559762,0.00452542615145131,0.0035091845611419856,ok,85.25862986944395,7.0718222334980965
346,335,1446077,landscape,latent,3,0.012000000104308128,0.011069794185459614,0.0019345193266813957,0.0015860888174767922,ok,86.35969915661302,6.072253895923495
347,336,1446077,landscape,tangent_direct,3,0.012000000104308128,0.011079252697527409,0.0019400702599648453,0.0015881858352847136,ok,86.3774167277035,6.209423579275608
348,337,1446077,landscape,random_direct,3,0.012000000104308128,0.011079256422817707,0.006033899334781269,0.004678910277697392,ok,84.7806923968999,7.222815338522196
349,338,1446077,landscape,latent,3,0.017999999225139618,0.01660306192934513,0.002898256903063539,0.002378308458464099,ok,86.193240381404,6.11277581192553
350,339,1446077,landscape,tangent_direct,3,0.017999999225139618,0.0166188795119524,0.002910081792554504,0.0023822648512403354,ok,86.17986481797713,6.072467183694243
351,340,1446077,landscape,random_direct,3,0.017999999225139618,0.0166188795119524,0.009050847763313519,0.007018364133409797,ok,83.87439760168675,7.184478178620338
352,341,1446077,landscape,latent,3,0.024000000208616257,0.02213946357369423,0.003860167458516379,0.003170533747199971,ok,86.02292843036159,6.243880648165941
353,342,1446077,landscape,tangent_direct,3,0.024000000208616257,0.022158509120345116,0.003880112397320747,0.003176358687002996,ok,85.98935832716931,6.112033588811755
354,343,1446077,landscape,random_direct,3,0.024000000208616257,0.022158509120345116,0.01206779247230282,0.009357822644689158,ok,83.18024180387197,7.027091825380921
355,344,1446077,landscape,latent,3,0.029999999329447746,0.027682136744260788,0.004820738248650094,0.003963294697276478,ok,85.93239288268916,8.612215030938387
356,345,1446077,landscape,tangent_direct,3,0.029999999329447746,0.027698136866092682,0.004850163300968012,0.003970462549496695,ok,85.94219696481422,6.243201518431306
357,346,1446077,landscape,random_direct,3,0.029999999329447746,0.027698135003447533,0.01508476160372244,0.011697287127682485,ok,82.46902439627547,7.074280112981796
358,347,1446077,landscape,latent,3,0.04500000178813934,0.04158816114068031,0.007219517701152888,0.005950937713754773,ok,85.50304710186496,6.071815710514784
359,348,1446077,landscape,tangent_direct,3,0.04500000178813934,0.04154720902442932,0.007275223716071384,0.005955678670449666,ok,85.46263452968603,6.20813026279211
360,349,1446077,landscape,random_direct,3,0.04500000178813934,0.04154720529913902,0.022627139105118578,0.01754592933785446,ok,80.83773815915103,6.24304080195725
361,350,1446077,landscape,latent,3,0.05999999865889549,0.055607087910175323,0.009621551869110526,0.007954121213134414,ok,85.07871921769306,6.115463204681873
362,351,1446077,landscape,tangent_direct,3,0.05999999865889549,0.055396273732185364,0.009700281623455424,0.007940897015087994,ok,85.0313888781684,6.07339321449399
363,352,1446077,landscape,random_direct,3,0.05999999865889549,0.055396273732185364,0.03016952895672213,0.02339457662731326,drift_rejected,0.3833076664546302,7.50309625454247
364,353,1446077,landscape,latent,3,0.09000000357627869,0.08421272784471512,0.01448056942867622,0.012052659276484896,ok,84.2903452937418,6.245541296899319
365,354,1446077,landscape,tangent_direct,3,0.09000000357627869,0.08309441059827805,0.014550419110097648,0.011911345329458818,ok,84.18209571245113,6.112753979861736
366,355,1446077,landscape,random_direct,3,0.09000000357627869,0.08309441059827805,0.04525426655254072,0.03509184931116254,no_axis,0.11007581800817284,4.421428486704826
367,356,1446077,landscape,latent,3,0.11999999731779099,0.11400222033262253,0.01951654524546852,0.01637557478230997,ok,83.50910671044426,6.208011006936431
368,357,1446077,landscape,tangent_direct,3,0.11999999731779099,0.11079254746437073,0.019400549861060983,0.015881789531220984,ok,83.40148195388836,6.2444701455533504
369,358,1446077,landscape,random_direct,3,0.11999999731779099,0.11079254746437073,0.06033902533270007,0.046789139271355,no_axis,0.10918374036380635,4.452098306268454
370,359,1446077,landscape,latent,3,0.18000000715255737,0.17977675795555115,0.03099546698523314,0.026522953342149515,flux_rejected,0.47900941395738034,5.767135184258223
371,360,1446077,landscape,tangent_direct,3,0.18000000715255737,0.1661888211965561,0.029100831434020175,0.023822685777961407,flux_rejected,0.4794725371469449,5.835810009390116
372,361,1446077,landscape,random_direct,3,0.18000000715255737,0.1661888211965561,0.09050856825200382,0.07018372831847222,ok,75.60711266654191,5.26419585570693
373,362,1446077,landscape,latent,3,0.23999999463558197,0.2613362967967987,0.04799281486043365,0.04203679899320238,flux_rejected,0.4762919341562175,5.746997965499759
374,363,1446077,landscape,tangent_direct,3,0.23999999463558197,0.22158509492874146,0.03880111254361319,0.031763583069596965,flux_rejected,0.47616271631464535,5.707974079996347
375,364,1446077,landscape,random_direct,3,0.23999999463558197,0.22158509492874146,0.12067808792834786,0.09357830008045241,ok,77.1671064247713,5.233592947944999
376,365,1826200,source_raw,,,,,5.230544956046952e-08,3.870823503004144e-08,ok,77.44166416268719,7.445880929008126
377,366,1826200,source_flipped,,,,,0.0,0.0,ok,77.44160693898726,7.295663071796298
378,367,1826200,source_canonical,,,,,4.573024804328432e-08,3.309748510892392e-08,ok,77.46624347196646,7.242780119180679
379,368,1826200,reconstruction,,,,0.0,0.0,0.0,ok,77.45633287793198,7.409609550610185
380,369,1826200,landscape,latent,0,-0.23999999463558197,0.6064570546150208,0.8107813572891542,0.5813749781775621,no_axis,0.102303938968103,4.042634252458811
381,370,1826200,landscape,tangent_direct,0,-0.23999999463558197,0.2541361153125763,0.058724186399490695,0.05202300017118009,no_surface,0.29986183954876494,2.766353812068701
382,371,1826200,landscape,random_direct,0,-0.23999999463558197,0.2541361153125763,0.1511698874702863,0.11498480923018964,no_axis,0.10802366441508422,3.917413705959916
383,372,1826200,landscape,latent,0,-0.18000000715255737,0.48551884293556213,0.73068766810681,0.519367028394809,no_axis,0.10176736344394455,4.015305591747165
384,373,1826200,landscape,tangent_direct,0,-0.18000000715255737,0.190602108836174,0.04404314197923556,0.03901725095429305,drift_rejected,0.3468350110614665,2.8211361560970545
385,374,1826200,landscape,random_direct,0,-0.18000000715255737,0.190602108836174,0.11337739431875293,0.08623859578848861,no_axis,0.10603197598685113,3.948017403483391
386,375,1826200,landscape,latent,0,-0.11999999731779099,0.133121058344841,0.03813520249156227,0.03323652131170118,ok,69.58329731981837,4.619900828227401
387,376,1826200,landscape,tangent_direct,0,-0.11999999731779099,0.12706805765628815,0.029362089078546004,0.026011496812189457,ok,73.09420170176493,5.6143047120422125
388,377,1826200,landscape,random_direct,0,-0.11999999731779099,0.12706805765628815,0.07558493248800763,0.05749239895361512,no_axis,0.1079049707358753,4.042505478486419
389,378,1826200,landscape,latent,0,-0.09000000357627869,0.09672698378562927,0.02466332445815074,0.02166224506783901,ok,74.83090899000712,6.412103738635778
390,379,1826200,landscape,tangent_direct,0,-0.09000000357627869,0.095301054418087,0.02202157094520328,0.01950862698916357,ok,75.90746041328232,6.364137528464198
391,380,1826200,landscape,random_direct,0,-0.09000000357627869,0.095301054418087,0.056688716881227945,0.04311930861805566,drift_rejected,0.36249658203697654,2.8045874666422606
392,381,1826200,landscape,latent,0,-0.05999999865889549,0.06380731612443924,0.015389181732060908,0.013573245086673201,ok,78.35807490562811,6.544238746166229
393,382,1826200,landscape,tangent_direct,0,-0.05999999865889549,0.06353402882814407,0.014681045429704751,0.013005749185167535,ok,78.67915803014066,6.411473238840699
394,383,1826200,landscape,random_direct,0,-0.05999999865889549,0.06353402882814407,0.037792460623423986,0.028746195820521687,drift_rejected,0.3720027570163476,4.325444491580129
395,384,1826200,landscape,latent,0,-0.04500000178813934,0.04773670807480812,0.011319093330047587,0.009997677273625211,ok,79.90431110062245,6.510868975892663
396,385,1826200,landscape,tangent_direct,0,-0.04500000178813934,0.0476505272090435,0.01101077672190201,0.00975430705231529,ok,80.07752814326963,6.545295603573322
397,386,1826200,landscape,random_direct,0,-0.04500000178813934,0.0476505272090435,0.028344336584165294,0.021559641308843174,drift_rejected,0.3768676746771931,4.4142836313694715
398,387,1826200,landscape,latent,0,-0.029999999329447746,0.03177988901734352,0.007444232245708936,0.0065827509067641525,ok,81.35893126689903,6.361736824735999
399,388,1826200,landscape,tangent_direct,0,-0.029999999329447746,0.031767018139362335,0.007340535537305503,0.006502882484513666,ok,81.44412483109228,6.511192386969924
400,389,1826200,landscape,random_direct,0,-0.029999999329447746,0.031767018139362335,0.018896221382808887,0.014373092580624552,flux_rejected,0.4544008325933413,5.575890040025115
401,390,1826200,landscape,latent,0,-0.024000000208616257,0.02541588991880417,0.005931020968274104,0.00524677573667023,ok,81.9261483501851,6.410186151042581
402,391,1826200,landscape,tangent_direct,0,-0.024000000208616257,0.02541361190378666,0.005872422977220978,0.0052023022532567565,ok,81.96632700481473,6.362120941281319
403,392,1826200,landscape,random_direct,0,-0.024000000208616257,0.025413615629076958,0.015116963920075104,0.011498466747854895,flux_rejected,0.45375667080970694,5.602154217660427
404,393,1826200,landscape,latent,0,-0.017999999225139618,0.019058268517255783,0.004432955787178124,0.003923037659430154,ok,82.41651266707606,8.697085611522198
405,394,1826200,landscape,tangent_direct,0,-0.017999999225139618,0.019060207530856133,0.0044043150612470515,0.0039017242061913063,ok,82.4496581809742,6.410425214096904
406,395,1826200,landscape,random_direct,0,-0.017999999225139618,0.019060209393501282,0.011337726925128641,0.008623852999367819,ok,70.85831178888998,6.365996867418289
407,396,1826200,landscape,latent,0,-0.012000000104308128,0.012704562395811081,0.0029469388985606136,0.002608894172417509,ok,82.97463679222254,6.510910723358393
408,397,1826200,landscape,tangent_direct,0,-0.012000000104308128,0.01270680595189333,0.0029362112447575517,0.0026011509885774586,ok,83.03613319001929,6.545283989980817
409,398,1826200,landscape,random_direct,0,-0.012000000104308128,0.01270680595189333,0.007558483084423796,0.0057492346808608544,ok,72.88650933055611,6.4111472889781
410,399,1826200,landscape,latent,0,-0.008999999612569809,0.009528441354632378,0.002207500863395226,0.0019546171874001744,ok,76.96505018182452,7.242440270259976
411,400,1826200,landscape,tangent_direct,0,-0.008999999612569809,0.00953010655939579,0.0022021508208965998,0.0019508581309366558,ok,76.90023010710317,7.41026271507144
412,401,1826200,landscape,random_direct,0,-0.008999999612569809,0.00953010655939579,0.005668861232257238,0.0043119239258685715,ok,74.01016712829205,6.545384963974357
413,402,1826200,landscape,latent,0,-0.006000000052154064,0.006352447438985109,0.0014700920638319986,0.0013019119260510206,ok,77.20032110812242,7.294064547866583
414,403,1826200,landscape,tangent_direct,0,-0.006000000052154064,0.0063534025102853775,0.0014681082648422678,0.0013005766536060969,ok,77.22757168225726,7.240537077188492
415,404,1826200,landscape,random_direct,0,-0.006000000052154064,0.006353403907269239,0.0037792291657129167,0.002874609702181506,ok,75.28165215677377,7.41098384745419
416,405,1826200,landscape,latent,0,-0.004000000189989805,0.0042350394651293755,0.0009794244617657936,0.0008674679746240317,ok,77.34138373165376,7.449099320918322
417,406,1826200,landscape,tangent_direct,0,-0.004000000189989805,0.004235601983964443,0.0009787387597544525,0.0008670512514484719,ok,77.33957678206346,7.293894901871681
418,407,1826200,landscape,random_direct,0,-0.004000000189989805,0.0042356024496257305,0.0025194830059746915,0.0019164052509050354,ok,76.15544157566315,7.242479480803013
419,408,1826200,landscape,latent,0,-0.0020000000949949026,0.0021176100708544254,0.0004893977490164274,0.000433513826978785,ok,77.41833817295588,7.409817265346646
420,409,1826200,landscape,tangent_direct,0,-0.0020000000949949026,0.0021178056485950947,0.0004893645430319286,0.00043352287146631663,ok,77.433586657504,7.445661876350641
421,410,1826200,landscape,random_direct,0,-0.0020000000949949026,0.002117801457643509,0.001259743082987289,0.000958203705820736,ok,77.08009964261767,7.2951406147331
422,411,1826200,landscape,latent,0,-0.0010000000474974513,0.00105884054210037,0.00024462592154096897,0.0002167041316718376,ok,77.46313987282792,7.243289485573769
423,412,1826200,landscape,tangent_direct,0,-0.0010000000474974513,0.00105890107806772,0.00024469467645765167,0.00021677058937362998,ok,77.44464353179026,7.4089466873556376
424,413,1826200,landscape,random_direct,0,-0.0010000000474974513,0.001058900379575789,0.0006298557387173492,0.0004790923840317233,ok,77.42133297940661,7.446239748969674
425,414,1826200,landscape,latent,0,0.0,1.0436745867536956e-07,4.4640317867836566e-08,3.318825207861222e-08,ok,77.45093473726081,7.297652564942837
426,368,1826200,landscape,tangent_direct,0,0.0,0.0,0.0,0.0,ok,77.45633287793198,7.409609550610185
427,368,1826200,landscape,random_direct,0,0.0,0.0,0.0,0.0,ok,77.45633287793198,7.409609550610185
428,415,1826200,landscape,latent,0,0.0010000000474974513,0.0010590639431029558,0.00024456289587401276,0.00021666791705906994,ok,77.5286364207571,7.241242777556181
429,416,1826200,landscape,tangent_direct,0,0.0010000000474974513,0.00105890107806772,0.00024468860605892035,0.00021676582707349568,ok,77.47029680354298,7.4098227098584175
430,417,1826200,landscape,random_direct,0,0.0010000000474974513,0.0010589002631604671,0.000629886175286069,0.0004791090028077858,ok,77.2278689959596,7.447452247142792
431,418,1826200,landscape,latent,0,0.0020000000949949026,0.0021180210169404745,0.000488976265645194,0.0004332243917364866,ok,77.50534432333845,7.295699864625931
432,419,1826200,landscape,tangent_direct,0,0.0020000000949949026,0.0021178056485950947,0.000489368591654005,0.0004335268623413819,ok,77.52465634930127,7.242042876780033
433,420,1826200,landscape,random_direct,0,0.0020000000949949026,0.0021178016904741526,0.001259757090349579,0.0009582111785146969,ok,76.77110052107705,7.411266438663006
434,421,1826200,landscape,latent,0,0.004000000189989805,0.00423627533018589,0.0009774401376324785,0.0008660962214779943,ok,77.47874138722234,7.446589563041925
435,422,1826200,landscape,tangent_direct,0,0.004000000189989805,0.004235601518303156,0.0009787327260080464,0.0008670483757332739,ok,77.4950313475187,7.294568255543709
436,423,1826200,landscape,random_direct,0,0.004000000189989805,0.0042356024496257305,0.0025195063507963407,0.001916417396847727,ok,75.81619119989172,7.241847386583686
437,424,1826200,landscape,latent,0,0.006000000052154064,0.006354932207614183,0.0014656448212360313,0.0012988177602290933,ok,77.46522161463899,7.40960468351841
438,425,1826200,landscape,tangent_direct,0,0.006000000052154064,0.0063534025102853775,0.0014681109206636411,0.0013005794669974158,ok,77.48737745224852,7.446793848648667
439,426,1826200,landscape,random_direct,0,0.006000000052154064,0.006353403907269239,0.00377926255777763,0.002874628421438881,ok,80.93650482050056,6.413143020123243
440,427,1826200,landscape,latent,0,0.008999999612569809,0.009533852338790894,0.002197383502146142,0.001947582530428465,flux_rejected,0.49606235962497974,7.119472678750753
441,428,1826200,landscape,tangent_direct,0,0.008999999612569809,0.009530105628073215,0.002202157898391231,0.0019508635544497623,flux_rejected,0.4959509033134086,7.283308729529381
442,429,1826200,landscape,random_direct,0,0.008999999612569809,0.00953010655939579,0.005668877781217124,0.004311932739736134,ok,79.48427914810331,6.544338935986161
443,430,1826200,landscape,latent,0,0.012000000104308128,0.01271397527307272,0.00292877027730657,0.002596223062944046,flux_rejected,0.49526259157012253,7.062805773690343
444,431,1826200,landscape,tangent_direct,0,0.012000000104308128,0.012706806883215904,0.002936217631773744,0.0026011564168823918,flux_rejected,0.4948571170432319,7.010456709191203
445,432,1826200,landscape,random_direct,0,0.012000000104308128,0.01270680595189333,0.007558501293811816,0.0057492449713580735,ok,78.19746506946092,6.511614516377449
446,433,1826200,landscape,latent,0,0.017999999225139618,0.01907859370112419,0.004391283013291611,0.0038938856153545582,flux_rejected,0.49216020818062867,6.530464164912701
447,434,1826200,landscape,tangent_direct,0,0.017999999225139618,0.019060205668210983,0.004404315584692293,0.00390172634639792,flux_rejected,0.4924919355004536,6.39934996701777
448,435,1826200,landscape,random_direct,0,0.017999999225139618,0.019060209393501282,0.011337756674301574,0.00862386939511309,ok,75.8710207323501,6.364761812612414
449,436,1826200,landscape,latent,0,0.024000000208616257,0.025450628250837326,0.005855051566935016,0.00519343346927231,flux_rejected,0.4800356619472739,5.657147396355867
450,437,1826200,landscape,tangent_direct,0,0.024000000208616257,0.02541361190378666,0.005872422127054785,0.005202301097290125,flux_rejected,0.47976030313079826,5.68629558943212
451,438,1826200,landscape,random_direct,0,0.024000000208616257,0.025413615629076958,0.015116999332186687,0.011498487511612168,ok,73.9086641551795,7.299304882064462
452,439,1826200,landscape,latent,0,0.029999999329447746,0.0318312793970108,0.0073215928673523644,0.006496225067144907,flux_rejected,0.4771791033809465,5.422234931960702
453,440,1826200,landscape,tangent_direct,0,0.029999999329447746,0.031767018139362335,0.007340525666118428,0.006502877686264847,flux_rejected,0.47700170822557375,5.545116867870092
454,441,1826200,landscape,random_direct,0,0.029999999329447746,0.031767018139362335,0.018896259937037873,0.014373113923400994,ok,69.47594869608119,7.446300223469734
455,442,1826200,landscape,latent,0,0.04500000178813934,0.04782998189330101,0.0110106200063689,0.009776759530721083,drift_rejected,0.37342816698904596,6.515662344172597
456,443,1826200,landscape,tangent_direct,0,0.04500000178813934,0.0476505272090435,0.011010787504140923,0.009754313469304977,drift_rejected,0.37522647432577944,6.467077538371086
457,444,1826200,landscape,random_direct,0,0.04500000178813934,0.0476505272090435,0.028344367423751002,0.021559660178568793,ok,39.83379313406377,7.409122217446566
458,445,1826200,landscape,latent,0,0.05999999865889549,0.06391257792711258,0.014751987054243654,0.01310866445298782,no_axis,0.11181714226491064,4.042754270136356
459,446,1826200,landscape,tangent_direct,0,0.05999999865889549,0.06353402882814407,0.01468104477817668,0.013005748790095022,no_axis,0.11172684012800421,3.947796633467078
460,447,1826200,landscape,random_direct,0,0.05999999865889549,0.06353402882814407,0.03779247252414904,0.028746203370337384,ok,21.89484782227468,7.243498874828219
461,448,1826200,landscape,latent,0,0.09000000357627869,0.09642214328050613,0.02250141299692543,0.020022579368013733,no_axis,0.11153557752270503,4.015161223709583
462,449,1826200,landscape,tangent_direct,0,0.09000000357627869,0.095301054418087,0.022021572788187813,0.019508628702896096,no_axis,0.1112580317870125,4.042611423879862
463,450,1826200,landscape,random_direct,0,0.09000000357627869,0.095301054418087,0.056688736957633296,0.0431193209004387,flux_rejected,0.46834336857589176,8.111626476049423
464,451,1826200,landscape,latent,0,0.11999999731779099,0.12958835065364838,0.03084418542987604,0.027472616082516544,no_axis,0.11119009536456625,3.9155375249683857
465,452,1826200,landscape,tangent_direct,0,0.11999999731779099,0.12706805765628815,0.029362095989051522,0.02601150238258801,no_axis,0.11073835165514341,4.014514643698931
466,453,1826200,landscape,random_direct,0,0.11999999731779099,0.12706805765628815,0.07558497064735484,0.057492419695498065,no_axis,0.10999875029467146,4.043194405734539
467,454,1826200,landscape,latent,0,0.18000000715255737,0.19924339652061462,0.05109390374466481,0.04544454048425707,drift_rejected,0.37110669569120436,7.3942587710917
468,455,1826200,landscape,tangent_direct,0,0.18000000715255737,0.190602108836174,0.04404313911515003,0.039017250746888936,no_axis,0.10966500899670349,3.915992135182023
469,456,1826200,landscape,random_direct,0,0.18000000715255737,0.1906021237373352,0.11337744130198926,0.08623862445646928,no_axis,0.10947254593848516,4.014448458328843
470,457,1826200,landscape,latent,0,0.23999999463558197,0.27497076988220215,0.07912985919909699,0.06989370764087674,ok,49.27677716338538,6.546839289367199
471,458,1826200,landscape,tangent_direct,0,0.23999999463558197,0.2541361153125763,0.05872419476865045,0.052023006746451425,drift_rejected,0.34280400232218766,6.181331867352128
472,459,1826200,landscape,random_direct,0,0.23999999463558197,0.2541361153125763,0.15116991559653978,0.11498482632005327,drift_rejected,0.33736686294197243,2.74102783203125
473,460,1826200,landscape,latent,1,-0.23999999463558197,0.2362297624349594,0.0935019129066604,0.07557403818333962,drift_rejected,0.334637934725874,2.8047476150095463
474,461,1826200,landscape,tangent_direct,1,-0.23999999463558197,0.20300869643688202,0.05839199665601241,0.04786428420381253,no_axis,0.10586137401700896,4.042015291750431
475,462,1826200,landscape,random_direct,1,-0.23999999463558197,0.20300866663455963,0.14873655473096353,0.11209702668502763,no_surface,0.29459422880592023,4.86991666816175
476,463,1826200,landscape,latent,1,-0.18000000715255737,0.1593635380268097,0.05431058414423049,0.0442916244911569,drift_rejected,0.3591925558006721,2.7389484643936157
477,464,1826200,landscape,tangent_direct,1,-0.18000000715255737,0.15225651860237122,0.043794004069101285,0.035898214994796465,no_axis,0.10784875913771122,4.014306254684925
478,465,1826200,landscape,random_direct,1,-0.18000000715255737,0.15225651860237122,0.11155238866102453,0.0840727550448995,drift_rejected,0.34123995792190154,2.8203914184123278
479,466,1826200,landscape,latent,1,-0.11999999731779099,0.10211306810379028,0.03213279901732225,0.02630811051238984,drift_rejected,0.3706791621520853,4.359314352273941
480,467,1826200,landscape,tangent_direct,1,-0.11999999731779099,0.10150434821844101,0.029195983080953194,0.02393213072869941,drift_rejected,0.37048047681670765,3.535241885110736
481,468,1826200,landscape,random_direct,1,-0.11999999731779099,0.10150433331727982,0.07436824886841192,0.056048496716914656,drift_rejected,0.35322118402758407,2.803265353664756
482,469,1826200,landscape,latent,1,-0.09000000357627869,0.07598969340324402,0.02327970724697589,0.019076731934821466,drift_rejected,0.3820695753919042,4.562235428020358
483,470,1826200,landscape,tangent_direct,1,-0.09000000357627869,0.0761282667517662,0.021897003682465752,0.017949110684525864,drift_rejected,0.38141016489226126,4.414070537313819
484,471,1826200,landscape,random_direct,1,-0.09000000357627869,0.07612825930118561,0.055776217634785526,0.04203639114075752,drift_rejected,0.36710231943547067,2.74154513143003
485,472,1826200,landscape,latent,1,-0.05999999865889549,0.05050675570964813,0.01512473583643453,0.012399281685347568,flux_rejected,0.48165207179460756,5.60014870390296
486,473,1826200,landscape,tangent_direct,1,-0.05999999865889549,0.050752174109220505,0.014597995012928598,0.011966068316220367,flux_rejected,0.48015196040583086,5.633304810151458
487,474,1826200,landscape,random_direct,1,-0.05999999865889549,0.050752170383930206,0.03718411594345285,0.028024242832337377,drift_rejected,0.3689501891502177,4.359411733224988
488,475,1826200,landscape,latent,1,-0.04500000178813934,0.037877656519412994,0.01122425127889296,0.009202374893217572,flux_rejected,0.48264716606531044,6.129970531910658
489,476,1826200,landscape,tangent_direct,1,-0.04500000178813934,0.038064129650592804,0.010948491260085472,0.008974547867998794,flux_rejected,0.48180968652988104,6.273447977378964
490,477,1826200,landscape,random_direct,1,-0.04500000178813934,0.038064129650592804,0.027888105296099596,0.021018193835483243,ok,71.04571129071263,4.7422178238630295
491,478,1826200,landscape,latent,1,-0.029999999329447746,0.025271791964769363,0.007413135084710257,0.006077801639917976,flux_rejected,0.4933660141495443,9.162837974727154
492,479,1826200,landscape,tangent_direct,1,-0.029999999329447746,0.025376085191965103,0.0072989880970276465,0.005983027016145577,flux_rejected,0.4922762297489974,9.095924774184823
493,480,1826200,landscape,random_direct,1,-0.029999999329447746,0.025376083329319954,0.018592053566838247,0.014012118050604993,ok,74.87249706317338,5.613232903182507
494,481,1826200,landscape,latent,1,-0.024000000208616257,0.020228562876582146,0.0059101587556448735,0.00484547999142422,ok,77.03017040617651,7.446860391646624
495,482,1826200,landscape,tangent_direct,1,-0.024000000208616257,0.02030087076127529,0.005839199420024579,0.004786429903627157,ok,77.06735946132241,7.2948585115373135
496,483,1826200,landscape,random_direct,1,-0.024000000208616257,0.020300867035984993,0.014873639267539951,0.01120969288195205,ok,76.51910891132788,6.363823737949133
497,484,1826200,landscape,latent,1,-0.017999999225139618,0.015181622467935085,0.004418027533968366,0.003622055713274075,ok,77.21503099074864,7.410722015425563
498,485,1826200,landscape,tangent_direct,1,-0.017999999225139618,0.015225651673972607,0.0043794056482226945,0.0035898244794073495,ok,77.25187080792621,7.445731723681092
499,486,1826200,landscape,random_direct,1,-0.017999999225139618,0.015225649811327457,0.011155219294925665,0.008407263267931238,ok,78.07492253995922,7.295317796990275
500,487,1826200,landscape,latent,1,-0.012000000104308128,0.010129276663064957,0.0029361789291168635,0.0024070937329133085,ok,77.39310787393971,7.243916533887386
501,488,1826200,landscape,tangent_direct,1,-0.012000000104308128,0.01015043631196022,0.0029196005098281893,0.0023932134200298754,ok,77.46415393174358,7.408979995176196
502,489,1826200,landscape,random_direct,1,-0.012000000104308128,0.010150435380637646,0.007436809190987114,0.005604841280310347,ok,79.65011271234623,7.444462217390537
503,490,1826200,landscape,latent,1,-0.008999999612569809,0.007600369397550821,0.0021988296272764437,0.0018025672075749229,ok,77.4572752318583,7.298619959503412
504,491,1826200,landscape,tangent_direct,1,-0.008999999612569809,0.007612826302647591,0.0021896970325496505,0.001794908288138388,ok,77.4535147648339,7.239874221384525
505,492,1826200,landscape,random_direct,1,-0.008999999612569809,0.007612826302647591,0.005577606285548537,0.004203628625803198,ok,80.66671827783425,7.408685948699713
506,493,1826200,landscape,latent,1,-0.006000000052154064,0.005069372709840536,0.0014636981366201295,0.0011999014516207132,ok,77.48333718526845,7.4464617650955915
507,494,1826200,landscape,tangent_direct,1,-0.006000000052154064,0.005075215827673674,0.0014597918449814147,0.0011966011574142202,ok,77.48336616780354,7.294649548828602
508,495,1826200,landscape,random_direct,1,-0.006000000052154064,0.005075215827673674,0.0037184040696945004,0.002802419903534181,ok,81.76965879083257,7.243531571701169
509,496,1826200,landscape,latent,1,-0.004000000189989805,0.0033807046711444855,0.0009748494463985385,0.0007991412837469472,ok,77.4836708700624,7.408753219991922
510,497,1826200,landscape,tangent_direct,1,-0.004000000189989805,0.003383479081094265,0.000973190570423696,0.0007977320808859734,ok,77.5058519885243,7.446651825681329
511,498,1826200,landscape,random_direct,1,-0.004000000189989805,0.003383478382602334,0.00247893736626363,0.0018682783588332848,ok,82.56600370963564,7.2937863599509
512,499,1826200,landscape,latent,1,-0.0020000000949949026,0.0016910077538341284,0.00048697450021855613,0.0003991997255482844,ok,77.52264291938505,7.242465136572719
513,500,1826200,landscape,tangent_direct,1,-0.0020000000949949026,0.0016917403554543853,0.00048660104648133964,0.0003988679538306505,ok,77.50237856865533,7.411222236230969
514,501,1826200,landscape,random_direct,1,-0.0020000000949949026,0.0016917409375309944,0.0012394714387141065,0.0009341424985007822,ok,83.40498469075123,6.544478081166744
515,502,1826200,landscape,latent,1,-0.0010000000474974513,0.0008456744253635406,0.0002433559467281463,0.0001994919979850964,ok,77.5181756621305,7.297246221452951
516,503,1826200,landscape,tangent_direct,1,-0.0010000000474974513,0.0008458696538582444,0.0002433011184230585,0.00019943314669654207,ok,77.50708102116225,7.240946829319
517,504,1826200,landscape,random_direct,1,-0.0010000000474974513,0.0008458700031042099,0.0006197193150819492,0.0004670603814615609,ok,77.37995421305182,7.408692279830575
518,414,1826200,landscape,latent,1,0.0,1.0436745867536956e-07,4.4640317867836566e-08,3.318825207861222e-08,ok,77.45093473726081,7.297652564942837
519,368,1826200,landscape,tangent_direct,1,0.0,0.0,0.0,0.0,ok,77.45633287793198,7.409609550610185
520,368,1826200,landscape,random_direct,1,0.0,0.0,0.0,0.0,ok,77.45633287793198,7.409609550610185
521,505,1826200,landscape,latent,1,0.0010000000474974513,0.000845864589791745,0.00024316102497679874,0.0001993143618158584,ok,77.45878494525226,7.445679908618331
522,506,1826200,landscape,tangent_direct,1,0.0010000000474974513,0.0008458696538582444,0.0002433044858566668,0.00019943838472525618,ok,77.46691921684639,7.29416124895215
523,507,1826200,landscape,random_direct,1,0.0010000000474974513,0.0008458700031042099,0.00061973439608208,0.00046707177561539195,ok,77.39039544575493,7.2428304720669985
524,508,1826200,landscape,latent,1,0.0020000000949949026,0.0016921564238145947,0.000486093569734674,0.00039845154346015624,ok,77.47832112819371,7.4133210107684135
525,509,1826200,landscape,tangent_direct,1,0.0020000000949949026,0.0016917403554543853,0.00048660874180721247,0.00039887397021276815,ok,77.45588699480896,7.445683985948563
526,510,1826200,landscape,random_direct,1,0.0020000000949949026,0.0016917410539463162,0.0012394778693840215,0.0009341474239581925,ok,77.22955794448993,7.295013947412372
527,511,1826200,landscape,latent,1,0.004000000189989805,0.0033856297377496958,0.0009712771277866169,0.0007961310350257702,ok,77.39821150192462,7.242410361766815
528,512,1826200,landscape,tangent_direct,1,0.004000000189989805,0.0033834795467555523,0.0009731994408195875,0.0007977412884697223,ok,77.39937088948133,7.412647191435099
529,513,1826200,landscape,random_direct,1,0.004000000189989805,0.0033834779169410467,0.0024789542372805266,0.001868289769235734,flux_rejected,0.48921770537879755,7.150531567633152
530,514,1826200,landscape,latent,1,0.006000000052154064,0.005080522503703833,0.001455626292483427,0.0011931084732506427,ok,77.39807128496106,7.318470176309347
531,515,1826200,landscape,tangent_direct,1,0.006000000052154064,0.005075216293334961,0.001459799113028249,0.0011966058387475774,ok,77.38376401188272,7.2446145713329315
532,516,1826200,landscape,random_direct,1,0.006000000052154064,0.005075216758996248,0.0037184141212061473,0.0028024269691498136,flux_rejected,0.4858299190648988,5.657042682170868
533,517,1826200,landscape,latent,1,0.008999999612569809,0.007625656668096781,0.0021805890880816493,0.0017872728022256497,ok,77.34000219201444,7.445514984428883
534,518,1826200,landscape,tangent_direct,1,0.008999999612569809,0.007612825371325016,0.0021897038825753833,0.0017949161470810276,ok,77.32057569551786,7.29503795877099
535,519,1826200,landscape,random_direct,1,0.008999999612569809,0.007612826302647591,0.005577625849015582,0.004203641671835811,flux_rejected,0.4803214606891804,5.311417913064361
536,520,1826200,landscape,latent,1,0.012000000104308128,0.010174287483096123,0.0029037420199102726,0.0023799012861064183,ok,77.26860659373668,7.410801433026791
537,521,1826200,landscape,tangent_direct,1,0.012000000104308128,0.01015043631196022,0.0029196067420495246,0.0023932204418623997,ok,77.28688233861351,7.444746820256114
538,522,1826200,landscape,random_direct,1,0.012000000104308128,0.010150435380637646,0.007436816669132809,0.00560484583698469,drift_rejected,0.3796400392346162,6.625679686665535
539,523,1826200,landscape,latent,1,0.017999999225139618,0.015283098444342613,0.0043449922282904965,0.003560840505472379,ok,83.32497546086573,6.36670058965683
540,524,1826200,landscape,tangent_direct,1,0.017999999225139618,0.015225652605295181,0.004379408394225318,0.0035898264597876866,ok,83.36405935146402,6.512352854013443
541,525,1826200,landscape,random_direct,1,0.017999999225139618,0.015225649811327457,0.01115525136285674,0.008407283147923342,no_axis,0.1114530251479637,4.043401574715972
542,526,1826200,landscape,latent,1,0.024000000208616257,0.020408887416124344,0.005779950622122538,0.004736366160576624,ok,83.09054255614103,6.411752264946699
543,527,1826200,landscape,tangent_direct,1,0.024000000208616257,0.02030087076127529,0.00583920041654473,0.004786428560399377,ok,83.10308390412524,6.366063646972179
544,528,1826200,landscape,random_direct,1,0.024000000208616257,0.020300867035984993,0.014873659003560271,0.011209705132691495,no_axis,0.11107244471615635,4.014737788587809
545,529,1826200,landscape,latent,1,0.029999999329447746,0.025553550571203232,0.007209183484531436,0.0059069121118372585,ok,82.85812322857709,6.544764153659344
546,530,1826200,landscape,tangent_direct,1,0.029999999329447746,0.025376085191965103,0.007298995172567766,0.005983032360006494,ok,82.89126778673102,6.410091903060675
547,531,1826200,landscape,random_direct,1,0.029999999329447746,0.025376083329319954,0.018592085406012867,0.014012137648209626,no_axis,0.11064268414527681,3.916072027757764
548,532,1826200,landscape,latent,1,0.04500000178813934,0.03851054608821869,0.010761202042302553,0.00881449550235357,ok,82.17057087238086,6.512290723621845
549,533,1826200,landscape,tangent_direct,1,0.04500000178813934,0.0380641333758831,0.010948498467203971,0.008974552130972542,ok,82.25816128281967,6.544551292434335
550,534,1826200,landscape,random_direct,1,0.04500000178813934,0.038064129650592804,0.02788811569832359,0.021018200290274867,no_axis,0.10958855589511536,3.947282748296857
551,535,1826200,landscape,latent,1,0.05999999865889549,0.051629438996315,0.014290849279422887,0.011701099943609097,ok,81.4361200502185,6.365297365933657
552,536,1826200,landscape,tangent_direct,1,0.05999999865889549,0.050752174109220505,0.014597999882929499,0.01196607265679632,ok,81.62356142643915,6.5148938447237015
553,537,1826200,landscape,random_direct,1,0.05999999865889549,0.050752170383930206,0.03718412970223662,0.028024251904045182,no_axis,0.1084202585625689,4.042263098061085
554,538,1826200,landscape,latent,1,0.09000000357627869,0.07851193100214005,0.02132482429255637,0.017443612300657756,ok,80.09994814925459,6.410237634554505
555,539,1826200,landscape,tangent_direct,1,0.09000000357627869,0.0761282667517662,0.021897011584208106,0.017949115192635312,ok,80.3527457648751,6.362706257030368
556,540,1826200,landscape,random_direct,1,0.09000000357627869,0.07612825930118561,0.05577622719277981,0.04203639591872191,no_axis,0.10572853973744203,4.0149451568722725
557,541,1826200,landscape,latent,1,0.11999999731779099,0.10662265866994858,0.028396039760276357,0.023203574660726853,ok,78.80648921600587,7.444835899397731
558,542,1826200,landscape,tangent_direct,1,0.11999999731779099,0.10150434076786041,0.029196004958133712,0.02393214652876916,ok,79.17071680058875,6.410255936905742
559,543,1826200,landscape,random_direct,1,0.11999999731779099,0.10150433331727982,0.07436826296901096,0.05604850668264355,no_axis,0.10111176067598303,3.91673768684268
560,544,1826200,landscape,latent,1,0.18000000715255737,0.16870665550231934,0.04294010739952069,0.03504316327447853,ok,75.0853313562008,6.510866349563003
561,545,1826200,landscape,tangent_direct,1,0.18000000715255737,0.15225651860237122,0.043794002247304106,0.035898216097825474,ok,77.05161086582534,7.444721797481179
562,546,1826200,landscape,random_direct,1,0.18000000715255737,0.15225651860237122,0.11155242097626705,0.08407277549763624,drift_rejected,0.3513801985184031,3.6212870441377163
563,547,1826200,landscape,latent,1,0.23999999463558197,0.24160265922546387,0.05843160131784927,0.04770333684683094,flux_rejected,0.46871185312701763,5.418437482789159
564,548,1826200,landscape,tangent_direct,1,0.23999999463558197,0.20300869643688202,0.058392002032181735,0.047864287580598075,ok,72.11420483421958,6.5102484449744225
565,549,1826200,landscape,random_direct,1,0.23999999463558197,0.20300868153572083,0.14873656340610514,0.11209703439318211,ok,5.597406464665367,3.984977478161454
566,550,1826200,landscape,latent,2,-0.23999999463558197,0.31784436106681824,0.13926075428904341,0.11538720238951486,flux_rejected,0.47790647826586535,8.603707939386368
567,551,1826200,landscape,tangent_direct,2,-0.23999999463558197,0.23761864006519318,0.1010176451476826,0.08603430735016114,drift_rejected,0.3767653501228787,7.7158126551657915
568,552,1826200,landscape,random_direct,2,-0.23999999463558197,0.23761864006519318,0.12361065880353643,0.10182869580380162,no_axis,0.10845751447277535,4.014965292066336
569,553,1826200,landscape,latent,2,-0.18000000715255737,0.2218836098909378,0.0965452400523628,0.08060145573866864,drift_rejected,0.36726953104209686,7.385009748861194
570,554,1826200,landscape,tangent_direct,2,-0.18000000715255737,0.17821399867534637,0.07576323061474527,0.06452572787773762,no_axis,0.11083411400497421,3.948357731103897
571,555,1826200,landscape,random_direct,2,-0.18000000715255737,0.17821399867534637,0.09270798769839039,0.07637151726509511,no_axis,0.10512693281103898,3.9147239439189434
572,556,1826200,landscape,latent,2,-0.11999999731779099,0.13357487320899963,0.05686854523121904,0.047992460916949954,flux_rejected,0.47710624830226733,10.758385758846998
573,557,1826200,landscape,tangent_direct,2,-0.11999999731779099,0.11880932003259659,0.05050883482024983,0.04301716082692898,ok,74.44033508480493,10.497567439451814
574,558,1826200,landscape,random_direct,2,-0.11999999731779099,0.11880932003259659,0.06180531934192803,0.05091434003804867,no_axis,0.10588878291226363,3.9474630150943995
575,559,1826200,landscape,latent,2,-0.09000000357627869,0.09608207643032074,0.040714133199338434,0.034479492238764835,ok,79.80944750007808,7.238172424957156
576,560,1826200,landscape,tangent_direct,2,-0.09000000357627869,0.08910699933767319,0.03788161240802245,0.03226286606316482,ok,79.46098629684302,7.409586984664202
577,561,1826200,landscape,random_direct,2,-0.09000000357627869,0.08910699188709259,0.046353995737999434,0.03818575694859758,no_axis,0.10788308993224344,4.041903603821993
578,562,1826200,landscape,latent,2,-0.05999999865889549,0.06202966347336769,0.026257002326380535,0.02229028941709279,ok,81.34605022415825,7.294762279838324
579,563,1826200,landscape,tangent_direct,2,-0.05999999865889549,0.05940466374158859,0.0252544151645869,0.02150857842838323,ok,81.16071678186591,7.241056935861707
580,564,1826200,landscape,random_direct,2,-0.05999999865889549,0.059404660016298294,0.030902667585786987,0.025457173568392676,no_axis,0.10990182971462772,4.014470890164375
581,565,1826200,landscape,latent,2,-0.04500000178813934,0.04591797664761543,0.01944475579832223,0.016522955906190084,ok,82.17291829221656,7.444187629967928
582,566,1826200,landscape,tangent_direct,2,-0.04500000178813934,0.044553499668836594,0.018940805713162444,0.016131429370158917,ok,82.04735760560803,7.294400740414858
583,567,1826200,landscape,random_direct,2,-0.04500000178813934,0.044553499668836594,0.02317698513706445,0.019092873410462237,no_axis,0.11075043819676395,3.915748303756118
584,568,1826200,landscape,latent,2,-0.029999999329447746,0.03026353381574154,0.01282682350192478,0.010908584747139797,ok,83.01183247012321,6.510892149060965
585,569,1826200,landscape,tangent_direct,2,-0.029999999329447746,0.029702328145503998,0.012627208837724785,0.010754290472779487,ok,82.9580215463638,6.543507732450962
586,570,1826200,landscape,random_direct,2,-0.029999999329447746,0.029702328145503998,0.01545132385226012,0.012728578523028816,no_axis,0.11143196864985534,3.947034751996398
587,571,1826200,landscape,latent,2,-0.024000000208616257,0.02410987578332424,0.010223426850909358,0.008697226855966519,ok,83.35943999512584,6.36109783500433
588,572,1826200,landscape,tangent_direct,2,-0.024000000208616257,0.023761864751577377,0.01010176413221949,0.00860343104425944,ok,83.31141634864463,6.509733535349369
589,573,1826200,landscape,random_direct,2,-0.024000000208616257,0.023761864751577377,0.012361059325330107,0.010182866410703947,no_axis,0.11167276660759509,4.041698509827256
590,574,1826200,landscape,latent,2,-0.017999999225139618,0.018010791391134262,0.007641260126473388,0.00650247095291963,ok,83.68007036100728,6.411946007981896
591,575,1826200,landscape,tangent_direct,2,-0.017999999225139618,0.01782139763236046,0.007576308618196418,0.006452563401813167,ok,83.6748552062401,6.360073767602444
592,576,1826200,landscape,random_direct,2,-0.017999999225139618,0.01782139576971531,0.009270780467010253,0.007637140112175828,drift_rejected,0.35255785249958316,5.551323164254427
593,577,1826200,landscape,latent,2,-0.012000000104308128,0.01196200866252184,0.005077949141270378,0.00432241777952787,ok,77.54900475330199,7.443082755431533
594,578,1826200,landscape,tangent_direct,2,-0.012000000104308128,0.011880932375788689,0.005050885317386443,0.004301716580975929,ok,77.59688495595027,7.293972792103887
595,579,1826200,landscape,random_direct,2,-0.012000000104308128,0.011880932375788689,0.006180532025590397,0.005091432669927546,drift_rejected,0.3884642450670333,4.701181141659617
596,580,1826200,landscape,latent,2,-0.008999999612569809,0.008955332450568676,0.0038027977964015624,0.0032374503233853686,ok,77.60705173171245,7.4088098630309105
597,581,1826200,landscape,tangent_direct,2,-0.008999999612569809,0.00891069695353508,0.0037881554666664057,0.003226284328670313,ok,77.60544998673657,7.444625983014703
598,582,1826200,landscape,random_direct,2,-0.008999999612569809,0.00891069881618023,0.004635407476510061,0.0038185780371293395,flux_rejected,0.4773938208090024,5.460274171084166
599,583,1826200,landscape,latent,2,-0.006000000052154064,0.00595966586843133,0.0025315333523914475,0.0021554655719892178,ok,77.60408455438565,7.238667251542211
600,584,1826200,landscape,tangent_direct,2,-0.006000000052154064,0.005940467119216919,0.0025254427290332007,0.002150858757431954,ok,77.64119105870022,7.418112311512232
601,585,1826200,landscape,random_direct,2,-0.006000000052154064,0.00594046525657177,0.0030902565221280543,0.0025457083842281027,flux_rejected,0.4933882593079064,6.417439853772521
602,586,1826200,landscape,latent,2,-0.004000000189989805,0.003968487959355116,0.0016860875510543644,0.001435750125414516,ok,77.54216883444155,7.294161029160023
603,587,1826200,landscape,tangent_direct,2,-0.004000000189989805,0.003960310015827417,0.0016836291427156243,0.0014339061688881745,ok,77.60455109881407,7.236564364284277
604,588,1826200,landscape,random_direct,2,-0.004000000189989805,0.003960311412811279,0.002060166679357746,0.0016971363915820798,flux_rejected,0.4962353929486201,7.172003569081426
605,589,1826200,landscape,latent,2,-0.0020000000949949026,0.0019819571170955896,0.0008422384066802567,0.0007172579866670541,ok,77.51715860328088,7.44459536857903
606,590,1826200,landscape,tangent_direct,2,-0.0020000000949949026,0.0019801573362201452,0.0008418120120464848,0.0007169494954362291,ok,77.52791066294259,7.2946382481604815
607,591,1826200,landscape,random_direct,2,-0.0020000000949949026,0.0019801557064056396,0.0010300740188596597,0.0008485633754033007,ok,77.35429801603475,7.237934121862054
608,592,1826200,landscape,latent,2,-0.0010000000474974513,0.0009904211619868875,0.00042094586976931326,0.0003584970976275715,ok,77.48874314847838,7.409872990101576
609,593,1826200,landscape,tangent_direct,2,-0.0010000000474974513,0.0009900785516947508,0.00042089856085510255,0.00035847180371408635,ok,77.4933544670808,7.445833716541529
610,594,1826200,landscape,random_direct,2,-0.0010000000474974513,0.0009900765726342797,0.0005150284674698196,0.0004242751020745776,ok,77.41278154718474,7.296301748603582
611,414,1826200,landscape,latent,2,0.0,1.0436745867536956e-07,4.4640317867836566e-08,3.318825207861222e-08,ok,77.45093473726081,7.297652564942837
612,368,1826200,landscape,tangent_direct,2,0.0,0.0,0.0,0.0,ok,77.45633287793198,7.409609550610185
613,368,1826200,landscape,random_direct,2,0.0,0.0,0.0,0.0,ok,77.45633287793198,7.409609550610185
614,595,1826200,landscape,latent,2,0.0010000000474974513,0.0009893678361549973,0.00042069336175087267,0.0003582990831652925,ok,77.41928810365904,7.2379598505795
615,596,1826200,landscape,tangent_direct,2,0.0010000000474974513,0.0009900785516947508,0.00042091708947710604,0.0003584823592381263,ok,77.45050342629862,7.410597268491983
616,597,1826200,landscape,random_direct,2,0.0010000000474974513,0.0009900765726342797,0.0005150388128216278,0.0004242845682492618,ok,77.42504839072542,7.446172766387463
617,598,1826200,landscape,latent,2,0.0020000000949949026,0.001977654406800866,0.0008408672061490939,0.0007162230829078114,ok,77.42560493977687,7.293949726969004
618,599,1826200,landscape,tangent_direct,2,0.0020000000949949026,0.0019801573362201452,0.0008418310077222542,0.0007169618773371996,ok,77.39767434303063,7.240682035684586
619,600,1826200,landscape,random_direct,2,0.0020000000949949026,0.0019801557064056396,0.0010300945431033028,0.0008485765728570929,ok,77.3901967790987,7.4130660481750965
620,601,1826200,landscape,latent,2,0.004000000189989805,0.003951080143451691,0.0016803866491350847,0.0014314199225156621,ok,77.36435178878678,7.4456632528454065
621,602,1826200,landscape,tangent_direct,2,0.004000000189989805,0.003960309084504843,0.0016836216849562095,0.0014339006557028743,ok,77.33848566086839,7.293174663558602
622,603,1826200,landscape,random_direct,2,0.004000000189989805,0.003960311412811279,0.0020601918348422356,0.0016971534468152637,ok,83.36720430110141,6.3617874924093485
623,604,1826200,landscape,latent,2,0.006000000052154064,0.005920412950217724,0.0025185073905294544,0.002145552601183716,ok,77.20051763189836,7.409615008160472
624,605,1826200,landscape,tangent_direct,2,0.006000000052154064,0.005940467119216919,0.0025254419734412285,0.002150858264421973,ok,77.18830773978188,7.44608068279922
625,606,1826200,landscape,random_direct,2,0.006000000052154064,0.005940464790910482,0.0030902741619939222,0.0025457206115962684,ok,82.93443509514324,6.41223512403667
626,607,1826200,landscape,latent,2,0.008999999612569809,0.008866896852850914,0.0037734276176639293,0.0032150411766329913,ok,77.04371028731082,7.241455106064677
627,608,1826200,landscape,tangent_direct,2,0.008999999612569809,0.00891069695353508,0.003788161955792747,0.0032262900529639806,ok,77.09043815537852,7.408883307129145
628,609,1826200,landscape,random_direct,2,0.008999999612569809,0.00891069881618023,0.00463541994702955,0.003818589865557571,ok,82.18131413058146,6.544601416215301
629,610,1826200,landscape,latent,2,0.012000000104308128,0.011804739944636822,0.005025652119748703,0.004282520897681585,ok,76.89023403520328,7.29668166488409
630,611,1826200,landscape,tangent_direct,2,0.012000000104308128,0.011880932375788689,0.0050509013377083994,0.004301726316752548,ok,76.89052679470274,7.242174876853824
631,612,1826200,landscape,random_direct,2,0.012000000104308128,0.011880932375788689,0.006180534866887114,0.005091435750678119,ok,81.60477761945687,6.510494083166122
632,613,1826200,landscape,latent,2,0.017999999225139618,0.017656125128269196,0.007522984436689503,0.006412265729339912,ok,76.5421240848523,7.446376584470272
633,614,1826200,landscape,tangent_direct,2,0.017999999225139618,0.01782139763236046,0.007576321015660295,0.006452570175794221,ok,76.55248200610491,7.294394055381417
634,615,1826200,landscape,random_direct,2,0.017999999225139618,0.01782139576971531,0.009270809659362438,0.00763715838470627,ok,80.23975996026755,6.366980981081724
635,616,1826200,landscape,latent,2,0.024000000208616257,0.023477613925933838,0.010012213650039155,0.008536167229416008,ok,76.33495957964809,7.4120483584702015
636,617,1826200,landscape,tangent_direct,2,0.024000000208616257,0.023761864751577377,0.010101765874549331,0.008603434520699496,ok,76.36138306819342,7.445660695433617
637,618,1826200,landscape,random_direct,2,0.024000000208616257,0.023761864751577377,0.012361081914239349,0.010182880842722935,ok,78.99594226419387,6.410751054063439
638,619,1826200,landscape,latent,2,0.029999999329447746,0.029272163286805153,0.01249463505034629,0.010655347295642893,ok,75.95918333627615,7.244812602177262
639,620,1826200,landscape,tangent_direct,2,0.029999999329447746,0.029702328145503998,0.012627209802888057,0.01075429029990703,ok,76.005222032001,7.410038137808442
640,621,1826200,landscape,random_direct,2,0.029999999329447746,0.029702328145503998,0.015451338290703968,0.01272859052905842,ok,77.68073159197658,6.545088632032275
641,622,1826200,landscape,latent,2,0.04500000178813934,0.043659523129463196,0.018681318206852666,0.015941520978237745,ok,75.09235331793779,6.412469068542123
642,623,1826200,landscape,tangent_direct,2,0.04500000178813934,0.044553499668836594,0.01894079208237803,0.016131420820524482,ok,75.2536968754582,6.36731231957674
643,624,1826200,landscape,random_direct,2,0.04500000178813934,0.044553499668836594,0.023177000430151744,0.019092886398974874,ok,74.16510954727441,5.613109949976206
644,625,1826200,landscape,latent,2,0.05999999865889549,0.057941265404224396,0.02485844457599532,0.021226383792548275,ok,74.1288716768726,8.696668017655611
645,626,1826200,landscape,tangent_direct,2,0.05999999865889549,0.059404660016298294,0.02525441421332767,0.021508576627701066,ok,74.32317743228894,6.413865277543664
646,627,1826200,landscape,random_direct,2,0.05999999865889549,0.059404660016298294,0.030902674335011322,0.02545717931232793,ok,70.88321351067088,4.610192414373159
647,628,1826200,landscape,latent,2,0.09000000357627869,0.08637063950300217,0.037279278897369005,0.03187376846283935,ok,72.17267161236249,5.614361457526684
648,629,1826200,landscape,tangent_direct,2,0.09000000357627869,0.08910699933767319,0.03788160840630022,0.0322628608611085,ok,72.75639738074784,5.642808368429542
649,630,1826200,landscape,random_direct,2,0.09000000357627869,0.08910699188709259,0.04635400644369964,0.03818576550612245,drift_rejected,0.35617457313506173,2.765070516616106
650,631,1826200,landscape,latent,2,0.11999999731779099,0.11497042328119278,0.04997870558471804,0.04278743822547319,ok,70.0247033221929,4.610071202740073
651,632,1826200,landscape,tangent_direct,2,0.11999999731779099,0.11880932003259659,0.050508830481940686,0.04301715885443315,ok,71.10487934604056,5.614962426945567
652,633,1826200,landscape,random_direct,2,0.11999999731779099,0.11880932003259659,0.061805329307323964,0.05091434872985601,drift_rejected,0.33819104742923195,2.821963807567954
653,634,1826200,landscape,latent,2,0.18000000715255737,0.17546091973781586,0.07786591044136308,0.06683855543062868,flux_rejected,0.38779389404489134,4.950817560777068
654,635,1826200,landscape,tangent_direct,2,0.18000000715255737,0.17821399867534637,0.07576322971677264,0.06452572658648362,flux_rejected,0.42008236078478944,8.931562623009086
655,636,1826200,landscape,random_direct,2,0.18000000715255737,0.17821399867534637,0.0927080037588932,0.07637152987454694,no_surface,0.3045639488686315,4.942553389817476
656,637,1826200,landscape,latent,2,0.23999999463558197,0.2653399109840393,0.12836577656495715,0.11039337933321282,drift_rejected,0.34275083328897404,2.8212811276316643
657,638,1826200,landscape,tangent_direct,2,0.23999999463558197,0.23761864006519318,0.10101764396899944,0.08603430493680343,flux_rejected,0.36392851574686236,6.952499000355601
658,639,1826200,landscape,random_direct,2,0.23999999463558197,0.23761864006519318,0.12361066067103516,0.10182869776132863,no_axis,0.10304034100733833,3.9172393046319485
659,640,1826200,landscape,latent,3,-0.23999999463558197,0.30262643098831177,0.1370190400296444,0.12318780665182787,drift_rejected,0.3365420246716033,7.345202358439565
660,641,1826200,landscape,tangent_direct,3,-0.23999999463558197,0.2490168809890747,0.08193224412900876,0.07083466919732231,ok,68.30591949682712,4.742139935493469
661,642,1826200,landscape,random_direct,3,-0.23999999463558197,0.2490168809890747,0.14306602314168015,0.1128071513845815,no_axis,0.10357353541706259,3.9471890684217215
662,643,1826200,landscape,latent,3,-0.18000000715255737,0.22019550204277039,0.0980595700562953,0.08904137115867182,drift_rejected,0.3620740559122474,4.035620937123895
663,644,1826200,landscape,tangent_direct,3,-0.18000000715255737,0.18676267564296722,0.061449188385361175,0.05312600431202342,ok,73.6597635938903,4.715810416266322
664,645,1826200,landscape,random_direct,3,-0.18000000715255737,0.18676267564296722,0.10729952685770001,0.08460537271603792,no_axis,0.10161767417313541,4.043004767969251
665,646,1826200,landscape,latent,3,-0.11999999731779099,0.13168567419052124,0.05258427988837237,0.046931157758755976,flux_rejected,0.44539889837415925,5.2405984085053205
666,647,1826200,landscape,tangent_direct,3,-0.11999999731779099,0.12450844049453735,0.040966126496194896,0.035417337102393476,ok,70.45930316392302,6.3640260100364685
667,648,1826200,landscape,random_direct,3,-0.11999999731779099,0.12450843304395676,0.07153300325665489,0.05640357028169015,no_axis,0.10087742916714984,4.01470784470439
668,649,1826200,landscape,latent,3,-0.09000000357627869,0.09497281163930893,0.03551687005625596,0.03133294603290393,flux_rejected,0.48312795244217394,6.306275932118297
669,650,1826200,landscape,tangent_direct,3,-0.09000000357627869,0.09338134527206421,0.030724588729286233,0.026563001759364106,ok,72.0494959555481,6.411595994606614
670,651,1826200,landscape,random_direct,3,-0.09000000357627869,0.09338133782148361,0.05364976714482924,0.04230268897966183,no_axis,0.10350815076356666,3.9156774412840605
671,652,1826200,landscape,latent,3,-0.05999999865889549,0.06220371648669243,0.022078524064993638,0.019301154193053935,flux_rejected,0.48619088136689026,7.110313601791859
672,653,1826200,landscape,tangent_direct,3,-0.05999999865889549,0.06225422024726868,0.020483061243275483,0.017708667998938398,ok,73.59442101345981,6.543837150558829
673,654,1826200,landscape,random_direct,3,-0.05999999865889549,0.06225422024726868,0.03576651085368174,0.028201792414313344,no_surface,0.33866574517010445,2.769056783989072
674,655,1826200,landscape,latent,3,-0.04500000178813934,0.0464925616979599,0.016145423840614945,0.014063981826475985,ok,74.44799307900179,7.2425796110183
675,656,1826200,landscape,tangent_direct,3,-0.04500000178813934,0.046690668910741806,0.015362288146778556,0.013281496818718395,ok,74.53866990759064,7.409938488155603
676,657,1826200,landscape,random_direct,3,-0.04500000178813934,0.046690668910741806,0.02682489111812957,0.021151347810952792,drift_rejected,0.36480964950605066,3.6404664143919945
677,658,1826200,landscape,latent,3,-0.029999999329447746,0.030971040949225426,0.010545702540957061,0.009158538157749575,ok,75.45856883280884,7.29472535662353
678,659,1826200,landscape,tangent_direct,3,-0.029999999329447746,0.031127111986279488,0.010241530922787305,0.008854331708449013,ok,75.51114459019368,7.241419356316328
679,660,1826200,landscape,random_direct,3,-0.029999999329447746,0.03112710826098919,0.017883262751317013,0.014100898332062796,ok,74.78914434424748,5.612693376839161
680,661,1826200,landscape,latent,3,-0.024000000208616257,0.024785064160823822,0.008377431851978005,0.007267748266532158,ok,75.8681014652846,7.445101659744978
681,662,1826200,landscape,tangent_direct,3,-0.024000000208616257,0.02490168809890747,0.008193225744863664,0.007083467580521345,ok,75.92129602948938,7.296138713136315
682,663,1826200,landscape,random_direct,3,-0.024000000208616257,0.02490168996155262,0.0143066093945385,0.011280720906815044,ok,76.61695625683495,7.242096543312073
683,664,1826200,landscape,latent,3,-0.017999999225139618,0.018601123243570328,0.006242702288282019,0.00541044871711211,ok,76.31438699998968,7.409444220364094
684,665,1826200,landscape,tangent_direct,3,-0.017999999225139618,0.018676264211535454,0.006144907844393923,0.00531259388741831,ok,76.30989619429073,7.444210035726428
685,666,1826200,landscape,random_direct,3,-0.017999999225139618,0.018676264211535454,0.01072997082800766,0.008460548359565266,ok,78.36270990566001,7.2959818206727505
686,667,1826200,landscape,latent,3,-0.012000000104308128,0.012412888929247856,0.00413729502576299,0.0035824466983198832,ok,76.73285576393471,7.2415498327463865
687,668,1826200,landscape,tangent_direct,3,-0.012000000104308128,0.012450844049453735,0.004096625114197666,0.0035417410159449708,ok,76.74461887182645,7.408896593376994
688,669,1826200,landscape,random_direct,3,-0.012000000104308128,0.01245084498077631,0.007153297569840449,0.005640359953658195,ok,79.98931813273745,6.544499846175313
689,670,1826200,landscape,latent,3,-0.008999999612569809,0.009315190836787224,0.003094410132241412,0.002678264480195844,ok,76.92934646805882,7.297386225312948
690,671,1826200,landscape,tangent_direct,3,-0.008999999612569809,0.009338133037090302,0.003072459214088086,0.002656300503631397,ok,76.95506583208905,7.242117187008262
691,672,1826200,landscape,random_direct,3,-0.008999999612569809,0.009338131174445152,0.005364989778789966,0.004230276867065751,ok,80.99347807568887,6.5115899834781885
692,673,1826200,landscape,latent,3,-0.006000000052154064,0.0062143332324922085,0.002057564366247417,0.0017801030806958139,ok,77.1283909441252,7.4442807994782925
693,674,1826200,landscape,tangent_direct,3,-0.006000000052154064,0.006225423887372017,0.0020483026461483905,0.0017708620703195223,ok,77.13716098301884,7.295222142711282
694,675,1826200,landscape,random_direct,3,-0.006000000052154064,0.006225420627743006,0.0035766595069846164,0.0028201850092726593,ok,81.95256585583583,6.367204612120986
695,676,1826200,landscape,latent,3,-0.004000000189989805,0.0041449107229709625,0.001369427389629809,0.0011844368038809434,ok,77.24990111968033,7.409921294078231
696,677,1826200,landscape,tangent_direct,3,-0.004000000189989805,0.0041502793319523335,0.0013655319179000285,0.001180574529126,ok,77.27537114237455,7.44442948885262
697,678,1826200,landscape,random_direct,3,-0.004000000189989805,0.004150280728936195,0.0023844379945457844,0.0018801249850620807,ok,82.65902554119636,6.411767203360796
698,679,1826200,landscape,latent,3,-0.0020000000949949026,0.0020735226571559906,0.0006836277158391095,0.0005911133031145818,ok,77.36879646214983,7.242103844881058
699,680,1826200,landscape,tangent_direct,3,-0.0020000000949949026,0.00207514432258904,0.0006827852665814728,0.0005902995503513478,ok,77.3854435846448,7.409316940233111
700,681,1826200,landscape,random_direct,3,-0.0020000000949949026,0.0020751410629600286,0.0011922240957950325,0.000940065364957646,ok,76.90305847228927,7.444864450022578
701,682,1826200,landscape,latent,3,-0.0010000000474974513,0.0010370590025559068,0.0003415211515354467,0.0002952739779274847,ok,77.4309766012925,7.294826099649072
702,683,1826200,landscape,tangent_direct,3,-0.0010000000474974513,0.0010375702986493707,0.0003413910363576958,0.0002951475278721804,ok,77.41233887926633,7.244290670379996
703,684,1826200,landscape,random_direct,3,-0.0010000000474974513,0.0010375709971413016,0.0005961127272469802,0.0004700346435355169,ok,77.201862123735,7.409534195438027
704,414,1826200,landscape,latent,3,0.0,1.0436745867536956e-07,4.4640317867836566e-08,3.318825207861222e-08,ok,77.45093473726081,7.297652564942837
705,368,1826200,landscape,tangent_direct,3,0.0,0.0,0.0,0.0,ok,77.45633287793198,7.409609550610185
706,368,1826200,landscape,random_direct,3,0.0,0.0,0.0,0.0,ok,77.45633287793198,7.409609550610185
707,685,1826200,landscape,latent,3,0.0010000000474974513,0.00103757216129452,0.0003409360055750207,0.0002947016695202591,ok,77.55192247889049,7.444479571655393
708,686,1826200,landscape,tangent_direct,3,0.0010000000474974513,0.0010375702986493707,0.0003413898790031051,0.00029514691877943804,ok,77.51498581372407,7.294154720380902
709,687,1826200,landscape,random_direct,3,0.0010000000474974513,0.0010375709971413016,0.000596089257284451,0.0004700153171087335,ok,77.62418690063521,7.243064036592841
710,688,1826200,landscape,latent,3,0.0020000000949949026,0.0020757808815687895,0.0006813672572302855,0.000588897343119259,ok,77.59593762593978,7.423328727483749
711,689,1826200,landscape,tangent_direct,3,0.0020000000949949026,0.00207514432258904,0.0006827852552877159,0.0005902989550861366,ok,77.54145867172426,7.4453052915632725
712,690,1826200,landscape,random_direct,3,0.0020000000949949026,0.0020751410629600286,0.0011922241710291227,0.0009400632501290624,ok,77.64416342670708,7.294767180457711
713,691,1826200,landscape,latent,3,0.004000000189989805,0.004154224880039692,0.0013607064270961201,0.001175745352651434,ok,77.59713287221456,7.2427628599107265
714,692,1826200,landscape,tangent_direct,3,0.004000000189989805,0.0041502793319523335,0.0013655209800105754,0.0011805701540603618,ok,77.62093880322685,7.419984659180045
715,693,1826200,landscape,random_direct,3,0.004000000189989805,0.004150280728936195,0.002384416437321818,0.0018801054352484987,flux_rejected,0.49516753843625105,7.206884052604437
716,694,1826200,landscape,latent,3,0.006000000052154064,0.006235341541469097,0.002038207567985622,0.0017607219588510498,ok,77.6227912846282,7.298894386738539
717,695,1826200,landscape,tangent_direct,3,0.006000000052154064,0.006225422956049442,0.002048296053419928,0.0017708606151295029,ok,77.67273497575687,7.242460235953331
718,696,1826200,landscape,random_direct,3,0.006000000052154064,0.006225420627743006,0.0035766405138741085,0.002820169750069928,flux_rejected,0.4782955439878027,5.7178055960685015
719,697,1826200,landscape,latent,3,0.008999999612569809,0.009362572804093361,0.003050955716040322,0.0026347025280601174,ok,77.63419874484215,7.446533428505063
720,698,1826200,landscape,tangent_direct,3,0.008999999612569809,0.009338133037090302,0.0030724594331713595,0.002656299522014133,ok,77.62343548592027,7.294389242306352
721,699,1826200,landscape,random_direct,3,0.008999999612569809,0.009338131174445152,0.005364959975165261,0.00423025540440316,drift_rejected,0.38771343790399854,4.707487676292658
722,700,1826200,landscape,latent,3,0.012000000104308128,0.012496979907155037,0.00406002610478001,0.0035049323220607952,ok,77.52370978493381,7.4102728217840195
723,701,1826200,landscape,tangent_direct,3,0.012000000104308128,0.012450844049453735,0.0040966050147509874,0.0035417284474358796,ok,77.53568079114599,7.44593314640224
724,702,1826200,landscape,random_direct,3,0.012000000104308128,0.01245084498077631,0.007153291632110232,0.005640352417553004,drift_rejected,0.3851271156162644,6.571357514709234
725,703,1826200,landscape,latent,3,0.017999999225139618,0.01878964714705944,0.0060678951431067845,0.005235045515302799,ok,77.29705354797237,7.244889108464122
726,704,1826200,landscape,tangent_direct,3,0.017999999225139618,0.018676262348890305,0.0061449064386421975,0.005312590058582674,ok,77.23918306887414,7.410907797515392
727,705,1826200,landscape,random_direct,3,0.017999999225139618,0.018676264211535454,0.01072993659061329,0.00846052443083335,no_axis,0.11161123999526706,4.042611135169864
728,706,1826200,landscape,latent,3,0.024000000208616257,0.025118300691246986,0.008064362394981955,0.006953495966554194,ok,76.94298419213457,7.307767791673541
729,707,1826200,landscape,tangent_direct,3,0.024000000208616257,0.02490168809890747,0.008193206949288833,0.007083456574038627,ok,76.92779271967066,7.2429978884756565
730,708,1826200,landscape,random_direct,3,0.024000000208616257,0.02490168996155262,0.014306602489230505,0.011280714892099279,no_axis,0.11130321444987908,4.014319084584713
731,709,1826200,landscape,latent,3,0.029999999329447746,0.03148749843239784,0.010051602199555205,0.008662417725973355,ok,76.56479529253141,7.445098627358675
732,710,1826200,landscape,tangent_direct,3,0.029999999329447746,0.031127113848924637,0.01024153646127369,0.008854334071501503,ok,76.54961569353024,7.295623518526554
733,711,1826200,landscape,random_direct,3,0.029999999329447746,0.03112710826098919,0.017883236700296037,0.014100879780164506,no_axis,0.11095111858081164,3.9165684562176466
734,712,1826200,landscape,latent,3,0.04500000178813934,0.04761962592601776,0.01499296833649101,0.012906029960861137,ok,81.58855298092905,6.510420046746731
735,713,1826200,landscape,tangent_direct,3,0.04500000178813934,0.046690668910741806,0.015362293277111702,0.013281500429724697,ok,81.58178000257996,6.543641122058034
736,714,1826200,landscape,random_direct,3,0.04500000178813934,0.046690668910741806,0.026824864696876213,0.02115133171517704,no_axis,0.11006771698983975,3.948704082518816
737,715,1826200,landscape,latent,3,0.05999999865889549,0.06410761922597885,0.01991971043952863,0.017130953743006223,ok,80.5563010785828,6.3646488431841135
738,716,1826200,landscape,tangent_direct,3,0.05999999865889549,0.062254223972558975,0.02048306620123629,0.01770867020013285,ok,80.54229946213752,6.511946367099881
739,717,1826200,landscape,random_direct,3,0.05999999865889549,0.06225422024726868,0.035766492916068586,0.02820177681050777,drift_rejected,0.3652726013639028,7.1068164575845
740,718,1826200,landscape,latent,3,0.09000000357627869,0.09843407571315765,0.02983195457118614,0.025620217538396075,ok,78.65113791980494,6.4109321646392345
741,719,1826200,landscape,tangent_direct,3,0.09000000357627869,0.09338133782148361,0.030724596097115725,0.02656300300819577,ok,78.67676024963436,6.366751713678241
742,720,1826200,landscape,random_direct,3,0.09000000357627869,0.09338133782148361,0.05364973007195939,0.04230266345168293,ok,46.28220554428769,5.614386614412069
743,721,1826200,landscape,latent,3,0.11999999731779099,0.1350012868642807,0.039960655678982875,0.03428826525442782,ok,76.89521054654725,6.544367421418428
744,722,1826200,landscape,tangent_direct,3,0.11999999731779099,0.12450844049453735,0.040966123330024314,0.03541733350928693,ok,77.09545478269825,6.411038188263774
745,723,1826200,landscape,random_direct,3,0.11999999731779099,0.12450844049453735,0.07153299464678034,0.05640356185526889,ok,37.5767822583736,5.486928842961788
746,724,1826200,landscape,latent,3,0.18000000715255737,0.2166309356689453,0.0613668476231927,0.052603619306910425,ok,72.63853485013864,6.514241859316826
747,725,1826200,landscape,tangent_direct,3,0.18000000715255737,0.18676267564296722,0.06144917159668935,0.0531259970581732,ok,74.60385150175246,6.56487362831831
748,726,1826200,landscape,random_direct,3,0.18000000715255737,0.18676267564296722,0.10729949014567104,0.08460534779548316,ok,15.442291352216204,5.530821483582258
749,727,1826200,landscape,latent,3,0.23999999463558197,0.3120502531528473,0.085643983553584,0.07334253681003315,ok,72.318140947104,4.888898257166147
750,728,1826200,landscape,tangent_direct,3,0.23999999463558197,0.2490168809890747,0.08193224896123145,0.0708346714584768,ok,66.33043180590023,7.412270782515407
751,729,1826200,landscape,random_direct,3,0.23999999463558197,0.2490168809890747,0.14306599050226615,0.11280712920122109,ok,6.925180780577034,4.7452998124063015
752,730,2419096,source_raw,,,,,2.383191797912103e-08,2.7832968671770665e-08,ok,88.0429918459104,7.50994617678225
753,731,2419096,source_flipped,,,,,0.0,0.0,ok,88.0490697803354,7.462697256356478
754,732,2419096,source_canonical,,,,,2.2633104884166635e-08,2.6650848750397724e-08,ok,87.93420978509793,5.235040033236146
755,733,2419096,reconstruction,,,,0.0,0.0,0.0,ok,88.05487424452532,7.676254168152809
756,734,2419096,landscape,latent,0,-0.23999999463558197,0.2391924113035202,0.03995577118268983,0.041739507805037115,flux_rejected,0.4862393772815389,6.997993730008602
757,735,2419096,landscape,tangent_direct,0,-0.23999999463558197,0.2087671309709549,0.03212409388080959,0.03446763807887482,drift_rejected,0.35767042710622143,7.150906454771757
758,736,2419096,landscape,random_direct,0,-0.23999999463558197,0.2087671160697937,0.12652604347731217,0.12208701733418029,no_axis,0.10297387646419134,4.5237469505518675
759,737,2419096,landscape,latent,0,-0.18000000715255737,0.16824090480804443,0.028140573751192985,0.02930228843041348,drift_rejected,0.3883663099063454,6.227305551990867
760,738,2419096,landscape,tangent_direct,0,-0.18000000715255737,0.15657535195350647,0.02409305424744122,0.02585071425978505,drift_rejected,0.3770780687999804,7.324322268366814
761,739,2419096,landscape,random_direct,0,-0.18000000715255737,0.15657535195350647,0.09489452926244941,0.09156526025002366,no_axis,0.10472516129216487,4.412205155938864
762,740,2419096,landscape,latent,0,-0.11999999731779099,0.10707204043865204,0.017479049565844573,0.01825163240390404,drift_rejected,0.3880633092012004,6.193755364045501
763,741,2419096,landscape,tangent_direct,0,-0.11999999731779099,0.10438356548547745,0.016062040340787204,0.017233812710467537,drift_rejected,0.3844440315842754,7.913120122626424
764,742,2419096,landscape,random_direct,0,-0.11999999731779099,0.10438355803489685,0.06326301168204929,0.0610435001044054,no_axis,0.10445654556194726,4.449560008943081
765,743,2419096,landscape,latent,0,-0.09000000357627869,0.07898587733507156,0.012674643725293182,0.013283278455015087,drift_rejected,0.3889111838874417,8.391644179821014
766,744,2419096,landscape,tangent_direct,0,-0.09000000357627869,0.07828767597675323,0.012046530336576019,0.012925361519595368,drift_rejected,0.38547862940697314,5.89031545445323
767,745,2419096,landscape,random_direct,0,-0.09000000357627869,0.07828767597675323,0.04744726228543191,0.04578262669345601,no_axis,0.10541007533479221,4.557169139385223
768,746,2419096,landscape,latent,0,-0.05999999865889549,0.05208945274353027,0.008210730406089044,0.008653104979662183,drift_rejected,0.38673398431543193,6.455569352954626
769,747,2419096,landscape,tangent_direct,0,-0.05999999865889549,0.052191782742738724,0.00803101877215451,0.008616905769495404,drift_rejected,0.3869088150711902,6.053050255402923
770,748,2419096,landscape,random_direct,0,-0.05999999865889549,0.052191779017448425,0.03163150232280246,0.03052174581338817,no_axis,0.10835138186216141,4.524825274944305
771,749,2419096,landscape,latent,0,-0.04500000178813934,0.03895623981952667,0.006089944483159294,0.006441273655651076,drift_rejected,0.38701108659192757,6.59467089548707
772,750,2419096,landscape,tangent_direct,0,-0.04500000178813934,0.03914383798837662,0.006023259962339214,0.006462673948428994,drift_rejected,0.38639973864455046,6.454755088314414
773,751,2419096,landscape,random_direct,0,-0.04500000178813934,0.03914383426308632,0.02372363685119768,0.022891314363257132,no_axis,0.11002674823313048,4.410813381895423
774,752,2419096,landscape,latent,0,-0.029999999329447746,0.025949055328965187,0.004027349220466939,0.004277567460888408,drift_rejected,0.38754669458177243,6.676625808700919
775,753,2419096,landscape,tangent_direct,0,-0.029999999329447746,0.026095891371369362,0.00401549191373245,0.004308436789264703,drift_rejected,0.3874616437354172,6.592580387368798
776,754,2419096,landscape,random_direct,0,-0.029999999329447746,0.026095889508724213,0.01581576951371106,0.01526088707459993,drift_rejected,0.3404991635399383,5.403337597846985
777,755,2419096,landscape,latent,0,-0.024000000208616257,0.020765069872140884,0.0032148174213290095,0.0034208331725197644,drift_rejected,0.3872973150553391,6.644530089572072
778,756,2419096,landscape,tangent_direct,0,-0.024000000208616257,0.020876716822385788,0.0032124076824286674,0.003446761855709214,drift_rejected,0.3873535054145438,6.797669297084212
779,757,2419096,landscape,random_direct,0,-0.024000000208616257,0.02087671123445034,0.012652614081645218,0.01220870875503141,drift_rejected,0.3685523816154015,6.85164743475616
780,758,2419096,landscape,latent,0,-0.017999999225139618,0.015583918429911137,0.0024074401760912543,0.0025666659523357963,drift_rejected,0.3874028776186407,6.693881094455719
781,759,2419096,landscape,tangent_direct,0,-0.017999999225139618,0.015657534822821617,0.0024093086844146024,0.002585070922892801,drift_rejected,0.38762283153723137,6.6443863324820995
782,760,2419096,landscape,random_direct,0,-0.017999999225139618,0.015657534822821617,0.009489437733779658,0.009156513010497047,drift_rejected,0.36825910473732454,5.128450781106949
783,761,2419096,landscape,latent,0,-0.012000000104308128,0.010400138795375824,0.0016036584412485086,0.0017131783641638643,drift_rejected,0.3875903779263397,7.079780962318182
784,762,2419096,landscape,tangent_direct,0,-0.012000000104308128,0.010438354685902596,0.001606187304902938,0.0017233688347917336,drift_rejected,0.387334190247964,6.933133060112596
785,763,2419096,landscape,random_direct,0,-0.012000000104308128,0.010438359342515469,0.006326306567197903,0.006104353239972932,ok,49.53260739380903,7.133372873067856
786,764,2419096,landscape,latent,0,-0.008999999612569809,0.007805282715708017,0.001202590029122019,0.0012860615992815955,drift_rejected,0.3876908750446462,7.0421098209917545
787,765,2419096,landscape,tangent_direct,0,-0.008999999612569809,0.007828768342733383,0.001204644960430898,0.0012925283180082205,drift_rejected,0.3875064426650882,7.079773869365454
788,766,2419096,landscape,random_direct,0,-0.008999999612569809,0.007828767411410809,0.004744729090637532,0.004578264237320562,ok,68.04749882345519,6.226206677034497
789,767,2419096,landscape,latent,0,-0.006000000052154064,0.0052075800485908985,0.0008018238915110956,0.0008583865506322733,drift_rejected,0.38738083644512894,6.947132337838411
790,768,2419096,landscape,tangent_direct,0,-0.006000000052154064,0.005219179671257734,0.0008030872287975326,0.0008616781416608562,drift_rejected,0.38726657535589354,7.1032373532652855
791,769,2419096,landscape,random_direct,0,-0.006000000052154064,0.005219177808612585,0.003163131509624136,0.0030521594481169602,ok,71.0992022224425,6.239127214998007
792,770,2419096,landscape,latent,0,-0.004000000189989805,0.0034736760426312685,0.0005346224604647299,0.0005727445178446393,ok,87.89928517962517,5.150879219174385
793,771,2419096,landscape,tangent_direct,0,-0.004000000189989805,0.0034794542007148266,0.0005353957191196696,0.0005744540499687095,ok,87.88743447508348,5.114815479144454
794,772,2419096,landscape,random_direct,0,-0.004000000189989805,0.003479454666376114,0.0021087552025488843,0.002034772342020025,ok,74.92336257092298,6.021264959126711
795,773,2419096,landscape,latent,0,-0.0020000000949949026,0.0017380088102072477,0.0002674097823837986,0.0002866867498204344,ok,87.92079745738798,5.261205492541194
796,774,2419096,landscape,tangent_direct,0,-0.0020000000949949026,0.001739727915264666,0.00026769272192235505,0.0002872231807935457,ok,87.93828093297968,5.1517259404063225
797,775,2419096,landscape,random_direct,0,-0.0020000000949949026,0.001739725936204195,0.0010543755618290967,0.00101738388970107,ok,81.18804084909509,5.65010485984385
798,776,2419096,landscape,latent,0,-0.0010000000474974513,0.000869269366376102,0.00013370040515945695,0.00014339662096760715,ok,87.94324667276321,5.230568123981357
799,777,2419096,landscape,tangent_direct,0,-0.0010000000474974513,0.0008698632591404021,0.00013384846299170378,0.00014361405067826256,ok,87.93765654548599,5.262110287323594
800,778,2419096,landscape,random_direct,0,-0.0010000000474974513,0.0008698640740476549,0.0005271786212738574,0.0005086841997991781,ok,87.44127662562087,5.151324231177568
801,779,2419096,landscape,latent,0,0.0,1.0723327648065606e-07,2.492013707629625e-08,2.9343866312690466e-08,ok,88.06022839828958,5.11257872544229
802,733,2419096,landscape,tangent_direct,0,0.0,0.0,0.0,0.0,ok,88.05487424452532,7.676254168152809
803,733,2419096,landscape,random_direct,0,0.0,0.0,0.0,0.0,ok,88.05487424452532,7.676254168152809
804,780,2419096,landscape,latent,0,0.0010000000474974513,0.0008699469035491347,0.00013382819554075018,0.0001436254472818555,ok,87.966836543376,5.231387762352824
805,781,2419096,landscape,tangent_direct,0,0.0010000000474974513,0.0008698632591404021,0.00013386484120217167,0.00014362564880747238,ok,88.07160655559503,7.677286457270384
806,782,2419096,landscape,random_direct,0,0.0010000000474974513,0.0008698640740476549,0.0005272022845782477,0.0005087044462306047,drift_rejected,0.38674874109371205,6.15772895142436
807,783,2419096,landscape,latent,0,0.0020000000949949026,0.0017404358368366957,0.0002676573638761784,0.0002873659231213153,ok,87.96897145895565,5.110050234943628
808,784,2419096,landscape,tangent_direct,0,0.0020000000949949026,0.001739727915264666,0.0002676995211077225,0.00028723132559241467,ok,87.97541744882551,5.231096886098385
809,785,2419096,landscape,random_direct,0,0.0020000000949949026,0.001739725936204195,0.0010543707167759485,0.0010173842819308895,drift_rejected,0.385215167670183,5.924996884539723
810,786,2419096,landscape,latent,0,0.004000000189989805,0.0034836074337363243,0.0005356099326432178,0.0005754972250257286,ok,88.00650886549717,5.150946393609047
811,787,2419096,landscape,tangent_direct,0,0.004000000189989805,0.0034794542007148266,0.000535416080534716,0.0005744726819310119,ok,88.00147026505903,5.112154111266136
812,788,2419096,landscape,random_direct,0,0.004000000189989805,0.0034794542007148266,0.0021087664794271414,0.0020347821675914314,drift_rejected,0.38061376277580145,5.405220877379179
813,789,2419096,landscape,latent,0,0.006000000052154064,0.005229666363447905,0.0008039310201796274,0.0008644713239973577,ok,88.02783121062096,5.264472326263785
814,790,2419096,landscape,tangent_direct,0,0.006000000052154064,0.005219180136919022,0.0008030980873946059,0.0008616895970965711,ok,88.00950031545975,5.15070940554142
815,791,2419096,landscape,random_direct,0,0.006000000052154064,0.005219177808612585,0.0031631478427875557,0.0030521752915895223,drift_rejected,0.37411012651157177,4.983941568061709
816,792,2419096,landscape,latent,0,0.008999999612569809,0.007855174131691456,0.0012074148041174482,0.0012998301095026995,ok,88.21821431024105,5.2318240236490965
817,793,2419096,landscape,tangent_direct,0,0.008999999612569809,0.007828769274055958,0.0012046594863898343,0.0012925413212705066,ok,88.076985318997,5.262629974633455
818,794,2419096,landscape,random_direct,0,0.008999999612569809,0.007828768342733383,0.004744725713446982,0.004578263889631028,drift_rejected,0.3680300314983611,7.264588592574
819,795,2419096,landscape,latent,0,0.012000000104308128,0.01048884354531765,0.001612294948993604,0.0017377391594292956,ok,88.10902891540607,5.109570108354092
820,796,2419096,landscape,tangent_direct,0,0.012000000104308128,0.01043835561722517,0.001606200307740795,0.0017233792767883574,ok,88.12064172634827,5.2312691900879145
821,797,2419096,landscape,random_direct,0,0.012000000104308128,0.010438359342515469,0.0063262797465287405,0.00610433595771895,drift_rejected,0.35123637892890575,7.364126732572913
822,798,2419096,landscape,latent,0,0.017999999225139618,0.015785392373800278,0.0024275901166701205,0.00262273692984408,ok,88.24029430283592,5.150733212009072
823,799,2419096,landscape,tangent_direct,0,0.017999999225139618,0.015657534822821617,0.002409316860221746,0.002585082863243652,ok,88.18532898053657,5.107991553843021
824,800,2419096,landscape,random_direct,0,0.017999999225139618,0.015657532960176468,0.009489450204189304,0.009156524984661636,no_axis,0.11420740398516681,4.525652278214693
825,801,2419096,landscape,latent,0,0.024000000208616257,0.021127937361598015,0.00325284162655032,0.0035229103919529456,ok,88.32048385088633,5.261447254568338
826,802,2419096,landscape,tangent_direct,0,0.024000000208616257,0.02087671495974064,0.003212419791024382,0.0034467717349737506,ok,88.28353159568144,5.149997361004353
827,803,2419096,landscape,random_direct,0,0.024000000208616257,0.02087670937180519,0.012652586216496965,0.012208691228225177,no_axis,0.11430009656509882,4.409363506361842
828,804,2419096,landscape,latent,0,0.029999999329447746,0.026526154950261116,0.00409114703500791,0.004441826478059087,ok,88.44752519124506,5.230764428153634
829,805,2419096,landscape,tangent_direct,0,0.029999999329447746,0.026095891371369362,0.004015510510723122,0.004308454193836882,ok,88.31686403357348,5.263627210631967
830,806,2419096,landscape,random_direct,0,0.029999999329447746,0.026095889508724213,0.01581576427302374,0.015260885551823655,no_axis,0.11435653256243844,4.451882895082235
831,807,2419096,landscape,latent,0,0.04500000178813934,0.040335867553949356,0.006268852066301112,0.006849248271473269,ok,89.00419512495769,5.108657900243998
832,808,2419096,landscape,tangent_direct,0,0.04500000178813934,0.03914383798837662,0.0060232850999763655,0.0064626941955984694,ok,88.60129169733207,5.2308594435453415
833,809,2419096,landscape,random_direct,0,0.04500000178813934,0.03914383798837662,0.023723619460368994,0.02289130895837001,no_axis,0.11421531076473204,4.558334335684776
834,810,2419096,landscape,latent,0,0.05999999865889549,0.05475833639502525,0.008621439743184153,0.009479072710380357,ok,88.21192539636739,5.152771782130003
835,811,2419096,landscape,tangent_direct,0,0.05999999865889549,0.052191782742738724,0.008031037268838491,0.008616920865243563,ok,88.62597974618153,5.110630271956325
836,812,2419096,landscape,random_direct,0,0.05999999865889549,0.052191779017448425,0.0316315059310005,0.030521751861098383,no_axis,0.11383289930568563,4.524201577529311
837,813,2419096,landscape,latent,0,0.09000000357627869,0.08665498346090317,0.014287380429607158,0.015890615456828676,ok,85.89524082694906,5.263104196637869
838,814,2419096,landscape,tangent_direct,0,0.09000000357627869,0.07828767597675323,0.0120465483781945,0.012925377028538649,ok,88.48777183277713,5.151432640850544
839,815,2419096,landscape,random_direct,0,0.09000000357627869,0.07828767597675323,0.047447276023560844,0.04578264108939913,no_axis,0.11287939182392055,4.411352459341288
840,816,2419096,landscape,latent,0,0.11999999731779099,0.12706735730171204,0.022818695385881715,0.025590291927842023,ok,78.07421273440153,5.594899721443653
841,817,2419096,landscape,tangent_direct,0,0.11999999731779099,0.10438356548547745,0.01606205780820104,0.01723382816058236,ok,88.03325485314788,5.261925073340535
842,818,2419096,landscape,random_direct,0,0.11999999731779099,0.10438355803489685,0.06326301957273404,0.061043508169128145,no_axis,0.11172615538115155,4.451409082859755
843,819,2419096,landscape,latent,0,0.18000000715255737,0.5272201895713806,0.27890017880883344,0.3223470510111721,ok,43.38253356136001,6.063750231638551
844,820,2419096,landscape,tangent_direct,0,0.18000000715255737,0.15657535195350647,0.024093076779270518,0.025850734936146213,ok,80.68046719359089,5.777958042919636
845,821,2419096,landscape,random_direct,0,0.18000000715255737,0.15657535195350647,0.09489453914453728,0.09156527356768507,no_axis,0.10878669212963775,4.557916117832065
846,822,2419096,landscape,latent,0,0.23999999463558197,0.5867949724197388,0.299588892906507,0.34722544931158883,ok,39.97637746127464,6.110845299437642
847,823,2419096,landscape,tangent_direct,0,0.23999999463558197,0.2087671309709549,0.03212409806510564,0.03446764267132008,drift_rejected,0.3852671238236154,5.992665600031614
848,824,2419096,landscape,random_direct,0,0.23999999463558197,0.2087671309709549,0.1265260205094853,0.12208700523659015,no_axis,0.10486574668440758,4.5228406842797995
849,825,2419096,landscape,latent,1,-0.23999999463558197,0.4308752715587616,0.16983919620470153,0.19815739615881217,drift_rejected,0.33263068609912383,5.520633475854993
850,826,2419096,landscape,tangent_direct,1,-0.23999999463558197,0.20823857188224792,0.029075103823219504,0.03135175660495155,no_axis,0.1119884490300977,4.448725119233131
851,827,2419096,landscape,random_direct,1,-0.23999999463558197,0.20823857188224792,0.125406312961804,0.12372099830319183,no_surface,0.34140694525087534,3.0166044030338526
852,828,2419096,landscape,latent,1,-0.18000000715255737,0.2476774901151657,0.07175213036962903,0.08062024572887742,ok,66.66600808765062,7.9352081678807735
853,829,2419096,landscape,tangent_direct,1,-0.18000000715255737,0.15617893636226654,0.021806327408379594,0.02351381768305198,drift_rejected,0.33546790947057703,5.522039087489247
854,830,2419096,landscape,random_direct,1,-0.18000000715255737,0.15617895126342773,0.09405472666950672,0.092790744419306,drift_rejected,0.3490660348041706,3.9499377571046352
855,831,2419096,landscape,latent,1,-0.11999999731779099,0.12840339541435242,0.024400736803763468,0.02735464327542665,drift_rejected,0.3412867060390662,5.3571416568011045
856,832,2419096,landscape,tangent_direct,1,-0.11999999731779099,0.10411927849054337,0.014537550985125275,0.015675877156626283,drift_rejected,0.36239670717635253,4.921273056417704
857,833,2419096,landscape,random_direct,1,-0.11999999731779099,0.10411929339170456,0.06270314910668001,0.06186049479401359,drift_rejected,0.3708383202702888,4.948890225961804
858,834,2419096,landscape,latent,1,-0.09000000357627869,0.08862145245075226,0.014778447458559142,0.016511280119127367,drift_rejected,0.36521607157279135,7.203861430287361
859,835,2419096,landscape,tangent_direct,1,-0.09000000357627869,0.07808946818113327,0.01090316346547468,0.011756909983963209,drift_rejected,0.37377880910100364,4.929713882505894
860,836,2419096,landscape,random_direct,1,-0.09000000357627869,0.07808947563171387,0.04702736549074176,0.046395372563913226,ok,64.58031801534537,5.231941320002079
861,837,2419096,landscape,latent,1,-0.05999999865889549,0.05557292327284813,0.008448389159423681,0.009351226959148206,drift_rejected,0.3821499565455185,5.497226582840085
862,838,2419096,landscape,tangent_direct,1,-0.05999999865889549,0.05205964297056198,0.007268764334218823,0.007837933092246663,drift_rejected,0.3832948045872038,5.381585646420717
863,839,2419096,landscape,random_direct,1,-0.05999999865889549,0.05205964297056198,0.031351564418148396,0.03093024023926514,ok,71.32147206410994,5.113343067467213
864,840,2419096,landscape,latent,1,-0.04500000178813934,0.04073478281497955,0.005991913527770916,0.006591371697544652,drift_rejected,0.38454445342298366,5.769322074949741
865,841,2419096,landscape,tangent_direct,1,-0.04500000178813934,0.039044737815856934,0.005451585661744536,0.0058784555429893135,drift_rejected,0.3847640384434301,5.801751693710685
866,842,2419096,landscape,random_direct,1,-0.04500000178813934,0.039044734090566635,0.023513701755349486,0.023197704494060428,ok,73.81641909015721,5.150380032137036
867,843,2419096,landscape,latent,1,-0.029999999329447746,0.02666427753865719,0.0038263673103000394,0.004181172371979532,drift_rejected,0.38580963369114457,5.933288531377912
868,844,2419096,landscape,tangent_direct,1,-0.029999999329447746,0.02602982521057129,0.003634399036864458,0.003918978408506097,drift_rejected,0.38648235049408197,6.011891251429915
869,845,2419096,landscape,random_direct,1,-0.029999999329447746,0.02602982521057129,0.01567577240604793,0.015465111771889249,ok,82.56168476080799,5.262117763981223
870,846,2419096,landscape,latent,1,-0.024000000208616257,0.021201489493250847,0.003018941908208971,0.0032899225674792453,drift_rejected,0.3871177349039247,6.158191284164786
871,847,2419096,landscape,tangent_direct,1,-0.024000000208616257,0.02082386054098606,0.0029075058954583437,0.0031351735179849824,drift_rejected,0.3872989855927196,6.0585907604545355
872,848,2419096,landscape,random_direct,1,-0.024000000208616257,0.02082386054098606,0.01254061378930116,0.012372087699442223,ok,83.91026306518697,5.230393599718809
873,849,2419096,landscape,latent,1,-0.017999999225139618,0.015814319252967834,0.0022369812933805467,0.0024311537760990233,drift_rejected,0.38667590888297065,6.47202024795115
874,850,2419096,landscape,tangent_direct,1,-0.017999999225139618,0.01561789121478796,0.0021806382338464196,0.0023513860686172105,drift_rejected,0.3880677608871335,6.335989398881793
875,851,2419096,landscape,random_direct,1,-0.017999999225139618,0.01561789307743311,0.009405449936027328,0.009279057835385107,ok,85.45876237508381,5.11584066785872
876,852,2419096,landscape,latent,1,-0.012000000104308128,0.010491752997040749,0.0014758706258726723,0.001599672868939619,drift_rejected,0.38737142642342515,6.5583630576729774
877,853,2419096,landscape,tangent_direct,1,-0.012000000104308128,0.010411928407847881,0.0014537519402936677,0.0015675863438657125,drift_rejected,0.38724308141171565,6.594585843384266
878,854,2419096,landscape,random_direct,1,-0.012000000104308128,0.010411926545202732,0.006270292246357061,0.0061860364091258025,ok,87.20319996919733,5.154830826446414
879,855,2419096,landscape,latent,1,-0.008999999612569809,0.007851439528167248,0.001101791542464554,0.0011926366461465488,drift_rejected,0.3878342681764303,6.473261179402471
880,856,2419096,landscape,tangent_direct,1,-0.008999999612569809,0.007808947004377842,0.0010903214345381119,0.0011756952485478273,drift_rejected,0.3876081903978972,6.620478995144367
881,857,2419096,landscape,random_direct,1,-0.008999999612569809,0.00780894560739398,0.0047027421080051614,0.004639540835368039,ok,88.03144004808844,5.262772060930729
882,858,2419096,landscape,latent,1,-0.006000000052154064,0.005223453044891357,0.0007314229099356332,0.0007906910238549475,drift_rejected,0.38779220160252875,6.694558132439852
883,859,2419096,landscape,tangent_direct,1,-0.006000000052154064,0.005205962341278791,0.0007268737544272112,0.0007837903502806398,drift_rejected,0.38808846631936916,6.6515626441687346
884,860,2419096,landscape,random_direct,1,-0.006000000052154064,0.005205965135246515,0.003135162528420038,0.0030930283484758955,ok,88.53473127279516,5.231879882514477
885,861,2419096,landscape,latent,1,-0.004000000189989805,0.0034778350964188576,0.0004863826223676425,0.0005253316128240415,drift_rejected,0.3877600788400886,6.960278881713748
886,862,2419096,landscape,tangent_direct,1,-0.004000000189989805,0.003470643889158964,0.0004845990696055038,0.000522539903962863,drift_rejected,0.38738768552280844,6.8145816922187805
887,863,2419096,landscape,random_direct,1,-0.004000000189989805,0.003470643423497677,0.002090092357870043,0.002062007880172695,ok,88.37948177450173,5.115472175180912
888,864,2419096,landscape,latent,1,-0.0020000000949949026,0.0017367390682920814,0.00024259016149682329,0.00026178847879939905,drift_rejected,0.3874564392750194,7.1041754353791475
889,865,2419096,landscape,tangent_direct,1,-0.0020000000949949026,0.001735323341563344,0.00024230692627899255,0.0002612768547742924,drift_rejected,0.3871863940920187,7.142200099304318
890,866,2419096,landscape,random_direct,1,-0.0020000000949949026,0.001735321944579482,0.001045031871237979,0.0010309942970417045,drift_rejected,0.3887973285179933,6.813294613733888
891,867,2419096,landscape,latent,1,-0.0010000000474974513,0.0008678036974743009,0.00012114674646860272,0.0001306748548609172,ok,87.95744709752984,5.114871606230736
892,868,2419096,landscape,tangent_direct,1,-0.0010000000474974513,0.0008676605066284537,0.00012114684375493034,0.00013063430765098503,ok,87.9614423025335,5.231721747666597
893,869,2419096,landscape,random_direct,1,-0.0010000000474974513,0.0008676615543663502,0.0005224992852673343,0.0005154882470867123,drift_rejected,0.3890756475705377,6.83694694750011
894,779,2419096,landscape,latent,1,0.0,1.0723327648065606e-07,2.492013707629625e-08,2.9343866312690466e-08,ok,88.06022839828958,5.11257872544229
895,733,2419096,landscape,tangent_direct,1,0.0,0.0,0.0,0.0,ok,88.05487424452532,7.676254168152809
896,733,2419096,landscape,random_direct,1,0.0,0.0,0.0,0.0,ok,88.05487424452532,7.676254168152809
897,870,2419096,landscape,latent,1,0.0010000000474974513,0.0008668231312185526,0.00012086672543978281,0.00013027449481750914,ok,87.95673279402527,5.151656521484256
898,871,2419096,landscape,tangent_direct,1,0.0010000000474974513,0.0008676606230437756,0.00012114323710021436,0.0001306285096765008,ok,87.95385825192479,5.115650760009885
899,872,2419096,landscape,random_direct,1,0.0010000000474974513,0.0008676615543663502,0.0005225432351802889,0.0005155162670096923,ok,88.71697152658888,5.232513168826699
900,873,2419096,landscape,latent,1,0.0020000000949949026,0.0017326987581327558,0.00024149412547350363,0.00026017364525101185,ok,87.91119219485682,5.262679491192102
901,874,2419096,landscape,tangent_direct,1,0.0020000000949949026,0.0017353239236399531,0.0002422874071839947,0.0002612613481503017,ok,87.91584801344135,5.152158638462424
902,875,2419096,landscape,random_direct,1,0.0020000000949949026,0.001735321944579482,0.0010450373320999159,0.001030997502493979,ok,81.44909531324299,8.114381799474359
903,876,2419096,landscape,latent,1,0.004000000189989805,0.0034617187920957804,0.00048208803078249513,0.0005189240401854879,ok,87.8970480222616,5.232240969315171
904,877,2419096,landscape,tangent_direct,1,0.004000000189989805,0.003470643889158964,0.0004845722007399988,0.0005225207083849588,ok,87.92805563183083,5.263459235429764
905,878,2419096,landscape,random_direct,1,0.004000000189989805,0.003470643423497677,0.0020901128572083545,0.0020620214166062957,drift_rejected,0.3793910734112206,8.34140676818788
906,879,2419096,landscape,latent,1,0.006000000052154064,0.005187355913221836,0.000721762025247094,0.0007762917150077867,ok,87.91594799853763,5.113489167764783
907,880,2419096,landscape,tangent_direct,1,0.006000000052154064,0.005205961875617504,0.0007268696835367632,0.0007837839580949501,ok,88.02073598775166,7.63136774674058
908,881,2419096,landscape,random_direct,1,0.006000000052154064,0.005205965135246515,0.0031351609331011594,0.003093025424798646,drift_rejected,0.36649703310617954,8.15708059258759
909,882,2419096,landscape,latent,1,0.008999999612569809,0.007770014461129904,0.0010799654694684567,0.0011601131671377162,ok,88.14030927208012,5.1494752038270235
910,883,2419096,landscape,tangent_direct,1,0.008999999612569809,0.007808947470039129,0.001090295190330282,0.0011756742897982334,ok,88.14557081993443,5.115122549235821
911,884,2419096,landscape,random_direct,1,0.008999999612569809,0.007808946073055267,0.004702744967453369,0.004639540792148739,drift_rejected,0.3641456914172582,7.867779970169067
912,885,2419096,landscape,latent,1,0.012000000104308128,0.01034650020301342,0.0014367918557732042,0.0015415799786260133,ok,88.41606258815901,5.26256593503058
913,886,2419096,landscape,tangent_direct,1,0.012000000104308128,0.010411929339170456,0.0014537442916255458,0.0015675787221154263,ok,88.31951104582534,5.151525031775236
914,887,2419096,landscape,random_direct,1,0.012000000104308128,0.010411926545202732,0.0062703280499854346,0.00618605895045507,no_axis,0.11365547003669688,4.41874067671597
915,888,2419096,landscape,latent,1,0.017999999225139618,0.015484909527003765,0.002147659192931159,0.0022989493032739587,ok,87.5263191058499,5.231899047270417
916,889,2419096,landscape,tangent_direct,1,0.017999999225139618,0.01561789121478796,0.0021806277750738667,0.00235137721107913,ok,87.67126778811378,5.263476030901074
917,890,2419096,landscape,random_direct,1,0.017999999225139618,0.015617894008755684,0.009405484917885145,0.009279079221702367,drift_rejected,0.3706895392362246,7.383822951465845
918,891,2419096,landscape,latent,1,0.024000000208616257,0.020609037950634956,0.002856631613080824,0.003051087472783555,ok,86.58208323272582,5.117327392101288
919,892,2419096,landscape,tangent_direct,1,0.024000000208616257,0.020823856815695763,0.002907513757493131,0.0031351785638056725,ok,86.71935026089156,5.231901263818145
920,893,2419096,landscape,random_direct,1,0.024000000208616257,0.020823858678340912,0.012540639695065508,0.012372104086148531,drift_rejected,0.3800827653424008,5.010023169219494
921,894,2419096,landscape,latent,1,0.029999999329447746,0.02572523057460785,0.0035658179849236736,0.0038005064786880544,ok,85.87101914799734,5.149924881756306
922,895,2419096,landscape,tangent_direct,1,0.029999999329447746,0.02602982334792614,0.0036343810016196175,0.003918963422438018,ok,85.9861803766293,5.114777080714703
923,896,2419096,landscape,random_direct,1,0.029999999329447746,0.02602982521057129,0.015675766543421538,0.015465108053948504,drift_rejected,0.3792972135729979,4.921122396364808
924,897,2419096,landscape,latent,1,0.04500000178813934,0.03851580247282982,0.005350395568745221,0.005675327865052773,ok,79.94491418365011,5.933783421292901
925,898,2419096,landscape,tangent_direct,1,0.04500000178813934,0.039044737815856934,0.005451574585605752,0.005878446626947348,ok,79.98071249954239,5.926770878955722
926,899,2419096,landscape,random_direct,1,0.04500000178813934,0.039044734090566635,0.023513700056388902,0.023197698871589702,drift_rejected,0.3743725790687886,3.3615470863878727
927,900,2419096,landscape,latent,1,0.05999999865889549,0.051364798098802567,0.007168114131664325,0.007572563632835728,ok,78.24964008285735,5.717535285279155
928,901,2419096,landscape,tangent_direct,1,0.05999999865889549,0.05205964297056198,0.0072687718061639085,0.007837935550496418,ok,79.318824764531,5.932424955070019
929,902,2419096,landscape,random_direct,1,0.05999999865889549,0.05205964297056198,0.03135158537982133,0.03093025219497447,no_axis,0.112311292849766,4.451942507177591
930,903,2419096,landscape,latent,1,0.09000000357627869,0.07746505737304688,0.010958021027519058,0.011505362969135543,ok,72.2014477599476,6.127919776365161
931,904,2419096,landscape,tangent_direct,1,0.09000000357627869,0.07808946818113327,0.010903156958749808,0.011756905042183814,ok,77.2981177698887,5.778379701077938
932,905,2419096,landscape,random_direct,1,0.09000000357627869,0.07808946818113327,0.047027368317662535,0.046395372067690586,no_axis,0.11108564214735983,4.558016203343868
933,906,2419096,landscape,latent,1,0.11999999731779099,0.10437175631523132,0.015000516408437749,0.0156883631614566,ok,66.60027928276764,6.644371245056391
934,907,2419096,landscape,tangent_direct,1,0.11999999731779099,0.10411928594112396,0.014537533676730902,0.015675864837991108,ok,76.24202299024587,5.651989990845323
935,908,2419096,landscape,random_direct,1,0.11999999731779099,0.10411928594112396,0.06270314321040961,0.0618604879354969,no_axis,0.10972612650769197,4.524784442037344
936,909,2419096,landscape,latent,1,0.18000000715255737,0.16139815747737885,0.023882328532877396,0.024898761564946123,drift_rejected,0.3772880430179199,7.913199191913009
937,910,2419096,landscape,tangent_direct,1,0.18000000715255737,0.15617893636226654,0.02180631542500945,0.02351380714427315,ok,80.50426195091175,5.150537559762597
938,911,2419096,landscape,random_direct,1,0.18000000715255737,0.15617895126342773,0.09405474298351474,0.0927907555265882,no_axis,0.105624214292801,4.419156767427921
939,912,2419096,landscape,latent,1,0.23999999463558197,0.22354891896247864,0.0337150554829199,0.03517421099874613,drift_rejected,0.3589139745574861,7.3229688592255116
940,913,2419096,landscape,tangent_direct,1,0.23999999463558197,0.20823857188224792,0.029075088378753056,0.03135174465468739,drift_rejected,0.38343243936565186,8.036867417395115
941,914,2419096,landscape,random_direct,1,0.23999999463558197,0.20823857188224792,0.12540633473144033,0.12372100879342308,no_axis,0.10379328498708043,4.4508862886577845
942,915,2419096,landscape,latent,2,-0.23999999463558197,0.5441495180130005,0.25806168653465117,0.2992437120427048,ok,77.59373404322062,6.070305356755853
943,916,2419096,landscape,tangent_direct,2,-0.23999999463558197,0.2600872814655304,0.044284220951496076,0.04875371214161478,no_axis,0.11302000475265404,4.525777455419302
944,917,2419096,landscape,random_direct,2,-0.23999999463558197,0.2600872814655304,0.12441684127458681,0.1260138547149952,drift_rejected,0.27949478035874603,3.1075143441557884
945,918,2419096,landscape,latent,2,-0.18000000715255737,0.5251477360725403,0.25886251042242175,0.30022851650768284,ok,78.89066387498961,6.11081500723958
946,919,2419096,landscape,tangent_direct,2,-0.18000000715255737,0.19506549835205078,0.03321316928592484,0.03656528889245112,no_axis,0.11312676742470298,4.418480429798365
947,920,2419096,landscape,random_direct,2,-0.18000000715255737,0.1950654834508896,0.0933126264688895,0.09451038752675683,ok,10.421900948767835,5.23066683486104
948,921,2419096,landscape,latent,2,-0.11999999731779099,0.13340924680233002,0.025049999983065657,0.027846634326695475,drift_rejected,0.34585485257235216,5.521113378927112
949,922,2419096,landscape,tangent_direct,2,-0.11999999731779099,0.1300436407327652,0.02214212232786655,0.024376867367325604,drift_rejected,0.34279189030186963,5.402903076261282
950,923,2419096,landscape,random_direct,2,-0.11999999731779099,0.1300436407327652,0.0622084162879771,0.06300692353625137,ok,24.18829104289638,6.070089096203446
951,924,2419096,landscape,latent,2,-0.09000000357627869,0.091839499771595,0.01617129228776419,0.017824621655790896,drift_rejected,0.35118342713502443,5.484673332422972
952,925,2419096,landscape,tangent_direct,2,-0.09000000357627869,0.09753274917602539,0.016606587004440482,0.018282648928492455,drift_rejected,0.35281737499104004,5.522873288020492
953,926,2419096,landscape,random_direct,2,-0.09000000357627869,0.09753274917602539,0.04665631324102062,0.047255193733324014,ok,51.69906541778468,5.150827027857304
954,927,2419096,landscape,latent,2,-0.05999999865889549,0.061411052942276,0.010582491681766974,0.01164239242713203,drift_rejected,0.3650837077546193,7.15409548766911
955,928,2419096,landscape,tangent_direct,2,-0.05999999865889549,0.0650218203663826,0.011071053494518871,0.012188427241495211,drift_rejected,0.366249830825042,7.319856455549598
956,929,2419096,landscape,random_direct,2,-0.05999999865889549,0.0650218203663826,0.031104216834303366,0.03150346749703858,ok,71.18447147760494,5.262397229671478
957,930,2419096,landscape,latent,2,-0.04500000178813934,0.046523503959178925,0.007974145809773955,0.008770434297492628,drift_rejected,0.3773478197508125,4.845474926754832
958,931,2419096,landscape,tangent_direct,2,-0.04500000178813934,0.048766374588012695,0.008303293211665995,0.009141326525453831,drift_rejected,0.3779901115228031,4.814128585159779
959,932,2419096,landscape,random_direct,2,-0.04500000178813934,0.0487663671374321,0.023328150629661027,0.023627589691118875,ok,69.59146157350656,6.2088863756507635
960,933,2419096,landscape,latent,2,-0.029999999329447746,0.031431932002305984,0.005369257793171226,0.005905652769118106,drift_rejected,0.3833347886152804,5.619505325332284
961,934,2419096,landscape,tangent_direct,2,-0.029999999329447746,0.0325109139084816,0.005535531974646704,0.006094217957062237,drift_rejected,0.3838179403861464,5.501664260402322
962,935,2419096,landscape,random_direct,2,-0.029999999329447746,0.0325109101831913,0.015552109483737744,0.015751736261614125,ok,72.76106223392074,5.127552714198828
963,936,2419096,landscape,latent,2,-0.024000000208616257,0.02529814839363098,0.004317331537939871,0.004749077866026495,drift_rejected,0.3849284152137741,6.194207403808832
964,937,2419096,landscape,tangent_direct,2,-0.024000000208616257,0.026008732616901398,0.004428423000569978,0.004875373686331425,drift_rejected,0.3848178191169565,6.229446437209845
965,938,2419096,landscape,random_direct,2,-0.024000000208616257,0.02600872702896595,0.012441676311143887,0.012601377943659519,ok,74.23504715653246,5.151497298851609
966,939,2419096,landscape,latent,2,-0.017999999225139618,0.019095543771982193,0.0032562668429568288,0.003582388373692396,ok,73.18093721775388,6.42382145114243
967,940,2419096,landscape,tangent_direct,2,-0.017999999225139618,0.01950654946267605,0.0033213257933107066,0.003656532404168899,ok,73.09836046035302,6.629281306639314
968,941,2419096,landscape,random_direct,2,-0.017999999225139618,0.01950654573738575,0.009331255306621542,0.009451031818172865,ok,76.06159891069241,5.2615759540349245
969,942,2419096,landscape,latent,2,-0.012000000104308128,0.01281641237437725,0.0021841207528922454,0.0024032920299685815,ok,81.3255826147489,5.6874631475657225
970,943,2419096,landscape,tangent_direct,2,-0.012000000104308128,0.013004365377128124,0.0022142205250170123,0.002437691794917655,ok,81.34816092458833,5.648516982793808
971,944,2419096,landscape,random_direct,2,-0.012000000104308128,0.013004366308450699,0.006220841255943663,0.006300692949023254,ok,78.50483117410107,5.233248608186841
972,945,2419096,landscape,latent,2,-0.008999999612569809,0.00964569766074419,0.0016433252279328553,0.0018084179410900627,ok,82.70733049065566,6.054580876603723
973,946,2419096,landscape,tangent_direct,2,-0.008999999612569809,0.00975327380001545,0.0016606601103701924,0.0018282656711914604,ok,82.53371598641563,5.927330588921905
974,947,2419096,landscape,random_direct,2,-0.008999999612569809,0.00975327380001545,0.004665629444521691,0.004725519283035971,ok,79.2645078703906,5.113935934379697
975,948,2419096,landscape,latent,2,-0.006000000052154064,0.006453322246670723,0.001099142790903565,0.001209702489895616,ok,87.9002641189652,5.231218880042434
976,949,2419096,landscape,tangent_direct,2,-0.006000000052154064,0.006502183154225349,0.0011071230978332164,0.001218857394636499,ok,87.92978416043476,5.2635706178843975
977,950,2419096,landscape,random_direct,2,-0.006000000052154064,0.0065021817572414875,0.0031104105910604524,0.003150336083906831,ok,85.86964109368989,5.150262763723731
978,951,2419096,landscape,latent,2,-0.004000000189989805,0.004312695469707251,0.0007344902688889501,0.0008084285852460009,ok,89.15981549887309,5.114827144891024
979,952,2419096,landscape,tangent_direct,2,-0.004000000189989805,0.004334790166467428,0.0007380704134482828,0.0008125601194007223,ok,89.26016274036118,7.630863592028618
980,953,2419096,landscape,random_direct,2,-0.004000000189989805,0.004334788769483566,0.002073617544449187,0.0021002357119947095,ok,87.36698447764391,5.262520177289844
981,954,2419096,landscape,latent,2,-0.0020000000949949026,0.00216166814789176,0.0003680845861004117,0.0004051724616563654,ok,88.21703455929924,5.1513690780848265
982,955,2419096,landscape,tangent_direct,2,-0.0020000000949949026,0.0021673941519111395,0.0003690427078318054,0.00040628607293117434,ok,88.21505218245188,5.1162226386368275
983,956,2419096,landscape,random_direct,2,-0.0020000000949949026,0.0021673934534192085,0.001036808901719398,0.0010501147117818147,ok,81.53701304815858,5.898950761184096
984,957,2419096,landscape,latent,2,-0.0010000000474974513,0.0010819989256560802,0.00018424018840495018,0.00020281187753637967,ok,88.06748992557755,5.262069126591086
985,958,2419096,landscape,tangent_direct,2,-0.0010000000474974513,0.0010836963774636388,0.00018453141376475115,0.00020315145963228115,ok,88.04266204700622,5.150292387232184
986,959,2419096,landscape,random_direct,2,-0.0010000000474974513,0.0010836974252015352,0.0005184104281853862,0.0005250632366058446,drift_rejected,0.3888465979833642,6.47230851650238
987,779,2419096,landscape,latent,2,0.0,1.0723327648065606e-07,2.492013707629625e-08,2.9343866312690466e-08,ok,88.06022839828958,5.11257872544229
988,733,2419096,landscape,tangent_direct,2,0.0,0.0,0.0,0.0,ok,88.05487424452532,7.676254168152809
989,733,2419096,landscape,random_direct,2,0.0,0.0,0.0,0.0,ok,88.05487424452532,7.676254168152809
990,960,2419096,landscape,latent,2,0.0010000000474974513,0.0010846200166270137,0.00018461697165994654,0.00020324778937665049,drift_rejected,0.38752045351398823,7.042493799701333
991,961,2419096,landscape,tangent_direct,2,0.0010000000474974513,0.0010836964938789606,0.00018451692659351653,0.00020314086857353667,drift_rejected,0.3877294364117294,7.08043241687119
992,962,2419096,landscape,random_direct,2,0.0010000000474974513,0.001083697541616857,0.0005184055010992502,0.0005250603766236038,ok,81.56214087816805,5.808704063296318
993,963,2419096,landscape,latent,2,0.0020000000949949026,0.00217198533937335,0.00036970271936043105,0.0004070411171878029,drift_rejected,0.38792137166886276,6.651300854980946
994,964,2419096,landscape,tangent_direct,2,0.0020000000949949026,0.0021673941519111395,0.0003690362071457431,0.00040628187518780237,drift_rejected,0.38909265224000106,9.198961239308119
995,965,2419096,landscape,random_direct,2,0.0020000000949949026,0.002167393686249852,0.0010368120257367801,0.0010501200794579967,drift_rejected,0.38684857341386486,8.461151335388422
996,966,2419096,landscape,latent,2,0.004000000189989805,0.004355158191174269,0.0007412509689126242,0.0008161882653285691,drift_rejected,0.38731067034127004,6.455123897641897
997,967,2419096,landscape,tangent_direct,2,0.004000000189989805,0.0043347906321287155,0.0007380541376972645,0.0008125478824982518,drift_rejected,0.3874568673080439,6.414984252303839
998,968,2419096,landscape,random_direct,2,0.004000000189989805,0.004334788769483566,0.002073611821766395,0.0021002277369999507,drift_rejected,0.3726636627089751,7.37987357378006
999,969,2419096,landscape,latent,2,0.006000000052154064,0.006549391895532608,0.0011145920564714885,0.0012273945358604274,drift_rejected,0.38685531004615914,6.594231029972434
1000,970,2419096,landscape,tangent_direct,2,0.006000000052154064,0.006502182688564062,0.0011070985081872485,0.0012188396857052135,drift_rejected,0.387102685049598,6.453983033075929
1001,971,2419096,landscape,random_direct,2,0.006000000052154064,0.006502182222902775,0.003110425583506788,0.003150349265247243,drift_rejected,0.35799135708747154,7.155854746699333
1002,972,2419096,landscape,latent,2,0.008999999612569809,0.00986225064843893,0.00167814542479017,0.001848279659695933,drift_rejected,0.3863035218539683,6.438023371621966
1003,973,2419096,landscape,tangent_direct,2,0.008999999612569809,0.00975327380001545,0.001660657946138108,0.0018282622542973863,drift_rejected,0.38609751690845745,6.471083922311664
1004,974,2419096,landscape,random_direct,2,0.008999999612569809,0.009753272868692875,0.004665632982355787,0.004725521845940339,no_axis,0.11390371831178786,4.4485679771751165
1005,975,2419096,landscape,latent,2,0.012000000104308128,0.013201040215790272,0.0022458956265561116,0.002474038416241856,drift_rejected,0.38527059549905934,6.295019252225757
1006,976,2419096,landscape,tangent_direct,2,0.012000000104308128,0.013004365377128124,0.002214207166514347,0.002437684921063303,drift_rejected,0.3856216361959574,6.435821922495961
1007,977,2419096,landscape,random_direct,2,0.012000000104308128,0.013004366308450699,0.006220840333316467,0.006300691797589017,no_axis,0.11395439103182839,4.557509249076247
1008,978,2419096,landscape,latent,2,0.017999999225139618,0.01996028609573841,0.0033948720585315994,0.0037411660269350503,drift_rejected,0.38545588019280075,6.157855881378055
1009,979,2419096,landscape,tangent_direct,2,0.017999999225139618,0.01950654946267605,0.003321308879954474,0.0036565221351999517,drift_rejected,0.3858670862676099,5.9994591530412436
1010,980,2419096,landscape,random_direct,2,0.017999999225139618,0.01950654573738575,0.00933126642954749,0.009451040516290667,drift_rejected,0.36495842321949945,5.484956817701459
1011,981,2419096,landscape,latent,2,0.024000000208616257,0.02683267556130886,0.004562424780813493,0.0050299754304538495,drift_rejected,0.38394645196534355,6.348762197420001
1012,982,2419096,landscape,tangent_direct,2,0.024000000208616257,0.026008732616901398,0.004428417238649484,0.004875365563721298,drift_rejected,0.3833760718649701,6.216747637838125
1013,983,2419096,landscape,random_direct,2,0.024000000208616257,0.02600872702896595,0.012441686583469565,0.012601388965628724,drift_rejected,0.37121954920258315,5.365639576688409
1014,984,2419096,landscape,latent,2,0.029999999329447746,0.03382302448153496,0.005749315965425743,0.006341521294955879,drift_rejected,0.38347083522150943,6.316024420782924
1015,985,2419096,landscape,tangent_direct,2,0.029999999329447746,0.0325109139084816,0.005535528422841093,0.0060942163885259314,drift_rejected,0.3831646375885631,6.349264271557331
1016,986,2419096,landscape,random_direct,2,0.029999999329447746,0.0325109101831913,0.015552100388324677,0.015751726964050097,no_axis,0.1141333551561161,4.448576953262091
1017,987,2419096,landscape,latent,2,0.04500000178813934,0.05184660479426384,0.008805429346689998,0.009725990795860874,drift_rejected,0.3803142512845941,6.473986871540546
1018,988,2419096,landscape,tangent_direct,2,0.04500000178813934,0.048766374588012695,0.008303282683421603,0.00914131465449002,drift_rejected,0.37988374537034475,6.496363362297416
1019,989,2419096,landscape,random_direct,2,0.04500000178813934,0.0487663671374321,0.02332817137463113,0.023627608275323328,no_axis,0.11399385314072304,4.557684600353241
1020,990,2419096,landscape,latent,2,0.05999999865889549,0.07071445137262344,0.011994895122350939,0.013271749102503658,ok,80.037741663607,5.15126514621079
1021,991,2419096,landscape,tangent_direct,2,0.05999999865889549,0.0650218278169632,0.011071042328716167,0.01218841784454127,ok,79.31046177207094,5.115545675158501
1022,992,2419096,landscape,random_direct,2,0.05999999865889549,0.0650218203663826,0.031104209384131706,0.031503463117185423,no_axis,0.1135145051201913,4.526350120082498
1023,993,2419096,landscape,latent,2,0.09000000357627869,0.11129559576511383,0.018792944229246492,0.020889811086263754,ok,79.36395105898588,5.262538772076368
1024,994,2419096,landscape,tangent_direct,2,0.09000000357627869,0.09753274917602539,0.016606581919503163,0.018282641551109147,drift_rejected,0.3786837726052805,6.694516895338893
1025,995,2419096,landscape,random_direct,2,0.09000000357627869,0.09753274917602539,0.04665632288579374,0.047255200705308906,no_axis,0.1124268258055958,4.418567735701799
1026,996,2419096,landscape,latent,2,0.11999999731779099,0.15633046627044678,0.026172594072000534,0.029289446033430172,ok,79.29027337439986,5.231322845444083
1027,997,2419096,landscape,tangent_direct,2,0.11999999731779099,0.1300436556339264,0.02214209274099244,0.024376843431610055,drift_rejected,0.3743807242532631,6.106247842311859
1028,998,2419096,landscape,random_direct,2,0.11999999731779099,0.1300436407327652,0.06220842349408312,0.06300692845543432,no_axis,0.11094089034193705,4.448696115985513
1029,999,2419096,landscape,latent,2,0.18000000715255737,0.26926079392433167,0.044561644485757744,0.05107292312507838,drift_rejected,0.3787530819903607,5.285476112738252
1030,1000,2419096,landscape,tangent_direct,2,0.18000000715255737,0.19506549835205078,0.03321315551476172,0.03656527729407423,drift_rejected,0.37669869090445773,4.946940531954169
1031,1001,2419096,landscape,random_direct,2,0.18000000715255737,0.1950654834508896,0.09331264509433322,0.09451039961042837,no_axis,0.1057975201427886,4.556551171466708
1032,1002,2419096,landscape,latent,2,0.23999999463558197,0.6028315424919128,0.22091085100407934,0.25712096719524286,no_axis,0.10334239035220638,4.448874743655324
1033,1003,2419096,landscape,tangent_direct,2,0.23999999463558197,0.2600873112678528,0.04428421041574635,0.04875370515987865,drift_rejected,0.37435480388753783,7.24245347827673
1034,1004,2419096,landscape,random_direct,2,0.23999999463558197,0.2600872814655304,0.12441685018148564,0.1260138573973453,no_axis,0.10478251944387816,4.525620233267546
1035,1005,2419096,landscape,latent,3,-0.23999999463558197,0.25123131275177,0.04356265688251614,0.04959304724195845,drift_rejected,0.3682568926417688,3.8020886722952127
1036,1006,2419096,landscape,tangent_direct,3,-0.23999999463558197,0.24373087286949158,0.02836615437757821,0.031040877839783845,drift_rejected,0.357887116730199,5.407232899218798
1037,1007,2419096,landscape,random_direct,3,-0.23999999463558197,0.24373087286949158,0.1726925997757686,0.1556854066519814,ok,9.110698532731513,5.117287144064903
1038,1008,2419096,landscape,latent,3,-0.18000000715255737,0.17681606113910675,0.025180009018994046,0.02853512351319052,drift_rejected,0.34741327426441104,5.486623052507639
1039,1009,2419096,landscape,tangent_direct,3,-0.18000000715255737,0.18279814720153809,0.02127460221963236,0.023280647716899736,drift_rejected,0.36610566423377366,7.364013679325581
1040,1010,2419096,landscape,random_direct,3,-0.18000000715255737,0.18279817700386047,0.1295194557003459,0.11676406030599518,drift_rejected,0.37205470713141553,4.462111419066787
1041,1011,2419096,landscape,latent,3,-0.11999999731779099,0.11503282189369202,0.014438566393384403,0.016143305420180037,drift_rejected,0.3785262144862103,7.157178770750761
1042,1012,2419096,landscape,tangent_direct,3,-0.11999999731779099,0.12186543643474579,0.014183077771768953,0.015520439319832383,drift_rejected,0.38328167332613733,7.685012748464942
1043,1013,2419096,landscape,random_direct,3,-0.11999999731779099,0.12186543643474579,0.08634630462081654,0.07784270800733631,no_axis,0.10918629715469114,4.557989098131657
1044,1014,2419096,landscape,latent,3,-0.09000000357627869,0.08644189685583115,0.010449878262647197,0.011603833902859873,drift_rejected,0.3841075141318817,5.560685694217682
1045,1015,2419096,landscape,tangent_direct,3,-0.09000000357627869,0.09139908850193024,0.010637302917897619,0.011640324810769456,drift_rejected,0.38617285024941483,5.698991155251861
1046,1016,2419096,landscape,random_direct,3,-0.09000000357627869,0.09139908850193024,0.06475972904008719,0.05838203092058209,no_axis,0.11081808046435625,4.526058131828904
1047,1017,2419096,landscape,latent,3,-0.05999999865889549,0.058235544711351395,0.006875457939719436,0.007588158976166075,ok,72.7558629164153,6.604451620951295
1048,1018,2419096,landscape,tangent_direct,3,-0.05999999865889549,0.060932718217372894,0.007091540083677922,0.007760221886149457,ok,72.92061116935389,6.583642490208149
1049,1019,2419096,landscape,random_direct,3,-0.05999999865889549,0.060932718217372894,0.04317313941043514,0.03892134323439211,no_axis,0.11254692719659487,4.417265571653843
1050,1020,2419096,landscape,latent,3,-0.04500000178813934,0.0440409779548645,0.005162014835178872,0.005681966437763125,ok,80.81266764164735,5.778869906440377
1051,1021,2419096,landscape,tangent_direct,3,-0.04500000178813934,0.04569954425096512,0.0053186537611612855,0.005820165984809111,ok,81.00263784390457,5.812390824779868
1052,1022,2419096,landscape,random_direct,3,-0.04500000178813934,0.04569954425096512,0.03237985272806571,0.02919100664229081,no_axis,0.1131510601245543,4.451583923771977
1053,1023,2419096,landscape,latent,3,-0.029999999329447746,0.02966444380581379,0.0034609763424805528,0.003800681414873958,ok,87.39855747606751,5.115427643060684
1054,1024,2419096,landscape,tangent_direct,3,-0.029999999329447746,0.030466357246041298,0.0035457674788016164,0.00388010765258634,ok,87.52544611631957,5.2323974668979645
1055,1025,2419096,landscape,random_direct,3,-0.029999999329447746,0.030466359108686447,0.021586564381184264,0.019460666565453744,drift_rejected,0.3748227879856654,4.679812563583255
1056,1026,2419096,landscape,latent,3,-0.024000000208616257,0.02384243905544281,0.0027784673504702008,0.0030486296907018345,ok,87.94639088424091,5.151520859450102
1057,1027,2419096,landscape,tangent_direct,3,-0.024000000208616257,0.024373086169362068,0.0028366193433153617,0.0031040919695435394,ok,88.12165205699532,5.114401767030358
1058,1028,2419096,landscape,random_direct,3,-0.024000000208616257,0.024373088032007217,0.01726924051012107,0.015568524645454674,drift_rejected,0.3750498601484289,5.130364516749978
1059,1029,2419096,landscape,latent,3,-0.017999999225139618,0.017971066758036613,0.002092522569244574,0.0022942026209506576,ok,88.98083919540386,5.262752931565046
1060,1030,2419096,landscape,tangent_direct,3,-0.017999999225139618,0.01827981323003769,0.002127459922354246,0.0023280652761842576,ok,89.27574442425478,5.15157768689096
1061,1031,2419096,landscape,random_direct,3,-0.017999999225139618,0.01827981509268284,0.012951947337360844,0.011676407227844793,drift_rejected,0.3731767092753266,5.940230222418904
1062,1032,2419096,landscape,latent,3,-0.012000000104308128,0.0120442109182477,0.0014017460874408505,0.0015357445317322038,ok,88.579962698212,5.231942992657423
1063,1033,2419096,landscape,tangent_direct,3,-0.012000000104308128,0.012186544947326183,0.0014183046093488054,0.001552041388965458,ok,88.40164561766144,5.262415064498782
1064,1034,2419096,landscape,random_direct,3,-0.012000000104308128,0.012186543084681034,0.008634632220870728,0.0077842720960305005,ok,71.46037549396604,5.151392839848995
1065,1035,2419096,landscape,latent,3,-0.008999999612569809,0.009058181196451187,0.0010540835084236358,0.0011544602049251404,ok,88.22276844360051,5.116066141054034
1066,1036,2419096,landscape,tangent_direct,3,-0.008999999612569809,0.009139909408986568,0.0010637340403715687,0.001164037297083274,ok,88.20253133529293,5.231643131002784
1067,1037,2419096,landscape,random_direct,3,-0.008999999612569809,0.009139906615018845,0.0064759851535673195,0.005838211816430628,ok,72.3840525600542,5.75096982717514
1068,1038,2419096,landscape,latent,3,-0.006000000052154064,0.006055844482034445,0.000704688891481985,0.0007715488848039709,ok,88.08464213053207,5.152328049764037
1069,1039,2419096,landscape,tangent_direct,3,-0.006000000052154064,0.006093272008001804,0.0007091551675906582,0.0007760212408638378,ok,88.10352625857124,5.1158556509763
1070,1040,2419096,landscape,random_direct,3,-0.006000000052154064,0.006093273404985666,0.004317316127306577,0.0038921363062736298,drift_rejected,0.3770667484763459,6.556687107309699
1071,1041,2419096,landscape,latent,3,-0.004000000189989805,0.0040451530367136,0.00047068287106351753,0.0005152395723194123,ok,88.0193496107022,5.263138622045517
1072,1042,2419096,landscape,tangent_direct,3,-0.004000000189989805,0.004062179941684008,0.00047277856502483175,0.0005173548754887719,ok,88.03701126770413,5.150969740003347
1073,1043,2419096,landscape,random_direct,3,-0.004000000189989805,0.004062180407345295,0.0028781953516132355,0.0025947459951203493,drift_rejected,0.37931697015449595,6.055990068241954
1074,1044,2419096,landscape,latent,3,-0.0020000000949949026,0.0020265427883714437,0.00023582519797172674,0.0002580999662057663,ok,87.99514598720401,5.231488643214107
1075,1045,2419096,landscape,tangent_direct,3,-0.0020000000949949026,0.0020310936961323023,0.00023638815957112395,0.0002586783079138444,ok,87.99798269051486,5.265407396480441
1076,1046,2419096,landscape,random_direct,3,-0.0020000000949949026,0.002031092531979084,0.0014390884344097194,0.0012973662040893217,drift_rejected,0.38458521684053276,6.040789600461721
1077,1047,2419096,landscape,latent,3,-0.0010000000474974513,0.0010142475366592407,0.00011802201413835069,0.00012915489079334615,ok,87.95850088646145,5.11655693128705
1078,1048,2419096,landscape,tangent_direct,3,-0.0010000000474974513,0.0010155434720218182,0.00011819106272682931,0.00012933911681813702,ok,87.97256436467313,5.232349002733827
1079,1049,2419096,landscape,random_direct,3,-0.0010000000474974513,0.0010155446361750364,0.0007195629676778171,0.0006486955703943434,drift_rejected,0.38596855321773604,6.472599305212498
1080,779,2419096,landscape,latent,3,0.0,1.0723327648065606e-07,2.492013707629625e-08,2.9343866312690466e-08,ok,88.06022839828958,5.11257872544229
1081,733,2419096,landscape,tangent_direct,3,0.0,0.0,0.0,0.0,ok,88.05487424452532,7.676254168152809
1082,733,2419096,landscape,random_direct,3,0.0,0.0,0.0,0.0,ok,88.05487424452532,7.676254168152809
1083,1050,2419096,landscape,latent,3,0.0010000000474974513,0.0010162565158680081,0.00011827544803083298,0.00012940832675439374,ok,87.94226746117897,5.151505574584007
1084,1051,2419096,landscape,tangent_direct,3,0.0010000000474974513,0.0010155434720218182,0.00011819165270083993,0.00012933567861270862,ok,87.95246376539552,5.115196788683534
1085,1052,2419096,landscape,random_direct,3,0.0010000000474974513,0.0010155446361750364,0.0007195523807474368,0.0006486891930823489,ok,82.10209667148179,6.022398382425308
1086,1053,2419096,landscape,latent,3,0.0020000000949949026,0.0020346969831734896,0.000236841085729066,0.00025910773483531284,ok,87.91484090709523,5.2664555087685585
1087,1054,2419096,landscape,tangent_direct,3,0.0020000000949949026,0.0020310936961323023,0.0002363845732723215,0.00025867602649653473,ok,87.92445721789916,5.153894007205963
1088,1055,2419096,landscape,random_direct,3,0.0020000000949949026,0.002031092531979084,0.0014391070428193427,0.0012973795620604283,ok,72.41041533024753,6.3651283867657185
1089,1056,2419096,landscape,latent,3,0.004000000189989805,0.004077867139130831,0.0004746718397717405,0.0005192176086596112,drift_rejected,0.3876627443334178,7.0443264953792095
1090,1057,2419096,landscape,tangent_direct,3,0.004000000189989805,0.00406218133866787,0.00047277422847413005,0.0005173521441306863,drift_rejected,0.3876026134797205,7.082535848021507
1091,1058,2419096,landscape,random_direct,3,0.004000000189989805,0.004062180407345295,0.002878229779686745,0.0025947730117555764,drift_rejected,0.3769813792564538,5.203164594247937
1092,1059,2419096,landscape,latent,3,0.006000000052154064,0.0061297244392335415,0.0007136146621581002,0.0007804526716267536,drift_rejected,0.38762546685786886,6.887086842209101
1093,1060,2419096,landscape,tangent_direct,3,0.006000000052154064,0.006093272008001804,0.0007091508831985306,0.0007760176851559126,drift_rejected,0.38735430347539995,7.042197084054351
1094,1061,2419096,landscape,random_direct,3,0.006000000052154064,0.006093274336308241,0.004317317978470414,0.003892136436603795,drift_rejected,0.36711289303409966,7.366907257586718
1095,1062,2419096,landscape,latent,3,0.008999999612569809,0.00922404509037733,0.0010741251874143865,0.001174460671560985,drift_rejected,0.38740759250160695,6.754242120310664
1096,1063,2419096,landscape,tangent_direct,3,0.008999999612569809,0.009139908477663994,0.0010637313028616926,0.001164031738737521,drift_rejected,0.38764333810117935,6.650177737697959
1097,1064,2419096,landscape,random_direct,3,0.008999999612569809,0.009139906615018845,0.006475976012414999,0.005838205332373681,drift_rejected,0.35140252192034743,5.487798735499382
1098,1065,2419096,landscape,latent,3,0.012000000104308128,0.012339525856077671,0.0014374247247353213,0.001571348337617683,drift_rejected,0.38768840917484937,6.8381237834692
1099,1066,2419096,landscape,tangent_direct,3,0.012000000104308128,0.012186544947326183,0.0014183091328692293,0.0015520447372597893,drift_rejected,0.3875459042298861,6.694195047020912
1100,1067,2419096,landscape,random_direct,3,0.012000000104308128,0.012186543084681034,0.00863464858515977,0.007784285935958624,drift_rejected,0.3305084594272171,5.365469336509705
1101,1068,2419096,landscape,latent,3,0.017999999225139618,0.018636031076312065,0.00217265871242449,0.002374203754860415,drift_rejected,0.3871959024208918,6.8001949694007635
1102,1069,2419096,landscape,tangent_direct,3,0.017999999225139618,0.01827981323003769,0.002127458473620261,0.002328062066270831,drift_rejected,0.38788166000477214,6.654668228700757
1103,1070,2419096,landscape,random_direct,3,0.017999999225139618,0.018279816955327988,0.012951978966425139,0.011676432086611928,no_axis,0.11398292322787346,4.450270688161254
1104,1071,2419096,landscape,latent,3,0.024000000208616257,0.02502618357539177,0.0029206130383428505,0.0031905738360286408,drift_rejected,0.3876674804222066,6.531493384391069
1105,1072,2419096,landscape,tangent_direct,3,0.024000000208616257,0.024373086169362068,0.0028366182201712904,0.003104089172088621,drift_rejected,0.3875462490045927,6.557518247514963
1106,1073,2419096,landscape,random_direct,3,0.024000000208616257,0.024373088032007217,0.017269271245998315,0.01556854813050066,no_axis,0.11391715615730358,4.557649809867144
1107,1074,2419096,landscape,latent,3,0.029999999329447746,0.03151670843362808,0.0036824647846488753,0.004021943291964729,drift_rejected,0.38824210667259185,6.574135199189186
1108,1075,2419096,landscape,tangent_direct,3,0.029999999329447746,0.030466357246041298,0.0035457578799604037,0.0038801002146506944,drift_rejected,0.38710058869732605,6.413399653509259
1109,1076,2419096,landscape,random_direct,3,0.029999999329447746,0.030466359108686447,0.021586586586291135,0.019460683729413158,no_axis,0.1139044489444169,4.5227269642055035
1110,1077,2419096,landscape,latent,3,0.04500000178813934,0.04823193699121475,0.005655833515419018,0.006175951429889541,drift_rejected,0.3891915821093135,6.836679942905903
1111,1078,2419096,landscape,tangent_direct,3,0.04500000178813934,0.04569954425096512,0.0053186493692060815,0.005820158545768087,drift_rejected,0.38743275176611336,6.45662609115243
1112,1079,2419096,landscape,random_direct,3,0.04500000178813934,0.04569954425096512,0.03237989272108431,0.029191036643248028,no_axis,0.11392663804403014,4.420065939426422
1113,1080,2419096,landscape,latent,3,0.05999999865889549,0.06574801355600357,0.007743181693027509,0.00845814508168831,ok,86.96859098231084,5.23244521394372
1114,1081,2419096,landscape,tangent_direct,3,0.05999999865889549,0.060932718217372894,0.0070915394940896425,0.007760217515756684,drift_rejected,0.3872069622078316,6.654404304921627
1115,1082,2419096,landscape,random_direct,3,0.05999999865889549,0.060932718217372894,0.04317314036143344,0.03892134505182187,no_axis,0.11400430796258564,4.44913562759757
1116,1083,2419096,landscape,latent,3,0.09000000357627869,0.10382028669118881,0.012355840092352601,0.013532972847883061,ok,85.50438357553705,5.115658164024353
1117,1084,2419096,landscape,tangent_direct,3,0.09000000357627869,0.09139908850193024,0.010637312668072881,0.011640332438845415,drift_rejected,0.38710420248854793,6.920871427282691
1118,1085,2419096,landscape,random_direct,3,0.09000000357627869,0.09139908850193024,0.06475973716408416,0.05838203864477531,no_axis,0.11383767366826947,4.55782488361001
1119,1086,2419096,landscape,latent,3,0.11999999731779099,0.1476220041513443,0.017868013301856743,0.01970083009443793,ok,86.7308519509987,5.151173919439316
1120,1087,2419096,landscape,tangent_direct,3,0.11999999731779099,0.12186543643474579,0.014183073706637133,0.015520435646631355,ok,79.49126829365574,5.887540413066745
1121,1088,2419096,landscape,random_direct,3,0.11999999731779099,0.12186543643474579,0.08634633002852457,0.0778427261554274,no_axis,0.11210145134198116,4.5253000520169735
1122,1089,2419096,landscape,latent,3,0.18000000715255737,0.3433057367801666,0.10199176055401173,0.11572512133685497,no_axis,0.10559583120317786,4.55773807503283
1123,1090,2419096,landscape,tangent_direct,3,0.18000000715255737,0.18279816210269928,0.0212746118563182,0.02328065252389704,ok,84.69838720497856,5.152262657880783
1124,1091,2419096,landscape,random_direct,3,0.18000000715255737,0.18279817700386047,0.12951947788391244,0.11676407852028851,no_axis,0.10522599987441164,4.4196919817477465
1125,1092,2419096,landscape,latent,3,0.23999999463558197,0.5757564306259155,0.2197254054229386,0.253282545958135,drift_rejected,0.37081283763480827,5.16533675417304
1126,1093,2419096,landscape,tangent_direct,3,0.23999999463558197,0.24373087286949158,0.02836614592464318,0.031040868970267768,ok,82.8402708332532,5.266589315608144
1127,1094,2419096,landscape,random_direct,3,0.23999999463558197,0.24373087286949158,0.1726926219127447,0.1556854232167266,no_axis,0.10329542681774889,4.450890325009823
