{"iteration":1,"score":78.62524627205187,"best":78.62524627205187,"gradient_rms":14.311643906038674,"update_rms":0.009999999975423094,"accepted":true,"wall_s":4.209777642041445}
{"iteration":2,"score":79.0791057752637,"best":79.0791057752637,"gradient_rms":137.40590851758068,"update_rms":0.008233676527052675,"accepted":true,"wall_s":2.9742211177945137}
{"iteration":3,"score":79.31433451209186,"best":79.31433451209186,"gradient_rms":28.314560732833574,"update_rms":0.005910955171943318,"accepted":true,"wall_s":3.0543704628944397}
{"iteration":4,"score":79.46364703201996,"best":79.46364703201996,"gradient_rms":59.52261278646253,"update_rms":0.005338340359508861,"accepted":true,"wall_s":2.803208213299513}
{"iteration":5,"score":79.72320978239392,"best":79.72320978239392,"gradient_rms":8.522502156498835,"update_rms":0.0038425321330825012,"accepted":true,"wall_s":2.7982257157564163}
{"iteration":6,"score":79.86148573136185,"best":79.86148573136185,"gradient_rms":5.7750741688635365,"update_rms":0.002791912531389188,"accepted":true,"wall_s":2.7107039280235767}
{"iteration":7,"score":79.97294209252972,"best":79.97294209252972,"gradient_rms":6.415252890075988,"update_rms":0.0021071845929238153,"accepted":true,"wall_s":2.8033892922103405}
{"iteration":8,"score":80.07795867508244,"best":80.07795867508244,"gradient_rms":7.584976304520497,"update_rms":0.0017813331929976326,"accepted":true,"wall_s":2.8061403185129166}
{"iteration":9,"score":80.11573193789957,"best":80.11573193789957,"gradient_rms":7.579198329059181,"update_rms":0.0015065131161622984,"accepted":true,"wall_s":2.8082950711250305}
{"iteration":10,"score":80.2853647791005,"best":80.2853647791005,"gradient_rms":31.983240664748624,"update_rms":0.00297411875242531,"accepted":true,"wall_s":3.032054014503956}
{"iteration":11,"score":80.34848784642013,"best":80.34848784642013,"gradient_rms":5.960645113137223,"update_rms":0.002316585622589464,"accepted":true,"wall_s":2.9407352283596992}
{"iteration":12,"score":80.42188808071785,"best":80.42188808071785,"gradient_rms":8.822363628153779,"update_rms":0.00193909360001031,"accepted":true,"wall_s":2.9381662532687187}
{"iteration":13,"score":80.50699637372826,"best":80.50699637372826,"gradient_rms":15.837146493164946,"update_rms":0.002092015971962501,"accepted":true,"wall_s":2.943305592983961}
{"iteration":14,"score":80.46914593625802,"best":80.50699637372826,"gradient_rms":4.420012757453762,"update_rms":0.0016242014933881407,"accepted":true,"wall_s":2.811275102198124}
{"iteration":15,"score":80.5854489565388,"best":80.5854489565388,"gradient_rms":11.113050058995238,"update_rms":0.0018007848465591528,"accepted":true,"wall_s":2.8118874691426754}
{"iteration":16,"score":80.73766734343039,"best":80.73766734343039,"gradient_rms":8.953779449306628,"update_rms":0.0017060918509850442,"accepted":true,"wall_s":3.039830267429352}
{"iteration":17,"score":80.68289369648609,"best":80.73766734343039,"gradient_rms":0.8336269282565263,"update_rms":0.0012377990004945043,"accepted":true,"wall_s":2.80905844271183}
{"iteration":18,"score":80.85756040802815,"best":80.85756040802815,"gradient_rms":19.08405703912662,"update_rms":0.0024275890585190897,"accepted":true,"wall_s":3.049429062753916}
{"iteration":19,"score":80.9307233298634,"best":80.9307233298634,"gradient_rms":11.967535532469388,"update_rms":0.002319151840148065,"accepted":true,"wall_s":3.046361319720745}
{"iteration":20,"score":80.89058079896664,"best":80.9307233298634,"gradient_rms":5.593309780890797,"update_rms":0.0018219114902964708,"accepted":true,"wall_s":2.7964120097458363}
{"iteration":21,"score":81.10306571143428,"best":81.10306571143428,"gradient_rms":28.469120122488626,"update_rms":0.0035100474384266995,"accepted":true,"wall_s":3.0277962535619736}
{"iteration":22,"score":81.09581633286226,"best":81.10306571143428,"gradient_rms":8.98156828942197,"update_rms":0.002823456638402908,"accepted":true,"wall_s":2.8100487366318703}
{"iteration":23,"score":81.22190796689931,"best":81.22190796689931,"gradient_rms":3.3017057822115294,"update_rms":0.002064703039381169,"accepted":true,"wall_s":2.8046443201601505}
{"iteration":24,"score":81.18858030471745,"best":81.22190796689931,"gradient_rms":7.326625003452363,"update_rms":0.0018605420548565281,"accepted":true,"wall_s":2.80651718005538}
{"iteration":25,"score":81.4209115487955,"best":81.4209115487955,"gradient_rms":13.721789984669405,"update_rms":0.002251372331892162,"accepted":true,"wall_s":2.8214136324822903}
{"iteration":26,"score":81.5373370444351,"best":81.5373370444351,"gradient_rms":16.779616302180564,"update_rms":0.002861899057833098,"accepted":true,"wall_s":3.041061829775572}
{"iteration":27,"score":81.57768451282614,"best":81.57768451282614,"gradient_rms":6.575006081050568,"update_rms":0.0023091495848431534,"accepted":true,"wall_s":3.03933322802186}
{"iteration":28,"score":81.67856246371468,"best":81.67856246371468,"gradient_rms":3.7910894580091368,"update_rms":0.0017664999185573206,"accepted":true,"wall_s":3.0353477597236633}
{"iteration":29,"score":81.76389747482895,"best":81.76389747482895,"gradient_rms":13.94988454884198,"update_rms":0.0021905839898537314,"accepted":true,"wall_s":3.035447135567665}
{"iteration":30,"score":81.82984665895839,"best":81.82984665895839,"gradient_rms":9.054384189886662,"update_rms":0.0019988548565564464,"accepted":true,"wall_s":3.0350437685847282}
{"iteration":31,"score":81.89234758498617,"best":81.89234758498617,"gradient_rms":13.286785867948325,"update_rms":0.0024051824662811674,"accepted":true,"wall_s":2.8064799457788467}
{"iteration":32,"score":82.02669481009306,"best":82.02669481009306,"gradient_rms":8.48782254269574,"update_rms":0.0020680182573143357,"accepted":true,"wall_s":3.0515639930963516}
{"iteration":33,"score":82.075666121795,"best":82.075666121795,"gradient_rms":7.948187095800639,"update_rms":0.0018377366506326328,"accepted":true,"wall_s":2.812992002815008}
{"iteration":34,"score":82.13742795026238,"best":82.13742795026238,"gradient_rms":4.210599732548125,"update_rms":0.0014424630422848262,"accepted":true,"wall_s":2.8108452148735523}
{"iteration":35,"score":82.23231925744722,"best":82.23231925744722,"gradient_rms":1.8295033116454273,"update_rms":0.0010674733628862302,"accepted":true,"wall_s":2.8110765367746353}
{"iteration":36,"score":82.24164790580876,"best":82.24164790580876,"gradient_rms":7.677807091218576,"update_rms":0.0013762699172843167,"accepted":true,"wall_s":2.80578301474452}
{"iteration":37,"score":82.27819247169485,"best":82.27819247169485,"gradient_rms":4.4617376270270075,"update_rms":0.0012406195768390432,"accepted":true,"wall_s":2.8092365339398384}
{"iteration":38,"score":82.30927680397218,"best":82.30927680397218,"gradient_rms":4.155422300721922,"update_rms":0.001133091926051635,"accepted":true,"wall_s":2.8086352199316025}
{"iteration":39,"score":82.30120469107328,"best":82.30927680397218,"gradient_rms":6.066902040659847,"update_rms":0.001325954583461506,"accepted":true,"wall_s":2.805226970463991}
{"iteration":40,"score":82.31813265881243,"best":82.31813265881243,"gradient_rms":8.48418438594652,"update_rms":0.0015967220823135226,"accepted":true,"wall_s":2.8107743337750435}
{"iteration":41,"score":82.47545716031256,"best":82.47545716031256,"gradient_rms":10.80320009391436,"update_rms":0.0021189528304788835,"accepted":true,"wall_s":3.0404991544783115}
{"iteration":42,"score":82.53172102335289,"best":82.53172102335289,"gradient_rms":2.7561815112148444,"update_rms":0.0015740584500301181,"accepted":true,"wall_s":2.952818736433983}
{"iteration":43,"score":82.58490190335097,"best":82.58490190335097,"gradient_rms":6.382165705709092,"update_rms":0.0014841235682127077,"accepted":true,"wall_s":3.0453764609992504}
{"iteration":44,"score":82.4775994130831,"best":82.58490190335097,"gradient_rms":3.992344748961398,"update_rms":0.0012761867236650854,"accepted":true,"wall_s":2.819832280278206}
{"iteration":45,"score":82.57240561369632,"best":82.58490190335097,"gradient_rms":1.3531560290428766,"update_rms":0.000929486915668238,"accepted":true,"wall_s":2.722645029425621}
{"iteration":46,"score":82.59767302369897,"best":82.59767302369897,"gradient_rms":1.687312336350545,"update_rms":0.0007128218963766408,"accepted":true,"wall_s":2.8219118677079678}
{"iteration":47,"score":82.69128221561111,"best":82.69128221561111,"gradient_rms":4.182862592781184,"update_rms":0.0009071029446063904,"accepted":true,"wall_s":2.820640489459038}
{"iteration":48,"score":82.57995982305923,"best":82.69128221561111,"gradient_rms":7.258668562509954,"update_rms":0.0012822224307017602,"accepted":true,"wall_s":2.811429064720869}
{"iteration":49,"score":82.71663263864615,"best":82.71663263864615,"gradient_rms":4.307238727996602,"update_rms":0.0012195820130250711,"accepted":true,"wall_s":2.721945982426405}
{"iteration":50,"score":82.73785741259204,"best":82.73785741259204,"gradient_rms":10.104560429655734,"update_rms":0.001924665081353292,"accepted":true,"wall_s":2.816186249256134}
{"iteration":51,"score":82.842473415425,"best":82.842473415425,"gradient_rms":5.917194938715746,"update_rms":0.001675499616579415,"accepted":true,"wall_s":2.816653672605753}
{"iteration":52,"score":82.84699822610128,"best":82.84699822610128,"gradient_rms":11.123437155659735,"update_rms":0.002249378248729157,"accepted":true,"wall_s":2.805378947407007}
{"iteration":53,"score":83.00170208121786,"best":83.00170208121786,"gradient_rms":11.931060414379832,"update_rms":0.002658717173250177,"accepted":true,"wall_s":2.7293544225394726}
{"iteration":54,"score":83.10153788144369,"best":83.10153788144369,"gradient_rms":2.832537255786102,"update_rms":0.0019285362355824078,"accepted":true,"wall_s":2.721557293087244}
{"iteration":55,"score":83.05879741629832,"best":83.10153788144369,"gradient_rms":7.034259314270556,"update_rms":0.0018918473382036813,"accepted":true,"wall_s":2.812628284096718}
{"iteration":56,"score":83.24538020565436,"best":83.24538020565436,"gradient_rms":32.0530110541153,"update_rms":0.005256062593560589,"accepted":true,"wall_s":3.0584548600018024}
{"iteration":57,"score":83.31514005754491,"best":83.31514005754491,"gradient_rms":0.7753167967022916,"update_rms":0.0037201059229563234,"accepted":true,"wall_s":3.0490217730402946}
{"iteration":58,"score":83.3967772345656,"best":83.3967772345656,"gradient_rms":4.421174586268524,"update_rms":0.002771646528821819,"accepted":true,"wall_s":3.0558015182614326}
{"iteration":59,"score":83.39700236584311,"best":83.39700236584311,"gradient_rms":16.359349602195383,"update_rms":0.0034368080876348776,"accepted":true,"wall_s":2.826840665191412}
{"iteration":60,"score":83.56137666525443,"best":83.56137666525443,"gradient_rms":4.419537461925892,"update_rms":0.0025867599317011083,"accepted":true,"wall_s":2.8291772939264774}
{"iteration":61,"score":83.67141250636016,"best":83.67141250636016,"gradient_rms":4.033812910850573,"update_rms":0.001928817563829671,"accepted":true,"wall_s":2.8271994665265083}
{"iteration":62,"score":83.72410931626052,"best":83.72410931626052,"gradient_rms":1.5535912365803835,"update_rms":0.0013907736230312285,"accepted":true,"wall_s":2.816188469529152}
{"iteration":63,"score":83.81542688663977,"best":83.81542688663977,"gradient_rms":13.664301743359099,"update_rms":0.002726010209095002,"accepted":true,"wall_s":3.0504302196204662}
{"iteration":64,"score":83.82433649901525,"best":83.82433649901525,"gradient_rms":8.36656192201437,"update_rms":0.002406742921767122,"accepted":true,"wall_s":2.817922033369541}
{"iteration":65,"score":83.99994994380688,"best":83.99994994380688,"gradient_rms":9.679895194625784,"update_rms":0.002411353643220418,"accepted":true,"wall_s":3.0517724603414536}
{"iteration":66,"score":84.11293458559146,"best":84.11293458559146,"gradient_rms":13.195295248720715,"update_rms":0.002898781187173686,"accepted":true,"wall_s":3.051546972244978}
{"iteration":67,"score":84.16574672829145,"best":84.16574672829145,"gradient_rms":2.3987279352182957,"update_rms":0.002108255466509559,"accepted":true,"wall_s":3.051695629954338}
{"iteration":68,"score":84.28278619918255,"best":84.28278619918255,"gradient_rms":12.369858074192559,"update_rms":0.002665375950754105,"accepted":true,"wall_s":3.047930885106325}
{"iteration":69,"score":84.35697410034687,"best":84.35697410034687,"gradient_rms":9.797384620475121,"update_rms":0.0025379264656780398,"accepted":true,"wall_s":3.0545983649790287}
{"iteration":70,"score":84.46389017342146,"best":84.46389017342146,"gradient_rms":7.28256506423922,"update_rms":0.0023989024194259767,"accepted":true,"wall_s":3.059947296977043}
{"iteration":71,"score":84.5640894073548,"best":84.5640894073548,"gradient_rms":7.19134005662365,"update_rms":0.0022228925744822462,"accepted":true,"wall_s":3.0511678718030453}
{"iteration":72,"score":84.50242280503413,"best":84.5640894073548,"gradient_rms":7.065394213322371,"update_rms":0.001983149833587052,"accepted":true,"wall_s":2.729646798223257}
{"iteration":73,"score":84.67950951304884,"best":84.67950951304884,"gradient_rms":6.190080442485352,"update_rms":0.0017352865000886534,"accepted":true,"wall_s":3.080040816217661}
{"iteration":74,"score":84.75228346381923,"best":84.75228346381923,"gradient_rms":10.932050206860369,"update_rms":0.0024226887299310766,"accepted":true,"wall_s":3.0490582920610905}
{"iteration":75,"score":84.8346290756344,"best":84.8346290756344,"gradient_rms":9.193943740559753,"update_rms":0.0024495062749070222,"accepted":true,"wall_s":3.051505822688341}
{"iteration":76,"score":84.8625848717216,"best":84.8625848717216,"gradient_rms":7.0977175830958465,"update_rms":0.002185117584762588,"accepted":true,"wall_s":2.816647209227085}
{"iteration":77,"score":85.03426894831826,"best":85.03426894831826,"gradient_rms":14.073021250593278,"update_rms":0.00317862066479478,"accepted":true,"wall_s":3.046446792781353}
{"iteration":78,"score":85.14590376920574,"best":85.14590376920574,"gradient_rms":6.459407443089225,"update_rms":0.0028039660143511047,"accepted":true,"wall_s":3.053326517343521}
{"iteration":79,"score":85.23945841383893,"best":85.23945841383893,"gradient_rms":9.764062129417496,"update_rms":0.00276269475396276,"accepted":true,"wall_s":3.052006810903549}
{"iteration":80,"score":85.33820406838615,"best":85.33820406838615,"gradient_rms":3.795419682644057,"update_rms":0.0021016160691555083,"accepted":true,"wall_s":2.958224881440401}
{"iteration":81,"score":85.46407630258221,"best":85.46407630258221,"gradient_rms":10.77015044336525,"update_rms":0.002648025669213723,"accepted":true,"wall_s":3.051903862506151}
{"iteration":82,"score":85.48400044801673,"best":85.48400044801673,"gradient_rms":8.085620721438273,"update_rms":0.0025164401851419166,"accepted":true,"wall_s":2.8205143436789513}
{"iteration":83,"score":85.52009045929712,"best":85.52009045929712,"gradient_rms":5.565972219304278,"update_rms":0.002130294116115466,"accepted":true,"wall_s":2.8063029907643795}
{"iteration":84,"score":85.64865079658934,"best":85.64865079658934,"gradient_rms":5.969888860552495,"update_rms":0.0018268351245248817,"accepted":true,"wall_s":2.8144401609897614}
{"iteration":85,"score":85.74414738744724,"best":85.74414738744724,"gradient_rms":1.3522820890706495,"update_rms":0.0013302814707930265,"accepted":true,"wall_s":2.7343973703682423}
{"iteration":86,"score":85.77408323413613,"best":85.77408323413613,"gradient_rms":7.077838713730362,"update_rms":0.001592352203875511,"accepted":true,"wall_s":3.0585860051214695}
{"iteration":87,"score":85.80328381134026,"best":85.80328381134026,"gradient_rms":8.647866327563774,"update_rms":0.001996070341846881,"accepted":true,"wall_s":2.81813869997859}
{"iteration":88,"score":85.85586902501916,"best":85.85586902501916,"gradient_rms":5.75290786096293,"update_rms":0.001838381498755322,"accepted":true,"wall_s":2.8203918039798737}
{"iteration":89,"score":85.90148508732227,"best":85.90148508732227,"gradient_rms":7.420147642287253,"update_rms":0.0019318950133930088,"accepted":true,"wall_s":2.8208107985556126}
{"iteration":90,"score":85.91418385929752,"best":85.91418385929752,"gradient_rms":7.406998370493446,"update_rms":0.00201512893362881,"accepted":true,"wall_s":2.724772736430168}
{"iteration":91,"score":85.99690982313376,"best":85.99690982313376,"gradient_rms":0.3993578934396998,"update_rms":0.0014158942444803893,"accepted":true,"wall_s":2.817356113344431}
{"iteration":92,"score":86.03054816851206,"best":86.03054816851206,"gradient_rms":8.119523555139878,"update_rms":0.0018815239015557254,"accepted":true,"wall_s":2.8127292096614838}
{"iteration":93,"score":86.0374479098229,"best":86.0374479098229,"gradient_rms":2.5510308552095857,"update_rms":0.0014348186859444835,"accepted":true,"wall_s":2.8218629881739616}
{"iteration":94,"score":86.21160596746844,"best":86.21160596746844,"gradient_rms":13.986842095876383,"update_rms":0.0028084436135120336,"accepted":true,"wall_s":3.0572747327387333}
{"iteration":95,"score":86.33127535719312,"best":86.33127535719312,"gradient_rms":8.379920766341998,"update_rms":0.002647035456255673,"accepted":true,"wall_s":3.0499470233917236}
{"iteration":96,"score":86.2442941148029,"best":86.33127535719312,"gradient_rms":7.564848290569611,"update_rms":0.0023019136710115034,"accepted":true,"wall_s":2.736954104155302}
{"iteration":97,"score":86.47170638733573,"best":86.47170638733573,"gradient_rms":4.4192547661727035,"update_rms":0.0018448159562150484,"accepted":true,"wall_s":3.07093296200037}
{"iteration":98,"score":86.47467470440311,"best":86.47467470440311,"gradient_rms":8.51739957635532,"update_rms":0.002126171088602601,"accepted":true,"wall_s":2.8172742910683155}
{"iteration":99,"score":86.58775733990541,"best":86.58775733990541,"gradient_rms":5.29159244011799,"update_rms":0.0018972582387233022,"accepted":true,"wall_s":2.7706825397908688}
{"iteration":100,"score":86.64907316602677,"best":86.64907316602677,"gradient_rms":6.2258257738251235,"update_rms":0.0018598832411923535,"accepted":true,"wall_s":2.7206584848463535}
{
  "status": "ok",
  "stop_reason": "completed_iterations",
  "initial_score": 78.20358092668212,
  "final_score": 86.64907316602677,
  "best_score": 86.64907316602677,
  "best_iteration": 100,
  "completed_iterations": 100,
  "completed_adam_steps": 100,
  "completed_optimizer_steps": 100,
  "total_wall_s": 291.1994296833873,
  "initial_decode_wall_s": 2.32229870185256,
  "initial_score_wall_s": 1.1096189208328724,
  "mean_iteration_wall_s": 2.9111750301346184,
  "manifest": {
    "algorithm": "adam_with_query_batched_local_gradient",
    "optimizer": "adam",
    "parameter_space": "latent",
    "gradient_objective": "dynamic local full-density score with coordinate and maximum-surface-selection derivatives omitted",
    "formal_objective": "complete native QH score for every accepted center",
    "initial_case": "/home/scc/pb24511935/local_surface_evaluator/runs/summary1_review2_20260824/flow_pairs/cases/case_01.json",
    "initial_case_sha256": "80620c7880c3c4b5e3ccc6a6b01f762fd95b261866881d879c310136009fc29d",
    "checkpoint": "/home/scc/pb24511935/local_surface_evaluator/runs/qh_flow_physical_lr_longselect_20260729/lr_3em4/checkpoint_latest.pt",
    "checkpoint_sha256": "39a3293a459e248a0d1ec062607a1a467128b14d8ca973aadd82e113532ab99f",
    "native_lib": "/home/scc/pb24511935/local_surface_evaluator/runs/summary1_review2_20260824/build_native/libstellarator_gpu.so",
    "native_lib_sha256": "7d3784e02172f5c3130bcf085efa8120dc059d5007daa4b18680edd97b077f94",
    "nfp": 4,
    "n_base_coils": 3,
    "iterations": 100,
    "max_wall_s": 4200.0,
    "flow": {
      "method": "rk4",
      "steps": 128,
      "dtype": "fp32",
      "use": "every gradient endpoint and accepted center"
    },
    "flow_pipeline": true,
    "coordinate_gradient": {
      "dimension": 300,
      "mode": "random-orthogonal",
      "random_directions": 2,
      "endpoint_count": 4,
      "perturbation": 0.005,
      "difference": "centered",
      "psi_grid": 48,
      "psi_iterations": 4,
      "alpha_iterations": 4,
      "formal_surface_theta_count": 128,
      "local_surface_theta_count": 64
    },
    "adam": {
      "learning_rate": 0.01,
      "beta1": 0.7,
      "beta2": 0.999,
      "epsilon": 1e-08,
      "weight_decay": 0.0
    },
    "bfgs": {
      "initial_trust_rms": 0.01,
      "min_trust_rms": 1e-05,
      "max_trust_rms": 0.05,
      "trust_growth": 1.2,
      "trust_shrink": 0.5,
      "min_improvement": 0.0
    },
    "seed": 2026082501,
    "axis_policy": "initial global search, then strict mixed-precision continuation",
    "devices": {
      "flow": 0,
      "score": 0
    },
    "initial_metadata_keys": [
      "flow_prior_screening",
      "nfp",
      "raw"
    ]
  }
}
{"iteration":1,"score":79.34530544509643,"best":79.34530544509643,"gradient_rms":64.12923244571236,"update_rms":0.009999999989191672,"accepted":true,"wall_s":1.9651217386126518}
{"iteration":2,"score":80.32604922002196,"best":80.32604922002196,"gradient_rms":41.838130819070656,"update_rms":0.00675803661216904,"accepted":true,"wall_s":1.9186090789735317}
{"iteration":3,"score":81.96007075540255,"best":81.96007075540255,"gradient_rms":62.12882996109572,"update_rms":0.00597505868694738,"accepted":true,"wall_s":1.9067898727953434}
{"iteration":4,"score":82.53643109075357,"best":82.53643109075357,"gradient_rms":32.2173403939198,"update_rms":0.004962811153888565,"accepted":true,"wall_s":1.9511262811720371}
{"iteration":5,"score":82.29828940624365,"best":82.53643109075357,"gradient_rms":68.70772063219853,"update_rms":0.005108853021925703,"accepted":true,"wall_s":1.946191180497408}
{"iteration":6,"score":81.837945524096,"best":82.53643109075357,"gradient_rms":34.14601896915245,"update_rms":0.00446691632315531,"accepted":true,"wall_s":2.3193746991455555}
{"iteration":7,"score":81.19312701325283,"best":82.53643109075357,"gradient_rms":56.159359226753644,"update_rms":0.00465053069140478,"accepted":true,"wall_s":1.9409733898937702}
{"iteration":8,"score":80.73262637180555,"best":82.53643109075357,"gradient_rms":33.95966129662001,"update_rms":0.003905028339663889,"accepted":true,"wall_s":1.9372190721333027}
{"iteration":9,"score":80.40819724630515,"best":82.53643109075357,"gradient_rms":59.15025774458547,"update_rms":0.004295783149805109,"accepted":true,"wall_s":1.944243885576725}
{"iteration":10,"score":79.84952231550724,"best":82.53643109075357,"gradient_rms":29.18268166342877,"update_rms":0.003641514308448086,"accepted":true,"wall_s":1.94542783126235}
{"iteration":11,"score":79.85445608726113,"best":82.53643109075357,"gradient_rms":53.21367538872306,"update_rms":0.004024102351637975,"accepted":true,"wall_s":1.7132380157709122}
{"iteration":12,"score":80.77958419174759,"best":82.53643109075357,"gradient_rms":65.08026089056364,"update_rms":0.004640714454570111,"accepted":true,"wall_s":1.9369615390896797}
{"iteration":13,"score":81.68381704610006,"best":82.53643109075357,"gradient_rms":69.43812558553867,"update_rms":0.0048763322893010195,"accepted":true,"wall_s":1.9404706805944443}
{"iteration":14,"score":82.13780634530686,"best":82.53643109075357,"gradient_rms":31.994443411021734,"update_rms":0.004137459677844817,"accepted":true,"wall_s":1.9426761493086815}
{"iteration":15,"score":82.1291068770015,"best":82.53643109075357,"gradient_rms":12.204839710480963,"update_rms":0.0030479367185179216,"accepted":true,"wall_s":1.9393373280763626}
{"iteration":16,"score":81.95451254442972,"best":82.53643109075357,"gradient_rms":13.187409963715616,"update_rms":0.0023964392113594154,"accepted":true,"wall_s":1.9386729784309864}
{"iteration":17,"score":82.25254938937842,"best":82.53643109075357,"gradient_rms":48.95142551032011,"update_rms":0.00334865729725026,"accepted":true,"wall_s":1.9346282221376896}
{"iteration":18,"score":82.52124617168045,"best":82.53643109075357,"gradient_rms":70.7398106632058,"update_rms":0.004605092755060738,"accepted":true,"wall_s":1.9403718970716}
{"iteration":19,"score":83.03747479481929,"best":83.03747479481929,"gradient_rms":79.73875079444053,"update_rms":0.005135093128603194,"accepted":true,"wall_s":1.946854293346405}
{"iteration":20,"score":83.62556290043494,"best":83.62556290043494,"gradient_rms":46.89844961147639,"update_rms":0.004482068880701284,"accepted":true,"wall_s":2.004637222737074}
{"iteration":21,"score":84.04722993750065,"best":84.04722993750065,"gradient_rms":37.033187460795034,"update_rms":0.0038494017739529023,"accepted":true,"wall_s":1.9497992098331451}
{"iteration":22,"score":84.69603139900956,"best":84.69603139900956,"gradient_rms":60.15847141368512,"update_rms":0.0044902069504014035,"accepted":true,"wall_s":1.9533530063927174}
{"iteration":23,"score":85.14747949951249,"best":85.14747949951249,"gradient_rms":18.75001565694341,"update_rms":0.003435440584315004,"accepted":true,"wall_s":1.9582315497100353}
{"iteration":24,"score":85.35703193507322,"best":85.35703193507322,"gradient_rms":61.48132486075613,"update_rms":0.004489682075829191,"accepted":true,"wall_s":1.9469096288084984}
{"iteration":25,"score":85.32302520727937,"best":85.35703193507322,"gradient_rms":44.558092832365304,"update_rms":0.0041946983342218596,"accepted":true,"wall_s":1.951649982482195}
{"iteration":26,"score":84.98032723734747,"best":85.35703193507322,"gradient_rms":34.631046456398316,"update_rms":0.0035841974696991796,"accepted":true,"wall_s":1.947485402226448}
{"iteration":27,"score":84.81729348761708,"best":85.35703193507322,"gradient_rms":49.80685128951584,"update_rms":0.004136031787388548,"accepted":true,"wall_s":1.9519278071820736}
{"iteration":28,"score":85.81797953056014,"best":85.81797953056014,"gradient_rms":145.09846164881168,"update_rms":0.0073039533518284025,"accepted":true,"wall_s":1.9532024152576923}
{"iteration":29,"score":84.9216548337194,"best":85.81797953056014,"gradient_rms":37.02896081716284,"update_rms":0.005637453926628178,"accepted":true,"wall_s":1.9504541382193565}
{"iteration":30,"score":84.34733903754837,"best":85.81797953056014,"gradient_rms":84.53011794711121,"update_rms":0.005971789691752963,"accepted":true,"wall_s":1.950702529400587}
{"iteration":31,"score":84.9127214587644,"best":85.81797953056014,"gradient_rms":134.7578601122464,"update_rms":0.007360062856418824,"accepted":true,"wall_s":1.9538182988762856}
{"iteration":32,"score":84.29936794729166,"best":85.81797953056014,"gradient_rms":41.57633302448972,"update_rms":0.0057791410517696205,"accepted":true,"wall_s":1.9489250108599663}
{"iteration":33,"score":83.50429564992622,"best":85.81797953056014,"gradient_rms":37.24873458532775,"update_rms":0.004621478210419131,"accepted":true,"wall_s":1.9499077945947647}
{"iteration":34,"score":83.28248266060803,"best":85.81797953056014,"gradient_rms":61.95197371984952,"update_rms":0.004548933185348709,"accepted":true,"wall_s":1.9493618458509445}
{"iteration":35,"score":83.39726635399431,"best":85.81797953056014,"gradient_rms":49.640233481975415,"update_rms":0.004436783509281513,"accepted":true,"wall_s":1.9525853171944618}
{"iteration":36,"score":83.84890463211,"best":85.81797953056014,"gradient_rms":65.50974736462676,"update_rms":0.004603206668772009,"accepted":true,"wall_s":1.944969892501831}
{"iteration":37,"score":84.58831894046652,"best":85.81797953056014,"gradient_rms":64.55075664404924,"update_rms":0.004511295984238235,"accepted":true,"wall_s":1.7090910822153091}
{"iteration":38,"score":85.34573054660272,"best":85.81797953056014,"gradient_rms":24.44418672255526,"update_rms":0.0034153374624047166,"accepted":true,"wall_s":1.7095281817018986}
{"iteration":39,"score":85.97595682724788,"best":85.97595682724788,"gradient_rms":66.026152028786,"update_rms":0.004282522817720792,"accepted":true,"wall_s":1.7152167931199074}
{"iteration":40,"score":86.73101977239868,"best":86.73101977239868,"gradient_rms":76.93629700213776,"update_rms":0.00472391826429266,"accepted":true,"wall_s":1.945938490331173}
{"iteration":41,"score":87.15893943226689,"best":87.15893943226689,"gradient_rms":36.05698589157715,"update_rms":0.0038576876570317873,"accepted":true,"wall_s":1.9446416944265366}
{"iteration":42,"score":87.17676990680984,"best":87.17676990680984,"gradient_rms":37.187751273626034,"update_rms":0.003377726226802415,"accepted":true,"wall_s":1.9443709589540958}
{"iteration":43,"score":87.67602869377671,"best":87.67602869377671,"gradient_rms":94.50148686666734,"update_rms":0.005300154733998971,"accepted":true,"wall_s":1.9120165258646011}
{"iteration":44,"score":87.04926419254943,"best":87.67602869377671,"gradient_rms":38.27325525832118,"update_rms":0.0042687636926824705,"accepted":true,"wall_s":1.9120116718113422}
{"iteration":45,"score":86.40327693794907,"best":87.67602869377671,"gradient_rms":35.41672149808231,"update_rms":0.003619303689405175,"accepted":true,"wall_s":1.9479376263916492}
{"iteration":46,"score":86.63009166715781,"best":87.67602869377671,"gradient_rms":96.01378068746989,"update_rms":0.005547258753220694,"accepted":true,"wall_s":1.9559836201369762}
{"iteration":47,"score":85.95528498729584,"best":87.67602869377671,"gradient_rms":13.89453512858867,"update_rms":0.003966358531817403,"accepted":true,"wall_s":1.9498169273138046}
{"iteration":48,"score":85.22586207475325,"best":87.67602869377671,"gradient_rms":20.498583885318098,"update_rms":0.003019364400504597,"accepted":true,"wall_s":1.9517823569476604}
{"iteration":49,"score":84.80958160761938,"best":87.67602869377671,"gradient_rms":60.917771898971885,"update_rms":0.003897524929350341,"accepted":true,"wall_s":1.7321763597428799}
{"iteration":50,"score":85.23720582932839,"best":87.67602869377671,"gradient_rms":79.62327015171505,"update_rms":0.004739850765186754,"accepted":true,"wall_s":1.9637109227478504}
{"iteration":51,"score":85.79155130483632,"best":87.67602869377671,"gradient_rms":63.62390039716125,"update_rms":0.0042224578826469605,"accepted":true,"wall_s":1.7213284336030483}
{"iteration":52,"score":86.03615059629229,"best":87.67602869377671,"gradient_rms":26.09628190084825,"update_rms":0.003262382300385639,"accepted":true,"wall_s":1.7241460643708706}
{"iteration":53,"score":85.62547909826792,"best":87.67602869377671,"gradient_rms":40.67833156496068,"update_rms":0.0029276619648795003,"accepted":true,"wall_s":1.9568338245153427}
{"iteration":54,"score":85.25059556558247,"best":87.67602869377671,"gradient_rms":19.358674092455647,"update_rms":0.0023984036092224445,"accepted":true,"wall_s":1.9520930163562298}
{"iteration":55,"score":84.87363826596768,"best":87.67602869377671,"gradient_rms":11.576086206792787,"update_rms":0.0018361726270787217,"accepted":true,"wall_s":1.9527200162410736}
{"iteration":56,"score":85.03008622831385,"best":87.67602869377671,"gradient_rms":80.77011033030077,"update_rms":0.004317578266209024,"accepted":true,"wall_s":1.9484418518841267}
{"iteration":57,"score":84.51709441629262,"best":87.67602869377671,"gradient_rms":76.75296226475535,"update_rms":0.00516060152004359,"accepted":true,"wall_s":1.9548497535288334}
{"iteration":58,"score":84.02629106677162,"best":87.67602869377671,"gradient_rms":65.82612813529589,"update_rms":0.00492573070430578,"accepted":true,"wall_s":1.9524809382855892}
{"iteration":59,"score":84.19526541836856,"best":87.67602869377671,"gradient_rms":70.96045616468078,"update_rms":0.004872553512086166,"accepted":true,"wall_s":1.955200970172882}
{"iteration":60,"score":84.22966049448169,"best":87.67602869377671,"gradient_rms":22.88615295702718,"update_rms":0.003735063568156608,"accepted":true,"wall_s":1.957595594227314}
{"iteration":61,"score":84.75194014126629,"best":87.67602869377671,"gradient_rms":66.93430372522823,"update_rms":0.004132774398608716,"accepted":true,"wall_s":1.953361228108406}
{"iteration":62,"score":84.86876991167588,"best":87.67602869377671,"gradient_rms":9.148957917265964,"update_rms":0.002942157652165716,"accepted":true,"wall_s":1.9522399753332138}
{"iteration":63,"score":84.86874184763035,"best":87.67602869377671,"gradient_rms":26.49716423438656,"update_rms":0.0025139407522565167,"accepted":true,"wall_s":1.948732364922762}
{"iteration":64,"score":84.99109538963953,"best":87.67602869377671,"gradient_rms":29.565658105074707,"update_rms":0.002354844697998829,"accepted":true,"wall_s":1.9506674520671368}
{"iteration":65,"score":85.01330644032917,"best":87.67602869377671,"gradient_rms":11.011877988842755,"update_rms":0.0017079723090466733,"accepted":true,"wall_s":1.9538435228168964}
{"iteration":66,"score":85.3817030608473,"best":87.67602869377671,"gradient_rms":41.29020386081701,"update_rms":0.0025217430094161683,"accepted":true,"wall_s":2.207876767963171}
{"iteration":67,"score":85.65865248388585,"best":87.67602869377671,"gradient_rms":18.942593091083726,"update_rms":0.0020815780259972514,"accepted":true,"wall_s":1.9523606188595295}
{"iteration":68,"score":85.76273435494912,"best":87.67602869377671,"gradient_rms":97.16027460588718,"update_rms":0.005200782161694688,"accepted":true,"wall_s":1.9521534964442253}
{"iteration":69,"score":85.53125134076168,"best":87.67602869377671,"gradient_rms":69.40101611519948,"update_rms":0.00545366289282314,"accepted":true,"wall_s":1.9515803754329681}
{"iteration":70,"score":85.2411079327428,"best":87.67602869377671,"gradient_rms":38.52332676325119,"update_rms":0.004285624740232271,"accepted":true,"wall_s":1.9561328329145908}
{"iteration":71,"score":84.9372589812152,"best":87.67602869377671,"gradient_rms":50.311502403703834,"update_rms":0.004151684883782462,"accepted":true,"wall_s":1.9517468437552452}
{"iteration":72,"score":84.9361190463452,"best":87.67602869377671,"gradient_rms":49.0675201153234,"update_rms":0.004083226617379629,"accepted":true,"wall_s":1.9476336650550365}
{"iteration":73,"score":84.66692757072799,"best":87.67602869377671,"gradient_rms":27.926610534644613,"update_rms":0.0033523546520088923,"accepted":true,"wall_s":1.9444883950054646}
{"iteration":74,"score":84.15746779784912,"best":87.67602869377671,"gradient_rms":86.24219466900752,"update_rms":0.005063319011769865,"accepted":true,"wall_s":1.956412948668003}
{"iteration":75,"score":83.50777671380968,"best":87.67602869377671,"gradient_rms":7.863283246811319,"update_rms":0.0035927656771141615,"accepted":true,"wall_s":1.952469862997532}
{"iteration":76,"score":83.06467175712946,"best":87.67602869377671,"gradient_rms":26.822028400518874,"update_rms":0.002973985830395676,"accepted":true,"wall_s":1.9549591802060604}
{"iteration":77,"score":84.34790930957412,"best":87.67602869377671,"gradient_rms":148.9534819460853,"update_rms":0.00754815697966671,"accepted":true,"wall_s":1.9587358757853508}
{"iteration":78,"score":84.33510082107126,"best":87.67602869377671,"gradient_rms":37.79711049365966,"update_rms":0.0054526139102827175,"accepted":true,"wall_s":1.9620081596076488}
{"iteration":79,"score":83.87047588142065,"best":87.67602869377671,"gradient_rms":19.8466674370788,"update_rms":0.003992697947381598,"accepted":true,"wall_s":1.9611150808632374}
{"iteration":80,"score":83.33303376933272,"best":87.67602869377671,"gradient_rms":18.551858756017587,"update_rms":0.003016312590254473,"accepted":true,"wall_s":1.9521532319486141}
{"iteration":81,"score":83.34011852684947,"best":87.67602869377671,"gradient_rms":66.12874958664409,"update_rms":0.003914501239879018,"accepted":true,"wall_s":1.9640459641814232}
{"iteration":82,"score":84.53776177620598,"best":87.67602869377671,"gradient_rms":104.03082543172908,"update_rms":0.0058161703331116674,"accepted":true,"wall_s":1.9545662999153137}
{"iteration":83,"score":84.99274227196938,"best":87.67602869377671,"gradient_rms":119.90776134826116,"update_rms":0.007238707568181757,"accepted":true,"wall_s":1.95805524289608}
{"iteration":84,"score":83.36243717315831,"best":87.67602869377671,"gradient_rms":29.942338942662946,"update_rms":0.005540817020689962,"accepted":true,"wall_s":1.9611683264374733}
{"iteration":85,"score":81.9021157917506,"best":87.67602869377671,"gradient_rms":25.78226735974582,"update_rms":0.004206225655765418,"accepted":true,"wall_s":1.9551169201731682}
{"iteration":86,"score":80.98121084760116,"best":87.67602869377671,"gradient_rms":21.424070812337927,"update_rms":0.00315669435249632,"accepted":true,"wall_s":1.9531876109540462}
{"iteration":87,"score":81.02896767700705,"best":87.67602869377671,"gradient_rms":70.6705633914795,"update_rms":0.004058403843508183,"accepted":true,"wall_s":1.9551975652575493}
{"iteration":88,"score":81.17213775121508,"best":87.67602869377671,"gradient_rms":27.101903673709373,"update_rms":0.003131072208712202,"accepted":true,"wall_s":1.9519468322396278}
{"iteration":89,"score":81.30268231288157,"best":87.67602869377671,"gradient_rms":19.77828581563976,"update_rms":0.0023810441376313704,"accepted":true,"wall_s":1.951485961675644}
{"iteration":90,"score":81.34282534430038,"best":87.67602869377671,"gradient_rms":14.555888185403337,"update_rms":0.0018793104023199626,"accepted":true,"wall_s":1.7247337959706783}
{"iteration":91,"score":81.9239862397791,"best":87.67602869377671,"gradient_rms":82.82556954934184,"update_rms":0.004308379645059636,"accepted":true,"wall_s":1.951857853680849}
{"iteration":92,"score":82.40408148575065,"best":87.67602869377671,"gradient_rms":52.45462303117287,"update_rms":0.003972425487040787,"accepted":true,"wall_s":1.720187284052372}
{"iteration":93,"score":82.48066369289049,"best":87.67602869377671,"gradient_rms":32.44325592750481,"update_rms":0.0034312768520591407,"accepted":true,"wall_s":1.9500545263290405}
{"iteration":94,"score":82.9620598263682,"best":87.67602869377671,"gradient_rms":65.82459343143267,"update_rms":0.004072404599712303,"accepted":true,"wall_s":1.953312773257494}
{"iteration":95,"score":83.1554603475904,"best":87.67602869377671,"gradient_rms":27.171260247079626,"update_rms":0.0031445334922637976,"accepted":true,"wall_s":1.9498588256537914}
{"iteration":96,"score":83.1455120126507,"best":87.67602869377671,"gradient_rms":48.74531155678673,"update_rms":0.0033426414439398765,"accepted":true,"wall_s":1.9486223571002483}
{"iteration":97,"score":83.27660684375994,"best":87.67602869377671,"gradient_rms":32.153773083870036,"update_rms":0.0030019300419891707,"accepted":true,"wall_s":1.94999910145998}
{"iteration":98,"score":83.38049372899083,"best":87.67602869377671,"gradient_rms":22.522234146543635,"update_rms":0.0024868625978180115,"accepted":true,"wall_s":1.9487319104373455}
{"iteration":99,"score":83.4386366581414,"best":87.67602869377671,"gradient_rms":17.955615742836024,"update_rms":0.0020317539459251627,"accepted":true,"wall_s":2.0373631231486797}
{"iteration":100,"score":83.51705271034614,"best":87.67602869377671,"gradient_rms":17.468705226744802,"update_rms":0.0016839769107930603,"accepted":true,"wall_s":1.9519603326916695}
{
  "status": "ok",
  "stop_reason": "completed_iterations",
  "initial_score": 78.2035809266821,
  "final_score": 83.51705271034614,
  "best_score": 87.67602869377671,
  "best_iteration": 43,
  "completed_iterations": 100,
  "completed_adam_steps": 100,
  "completed_optimizer_steps": 100,
  "total_wall_s": 193.70190389454365,
  "initial_decode_wall_s": 1.5039640963077545,
  "initial_score_wall_s": 0.7856708727777004,
  "mean_iteration_wall_s": 1.9360824734717608,
  "manifest": {
    "algorithm": "adam_with_query_batched_local_gradient",
    "optimizer": "adam",
    "parameter_space": "data",
    "gradient_objective": "dynamic local full-density score with coordinate and maximum-surface-selection derivatives omitted",
    "formal_objective": "complete native QH score for every accepted center",
    "initial_case": "/home/scc/pb24511935/local_surface_evaluator/runs/summary1_review2_20260824/flow_pairs/cases/case_01.json",
    "initial_case_sha256": "80620c7880c3c4b5e3ccc6a6b01f762fd95b261866881d879c310136009fc29d",
    "checkpoint": "/home/scc/pb24511935/local_surface_evaluator/runs/qh_flow_physical_lr_longselect_20260729/lr_3em4/checkpoint_latest.pt",
    "checkpoint_sha256": "39a3293a459e248a0d1ec062607a1a467128b14d8ca973aadd82e113532ab99f",
    "native_lib": "/home/scc/pb24511935/local_surface_evaluator/runs/summary1_review2_20260824/build_native/libstellarator_gpu.so",
    "native_lib_sha256": "7d3784e02172f5c3130bcf085efa8120dc059d5007daa4b18680edd97b077f94",
    "nfp": 4,
    "n_base_coils": 3,
    "iterations": 100,
    "max_wall_s": 4200.0,
    "flow": {
      "method": "rk4",
      "steps": 128,
      "dtype": "fp32",
      "use": "initial latent-to-coil decode only"
    },
    "flow_pipeline": false,
    "coordinate_gradient": {
      "dimension": 300,
      "mode": "random-orthogonal",
      "random_directions": 2,
      "endpoint_count": 4,
      "perturbation": 0.0025,
      "difference": "centered",
      "psi_grid": 48,
      "psi_iterations": 4,
      "alpha_iterations": 4,
      "formal_surface_theta_count": 128,
      "local_surface_theta_count": 64
    },
    "adam": {
      "learning_rate": 0.01,
      "beta1": 0.7,
      "beta2": 0.999,
      "epsilon": 1e-08,
      "weight_decay": 0.0
    },
    "bfgs": {
      "initial_trust_rms": 0.01,
      "min_trust_rms": 1e-05,
      "max_trust_rms": 0.05,
      "trust_growth": 1.2,
      "trust_shrink": 0.5,
      "min_improvement": 0.0
    },
    "seed": 2026082501,
    "axis_policy": "initial global search, then strict mixed-precision continuation",
    "devices": {
      "flow": 0,
      "score": 0
    },
    "initial_metadata_keys": [
      "flow_prior_screening",
      "nfp",
      "raw"
    ],
    "data_parameterization": {
      "definition": "per-coordinate training-set standardization",
      "physical_mapping": "CoilNormalizer.inverse with canonical current L1/sign",
      "initial_clipped_fraction": 0.0,
      "initial_roundtrip_relative_rms": 0.0,
      "flow_calls_after_initialization": 0
    }
  }
}
{"iteration":1,"score":64.67511491617546,"best":64.67511491617546,"gradient_rms":1016.8933826813958,"update_rms":0.009999999999425557,"accepted":true,"wall_s":3.883994985371828}
{"iteration":2,"score":69.1590694045125,"best":69.1590694045125,"gradient_rms":570.7032072542077,"update_rms":0.006894375015450079,"accepted":true,"wall_s":2.788011312484741}
{"iteration":3,"score":69.64713017782188,"best":69.64713017782188,"gradient_rms":154.79479062664512,"update_rms":0.0046569407822204785,"accepted":true,"wall_s":2.7623792812228203}
{"iteration":4,"score":69.8003549962659,"best":69.8003549962659,"gradient_rms":48.87135225641853,"update_rms":0.0033054173827297057,"accepted":true,"wall_s":2.7643685899674892}
{"iteration":5,"score":69.9368376251783,"best":69.9368376251783,"gradient_rms":37.64170958031463,"update_rms":0.0023845057156437763,"accepted":true,"wall_s":2.762077022343874}
{"iteration":6,"score":69.97911341528723,"best":69.97911341528723,"gradient_rms":20.58410317872129,"update_rms":0.0017884009311877637,"accepted":true,"wall_s":3.1706761606037617}
{"iteration":7,"score":70.00515758381643,"best":70.00515758381643,"gradient_rms":5.123191345363459,"update_rms":0.001315706920370369,"accepted":true,"wall_s":2.772205099463463}
{"iteration":8,"score":70.00732209695056,"best":70.00732209695056,"gradient_rms":37.8895727111715,"update_rms":0.0011147612370438337,"accepted":true,"wall_s":2.582677025347948}
{"iteration":9,"score":69.99128670590999,"best":70.00732209695056,"gradient_rms":11.201093996200049,"update_rms":0.000818972748648237,"accepted":true,"wall_s":2.5754492543637753}
{"iteration":10,"score":70.04856082838786,"best":70.04856082838786,"gradient_rms":24.28155834862878,"update_rms":0.0008188508247692774,"accepted":true,"wall_s":2.7697875313460827}
{"iteration":11,"score":70.05830390349348,"best":70.05830390349348,"gradient_rms":8.968990025589305,"update_rms":0.0005997541470593871,"accepted":true,"wall_s":2.7671410962939262}
{"iteration":12,"score":70.13542297522699,"best":70.13542297522699,"gradient_rms":62.609492039416374,"update_rms":0.0011356091055545775,"accepted":true,"wall_s":2.7691165320575237}
{"iteration":13,"score":70.1632217316029,"best":70.1632217316029,"gradient_rms":19.16030566695356,"update_rms":0.0009022251597183955,"accepted":true,"wall_s":2.767173547297716}
{"iteration":14,"score":70.19331437663287,"best":70.19331437663287,"gradient_rms":41.05054033976861,"update_rms":0.000918992125432914,"accepted":true,"wall_s":2.7687695138156414}
{"iteration":15,"score":70.24204024899409,"best":70.24204024899409,"gradient_rms":42.17179034792211,"update_rms":0.0009926708357419203,"accepted":true,"wall_s":2.766995180398226}
{"iteration":16,"score":70.22721457437508,"best":70.24204024899409,"gradient_rms":24.350706309582414,"update_rms":0.000830652972632841,"accepted":true,"wall_s":2.7679561264812946}
{"iteration":17,"score":70.25197858192931,"best":70.25197858192931,"gradient_rms":44.315955464875586,"update_rms":0.0011032672054116395,"accepted":true,"wall_s":2.7717212326824665}
{"iteration":18,"score":70.27797495383734,"best":70.27797495383734,"gradient_rms":11.743424093850733,"update_rms":0.00084103229658114,"accepted":true,"wall_s":2.757686711847782}
{"iteration":19,"score":70.23544154744361,"best":70.27797495383734,"gradient_rms":47.2786067136409,"update_rms":0.0012592783778047306,"accepted":true,"wall_s":2.754187386482954}
{"iteration":20,"score":70.28944252753098,"best":70.28944252753098,"gradient_rms":431.28496505388637,"update_rms":0.005727217297401078,"accepted":true,"wall_s":2.768198199570179}
{"iteration":21,"score":70.27486780872462,"best":70.28944252753098,"gradient_rms":42.63787134371261,"update_rms":0.004138170687641728,"accepted":true,"wall_s":2.772046733647585}
{"iteration":22,"score":70.20990888949125,"best":70.28944252753098,"gradient_rms":7.4413963832215915,"update_rms":0.0029772812531285745,"accepted":true,"wall_s":2.768464546650648}
{"iteration":23,"score":70.14880905925426,"best":70.28944252753098,"gradient_rms":17.666101159925258,"update_rms":0.0021523427260006904,"accepted":true,"wall_s":2.7670199014246464}
{"iteration":24,"score":70.11453473891741,"best":70.28944252753098,"gradient_rms":36.77417851507275,"update_rms":0.0017233701226348026,"accepted":true,"wall_s":2.773045066744089}
{"iteration":25,"score":70.06084121066425,"best":70.28944252753098,"gradient_rms":10.711714453828751,"update_rms":0.0012593042755090534,"accepted":true,"wall_s":2.7578832246363163}
{"iteration":26,"score":70.10958382236939,"best":70.28944252753098,"gradient_rms":61.85740523332495,"update_rms":0.001467132113452002,"accepted":true,"wall_s":7.037101402878761}
{"iteration":27,"score":70.11468951074848,"best":70.28944252753098,"gradient_rms":23.799870136139887,"update_rms":0.0011606818841991802,"accepted":true,"wall_s":2.9802187345921993}
{"iteration":28,"score":70.11753875126819,"best":70.28944252753098,"gradient_rms":16.722896023483088,"update_rms":0.0008500523878410544,"accepted":true,"wall_s":2.782803535461426}
{"iteration":29,"score":70.01892944905784,"best":70.28944252753098,"gradient_rms":6.897408632567041,"update_rms":0.0006155945215453947,"accepted":true,"wall_s":2.6255319230258465}
{"iteration":30,"score":70.22349967663102,"best":70.28944252753098,"gradient_rms":62.223698461986864,"update_rms":0.0012536248819571777,"accepted":true,"wall_s":2.882612358778715}
{"iteration":31,"score":70.26234979130118,"best":70.28944252753098,"gradient_rms":3.411219847819377,"update_rms":0.0009011604589886233,"accepted":true,"wall_s":2.7642934434115887}
{"iteration":32,"score":70.31580830979527,"best":70.31580830979527,"gradient_rms":18.0831734651896,"update_rms":0.0008200749670692683,"accepted":true,"wall_s":2.7730919905006886}
{"iteration":33,"score":70.34596635129314,"best":70.34596635129314,"gradient_rms":21.98050063143449,"update_rms":0.0008181826590936647,"accepted":true,"wall_s":2.7723338417708874}
{"iteration":34,"score":70.43838840371372,"best":70.43838840371372,"gradient_rms":43.35301646329991,"update_rms":0.0010491296573535607,"accepted":true,"wall_s":2.7762699835002422}
{"iteration":35,"score":70.47744572366592,"best":70.47744572366592,"gradient_rms":110.11800826933244,"update_rms":0.002432505851837052,"accepted":true,"wall_s":3.4264918342232704}
{"iteration":36,"score":70.42986120830604,"best":70.47744572366592,"gradient_rms":53.61978874836083,"update_rms":0.0021259999282113294,"accepted":true,"wall_s":2.787017721682787}
{"iteration":37,"score":70.4080405944493,"best":70.47744572366592,"gradient_rms":26.713566184603796,"update_rms":0.0016311875254671688,"accepted":true,"wall_s":2.7618751153349876}
{"iteration":38,"score":70.40172619170006,"best":70.47744572366592,"gradient_rms":7.104540895364106,"update_rms":0.0011601008442567089,"accepted":true,"wall_s":2.7627590745687485}
{"iteration":39,"score":70.41396513532743,"best":70.47744572366592,"gradient_rms":5.977659115102879,"update_rms":0.0008310583136473378,"accepted":true,"wall_s":2.942956645041704}
{"iteration":40,"score":70.39468456707714,"best":70.47744572366592,"gradient_rms":6.726340594715575,"update_rms":0.0005930102424330891,"accepted":true,"wall_s":2.765597812831402}
{"iteration":41,"score":70.40245957342256,"best":70.47744572366592,"gradient_rms":6.744042047861352,"update_rms":0.0004221783906313299,"accepted":true,"wall_s":2.766055639833212}
{"iteration":42,"score":70.42163851452516,"best":70.47744572366592,"gradient_rms":13.393826783788443,"update_rms":0.0004243545741182822,"accepted":true,"wall_s":2.76277581974864}
{"iteration":43,"score":70.45724960643466,"best":70.47744572366592,"gradient_rms":29.84081248589422,"update_rms":0.0006603697319304125,"accepted":true,"wall_s":2.7614211440086365}
{"iteration":44,"score":70.47127462962693,"best":70.47744572366592,"gradient_rms":14.439606216121996,"update_rms":0.0005413910014817213,"accepted":true,"wall_s":2.7606693245470524}
{"iteration":45,"score":70.39250712476772,"best":70.47744572366592,"gradient_rms":12.171697465829189,"update_rms":0.0004456657703442742,"accepted":true,"wall_s":2.572534579783678}
{"iteration":46,"score":70.47276386802406,"best":70.47744572366592,"gradient_rms":13.030226862968936,"update_rms":0.0004531242427834267,"accepted":true,"wall_s":2.8357857689261436}
{"iteration":47,"score":70.45968630417075,"best":70.47744572366592,"gradient_rms":4.388694826120297,"update_rms":0.00034078553710253007,"accepted":true,"wall_s":2.5648478530347347}
{"iteration":48,"score":70.5146525206305,"best":70.5146525206305,"gradient_rms":12.46083715700053,"update_rms":0.0003768734333019891,"accepted":true,"wall_s":2.5765186212956905}
{"iteration":49,"score":70.44924809119749,"best":70.5146525206305,"gradient_rms":11.493769141073715,"update_rms":0.0003769613803185517,"accepted":true,"wall_s":2.573718212544918}
{"iteration":50,"score":70.45110726967671,"best":70.5146525206305,"gradient_rms":13.683689529297867,"update_rms":0.0004572270497981815,"accepted":true,"wall_s":2.576665263622999}
{"iteration":51,"score":70.53306742636263,"best":70.53306742636263,"gradient_rms":5.562770816635598,"update_rms":0.00034919508759417075,"accepted":true,"wall_s":2.57718488574028}
{"iteration":52,"score":70.52715501716658,"best":70.53306742636263,"gradient_rms":30.18047089626922,"update_rms":0.0007765082404070833,"accepted":true,"wall_s":2.585726723074913}
{"iteration":53,"score":70.67284021038236,"best":70.67284021038236,"gradient_rms":4.196096814255054,"update_rms":0.0005538418537821427,"accepted":true,"wall_s":2.7724222354590893}
{"iteration":54,"score":70.62253310460835,"best":70.67284021038236,"gradient_rms":8.93786894285906,"update_rms":0.0004487336276251415,"accepted":true,"wall_s":2.571985647082329}
{"iteration":55,"score":70.64552798304736,"best":70.67284021038236,"gradient_rms":3.0142233752438976,"update_rms":0.0003182117797383043,"accepted":true,"wall_s":2.570461757481098}
{"iteration":56,"score":70.73925119503689,"best":70.73925119503689,"gradient_rms":7.917515212221361,"update_rms":0.00030208939599532037,"accepted":true,"wall_s":2.578236937522888}
{"iteration":57,"score":70.67621776424795,"best":70.73925119503689,"gradient_rms":14.7688744964161,"update_rms":0.00044144465168007317,"accepted":true,"wall_s":2.574457421898842}
{"iteration":58,"score":70.83377366636006,"best":70.83377366636006,"gradient_rms":28.138475510187785,"update_rms":0.0008059800514775914,"accepted":true,"wall_s":2.58079257234931}
{"iteration":59,"score":70.92406474225774,"best":70.92406474225774,"gradient_rms":32.03264147123287,"update_rms":0.0010113828391308218,"accepted":true,"wall_s":2.58603897318244}
{"iteration":60,"score":70.95857765185292,"best":70.95857765185292,"gradient_rms":12.9020183959216,"update_rms":0.0008044245055028251,"accepted":true,"wall_s":2.57947451248765}
{"iteration":61,"score":71.0711394549967,"best":71.0711394549967,"gradient_rms":16.79635271231246,"update_rms":0.0007049837705004526,"accepted":true,"wall_s":2.7644342556595802}
{"iteration":62,"score":71.1098880430595,"best":71.1098880430595,"gradient_rms":1.5982769035068498,"update_rms":0.0004977859806827153,"accepted":true,"wall_s":2.771058462560177}
{"iteration":63,"score":71.14790619288601,"best":71.14790619288601,"gradient_rms":14.446979835571753,"update_rms":0.0005644586222713717,"accepted":true,"wall_s":2.7692910507321358}
{"iteration":64,"score":71.19248935605872,"best":71.19248935605872,"gradient_rms":14.003630023574642,"update_rms":0.0005563358635576445,"accepted":true,"wall_s":2.7770853117108345}
{"iteration":65,"score":71.20634332464445,"best":71.20634332464445,"gradient_rms":5.798856180816897,"update_rms":0.00040884693858626235,"accepted":true,"wall_s":2.767228126525879}
{"iteration":66,"score":71.16259522039216,"best":71.20634332464445,"gradient_rms":23.24047580973443,"update_rms":0.0007222981535719636,"accepted":true,"wall_s":2.5802561081945896}
{"iteration":67,"score":71.25152446864311,"best":71.25152446864311,"gradient_rms":7.286966714823982,"update_rms":0.0005415795960365616,"accepted":true,"wall_s":2.576845485717058}
{"iteration":68,"score":71.26688206874975,"best":71.26688206874975,"gradient_rms":11.101104047062496,"update_rms":0.0004940761793831499,"accepted":true,"wall_s":2.5795044898986816}
{"iteration":69,"score":71.33609928097941,"best":71.33609928097941,"gradient_rms":3.677439016212227,"update_rms":0.00035802289370153974,"accepted":true,"wall_s":2.5736250206828117}
{"iteration":70,"score":71.28668446857603,"best":71.33609928097941,"gradient_rms":9.682568973717514,"update_rms":0.00037141192434266256,"accepted":true,"wall_s":2.5787128284573555}
{"iteration":71,"score":71.39945184061666,"best":71.39945184061666,"gradient_rms":7.483004705881194,"update_rms":0.00033644713493249386,"accepted":true,"wall_s":2.581137504428625}
{"iteration":72,"score":71.41864409830619,"best":71.41864409830619,"gradient_rms":15.815334172286923,"update_rms":0.00048689271459789166,"accepted":true,"wall_s":2.5683713518083096}
{"iteration":73,"score":71.43959736365913,"best":71.43959736365913,"gradient_rms":16.139433236527058,"update_rms":0.0005921620232811439,"accepted":true,"wall_s":2.754065439105034}
{"iteration":74,"score":71.457071543943,"best":71.457071543943,"gradient_rms":5.570423506846339,"update_rms":0.00045822193544703795,"accepted":true,"wall_s":2.765379063785076}
{"iteration":75,"score":71.49936675490677,"best":71.49936675490677,"gradient_rms":21.556410054067523,"update_rms":0.0007301539290923895,"accepted":true,"wall_s":2.76601143181324}
{"iteration":76,"score":71.49903005981561,"best":71.49936675490677,"gradient_rms":10.735631980305557,"update_rms":0.0006403766074268449,"accepted":true,"wall_s":2.7618119157850742}
{"iteration":77,"score":71.54057197448816,"best":71.54057197448816,"gradient_rms":25.640136818966667,"update_rms":0.0008042902513971079,"accepted":true,"wall_s":2.7638060078024864}
{"iteration":78,"score":71.56208740660368,"best":71.56208740660368,"gradient_rms":16.100736675655444,"update_rms":0.0006948320299690815,"accepted":true,"wall_s":2.766084488481283}
{"iteration":79,"score":71.58515024855015,"best":71.58515024855015,"gradient_rms":25.041379288803657,"update_rms":0.0009697342518622587,"accepted":true,"wall_s":2.7679218016564846}
{"iteration":80,"score":71.5689955478546,"best":71.58515024855015,"gradient_rms":9.949384772254945,"update_rms":0.0008123965674263432,"accepted":true,"wall_s":2.770336113870144}
{"iteration":81,"score":71.58371297138929,"best":71.58515024855015,"gradient_rms":10.094928642548025,"update_rms":0.000629788705468598,"accepted":true,"wall_s":2.767608415335417}
{"iteration":82,"score":71.60669966995086,"best":71.60669966995086,"gradient_rms":10.689855362840946,"update_rms":0.0005702318162392581,"accepted":true,"wall_s":2.7657914012670517}
{"iteration":83,"score":71.54149698414237,"best":71.60669966995086,"gradient_rms":10.08856861358527,"update_rms":0.0004956120125147359,"accepted":true,"wall_s":2.576800651848316}
{"iteration":84,"score":71.6362096898589,"best":71.6362096898589,"gradient_rms":14.410666002744936,"update_rms":0.0005485527859640717,"accepted":true,"wall_s":2.580772787332535}
{"iteration":85,"score":71.65244291551329,"best":71.65244291551329,"gradient_rms":11.465067770766728,"update_rms":0.0005257328692037948,"accepted":true,"wall_s":2.58103309199214}
{"iteration":86,"score":71.69688126095927,"best":71.69688126095927,"gradient_rms":2.558718468810987,"update_rms":0.0003800988970665316,"accepted":true,"wall_s":2.577229216694832}
{"iteration":87,"score":71.71225041397132,"best":71.71225041397132,"gradient_rms":6.724350604617874,"update_rms":0.00035232654642986677,"accepted":true,"wall_s":2.5754691064357758}
{"iteration":88,"score":71.7235343455435,"best":71.7235343455435,"gradient_rms":2.172314107338839,"update_rms":0.0002637703057809126,"accepted":true,"wall_s":2.5701505951583385}
{"iteration":89,"score":71.69068127582105,"best":71.7235343455435,"gradient_rms":16.714575205697173,"update_rms":0.0005932708372211819,"accepted":true,"wall_s":2.5717846378684044}
{"iteration":90,"score":71.81935408120108,"best":71.81935408120108,"gradient_rms":25.6965166737911,"update_rms":0.0009649684796393486,"accepted":true,"wall_s":2.77053826674819}
{"iteration":91,"score":71.81454921402855,"best":71.81935408120108,"gradient_rms":5.9437610478916225,"update_rms":0.0007010839994787853,"accepted":true,"wall_s":2.767395317554474}
{"iteration":92,"score":71.88736427086627,"best":71.88736427086627,"gradient_rms":11.530482952855618,"update_rms":0.0006032340990499453,"accepted":true,"wall_s":2.769435603171587}
{"iteration":93,"score":71.82909802795209,"best":71.88736427086627,"gradient_rms":20.899007385701236,"update_rms":0.0008233616538809621,"accepted":true,"wall_s":2.5633767880499363}
{"iteration":94,"score":72.0012093748555,"best":72.0012093748555,"gradient_rms":17.519955246751337,"update_rms":0.0007939963275544921,"accepted":true,"wall_s":2.5825266540050507}
{"iteration":95,"score":72.02097148578156,"best":72.02097148578156,"gradient_rms":11.670841761089548,"update_rms":0.0006831989182674308,"accepted":true,"wall_s":2.576541144400835}
{"iteration":96,"score":72.04091358076019,"best":72.04091358076019,"gradient_rms":14.485379733401714,"update_rms":0.000714967085315728,"accepted":true,"wall_s":2.5833162516355515}
{"iteration":97,"score":72.14445508617159,"best":72.14445508617159,"gradient_rms":11.284975143216752,"update_rms":0.000681773229096013,"accepted":true,"wall_s":2.58251004293561}
{"iteration":98,"score":72.16670108852446,"best":72.16670108852446,"gradient_rms":11.915380496040402,"update_rms":0.0006622296593846256,"accepted":true,"wall_s":2.5854108333587646}
{"iteration":99,"score":72.23286912105105,"best":72.23286912105105,"gradient_rms":12.655605854335953,"update_rms":0.0006806658270919518,"accepted":true,"wall_s":2.77175672352314}
{"iteration":100,"score":72.28578733378663,"best":72.28578733378663,"gradient_rms":18.90630352798532,"update_rms":0.0008657155440311101,"accepted":true,"wall_s":2.7680930756032467}
{
  "status": "ok",
  "stop_reason": "completed_iterations",
  "initial_score": 50.89479686093027,
  "final_score": 72.28578733378663,
  "best_score": 72.28578733378663,
  "best_iteration": 100,
  "completed_iterations": 100,
  "completed_adam_steps": 100,
  "completed_optimizer_steps": 100,
  "total_wall_s": 276.87703708559275,
  "initial_decode_wall_s": 1.510201282799244,
  "initial_score_wall_s": 0.6860331743955612,
  "mean_iteration_wall_s": 2.7678826743736864,
  "manifest": {
    "algorithm": "adam_with_query_batched_local_gradient",
    "optimizer": "adam",
    "parameter_space": "latent",
    "gradient_objective": "dynamic local full-density score with coordinate and maximum-surface-selection derivatives omitted",
    "formal_objective": "complete native QH score for every accepted center",
    "initial_case": "/home/scc/pb24511935/local_surface_evaluator/runs/summary1_review2_20260824/flow_pairs/cases/case_05.json",
    "initial_case_sha256": "adcd280126d453a44d282a79e19a765db48ecc6900ba68a4bed138c428499e2d",
    "checkpoint": "/home/scc/pb24511935/local_surface_evaluator/runs/qh_flow_physical_lr_longselect_20260729/lr_3em4/checkpoint_latest.pt",
    "checkpoint_sha256": "39a3293a459e248a0d1ec062607a1a467128b14d8ca973aadd82e113532ab99f",
    "native_lib": "/home/scc/pb24511935/local_surface_evaluator/runs/summary1_review2_20260824/build_native/libstellarator_gpu.so",
    "native_lib_sha256": "7d3784e02172f5c3130bcf085efa8120dc059d5007daa4b18680edd97b077f94",
    "nfp": 3,
    "n_base_coils": 3,
    "iterations": 100,
    "max_wall_s": 4200.0,
    "flow": {
      "method": "rk4",
      "steps": 128,
      "dtype": "fp32",
      "use": "every gradient endpoint and accepted center"
    },
    "flow_pipeline": true,
    "coordinate_gradient": {
      "dimension": 300,
      "mode": "random-orthogonal",
      "random_directions": 2,
      "endpoint_count": 4,
      "perturbation": 0.005,
      "difference": "centered",
      "psi_grid": 48,
      "psi_iterations": 4,
      "alpha_iterations": 4,
      "formal_surface_theta_count": 128,
      "local_surface_theta_count": 64
    },
    "adam": {
      "learning_rate": 0.01,
      "beta1": 0.7,
      "beta2": 0.999,
      "epsilon": 1e-08,
      "weight_decay": 0.0
    },
    "bfgs": {
      "initial_trust_rms": 0.01,
      "min_trust_rms": 1e-05,
      "max_trust_rms": 0.05,
      "trust_growth": 1.2,
      "trust_shrink": 0.5,
      "min_improvement": 0.0
    },
    "seed": 2026082505,
    "axis_policy": "initial global search, then strict mixed-precision continuation",
    "devices": {
      "flow": 0,
      "score": 0
    },
    "initial_metadata_keys": [
      "flow_prior_screening",
      "nfp",
      "raw"
    ]
  }
}
{"iteration":1,"score":59.82040648679373,"best":59.82040648679373,"gradient_rms":293.795924647627,"update_rms":0.009999999998532795,"accepted":true,"wall_s":1.679671823978424}
{"iteration":2,"score":65.04158817953682,"best":65.04158817953682,"gradient_rms":224.57338315061492,"update_rms":0.006903462495953302,"accepted":true,"wall_s":1.6732944287359715}
{"iteration":3,"score":61.10280889340777,"best":65.04158817953682,"gradient_rms":109.3655443638204,"update_rms":0.005153664365622857,"accepted":true,"wall_s":1.6545958667993546}
{"iteration":4,"score":68.67597787504444,"best":68.67597787504444,"gradient_rms":140.46945539088856,"update_rms":0.004451474253685451,"accepted":true,"wall_s":1.662321038544178}
{"iteration":5,"score":69.09204713454577,"best":69.09204713454577,"gradient_rms":17.23107843506707,"update_rms":0.0032717147633110587,"accepted":true,"wall_s":1.6736717745661736}
{"iteration":6,"score":69.51622658061748,"best":69.51622658061748,"gradient_rms":58.246782082674294,"update_rms":0.0029425624766366842,"accepted":true,"wall_s":1.6900874078273773}
{"iteration":7,"score":69.8362399977379,"best":69.8362399977379,"gradient_rms":12.29608337811106,"update_rms":0.002145253306407919,"accepted":true,"wall_s":1.6736137829720974}
{"iteration":8,"score":70.05264653198141,"best":70.05264653198141,"gradient_rms":23.850720876534638,"update_rms":0.0017023921194412347,"accepted":true,"wall_s":1.6813457645475864}
{"iteration":9,"score":70.23069391537945,"best":70.23069391537945,"gradient_rms":10.359357801173966,"update_rms":0.0012845737072554326,"accepted":true,"wall_s":1.6684992238879204}
{"iteration":10,"score":70.58243031235766,"best":70.58243031235766,"gradient_rms":61.014449528798615,"update_rms":0.002109525100078769,"accepted":true,"wall_s":1.6790024004876614}
{"iteration":11,"score":70.8732149347277,"best":70.8732149347277,"gradient_rms":23.461371564691635,"update_rms":0.001841091716213471,"accepted":true,"wall_s":1.665127206593752}
{"iteration":12,"score":71.11946232221834,"best":71.11946232221834,"gradient_rms":22.9581679036524,"update_rms":0.0014126615142127355,"accepted":true,"wall_s":1.478267289698124}
{"iteration":13,"score":71.50578125456282,"best":71.50578125456282,"gradient_rms":45.784690199250896,"update_rms":0.0018682423983648756,"accepted":true,"wall_s":1.4770947471261024}
{"iteration":14,"score":71.7338580143309,"best":71.7338580143309,"gradient_rms":17.847365422536807,"update_rms":0.0014808403341361586,"accepted":true,"wall_s":1.4749858006834984}
{"iteration":15,"score":72.10028004090984,"best":72.10028004090984,"gradient_rms":50.03593968464286,"update_rms":0.0019847888730019584,"accepted":true,"wall_s":1.6588196828961372}
{"iteration":16,"score":72.51723715882471,"best":72.51723715882471,"gradient_rms":51.037883599563976,"update_rms":0.002381073161126288,"accepted":true,"wall_s":1.661208163946867}
{"iteration":17,"score":72.87565259025162,"best":72.87565259025162,"gradient_rms":24.512913587665654,"update_rms":0.0019748359257826353,"accepted":true,"wall_s":1.6701710224151611}
{"iteration":18,"score":73.08887558178209,"best":73.08887558178209,"gradient_rms":15.883695884021988,"update_rms":0.0016187361870837397,"accepted":true,"wall_s":1.667259268462658}
{"iteration":19,"score":73.22834154097987,"best":73.22834154097987,"gradient_rms":5.863477200089461,"update_rms":0.0011907534301300736,"accepted":true,"wall_s":1.6667962484061718}
{"iteration":20,"score":73.37678631521285,"best":73.37678631521285,"gradient_rms":18.732626773230415,"update_rms":0.0011078076537315617,"accepted":true,"wall_s":1.6934162005782127}
{"iteration":21,"score":73.44544246554226,"best":73.44544246554226,"gradient_rms":17.78717688704938,"update_rms":0.0010387122176303645,"accepted":true,"wall_s":1.6680426374077797}
{"iteration":22,"score":73.58538763050734,"best":73.58538763050734,"gradient_rms":23.555090314896802,"update_rms":0.0013006707689172524,"accepted":true,"wall_s":1.6654948182404041}
{"iteration":23,"score":73.67080301298263,"best":73.67080301298263,"gradient_rms":33.82896959849339,"update_rms":0.001688561506455971,"accepted":true,"wall_s":1.4807066544890404}
{"iteration":24,"score":73.80310530433275,"best":73.80310530433275,"gradient_rms":56.68020699764211,"update_rms":0.00267700563464736,"accepted":true,"wall_s":1.6682390943169594}
{"iteration":25,"score":73.98807298992745,"best":73.98807298992745,"gradient_rms":45.45907850998017,"update_rms":0.0025572504575793087,"accepted":true,"wall_s":1.666436593979597}
{"iteration":26,"score":74.12314461929594,"best":74.12314461929594,"gradient_rms":63.209677611579,"update_rms":0.0032453779885918575,"accepted":true,"wall_s":1.6673458404839039}
{"iteration":27,"score":74.20278670766612,"best":74.20278670766612,"gradient_rms":17.691166270557293,"update_rms":0.0024226445268834213,"accepted":true,"wall_s":1.6679136827588081}
{"iteration":28,"score":74.3093874623889,"best":74.3093874623889,"gradient_rms":27.642226998907503,"update_rms":0.002131350031750997,"accepted":true,"wall_s":1.4773476123809814}
{"iteration":29,"score":74.43533824957082,"best":74.43533824957082,"gradient_rms":7.403615234969285,"update_rms":0.0015700196265911847,"accepted":true,"wall_s":1.4789697490632534}
{"iteration":30,"score":74.54974041518308,"best":74.54974041518308,"gradient_rms":32.528725172657225,"update_rms":0.001774883957890115,"accepted":true,"wall_s":1.6672751568257809}
{"iteration":31,"score":74.65950421522234,"best":74.65950421522234,"gradient_rms":13.13472571571407,"update_rms":0.0013477789001124256,"accepted":true,"wall_s":1.6673559062182903}
{"iteration":32,"score":74.75481089817343,"best":74.75481089817343,"gradient_rms":29.95962049586568,"update_rms":0.0018181920807866195,"accepted":true,"wall_s":1.478487953543663}
{"iteration":33,"score":74.90993008952162,"best":74.90993008952162,"gradient_rms":28.011226809421476,"update_rms":0.0018914802279769113,"accepted":true,"wall_s":1.6677828393876553}
{"iteration":34,"score":75.0105764485239,"best":75.0105764485239,"gradient_rms":20.54780548789197,"update_rms":0.0017459204786894216,"accepted":true,"wall_s":1.665919005870819}
{"iteration":35,"score":75.1276239895043,"best":75.1276239895043,"gradient_rms":21.36223623005229,"update_rms":0.0015237549862185424,"accepted":true,"wall_s":1.668829645961523}
{"iteration":36,"score":75.28037906868312,"best":75.28037906868312,"gradient_rms":33.0724184510778,"update_rms":0.001992248833240743,"accepted":true,"wall_s":1.669203795492649}
{"iteration":37,"score":75.3694407927751,"best":75.3694407927751,"gradient_rms":28.275696803961498,"update_rms":0.0019987389973979627,"accepted":true,"wall_s":1.6674469858407974}
{"iteration":38,"score":75.40225976578226,"best":75.40225976578226,"gradient_rms":27.254612552199735,"update_rms":0.001780591598425072,"accepted":true,"wall_s":1.4775178954005241}
{"iteration":39,"score":75.69872197838357,"best":75.69872197838357,"gradient_rms":25.747875816895004,"update_rms":0.0018487727030002971,"accepted":true,"wall_s":1.6682259291410446}
{"iteration":40,"score":75.79130816870774,"best":75.79130816870774,"gradient_rms":6.401771042644178,"update_rms":0.0013623420692219842,"accepted":true,"wall_s":1.6687857396900654}
{"iteration":41,"score":75.8875816629603,"best":75.8875816629603,"gradient_rms":32.97373793643643,"update_rms":0.0018760176057000138,"accepted":true,"wall_s":1.4773626178503036}
{"iteration":42,"score":76.1551346661291,"best":76.1551346661291,"gradient_rms":5.128446277487112,"update_rms":0.0013526178907255799,"accepted":true,"wall_s":1.6691908836364746}
{"iteration":43,"score":76.25614548077644,"best":76.25614548077644,"gradient_rms":21.25469341961649,"update_rms":0.0014707122190927083,"accepted":true,"wall_s":1.669943105429411}
{"iteration":44,"score":76.46136679021448,"best":76.46136679021448,"gradient_rms":30.23540887330035,"update_rms":0.0019218267271353274,"accepted":true,"wall_s":1.4787467680871487}
{"iteration":45,"score":76.69534493655713,"best":76.69534493655713,"gradient_rms":31.737862987626468,"update_rms":0.0021479670058171846,"accepted":true,"wall_s":1.6698964275419712}
{"iteration":46,"score":77.00865975364714,"best":77.00865975364714,"gradient_rms":40.59980939259435,"update_rms":0.002576458373208428,"accepted":true,"wall_s":1.6682260185480118}
{"iteration":47,"score":77.25495740884364,"best":77.25495740884364,"gradient_rms":9.036070679563636,"update_rms":0.0018456053733464893,"accepted":true,"wall_s":1.6686649844050407}
{"iteration":48,"score":77.39416670983351,"best":77.39416670983351,"gradient_rms":4.695272991752385,"update_rms":0.0013376452170677283,"accepted":true,"wall_s":1.6698933355510235}
{"iteration":49,"score":77.49505925111416,"best":77.49505925111416,"gradient_rms":7.710097079406929,"update_rms":0.0009999472620466163,"accepted":true,"wall_s":1.6689220555126667}
{"iteration":50,"score":77.46914931633926,"best":77.49505925111416,"gradient_rms":7.1184117672159175,"update_rms":0.0008126607178033956,"accepted":true,"wall_s":1.4751977771520615}
{"iteration":51,"score":77.6693666882166,"best":77.6693666882166,"gradient_rms":39.1838033110286,"update_rms":0.002204094837698245,"accepted":true,"wall_s":1.67137086763978}
{"iteration":52,"score":77.83536078407654,"best":77.83536078407654,"gradient_rms":39.12206199604781,"update_rms":0.002632220996049059,"accepted":true,"wall_s":1.669246457517147}
{"iteration":53,"score":78.04564926250708,"best":78.04564926250708,"gradient_rms":26.828924880554545,"update_rms":0.0023162096413547923,"accepted":true,"wall_s":1.6700253933668137}
{"iteration":54,"score":78.25433102810341,"best":78.25433102810341,"gradient_rms":32.943631778860976,"update_rms":0.0024808913416961404,"accepted":true,"wall_s":1.668567143380642}
{"iteration":55,"score":78.4483136931794,"best":78.4483136931794,"gradient_rms":29.41084886399457,"update_rms":0.0024099077677918745,"accepted":true,"wall_s":1.674977507442236}
{"iteration":56,"score":78.57028513518262,"best":78.57028513518262,"gradient_rms":16.429510732369422,"update_rms":0.0018970220654366474,"accepted":true,"wall_s":1.4785052239894867}
{"iteration":57,"score":78.5394266988877,"best":78.57028513518262,"gradient_rms":16.409432241399454,"update_rms":0.001654263005726612,"accepted":true,"wall_s":1.5182267241179943}
{"iteration":58,"score":78.94021988854017,"best":78.94021988854017,"gradient_rms":44.510654999859355,"update_rms":0.0026870010505409695,"accepted":true,"wall_s":1.6706044860184193}
{"iteration":59,"score":78.14393222574904,"best":78.94021988854017,"gradient_rms":18.04743461513523,"update_rms":0.0021661522698673127,"accepted":true,"wall_s":1.6796477809548378}
{"iteration":60,"score":78.52306351141127,"best":78.94021988854017,"gradient_rms":9.976269626052447,"update_rms":0.0015837928321099917,"accepted":true,"wall_s":1.6711276583373547}
{"iteration":61,"score":77.27679050971884,"best":78.94021988854017,"gradient_rms":12.919278601705978,"update_rms":0.001313440944636688,"accepted":true,"wall_s":1.6717864349484444}
{"iteration":62,"score":78.52627406388014,"best":78.94021988854017,"gradient_rms":27.55814702758793,"update_rms":0.0019519531610841371,"accepted":true,"wall_s":1.6699283234775066}
{"iteration":63,"score":79.59755168938078,"best":79.59755168938078,"gradient_rms":22.06061475811278,"update_rms":0.0018770300763510657,"accepted":true,"wall_s":1.670314583927393}
{"iteration":64,"score":78.93526114409197,"best":79.59755168938078,"gradient_rms":18.551785538539328,"update_rms":0.0016320983401243707,"accepted":true,"wall_s":1.4790503457188606}
{"iteration":65,"score":78.29300589301789,"best":79.59755168938078,"gradient_rms":11.200052846481935,"update_rms":0.001390921115475734,"accepted":true,"wall_s":1.666816409677267}
{"iteration":66,"score":78.99697354382742,"best":79.59755168938078,"gradient_rms":33.37915049466355,"update_rms":0.002290883639767796,"accepted":true,"wall_s":1.6693162992596626}
{"iteration":67,"score":79.14520237972515,"best":79.59755168938078,"gradient_rms":15.70115887009301,"update_rms":0.0017709032557586205,"accepted":true,"wall_s":1.476850725710392}
{"iteration":68,"score":78.90244700588144,"best":79.59755168938078,"gradient_rms":33.13705385166597,"update_rms":0.002328627290110778,"accepted":true,"wall_s":1.665943156927824}
{"iteration":69,"score":79.19024936406541,"best":79.59755168938078,"gradient_rms":34.958805258338984,"update_rms":0.002663357197039385,"accepted":true,"wall_s":1.6703993640840054}
{"iteration":70,"score":79.56121524881657,"best":79.59755168938078,"gradient_rms":33.25913090889976,"update_rms":0.002843989381489718,"accepted":true,"wall_s":1.670918382704258}
{"iteration":71,"score":79.88524854039828,"best":79.88524854039828,"gradient_rms":24.912769132166485,"update_rms":0.00242767304866266,"accepted":true,"wall_s":1.6710662208497524}
{"iteration":72,"score":79.90796571352668,"best":79.90796571352668,"gradient_rms":19.99156229135306,"update_rms":0.00209880726162627,"accepted":true,"wall_s":1.6702475100755692}
{"iteration":73,"score":80.04017483395683,"best":80.04017483395683,"gradient_rms":29.021460026520217,"update_rms":0.002313663305278292,"accepted":true,"wall_s":1.6704745590686798}
{"iteration":74,"score":80.13884488387556,"best":80.13884488387556,"gradient_rms":10.094906912346918,"update_rms":0.0017214531601086182,"accepted":true,"wall_s":1.6693666316568851}
{"iteration":75,"score":80.29048682525955,"best":80.29048682525955,"gradient_rms":33.738480622665435,"update_rms":0.002480985465921303,"accepted":true,"wall_s":1.6723411604762077}
{"iteration":76,"score":80.32123959359298,"best":80.32123959359298,"gradient_rms":14.57403019614696,"update_rms":0.001956731280665456,"accepted":true,"wall_s":1.6692280992865562}
{"iteration":77,"score":80.40535982262003,"best":80.40535982262003,"gradient_rms":24.994458842246573,"update_rms":0.0021161342541520796,"accepted":true,"wall_s":1.7368200682103634}
{"iteration":78,"score":80.48840644159544,"best":80.48840644159544,"gradient_rms":25.022521740161213,"update_rms":0.002204230956168404,"accepted":true,"wall_s":1.6687893904745579}
{"iteration":79,"score":80.7690843316055,"best":80.7690843316055,"gradient_rms":39.39950202901318,"update_rms":0.003147997100613368,"accepted":true,"wall_s":1.670818980783224}
{"iteration":80,"score":81.13054599570144,"best":81.13054599570144,"gradient_rms":44.842877350649,"update_rms":0.0037499331482036343,"accepted":true,"wall_s":1.6696528941392899}
{"iteration":81,"score":81.31968390949234,"best":81.31968390949234,"gradient_rms":27.82419750253286,"update_rms":0.003340532218928434,"accepted":true,"wall_s":1.6706417798995972}
{"iteration":82,"score":81.4813575931714,"best":81.4813575931714,"gradient_rms":19.924919709433926,"update_rms":0.0027218774314245356,"accepted":true,"wall_s":1.7119124568998814}
{"iteration":83,"score":81.6681603470834,"best":81.6681603470834,"gradient_rms":17.594388733196674,"update_rms":0.0022244842465168847,"accepted":true,"wall_s":1.6702979430556297}
{"iteration":84,"score":81.81790226300376,"best":81.81790226300376,"gradient_rms":34.14183369556411,"update_rms":0.0027334082694259634,"accepted":true,"wall_s":1.6679682657122612}
{"iteration":85,"score":82.06423581915669,"best":82.06423581915669,"gradient_rms":16.284859809197975,"update_rms":0.002207536569734875,"accepted":true,"wall_s":1.481250360608101}
{"iteration":86,"score":82.18410429908776,"best":82.18410429908776,"gradient_rms":44.81916234467046,"update_rms":0.003456445130954963,"accepted":true,"wall_s":1.6686175912618637}
{"iteration":87,"score":81.93340500755149,"best":82.18410429908776,"gradient_rms":42.46834778539638,"update_rms":0.003978403108321233,"accepted":true,"wall_s":1.6681262888014317}
{"iteration":88,"score":81.76653324698437,"best":82.18410429908776,"gradient_rms":34.9507928306518,"update_rms":0.003701213579226,"accepted":true,"wall_s":1.6664722003042698}
{"iteration":89,"score":81.65018033289769,"best":82.18410429908776,"gradient_rms":14.911321511665482,"update_rms":0.0027345287560835885,"accepted":true,"wall_s":1.668321382254362}
{"iteration":90,"score":81.88329162434673,"best":82.18410429908776,"gradient_rms":64.1521680283826,"update_rms":0.00440969874842593,"accepted":true,"wall_s":1.6664108335971832}
{"iteration":91,"score":81.91741599401266,"best":82.18410429908776,"gradient_rms":49.443008131650345,"update_rms":0.00446084399947722,"accepted":true,"wall_s":1.6676864363253117}
{"iteration":92,"score":81.25571460373783,"best":82.18410429908776,"gradient_rms":116.41385035782528,"update_rms":0.0076201027094403104,"accepted":true,"wall_s":1.6657479330897331}
{"iteration":93,"score":80.5580203000267,"best":82.18410429908776,"gradient_rms":21.228994614310864,"update_rms":0.0054721853250820195,"accepted":true,"wall_s":1.666662372648716}
{"iteration":94,"score":80.01103003963418,"best":82.18410429908776,"gradient_rms":8.855670225398203,"update_rms":0.0039090010678889025,"accepted":true,"wall_s":1.665981736034155}
{"iteration":95,"score":80.42921469600297,"best":82.18410429908776,"gradient_rms":81.73232871482121,"update_rms":0.005759268169133292,"accepted":true,"wall_s":1.6928535029292107}
{"iteration":96,"score":81.17328173545562,"best":82.18410429908776,"gradient_rms":88.13657543638489,"update_rms":0.006591028002269632,"accepted":true,"wall_s":1.667619302868843}
{"iteration":97,"score":80.87104374855085,"best":82.18410429908776,"gradient_rms":8.285552060842473,"update_rms":0.004711290629388299,"accepted":true,"wall_s":1.667561437934637}
{"iteration":98,"score":80.74197183445756,"best":82.18410429908776,"gradient_rms":63.482234637557745,"update_rms":0.005004067391000569,"accepted":true,"wall_s":1.476839441806078}
{"iteration":99,"score":80.58736711427906,"best":82.18410429908776,"gradient_rms":48.04446470910516,"update_rms":0.004545445612401161,"accepted":true,"wall_s":1.6734973452985287}
{"iteration":100,"score":80.28080662745806,"best":82.18410429908776,"gradient_rms":11.128197064497453,"update_rms":0.003258890146421252,"accepted":true,"wall_s":1.6711230762302876}
{
  "status": "ok",
  "stop_reason": "completed_iterations",
  "initial_score": 50.8947968609297,
  "final_score": 80.28080662745806,
  "best_score": 82.18410429908776,
  "best_iteration": 86,
  "completed_iterations": 100,
  "completed_adam_steps": 100,
  "completed_optimizer_steps": 100,
  "total_wall_s": 163.9664522819221,
  "initial_decode_wall_s": 1.5091438181698322,
  "initial_score_wall_s": 0.6870082132518291,
  "mean_iteration_wall_s": 1.6388064112514258,
  "manifest": {
    "algorithm": "adam_with_query_batched_local_gradient",
    "optimizer": "adam",
    "parameter_space": "data",
    "gradient_objective": "dynamic local full-density score with coordinate and maximum-surface-selection derivatives omitted",
    "formal_objective": "complete native QH score for every accepted center",
    "initial_case": "/home/scc/pb24511935/local_surface_evaluator/runs/summary1_review2_20260824/flow_pairs/cases/case_05.json",
    "initial_case_sha256": "adcd280126d453a44d282a79e19a765db48ecc6900ba68a4bed138c428499e2d",
    "checkpoint": "/home/scc/pb24511935/local_surface_evaluator/runs/qh_flow_physical_lr_longselect_20260729/lr_3em4/checkpoint_latest.pt",
    "checkpoint_sha256": "39a3293a459e248a0d1ec062607a1a467128b14d8ca973aadd82e113532ab99f",
    "native_lib": "/home/scc/pb24511935/local_surface_evaluator/runs/summary1_review2_20260824/build_native/libstellarator_gpu.so",
    "native_lib_sha256": "7d3784e02172f5c3130bcf085efa8120dc059d5007daa4b18680edd97b077f94",
    "nfp": 3,
    "n_base_coils": 3,
    "iterations": 100,
    "max_wall_s": 4200.0,
    "flow": {
      "method": "rk4",
      "steps": 128,
      "dtype": "fp32",
      "use": "initial latent-to-coil decode only"
    },
    "flow_pipeline": false,
    "coordinate_gradient": {
      "dimension": 300,
      "mode": "random-orthogonal",
      "random_directions": 2,
      "endpoint_count": 4,
      "perturbation": 0.0025,
      "difference": "centered",
      "psi_grid": 48,
      "psi_iterations": 4,
      "alpha_iterations": 4,
      "formal_surface_theta_count": 128,
      "local_surface_theta_count": 64
    },
    "adam": {
      "learning_rate": 0.01,
      "beta1": 0.7,
      "beta2": 0.999,
      "epsilon": 1e-08,
      "weight_decay": 0.0
    },
    "bfgs": {
      "initial_trust_rms": 0.01,
      "min_trust_rms": 1e-05,
      "max_trust_rms": 0.05,
      "trust_growth": 1.2,
      "trust_shrink": 0.5,
      "min_improvement": 0.0
    },
    "seed": 2026082505,
    "axis_policy": "initial global search, then strict mixed-precision continuation",
    "devices": {
      "flow": 0,
      "score": 0
    },
    "initial_metadata_keys": [
      "flow_prior_screening",
      "nfp",
      "raw"
    ],
    "data_parameterization": {
      "definition": "per-coordinate training-set standardization",
      "physical_mapping": "CoilNormalizer.inverse with canonical current L1/sign",
      "initial_clipped_fraction": 0.0,
      "initial_roundtrip_relative_rms": 0.0,
      "flow_calls_after_initialization": 0
    }
  }
}
{"iteration":1,"score":30.227502871367488,"best":30.227502871367488,"gradient_rms":58.871259820863095,"update_rms":0.00999999998941219,"accepted":true,"wall_s":4.19656240940094}
{"iteration":2,"score":31.037637622550015,"best":31.037637622550015,"gradient_rms":29.241647784164435,"update_rms":0.0066724184865082515,"accepted":true,"wall_s":2.980457339435816}
{"iteration":3,"score":31.037002573664832,"best":31.037637622550015,"gradient_rms":96.25452394794608,"update_rms":0.0066515676598178615,"accepted":true,"wall_s":2.9552202224731445}
{"iteration":4,"score":31.24111710952272,"best":31.24111710952272,"gradient_rms":12.810280989468668,"update_rms":0.0047877519949488315,"accepted":true,"wall_s":2.9586878940463066}
{"iteration":5,"score":31.97346595845862,"best":31.97346595845862,"gradient_rms":70.62799506805119,"update_rms":0.004991387985343385,"accepted":true,"wall_s":2.9655790105462074}
{"iteration":6,"score":31.800338243515174,"best":31.97346595845862,"gradient_rms":48.22943776620654,"update_rms":0.004595995030389986,"accepted":true,"wall_s":2.963573381304741}
{"iteration":7,"score":32.603660216404336,"best":32.603660216404336,"gradient_rms":49.11537967368605,"update_rms":0.004295011988518722,"accepted":true,"wall_s":2.963981758803129}
{"iteration":8,"score":32.23259960018761,"best":32.603660216404336,"gradient_rms":18.25367230896025,"update_rms":0.0033577542909619157,"accepted":true,"wall_s":2.75862555578351}
{"iteration":9,"score":32.51285777617875,"best":32.603660216404336,"gradient_rms":39.21157034299144,"update_rms":0.0033950669369695622,"accepted":true,"wall_s":2.9573154971003532}
{"iteration":10,"score":32.692064541089096,"best":32.692064541089096,"gradient_rms":82.2875881893978,"update_rms":0.004776482598867819,"accepted":true,"wall_s":2.93193569034338}
{"iteration":11,"score":32.160033562830705,"best":32.692064541089096,"gradient_rms":40.20939983517608,"update_rms":0.004097062947210774,"accepted":true,"wall_s":2.8992044553160667}
{"iteration":12,"score":32.054877662403406,"best":32.692064541089096,"gradient_rms":18.80763695705459,"update_rms":0.003189200494563202,"accepted":true,"wall_s":2.785962153226137}
{"iteration":13,"score":32.28036364197642,"best":32.692064541089096,"gradient_rms":40.3995788242236,"update_rms":0.0034686723642458105,"accepted":true,"wall_s":2.8970851860940456}
{"iteration":14,"score":32.20665019919259,"best":32.692064541089096,"gradient_rms":30.348521486101582,"update_rms":0.00324152296933308,"accepted":true,"wall_s":2.6960010565817356}
{"iteration":15,"score":32.01446780291294,"best":32.692064541089096,"gradient_rms":15.304807858989776,"update_rms":0.002554649719525771,"accepted":true,"wall_s":2.898567955940962}
{"iteration":16,"score":31.555288653996257,"best":32.692064541089096,"gradient_rms":8.754649169239919,"update_rms":0.0019107745353948448,"accepted":true,"wall_s":2.952503588050604}
{"iteration":17,"score":31.21264588930758,"best":32.692064541089096,"gradient_rms":43.610200049738005,"update_rms":0.003306471216979004,"accepted":true,"wall_s":2.8981341794133186}
{"iteration":18,"score":31.212645889307506,"best":32.692064541089096,"gradient_rms":32.80263666077009,"update_rms":0.0,"accepted":false,"wall_s":9.648880153894424}
{"iteration":19,"score":31.212645889307435,"best":32.692064541089096,"gradient_rms":53.00321085283574,"update_rms":0.0,"accepted":false,"wall_s":9.808934196829796}
{"iteration":20,"score":31.18820467033897,"best":32.692064541089096,"gradient_rms":68.96116495213947,"update_rms":0.0005913993307908156,"accepted":true,"wall_s":8.777321487665176}
{"iteration":21,"score":31.188204670339157,"best":32.692064541089096,"gradient_rms":52.88557789217674,"update_rms":0.0,"accepted":false,"wall_s":9.794266648590565}
{"iteration":22,"score":31.188204670338827,"best":32.692064541089096,"gradient_rms":59.193704998484144,"update_rms":0.0,"accepted":false,"wall_s":9.185068544000387}
{"iteration":23,"score":32.26036497875022,"best":32.692064541089096,"gradient_rms":32.66286526033036,"update_rms":0.003910889352759814,"accepted":true,"wall_s":2.888805516064167}
{"iteration":24,"score":32.55234005647143,"best":32.692064541089096,"gradient_rms":36.21020884223925,"update_rms":0.0036419974429255176,"accepted":true,"wall_s":2.9053340405225754}
{"iteration":25,"score":33.12178205662894,"best":33.12178205662894,"gradient_rms":54.494648770192775,"update_rms":0.004270311562963942,"accepted":true,"wall_s":2.902207650244236}
{"iteration":26,"score":34.12933458558393,"best":34.12933458558393,"gradient_rms":56.4089006587973,"update_rms":0.004532270881004681,"accepted":true,"wall_s":2.8966632448136806}
{"iteration":27,"score":35.66324382759085,"best":35.66324382759085,"gradient_rms":56.893177723081074,"update_rms":0.0047721559133633105,"accepted":true,"wall_s":2.889423493295908}
{"iteration":28,"score":37.95907662693059,"best":37.95907662693059,"gradient_rms":69.94227342152176,"update_rms":0.005298147181390972,"accepted":true,"wall_s":2.891914524137974}
{"iteration":29,"score":39.94475376283562,"best":39.94475376283562,"gradient_rms":36.80976479542343,"update_rms":0.004462511091337394,"accepted":true,"wall_s":2.922245442867279}
{"iteration":30,"score":40.04577894880747,"best":40.04577894880747,"gradient_rms":1.7100183487285203,"update_rms":0.0003993982077289846,"accepted":true,"wall_s":8.961631711572409}
{"iteration":31,"score":40.04577894880756,"best":40.04577894880756,"gradient_rms":16.320958071933067,"update_rms":0.0,"accepted":false,"wall_s":10.087192289531231}
{"iteration":32,"score":40.045778948807396,"best":40.04577894880756,"gradient_rms":25.62330041865267,"update_rms":0.0,"accepted":false,"wall_s":10.059249576181173}
{"iteration":33,"score":40.04577894880743,"best":40.04577894880756,"gradient_rms":27.376522346280225,"update_rms":0.0,"accepted":false,"wall_s":10.085205413401127}
{"iteration":34,"score":40.04577894880751,"best":40.04577894880756,"gradient_rms":17.936359021451953,"update_rms":0.0,"accepted":false,"wall_s":10.079482864588499}
{"iteration":35,"score":40.04577894880736,"best":40.04577894880756,"gradient_rms":14.83050743204079,"update_rms":0.0,"accepted":false,"wall_s":10.080667342990637}
{"iteration":36,"score":40.04577894880752,"best":40.04577894880756,"gradient_rms":33.726159868284284,"update_rms":0.0,"accepted":false,"wall_s":10.096872456371784}
{"iteration":37,"score":40.04577894880737,"best":40.04577894880756,"gradient_rms":29.521530263917626,"update_rms":0.0,"accepted":false,"wall_s":10.089389715343714}
{"iteration":38,"score":40.045778948807374,"best":40.04577894880756,"gradient_rms":34.36486816149456,"update_rms":0.0,"accepted":false,"wall_s":10.077465709298849}
{"iteration":39,"score":40.04577894880732,"best":40.04577894880756,"gradient_rms":6.652691081574899,"update_rms":0.0,"accepted":false,"wall_s":10.05246241018176}
{"iteration":40,"score":40.0457789488072,"best":40.04577894880756,"gradient_rms":41.41033980397271,"update_rms":0.0,"accepted":false,"wall_s":10.098692905157804}
{"iteration":41,"score":40.045778948807275,"best":40.04577894880756,"gradient_rms":36.41710840207912,"update_rms":0.0,"accepted":false,"wall_s":10.020874563604593}
{"iteration":42,"score":40.04577894880713,"best":40.04577894880756,"gradient_rms":38.2397409540214,"update_rms":0.0,"accepted":false,"wall_s":10.087874740362167}
{"iteration":43,"score":40.04577894880746,"best":40.04577894880756,"gradient_rms":8.775332238232757,"update_rms":0.0,"accepted":false,"wall_s":10.079474415630102}
{"iteration":44,"score":40.045778948807374,"best":40.04577894880756,"gradient_rms":24.652106864753204,"update_rms":0.0,"accepted":false,"wall_s":10.104684744030237}
{"iteration":45,"score":40.04577894880727,"best":40.04577894880756,"gradient_rms":52.99251356080874,"update_rms":0.0,"accepted":false,"wall_s":10.065630946308374}
{"iteration":46,"score":40.0457789488074,"best":40.04577894880756,"gradient_rms":13.162892218509429,"update_rms":0.0,"accepted":false,"wall_s":10.108643669635057}
{"iteration":47,"score":40.04577894880723,"best":40.04577894880756,"gradient_rms":65.74063365662398,"update_rms":0.0,"accepted":false,"wall_s":10.090268727391958}
{"iteration":48,"score":40.045778948807374,"best":40.04577894880756,"gradient_rms":37.93854069575368,"update_rms":0.0,"accepted":false,"wall_s":10.084977649152279}
{"iteration":49,"score":40.04577894880736,"best":40.04577894880756,"gradient_rms":20.548386582237235,"update_rms":0.0,"accepted":false,"wall_s":10.090956438332796}
{"iteration":50,"score":40.04577894880737,"best":40.04577894880756,"gradient_rms":46.230529011085146,"update_rms":0.0,"accepted":false,"wall_s":10.090213410556316}
{"iteration":51,"score":40.084231725139844,"best":40.084231725139844,"gradient_rms":48.64793494276212,"update_rms":0.003922840611036788,"accepted":true,"wall_s":2.9663810171186924}
{"iteration":52,"score":40.3934450320996,"best":40.3934450320996,"gradient_rms":21.7689463057942,"update_rms":0.00157846171223961,"accepted":true,"wall_s":4.965294782072306}
{"iteration":53,"score":40.393445032099464,"best":40.3934450320996,"gradient_rms":31.796730810213333,"update_rms":0.0,"accepted":false,"wall_s":10.107087921351194}
{"iteration":54,"score":40.39344503209936,"best":40.3934450320996,"gradient_rms":37.07327122435407,"update_rms":0.0,"accepted":false,"wall_s":10.090230040252209}
{"iteration":55,"score":40.39344503209956,"best":40.3934450320996,"gradient_rms":44.08744463196386,"update_rms":0.0,"accepted":false,"wall_s":10.051786083728075}
{"iteration":56,"score":40.50746358461972,"best":40.50746358461972,"gradient_rms":12.914683893854072,"update_rms":0.0006037240129740115,"accepted":true,"wall_s":6.964618485420942}
{"iteration":57,"score":40.79358641166892,"best":40.79358641166892,"gradient_rms":10.15287599374366,"update_rms":0.0018749501163986839,"accepted":true,"wall_s":2.968759912997484}
{"iteration":58,"score":40.81846364919842,"best":40.81846364919842,"gradient_rms":30.109323646035058,"update_rms":0.00029532811206601676,"accepted":true,"wall_s":8.81868627294898}
{"iteration":59,"score":40.81846364919855,"best":40.81846364919855,"gradient_rms":47.719704849830755,"update_rms":0.0,"accepted":false,"wall_s":10.095327615737915}
{"iteration":60,"score":40.81846364919831,"best":40.81846364919855,"gradient_rms":42.890518704552996,"update_rms":0.0,"accepted":false,"wall_s":10.090715073049068}
{"iteration":61,"score":40.818463649198684,"best":40.818463649198684,"gradient_rms":11.417692780153578,"update_rms":0.0,"accepted":false,"wall_s":9.691244687885046}
{"iteration":62,"score":40.818463649198605,"best":40.818463649198684,"gradient_rms":30.17782140191796,"update_rms":0.0,"accepted":false,"wall_s":9.480248287320137}
{"iteration":63,"score":40.81846364919854,"best":40.818463649198684,"gradient_rms":51.699769588695126,"update_rms":0.0,"accepted":false,"wall_s":10.093683898448944}
{"iteration":64,"score":40.818463649198385,"best":40.818463649198684,"gradient_rms":45.50344074710457,"update_rms":0.0,"accepted":false,"wall_s":10.092380955815315}
{"iteration":65,"score":40.818463649198684,"best":40.818463649198684,"gradient_rms":16.07384359274898,"update_rms":0.0,"accepted":false,"wall_s":9.685737926512957}
{"iteration":66,"score":40.818463649198584,"best":40.818463649198684,"gradient_rms":43.80646119372263,"update_rms":0.0,"accepted":false,"wall_s":9.911282405257225}
{"iteration":67,"score":40.81846364919864,"best":40.818463649198684,"gradient_rms":7.782083602295956,"update_rms":0.0,"accepted":false,"wall_s":10.022955060005188}
{"iteration":68,"score":40.81846364919867,"best":40.818463649198684,"gradient_rms":5.096637026020082,"update_rms":0.0,"accepted":false,"wall_s":9.684487953782082}
{"iteration":69,"score":40.81846364919858,"best":40.818463649198684,"gradient_rms":32.69169387802545,"update_rms":0.0,"accepted":false,"wall_s":9.667599309235811}
{"iteration":70,"score":41.10768613930459,"best":41.10768613930459,"gradient_rms":29.862540209374334,"update_rms":0.0026100588218367486,"accepted":true,"wall_s":2.9607011303305626}
{"iteration":71,"score":41.3790182170955,"best":41.3790182170955,"gradient_rms":9.529633183312079,"update_rms":0.002008297612241045,"accepted":true,"wall_s":2.95916997641325}
{"iteration":72,"score":41.54635082578597,"best":41.54635082578597,"gradient_rms":36.89453046426675,"update_rms":0.0014654233094582713,"accepted":true,"wall_s":4.955564398318529}
{"iteration":73,"score":41.54635082578566,"best":41.54635082578597,"gradient_rms":25.69302945766688,"update_rms":0.0,"accepted":false,"wall_s":10.089576747268438}
{"iteration":74,"score":41.54635082578609,"best":41.54635082578609,"gradient_rms":40.107457082919105,"update_rms":0.0,"accepted":false,"wall_s":10.097165893763304}
{"iteration":75,"score":42.232891267024435,"best":42.232891267024435,"gradient_rms":15.60058074280483,"update_rms":0.00241930443707632,"accepted":true,"wall_s":2.9777674973011017}
{"iteration":76,"score":42.23289126702412,"best":42.232891267024435,"gradient_rms":53.98545848336037,"update_rms":0.0,"accepted":false,"wall_s":10.094008937478065}
{"iteration":77,"score":42.23388287899218,"best":42.23388287899218,"gradient_rms":18.642534224791053,"update_rms":0.0002642106189764854,"accepted":true,"wall_s":8.783636514097452}
{"iteration":78,"score":42.23388287899212,"best":42.23388287899218,"gradient_rms":65.13700210582917,"update_rms":0.0,"accepted":false,"wall_s":10.100011937320232}
{"iteration":79,"score":42.23388287899233,"best":42.23388287899233,"gradient_rms":24.471025535569293,"update_rms":0.0,"accepted":false,"wall_s":9.699307914823294}
{"iteration":80,"score":42.23388287899207,"best":42.23388287899233,"gradient_rms":43.89520734274494,"update_rms":0.0,"accepted":false,"wall_s":9.901317853480577}
{"iteration":81,"score":42.233882878992006,"best":42.23388287899233,"gradient_rms":26.822471588891595,"update_rms":0.0,"accepted":false,"wall_s":10.086491283029318}
{"iteration":82,"score":42.23388287899226,"best":42.23388287899233,"gradient_rms":15.958094722394227,"update_rms":0.0,"accepted":false,"wall_s":9.687347803264856}
{"iteration":83,"score":42.233882878992134,"best":42.23388287899233,"gradient_rms":35.80341741817314,"update_rms":0.0,"accepted":false,"wall_s":9.680738154798746}
{"iteration":84,"score":42.23388287899214,"best":42.23388287899233,"gradient_rms":31.139167289381604,"update_rms":0.0,"accepted":false,"wall_s":10.085643641650677}
{"iteration":85,"score":42.23388287899217,"best":42.23388287899233,"gradient_rms":35.28133535996061,"update_rms":0.0,"accepted":false,"wall_s":9.276170942932367}
{"iteration":86,"score":42.233882878992084,"best":42.23388287899233,"gradient_rms":43.847826397194495,"update_rms":0.0,"accepted":false,"wall_s":9.473604816943407}
{"iteration":87,"score":42.233882878992326,"best":42.23388287899233,"gradient_rms":18.51250304344578,"update_rms":0.0,"accepted":false,"wall_s":9.681368075311184}
{"iteration":88,"score":42.23388287899199,"best":42.23388287899233,"gradient_rms":31.450906418869206,"update_rms":0.0,"accepted":false,"wall_s":9.85280892625451}
{"iteration":89,"score":42.26195406201276,"best":42.26195406201276,"gradient_rms":7.653423634007857,"update_rms":0.00020088934690047362,"accepted":true,"wall_s":8.51312654465437}
{"iteration":90,"score":42.261954062012634,"best":42.26195406201276,"gradient_rms":45.65977556835068,"update_rms":0.0,"accepted":false,"wall_s":9.614317514002323}
{"iteration":91,"score":42.26195406201276,"best":42.26195406201276,"gradient_rms":45.68014254155585,"update_rms":0.0,"accepted":false,"wall_s":10.089267399162054}
{"iteration":92,"score":42.261954062012855,"best":42.261954062012855,"gradient_rms":29.842308050217582,"update_rms":0.0,"accepted":false,"wall_s":9.445855274796486}
{"iteration":93,"score":42.26195406201277,"best":42.261954062012855,"gradient_rms":40.138085811845436,"update_rms":0.0,"accepted":false,"wall_s":10.091011643409729}
{"iteration":94,"score":42.2619540620127,"best":42.261954062012855,"gradient_rms":31.00093694940458,"update_rms":0.0,"accepted":false,"wall_s":10.086116302758455}
{"iteration":95,"score":42.26195406201269,"best":42.261954062012855,"gradient_rms":15.156704926754541,"update_rms":0.0,"accepted":false,"wall_s":9.66778388991952}
{"iteration":96,"score":42.261954062012656,"best":42.261954062012855,"gradient_rms":6.6850848473227575,"update_rms":0.0,"accepted":false,"wall_s":9.669689059257507}
{"iteration":97,"score":42.26195406201266,"best":42.261954062012855,"gradient_rms":10.337025817359926,"update_rms":0.0,"accepted":false,"wall_s":9.898456774652004}
{"iteration":98,"score":42.26195406201275,"best":42.261954062012855,"gradient_rms":22.019729167281717,"update_rms":0.0,"accepted":false,"wall_s":9.683576446026564}
{"iteration":99,"score":42.261954062012684,"best":42.261954062012855,"gradient_rms":25.885843329343615,"update_rms":0.0,"accepted":false,"wall_s":10.094335779547691}
{"iteration":100,"score":42.26195406201291,"best":42.26195406201291,"gradient_rms":9.936101138024098,"update_rms":0.0,"accepted":false,"wall_s":8.164222203195095}
{
  "status": "ok",
  "stop_reason": "completed_iterations",
  "initial_score": 29.308964468246163,
  "final_score": 42.26195406201291,
  "best_score": 42.26195406201291,
  "best_iteration": 100,
  "completed_iterations": 100,
  "completed_adam_steps": 37,
  "completed_optimizer_steps": 37,
  "total_wall_s": 769.774173386395,
  "initial_decode_wall_s": 1.5273878574371338,
  "initial_score_wall_s": 0.7198262438178062,
  "mean_iteration_wall_s": 7.6967104294151065,
  "manifest": {
    "algorithm": "adam_with_query_batched_local_gradient",
    "optimizer": "adam",
    "parameter_space": "latent",
    "gradient_objective": "dynamic local full-density score with coordinate and maximum-surface-selection derivatives omitted",
    "formal_objective": "complete native QH score for every accepted center",
    "initial_case": "/home/scc/pb24511935/local_surface_evaluator/runs/summary1_review2_20260824/flow_pairs/cases/case_09.json",
    "initial_case_sha256": "23059b9618160b7e03cc13642efb5cecc5d4cf568b2e0a0d343e50136991e773",
    "checkpoint": "/home/scc/pb24511935/local_surface_evaluator/runs/qh_flow_physical_lr_longselect_20260729/lr_3em4/checkpoint_latest.pt",
    "checkpoint_sha256": "39a3293a459e248a0d1ec062607a1a467128b14d8ca973aadd82e113532ab99f",
    "native_lib": "/home/scc/pb24511935/local_surface_evaluator/runs/summary1_review2_20260824/build_native/libstellarator_gpu.so",
    "native_lib_sha256": "7d3784e02172f5c3130bcf085efa8120dc059d5007daa4b18680edd97b077f94",
    "nfp": 2,
    "n_base_coils": 5,
    "iterations": 100,
    "max_wall_s": 4200.0,
    "flow": {
      "method": "rk4",
      "steps": 128,
      "dtype": "fp32",
      "use": "every gradient endpoint and accepted center"
    },
    "flow_pipeline": true,
    "coordinate_gradient": {
      "dimension": 500,
      "mode": "random-orthogonal",
      "random_directions": 2,
      "endpoint_count": 4,
      "perturbation": 0.005,
      "difference": "centered",
      "psi_grid": 48,
      "psi_iterations": 4,
      "alpha_iterations": 4,
      "formal_surface_theta_count": 128,
      "local_surface_theta_count": 64
    },
    "adam": {
      "learning_rate": 0.01,
      "beta1": 0.7,
      "beta2": 0.999,
      "epsilon": 1e-08,
      "weight_decay": 0.0
    },
    "bfgs": {
      "initial_trust_rms": 0.01,
      "min_trust_rms": 1e-05,
      "max_trust_rms": 0.05,
      "trust_growth": 1.2,
      "trust_shrink": 0.5,
      "min_improvement": 0.0
    },
    "seed": 2026082509,
    "axis_policy": "initial global search, then strict mixed-precision continuation",
    "devices": {
      "flow": 0,
      "score": 0
    },
    "initial_metadata_keys": [
      "flow_prior_screening",
      "nfp",
      "raw"
    ]
  }
}
{"iteration":1,"score":35.288341874841436,"best":35.288341874841436,"gradient_rms":271.96806940108183,"update_rms":0.009999999997607254,"accepted":true,"wall_s":1.790016733109951}
{"iteration":2,"score":35.80951681931019,"best":35.80951681931019,"gradient_rms":224.577274482351,"update_rms":0.007060393954281621,"accepted":true,"wall_s":1.7892600484192371}
{"iteration":3,"score":39.97943593737397,"best":39.97943593737397,"gradient_rms":342.43023867685156,"update_rms":0.006210943107527445,"accepted":true,"wall_s":1.7733801677823067}
{"iteration":4,"score":41.61895076502487,"best":41.61895076502487,"gradient_rms":82.52244160487011,"update_rms":0.004524771909746691,"accepted":true,"wall_s":1.7699206806719303}
{"iteration":5,"score":42.217984021087396,"best":42.217984021087396,"gradient_rms":28.141645350112448,"update_rms":0.00333124401140889,"accepted":true,"wall_s":1.7650331743061543}
{"iteration":6,"score":43.55809911809228,"best":43.55809911809228,"gradient_rms":200.69326999652034,"update_rms":0.004063215591917228,"accepted":true,"wall_s":1.7689675465226173}
{"iteration":7,"score":44.051762705989425,"best":44.051762705989425,"gradient_rms":70.57213482557583,"update_rms":0.0033251243539207695,"accepted":true,"wall_s":1.7598749622702599}
{"iteration":8,"score":45.24011122908177,"best":45.24011122908177,"gradient_rms":134.08590110723787,"update_rms":0.003462859697094206,"accepted":true,"wall_s":1.7603005319833755}
{"iteration":9,"score":46.13643567391649,"best":46.13643567391649,"gradient_rms":103.16021584093049,"update_rms":0.003260937425421192,"accepted":true,"wall_s":1.7627252154052258}
{"iteration":10,"score":47.119431339489395,"best":47.119431339489395,"gradient_rms":144.62786272518758,"update_rms":0.003553281408061454,"accepted":true,"wall_s":1.7723506055772305}
{"iteration":11,"score":48.07530005461839,"best":48.07530005461839,"gradient_rms":81.36734230340022,"update_rms":0.0030962103796586377,"accepted":true,"wall_s":1.759820595383644}
{"iteration":12,"score":46.339590721341224,"best":48.07530005461839,"gradient_rms":83.4004662105718,"update_rms":0.0007081566813149442,"accepted":true,"wall_s":3.4017255268990993}
{"iteration":13,"score":48.79116972449722,"best":48.79116972449722,"gradient_rms":294.753947524898,"update_rms":0.004882925618442066,"accepted":true,"wall_s":1.9351625256240368}
{"iteration":14,"score":48.05133515283513,"best":48.79116972449722,"gradient_rms":53.31625008236109,"update_rms":0.0036774572597978853,"accepted":true,"wall_s":1.7603344842791557}
{"iteration":15,"score":49.24891035991177,"best":49.24891035991177,"gradient_rms":221.0846500501643,"update_rms":0.004529116231050591,"accepted":true,"wall_s":1.761348184198141}
{"iteration":16,"score":47.9717942128514,"best":49.24891035991177,"gradient_rms":50.29089637169502,"update_rms":0.0033662035966369737,"accepted":true,"wall_s":1.7279534749686718}
{"iteration":17,"score":46.858678512538326,"best":49.24891035991177,"gradient_rms":94.3857841064596,"update_rms":0.003044232441859924,"accepted":true,"wall_s":1.6972044929862022}
{"iteration":18,"score":34.05670948667513,"best":49.24891035991177,"gradient_rms":125.25531441240113,"update_rms":0.0016276910301574069,"accepted":true,"wall_s":2.4936081506311893}
{"iteration":19,"score":34.05670948667497,"best":49.24891035991177,"gradient_rms":243.1875890204629,"update_rms":0.0,"accepted":false,"wall_s":4.237091705203056}
{"iteration":20,"score":34.05670948667521,"best":49.24891035991177,"gradient_rms":185.91758738061634,"update_rms":0.0,"accepted":false,"wall_s":4.23858642205596}
{"iteration":21,"score":34.05670948667497,"best":49.24891035991177,"gradient_rms":230.65313742859064,"update_rms":0.0,"accepted":false,"wall_s":4.2849659062922}
{"iteration":22,"score":29.55459210974999,"best":49.24891035991177,"gradient_rms":94.45351519940657,"update_rms":0.0003605581443045988,"accepted":true,"wall_s":4.091114219278097}
{"iteration":23,"score":29.55459210974997,"best":49.24891035991177,"gradient_rms":127.26621689832704,"update_rms":0.0,"accepted":false,"wall_s":4.041226159781218}
{"iteration":24,"score":29.55459210975028,"best":49.24891035991177,"gradient_rms":50.68603754584771,"update_rms":0.0,"accepted":false,"wall_s":4.040834244340658}
{"iteration":25,"score":29.554592109750068,"best":49.24891035991177,"gradient_rms":153.90189793665414,"update_rms":0.0,"accepted":false,"wall_s":4.240649100393057}
{"iteration":26,"score":29.55459210975015,"best":49.24891035991177,"gradient_rms":211.83323842325325,"update_rms":0.0,"accepted":false,"wall_s":4.038213696330786}
{"iteration":27,"score":29.55459210975009,"best":49.24891035991177,"gradient_rms":371.22244100017116,"update_rms":0.0,"accepted":false,"wall_s":4.044773116707802}
{"iteration":28,"score":29.554592109750384,"best":49.24891035991177,"gradient_rms":231.05452896523855,"update_rms":0.0,"accepted":false,"wall_s":4.24211211502552}
{"iteration":29,"score":29.55459210974999,"best":49.24891035991177,"gradient_rms":327.95284172070734,"update_rms":0.0,"accepted":false,"wall_s":4.503218438476324}
{"iteration":30,"score":29.55459210975006,"best":49.24891035991177,"gradient_rms":325.34143835180834,"update_rms":0.0,"accepted":false,"wall_s":4.236738324165344}
{"iteration":31,"score":29.55459210974992,"best":49.24891035991177,"gradient_rms":334.2498101853807,"update_rms":0.0,"accepted":false,"wall_s":4.504568014293909}
{"iteration":32,"score":29.967552301788686,"best":49.24891035991177,"gradient_rms":82.18950951783916,"update_rms":0.0013129982396269853,"accepted":true,"wall_s":2.493714153766632}
{"iteration":33,"score":29.967552301788544,"best":49.24891035991177,"gradient_rms":122.93490366033788,"update_rms":0.0,"accepted":false,"wall_s":4.0400136187672615}
{"iteration":34,"score":29.967552301788793,"best":49.24891035991177,"gradient_rms":381.9005904064559,"update_rms":0.0,"accepted":false,"wall_s":4.4287602715194225}
{"iteration":35,"score":29.967552301788665,"best":49.24891035991177,"gradient_rms":355.6040315138292,"update_rms":0.0,"accepted":false,"wall_s":4.2373446598649025}
{"iteration":36,"score":29.967552301789006,"best":49.24891035991177,"gradient_rms":233.85249008821532,"update_rms":0.0,"accepted":false,"wall_s":4.0572518818080425}
{"iteration":37,"score":29.96755230178879,"best":49.24891035991177,"gradient_rms":146.49686707302217,"update_rms":0.0,"accepted":false,"wall_s":4.241430446505547}
{"iteration":38,"score":29.967552301788817,"best":49.24891035991177,"gradient_rms":556.798362185962,"update_rms":0.0,"accepted":false,"wall_s":4.425382938235998}
{"iteration":39,"score":29.967552301788846,"best":49.24891035991177,"gradient_rms":234.1820835104625,"update_rms":0.0,"accepted":false,"wall_s":4.046296209096909}
{"iteration":40,"score":33.51622341627549,"best":49.24891035991177,"gradient_rms":100.58967141564162,"update_rms":0.0027262840631262016,"accepted":true,"wall_s":1.6975477077066898}
{"iteration":41,"score":33.51622341627513,"best":49.24891035991177,"gradient_rms":74.85953848196736,"update_rms":0.0,"accepted":false,"wall_s":4.043933246284723}
{"iteration":42,"score":32.34049638776743,"best":49.24891035991177,"gradient_rms":103.67471668217382,"update_rms":0.00035856811791252206,"accepted":true,"wall_s":4.093827120959759}
{"iteration":43,"score":32.340496387768226,"best":49.24891035991177,"gradient_rms":196.42644569374468,"update_rms":0.0,"accepted":false,"wall_s":4.036729630082846}
{"iteration":44,"score":32.34049638776814,"best":49.24891035991177,"gradient_rms":248.64742981165253,"update_rms":0.0,"accepted":false,"wall_s":4.033556561917067}
{"iteration":45,"score":42.894543479387956,"best":49.24891035991177,"gradient_rms":42.46114207354435,"update_rms":0.002147707636109528,"accepted":true,"wall_s":1.6984832063317299}
{"iteration":46,"score":38.15469939442901,"best":49.24891035991177,"gradient_rms":157.6438621614533,"update_rms":0.0008700013499303442,"accepted":true,"wall_s":3.088432125747204}
{"iteration":47,"score":38.15469939442891,"best":49.24891035991177,"gradient_rms":90.58536367581024,"update_rms":0.0,"accepted":false,"wall_s":3.837260525673628}
{"iteration":48,"score":44.439045797145525,"best":49.24891035991177,"gradient_rms":145.7370581213653,"update_rms":0.0037237161111884874,"accepted":true,"wall_s":1.6994373239576817}
{"iteration":49,"score":44.439045797145226,"best":49.24891035991177,"gradient_rms":100.92995508893385,"update_rms":0.0,"accepted":false,"wall_s":4.032908782362938}
{"iteration":50,"score":51.72253502936272,"best":51.72253502936272,"gradient_rms":223.9568322514377,"update_rms":0.005094998748964405,"accepted":true,"wall_s":1.7003663703799248}
{"iteration":51,"score":36.568792890675795,"best":51.72253502936272,"gradient_rms":268.8076290201719,"update_rms":0.00585467767306905,"accepted":true,"wall_s":1.901715487241745}
{"iteration":52,"score":27.5894922134357,"best":51.72253502936272,"gradient_rms":202.39389929888716,"update_rms":0.0054388543481258,"accepted":true,"wall_s":1.696804266422987}
{"iteration":53,"score":23.154737633228503,"best":51.72253502936272,"gradient_rms":510.5439139012719,"update_rms":0.008009864805870971,"accepted":true,"wall_s":1.696710228919983}
{"iteration":54,"score":13.076373780235304,"best":51.72253502936272,"gradient_rms":295.2898725437819,"update_rms":0.007078439271545942,"accepted":true,"wall_s":1.7006917633116245}
{"iteration":55,"score":10.548637335428143,"best":51.72253502936272,"gradient_rms":83.45799946750292,"update_rms":0.0013016957686959533,"accepted":true,"wall_s":3.2769937105476856}
{"iteration":56,"score":9.400943590226852,"best":51.72253502936272,"gradient_rms":46.168452058665736,"update_rms":0.0009424524881745715,"accepted":true,"wall_s":3.2852099649608135}
{"iteration":57,"score":9.07046354301724,"best":51.72253502936272,"gradient_rms":10.667086558376768,"update_rms":0.0003347275001238384,"accepted":true,"wall_s":4.065275404602289}
{"iteration":58,"score":8.892980053195638,"best":51.72253502936272,"gradient_rms":20.896719536747632,"update_rms":0.00024260162195825964,"accepted":true,"wall_s":4.06552130356431}
{"iteration":59,"score":8.89298005319573,"best":51.72253502936272,"gradient_rms":76.88476488283578,"update_rms":0.0,"accepted":false,"wall_s":4.013404738157988}
{"iteration":60,"score":8.892980053195659,"best":51.72253502936272,"gradient_rms":32.1054134152852,"update_rms":0.0,"accepted":false,"wall_s":4.018630143254995}
{"iteration":61,"score":8.892980053195675,"best":51.72253502936272,"gradient_rms":6.368510553435635,"update_rms":0.0,"accepted":false,"wall_s":3.811694234609604}
{"iteration":62,"score":8.892980053195686,"best":51.72253502936272,"gradient_rms":31.910195186201204,"update_rms":0.0,"accepted":false,"wall_s":3.811152547597885}
{"iteration":63,"score":8.892980053195716,"best":51.72253502936272,"gradient_rms":42.20700397672007,"update_rms":0.0,"accepted":false,"wall_s":3.8123257122933865}
{"iteration":64,"score":8.89298005319571,"best":51.72253502936272,"gradient_rms":38.95194492443916,"update_rms":0.0,"accepted":false,"wall_s":4.013112746179104}
{"iteration":65,"score":8.892980053195691,"best":51.72253502936272,"gradient_rms":124.70319672137931,"update_rms":0.0,"accepted":false,"wall_s":4.006499711424112}
{"iteration":66,"score":8.892980053195709,"best":51.72253502936272,"gradient_rms":124.70842145152865,"update_rms":0.0,"accepted":false,"wall_s":4.044166285544634}
{"iteration":67,"score":8.89298005319578,"best":51.72253502936272,"gradient_rms":32.8906783219938,"update_rms":0.0,"accepted":false,"wall_s":4.0189227648079395}
{"iteration":68,"score":8.892980053195648,"best":51.72253502936272,"gradient_rms":48.39309946942052,"update_rms":0.0,"accepted":false,"wall_s":4.015497650951147}
{"iteration":69,"score":8.892980053195702,"best":51.72253502936272,"gradient_rms":86.12295918810467,"update_rms":0.0,"accepted":false,"wall_s":4.01174933463335}
{"iteration":70,"score":8.892980053195664,"best":51.72253502936272,"gradient_rms":43.28215896297954,"update_rms":0.0,"accepted":false,"wall_s":4.016366831958294}
{"iteration":71,"score":8.89298005319561,"best":51.72253502936272,"gradient_rms":45.60313009423326,"update_rms":0.0,"accepted":false,"wall_s":4.031909443438053}
{"iteration":72,"score":8.892980053195716,"best":51.72253502936272,"gradient_rms":35.9856190929465,"update_rms":0.0,"accepted":false,"wall_s":4.013811271637678}
{"iteration":73,"score":8.892980053195691,"best":51.72253502936272,"gradient_rms":96.5744505086233,"update_rms":0.0,"accepted":false,"wall_s":4.011278718709946}
{"iteration":74,"score":8.892980053195673,"best":51.72253502936272,"gradient_rms":37.53959063631664,"update_rms":0.0,"accepted":false,"wall_s":3.8117089718580246}
{"iteration":75,"score":9.519101489119192,"best":51.72253502936272,"gradient_rms":58.00125058607897,"update_rms":0.0016837630999314843,"accepted":true,"wall_s":1.6989349611103535}
{"iteration":76,"score":9.79966339423779,"best":51.72253502936272,"gradient_rms":24.86116432964668,"update_rms":0.001310224443035023,"accepted":true,"wall_s":1.6981335319578648}
{"iteration":77,"score":9.424101695690169,"best":51.72253502936272,"gradient_rms":45.763977811487955,"update_rms":0.0003172839948775743,"accepted":true,"wall_s":3.277861211448908}
{"iteration":78,"score":9.340926424830373,"best":51.72253502936272,"gradient_rms":15.582888614912136,"update_rms":0.00011742208001768866,"accepted":true,"wall_s":4.078837595880032}
{"iteration":79,"score":9.340926424830386,"best":51.72253502936272,"gradient_rms":67.75719780363126,"update_rms":0.0,"accepted":false,"wall_s":4.0229299664497375}
{"iteration":80,"score":9.340926424830279,"best":51.72253502936272,"gradient_rms":30.691799048169834,"update_rms":0.0,"accepted":false,"wall_s":4.019960734993219}
{"iteration":81,"score":9.340926424830318,"best":51.72253502936272,"gradient_rms":50.663719888619944,"update_rms":0.0,"accepted":false,"wall_s":4.102992817759514}
{"iteration":82,"score":9.34092642483033,"best":51.72253502936272,"gradient_rms":98.84132966056627,"update_rms":0.0,"accepted":false,"wall_s":4.083935275673866}
{"iteration":83,"score":9.34092642483036,"best":51.72253502936272,"gradient_rms":112.10232994555116,"update_rms":0.0,"accepted":false,"wall_s":4.033256061375141}
{"iteration":84,"score":9.340926424830307,"best":51.72253502936272,"gradient_rms":40.899918149592956,"update_rms":0.0,"accepted":false,"wall_s":4.020997207611799}
{"iteration":85,"score":9.340926424830373,"best":51.72253502936272,"gradient_rms":135.34102116279422,"update_rms":0.0,"accepted":false,"wall_s":4.013974893838167}
{"iteration":86,"score":9.340926424830348,"best":51.72253502936272,"gradient_rms":62.38831236877952,"update_rms":0.0,"accepted":false,"wall_s":4.021156035363674}
{"iteration":87,"score":9.283652455633593,"best":51.72253502936272,"gradient_rms":35.91071951807803,"update_rms":0.00011889371432762095,"accepted":true,"wall_s":3.497180476784706}
{"iteration":88,"score":9.283652455633575,"best":51.72253502936272,"gradient_rms":114.26365681631653,"update_rms":0.0,"accepted":false,"wall_s":4.101960401982069}
{"iteration":89,"score":9.283652455633591,"best":51.72253502936272,"gradient_rms":50.06314004681003,"update_rms":0.0,"accepted":false,"wall_s":3.620046768337488}
{"iteration":90,"score":9.283652455633465,"best":51.72253502936272,"gradient_rms":20.213041774231286,"update_rms":0.0,"accepted":false,"wall_s":3.6183433569967747}
{"iteration":91,"score":9.396809124096299,"best":51.72253502936272,"gradient_rms":48.27187322730449,"update_rms":0.0011228748092536565,"accepted":true,"wall_s":1.7013875618577003}
{"iteration":92,"score":9.167314700112271,"best":51.72253502936272,"gradient_rms":68.29841996734552,"update_rms":0.00019232054122579454,"accepted":true,"wall_s":4.066468484699726}
{"iteration":93,"score":9.167314700112213,"best":51.72253502936272,"gradient_rms":142.52458810466095,"update_rms":0.0,"accepted":false,"wall_s":4.015215653926134}
{"iteration":94,"score":9.090352419930609,"best":51.72253502936272,"gradient_rms":27.88035700739339,"update_rms":0.00015451047738817167,"accepted":true,"wall_s":4.115265652537346}
{"iteration":95,"score":9.090352419930603,"best":51.72253502936272,"gradient_rms":83.46288646429784,"update_rms":0.0,"accepted":false,"wall_s":4.023782953619957}
{"iteration":96,"score":9.639597919723235,"best":51.72253502936272,"gradient_rms":65.02239163810539,"update_rms":0.001561090901312571,"accepted":true,"wall_s":1.6995922923088074}
{"iteration":97,"score":9.197495106209244,"best":51.72253502936272,"gradient_rms":54.429998329248,"update_rms":0.0016214273465453434,"accepted":true,"wall_s":1.7000782638788223}
{"iteration":98,"score":8.86526200175605,"best":51.72253502936272,"gradient_rms":34.71049199259091,"update_rms":0.0007101311187920215,"accepted":true,"wall_s":2.487799696624279}
{"iteration":99,"score":8.865262001755987,"best":51.72253502936272,"gradient_rms":33.615713043663675,"update_rms":0.0,"accepted":false,"wall_s":4.0134021155536175}
{"iteration":100,"score":8.865262001756095,"best":51.72253502936272,"gradient_rms":71.1580943359216,"update_rms":0.0,"accepted":false,"wall_s":3.805261515080929}
{
  "status": "ok",
  "stop_reason": "completed_iterations",
  "initial_score": 29.3213216456605,
  "final_score": 8.865262001756095,
  "best_score": 51.72253502936272,
  "best_iteration": 50,
  "completed_iterations": 100,
  "completed_adam_steps": 45,
  "completed_optimizer_steps": 45,
  "total_wall_s": 329.7186705246568,
  "initial_decode_wall_s": 1.5084683299064636,
  "initial_score_wall_s": 0.719915796071291,
  "mean_iteration_wall_s": 3.2961566406860947,
  "manifest": {
    "algorithm": "adam_with_query_batched_local_gradient",
    "optimizer": "adam",
    "parameter_space": "data",
    "gradient_objective": "dynamic local full-density score with coordinate and maximum-surface-selection derivatives omitted",
    "formal_objective": "complete native QH score for every accepted center",
    "initial_case": "/home/scc/pb24511935/local_surface_evaluator/runs/summary1_review2_20260824/flow_pairs/cases/case_09.json",
    "initial_case_sha256": "23059b9618160b7e03cc13642efb5cecc5d4cf568b2e0a0d343e50136991e773",
    "checkpoint": "/home/scc/pb24511935/local_surface_evaluator/runs/qh_flow_physical_lr_longselect_20260729/lr_3em4/checkpoint_latest.pt",
    "checkpoint_sha256": "39a3293a459e248a0d1ec062607a1a467128b14d8ca973aadd82e113532ab99f",
    "native_lib": "/home/scc/pb24511935/local_surface_evaluator/runs/summary1_review2_20260824/build_native/libstellarator_gpu.so",
    "native_lib_sha256": "7d3784e02172f5c3130bcf085efa8120dc059d5007daa4b18680edd97b077f94",
    "nfp": 2,
    "n_base_coils": 5,
    "iterations": 100,
    "max_wall_s": 4200.0,
    "flow": {
      "method": "rk4",
      "steps": 128,
      "dtype": "fp32",
      "use": "initial latent-to-coil decode only"
    },
    "flow_pipeline": false,
    "coordinate_gradient": {
      "dimension": 500,
      "mode": "random-orthogonal",
      "random_directions": 2,
      "endpoint_count": 4,
      "perturbation": 0.0025,
      "difference": "centered",
      "psi_grid": 48,
      "psi_iterations": 4,
      "alpha_iterations": 4,
      "formal_surface_theta_count": 128,
      "local_surface_theta_count": 64
    },
    "adam": {
      "learning_rate": 0.01,
      "beta1": 0.7,
      "beta2": 0.999,
      "epsilon": 1e-08,
      "weight_decay": 0.0
    },
    "bfgs": {
      "initial_trust_rms": 0.01,
      "min_trust_rms": 1e-05,
      "max_trust_rms": 0.05,
      "trust_growth": 1.2,
      "trust_shrink": 0.5,
      "min_improvement": 0.0
    },
    "seed": 2026082509,
    "axis_policy": "initial global search, then strict mixed-precision continuation",
    "devices": {
      "flow": 0,
      "score": 0
    },
    "initial_metadata_keys": [
      "flow_prior_screening",
      "nfp",
      "raw"
    ],
    "data_parameterization": {
      "definition": "per-coordinate training-set standardization",
      "physical_mapping": "CoilNormalizer.inverse with canonical current L1/sign",
      "initial_clipped_fraction": 0.0,
      "initial_roundtrip_relative_rms": 4.8600480282409905e-14,
      "flow_calls_after_initialization": 0
    }
  }
}
{"iteration":1,"score":75.35971041579717,"best":75.35971041579717,"gradient_rms":14.389320336526747,"update_rms":0.009999999959138191,"accepted":true,"wall_s":4.3375289887189865}
{"iteration":2,"score":75.63011417395573,"best":75.63011417395573,"gradient_rms":38.445976367261295,"update_rms":0.0075930394668212746,"accepted":true,"wall_s":3.142265822738409}
{"iteration":3,"score":75.7705159415429,"best":75.7705159415429,"gradient_rms":20.09565527089201,"update_rms":0.005838187076868205,"accepted":true,"wall_s":3.227685734629631}
{"iteration":4,"score":76.0257360084644,"best":76.0257360084644,"gradient_rms":14.023660908406987,"update_rms":0.004768517626667831,"accepted":true,"wall_s":2.973336674273014}
{"iteration":5,"score":76.2896605471057,"best":76.2896605471057,"gradient_rms":28.50388925409723,"update_rms":0.004970550986630348,"accepted":true,"wall_s":3.236213929951191}
{"iteration":6,"score":76.49259932630729,"best":76.49259932630729,"gradient_rms":19.175766552363513,"update_rms":0.004272604944193741,"accepted":true,"wall_s":3.2430413998663425}
{"iteration":7,"score":76.82330238318718,"best":76.82330238318718,"gradient_rms":23.981731807564497,"update_rms":0.0045222289444572464,"accepted":true,"wall_s":3.232855163514614}
{"iteration":8,"score":76.89601455870654,"best":76.89601455870654,"gradient_rms":17.280373674092715,"update_rms":0.003972363440351404,"accepted":true,"wall_s":2.8707679510116577}
{"iteration":9,"score":77.16652529638634,"best":77.16652529638634,"gradient_rms":19.355997539979448,"update_rms":0.004004253620607702,"accepted":true,"wall_s":2.877136893570423}
{"iteration":10,"score":77.38878579129526,"best":77.38878579129526,"gradient_rms":18.877462156342073,"update_rms":0.00389920663014599,"accepted":true,"wall_s":2.9842180274426937}
{"iteration":11,"score":77.610255291715,"best":77.610255291715,"gradient_rms":9.744126119086154,"update_rms":0.0032943217583101137,"accepted":true,"wall_s":2.985940098762512}
{"iteration":12,"score":77.77823536205804,"best":77.77823536205804,"gradient_rms":5.318691802245774,"update_rms":0.0024915324451711906,"accepted":true,"wall_s":2.9873115569353104}
{"iteration":13,"score":77.92257185494327,"best":77.92257185494327,"gradient_rms":12.95909363000567,"update_rms":0.002691675575367829,"accepted":true,"wall_s":2.8801347762346268}
{"iteration":14,"score":78.16353029567706,"best":78.16353029567706,"gradient_rms":14.5818412815148,"update_rms":0.0029148685444440976,"accepted":true,"wall_s":2.9793722853064537}
{"iteration":15,"score":78.3261141038637,"best":78.3261141038637,"gradient_rms":34.497508256120454,"update_rms":0.005087521972568014,"accepted":true,"wall_s":3.003584537655115}
{"iteration":16,"score":78.65528037249423,"best":78.65528037249423,"gradient_rms":8.521688537838479,"update_rms":0.003968184898942333,"accepted":true,"wall_s":2.8782761618494987}
{"iteration":17,"score":78.86797584370258,"best":78.86797584370258,"gradient_rms":3.5619230075262487,"update_rms":0.0029502152855623988,"accepted":true,"wall_s":2.981897160410881}
{"iteration":18,"score":79.23777773874075,"best":79.23777773874075,"gradient_rms":25.862892067626383,"update_rms":0.004293652638937746,"accepted":true,"wall_s":3.2375432550907135}
{"iteration":19,"score":79.39458098620997,"best":79.39458098620997,"gradient_rms":13.13260217243722,"update_rms":0.0036560532364904026,"accepted":true,"wall_s":2.9825866892933846}
{"iteration":20,"score":79.66032704104005,"best":79.66032704104005,"gradient_rms":4.78614268796784,"update_rms":0.002723306402484369,"accepted":true,"wall_s":2.8824823573231697}
{"iteration":21,"score":80.0571954857043,"best":80.0571954857043,"gradient_rms":24.841080185324277,"update_rms":0.004156376954443071,"accepted":true,"wall_s":2.9869452081620693}
{"iteration":22,"score":80.44244764200788,"best":80.44244764200788,"gradient_rms":19.20574643472076,"update_rms":0.004175188494776642,"accepted":true,"wall_s":2.978312633931637}
{"iteration":23,"score":81.00744030621289,"best":81.00744030621289,"gradient_rms":29.04934403695569,"update_rms":0.0053114509439183815,"accepted":true,"wall_s":3.2535420432686806}
{"iteration":24,"score":81.59638000062628,"best":81.59638000062628,"gradient_rms":69.51632789380602,"update_rms":0.008376138004592656,"accepted":true,"wall_s":3.2418964244425297}
{"iteration":25,"score":81.94692755560834,"best":81.94692755560834,"gradient_rms":6.3621267044140595,"update_rms":0.006045807297859233,"accepted":true,"wall_s":3.2439900040626526}
{"iteration":26,"score":81.88129984339484,"best":81.94692755560834,"gradient_rms":13.993764818814789,"update_rms":0.004765372761094281,"accepted":true,"wall_s":2.875191669911146}
{"iteration":27,"score":81.99183505203614,"best":81.99183505203614,"gradient_rms":11.212504043777367,"update_rms":0.003638968989451334,"accepted":true,"wall_s":2.8763663582503796}
{"iteration":28,"score":82.21549949274879,"best":82.21549949274879,"gradient_rms":10.662135945254452,"update_rms":0.0031398253474137607,"accepted":true,"wall_s":2.981424253433943}
{"iteration":29,"score":82.43703012751138,"best":82.43703012751138,"gradient_rms":22.358871401098682,"update_rms":0.003943336146036829,"accepted":true,"wall_s":2.8778452202677727}
{"iteration":30,"score":82.57320578402357,"best":82.57320578402357,"gradient_rms":11.88600225977701,"update_rms":0.003085863219003873,"accepted":true,"wall_s":2.981007155030966}
{"iteration":31,"score":82.81269872451749,"best":82.81269872451749,"gradient_rms":23.84714970735218,"update_rms":0.0040233299190199625,"accepted":true,"wall_s":2.877999570220709}
{"iteration":32,"score":83.03060092868866,"best":83.03060092868866,"gradient_rms":5.940039458493004,"update_rms":0.0030100995288010655,"accepted":true,"wall_s":2.8792132325470448}
{"iteration":33,"score":83.32073565950817,"best":83.32073565950817,"gradient_rms":24.849147104923613,"update_rms":0.00436652025123688,"accepted":true,"wall_s":2.983972407877445}
{"iteration":34,"score":83.53974231998794,"best":83.53974231998794,"gradient_rms":14.4148285543915,"update_rms":0.003765680015600048,"accepted":true,"wall_s":2.98898783698678}
{"iteration":35,"score":83.75668848712318,"best":83.75668848712318,"gradient_rms":12.125540213625888,"update_rms":0.003349005236454815,"accepted":true,"wall_s":2.975489553064108}
{"iteration":36,"score":84.66997588865232,"best":84.66997588865232,"gradient_rms":42.37656314770047,"update_rms":0.0059062347472863845,"accepted":true,"wall_s":3.126613713800907}
{"iteration":37,"score":85.12455379761144,"best":85.12455379761144,"gradient_rms":13.4981166810657,"update_rms":0.004652181572929946,"accepted":true,"wall_s":2.9729899279773235}
{"iteration":38,"score":85.40467060288022,"best":85.40467060288022,"gradient_rms":13.44972030984561,"update_rms":0.003806490456225784,"accepted":true,"wall_s":2.8731726445257664}
{"iteration":39,"score":85.6142949177138,"best":85.6142949177138,"gradient_rms":14.085163823684331,"update_rms":0.0035437842726698293,"accepted":true,"wall_s":2.8669939897954464}
{"iteration":40,"score":85.70680873699726,"best":85.70680873699726,"gradient_rms":10.323985046334087,"update_rms":0.0029624270985767146,"accepted":true,"wall_s":2.9843492098152637}
{"iteration":41,"score":85.99794296252469,"best":85.99794296252469,"gradient_rms":32.82618513747546,"update_rms":0.004835633897371662,"accepted":true,"wall_s":3.2407740615308285}
{"iteration":42,"score":86.11030774970847,"best":86.11030774970847,"gradient_rms":48.62272072526947,"update_rms":0.006746733070375248,"accepted":true,"wall_s":3.242452345788479}
{"iteration":43,"score":85.94866963778935,"best":86.11030774970847,"gradient_rms":9.33985520544935,"update_rms":0.004980703080316651,"accepted":true,"wall_s":3.1281457021832466}
{"iteration":44,"score":85.68004010237617,"best":86.11030774970847,"gradient_rms":8.407478960535812,"update_rms":0.003573766217868425,"accepted":true,"wall_s":3.2410629019141197}
{"iteration":45,"score":85.58853297758583,"best":86.11030774970847,"gradient_rms":27.294277690018927,"update_rms":0.004424887831950602,"accepted":true,"wall_s":2.977556336671114}
{"iteration":46,"score":85.70905850202246,"best":86.11030774970847,"gradient_rms":20.779056570630292,"update_rms":0.004166875098772078,"accepted":true,"wall_s":2.8778211288154125}
{"iteration":47,"score":85.84258490980628,"best":86.11030774970847,"gradient_rms":8.451295341214687,"update_rms":0.0031319587584129247,"accepted":true,"wall_s":2.87482912838459}
{"iteration":48,"score":86.18484720482863,"best":86.18484720482863,"gradient_rms":39.30387716282747,"update_rms":0.005314820737342613,"accepted":true,"wall_s":2.986439563333988}
{"iteration":49,"score":86.29980635341595,"best":86.29980635341595,"gradient_rms":14.449016634712079,"update_rms":0.004079368768330359,"accepted":true,"wall_s":2.99054154753685}
{"iteration":50,"score":86.31389839462692,"best":86.31389839462692,"gradient_rms":5.656874389305385,"update_rms":0.002998865096581643,"accepted":true,"wall_s":2.9806555658578873}
{"iteration":51,"score":86.1515425344426,"best":86.31389839462692,"gradient_rms":12.477813899350698,"update_rms":0.0027034708030639603,"accepted":true,"wall_s":2.877410303801298}
{"iteration":52,"score":86.01728666533889,"best":86.31389839462692,"gradient_rms":10.458819025368244,"update_rms":0.0023677456590729022,"accepted":true,"wall_s":2.878516461700201}
{"iteration":53,"score":86.29658364592218,"best":86.31389839462692,"gradient_rms":42.382806820317334,"update_rms":0.005658164554544582,"accepted":true,"wall_s":3.296578738838434}
{"iteration":54,"score":86.23616286223252,"best":86.31389839462692,"gradient_rms":16.46792337307216,"update_rms":0.004557147130353788,"accepted":true,"wall_s":2.875545870512724}
{"iteration":55,"score":86.20850430176394,"best":86.31389839462692,"gradient_rms":5.880011123187967,"update_rms":0.0033696900546886697,"accepted":true,"wall_s":2.903174702078104}
{"iteration":56,"score":86.15187087980415,"best":86.31389839462692,"gradient_rms":1.8014927204540199,"update_rms":0.002387603057848147,"accepted":true,"wall_s":2.979750469326973}
{"iteration":57,"score":86.04242469572964,"best":86.31389839462692,"gradient_rms":3.4708645686491617,"update_rms":0.0017698798601034596,"accepted":true,"wall_s":2.9722867496311665}
{"iteration":58,"score":85.99118045321394,"best":86.31389839462692,"gradient_rms":5.5293220603658595,"update_rms":0.0014811384474103322,"accepted":true,"wall_s":2.8597508184611797}
{"iteration":59,"score":86.02421644212404,"best":86.31389839462692,"gradient_rms":14.703737607237086,"update_rms":0.0024023977736613916,"accepted":true,"wall_s":2.9639262929558754}
{"iteration":60,"score":86.23692616891817,"best":86.31389839462692,"gradient_rms":26.332986899048837,"update_rms":0.0038412968277950917,"accepted":true,"wall_s":2.9654951579868793}
{"iteration":61,"score":86.31307650165127,"best":86.31389839462692,"gradient_rms":7.760196325943689,"update_rms":0.002890179267951683,"accepted":true,"wall_s":2.863900985568762}
{"iteration":62,"score":86.4039259184955,"best":86.4039259184955,"gradient_rms":11.84277440333224,"update_rms":0.0026333401871173126,"accepted":true,"wall_s":2.867325257509947}
{"iteration":63,"score":86.25303884144495,"best":86.4039259184955,"gradient_rms":15.39476922213596,"update_rms":0.0028197024882828515,"accepted":true,"wall_s":2.9831253550946712}
{"iteration":64,"score":86.38515965338603,"best":86.4039259184955,"gradient_rms":28.925653238198407,"update_rms":0.004292279695825068,"accepted":true,"wall_s":3.2281709536910057}
{"iteration":65,"score":86.22358320915245,"best":86.4039259184955,"gradient_rms":9.409761719617732,"update_rms":0.0031421266663599246,"accepted":true,"wall_s":2.868828412145376}
{"iteration":66,"score":86.28731767771346,"best":86.4039259184955,"gradient_rms":6.3921504956066855,"update_rms":0.0022994360295675417,"accepted":true,"wall_s":2.86892656236887}
{"iteration":67,"score":86.31860203169231,"best":86.4039259184955,"gradient_rms":3.2759238492100082,"update_rms":0.0016706153560907507,"accepted":true,"wall_s":2.8696090765297413}
{"iteration":68,"score":86.32117738979906,"best":86.4039259184955,"gradient_rms":4.913368728079357,"update_rms":0.0013323611427574773,"accepted":true,"wall_s":2.9796854220330715}
{"iteration":69,"score":86.30580817211215,"best":86.4039259184955,"gradient_rms":21.656610874418654,"update_rms":0.0033364912877621453,"accepted":true,"wall_s":2.97457417845726}
{"iteration":70,"score":86.29022504431343,"best":86.4039259184955,"gradient_rms":3.5782582918016206,"update_rms":0.0024055491533973433,"accepted":true,"wall_s":2.9174728766083717}
{"iteration":71,"score":86.29970841553566,"best":86.4039259184955,"gradient_rms":3.8594090683755917,"update_rms":0.001789591073075187,"accepted":true,"wall_s":2.8518028669059277}
{"iteration":72,"score":86.30028454740311,"best":86.4039259184955,"gradient_rms":2.3152029193976422,"update_rms":0.0012924550681647157,"accepted":true,"wall_s":2.954239100217819}
{"iteration":73,"score":86.27847077793211,"best":86.4039259184955,"gradient_rms":3.200435989256221,"update_rms":0.0010299264396350027,"accepted":true,"wall_s":2.9578672386705875}
{"iteration":74,"score":86.29413636083693,"best":86.4039259184955,"gradient_rms":14.20182710696076,"update_rms":0.002290326800592322,"accepted":true,"wall_s":2.863128397613764}
{"iteration":75,"score":86.33165010587967,"best":86.4039259184955,"gradient_rms":8.405367937176374,"update_rms":0.002112637886557217,"accepted":true,"wall_s":2.8635085225105286}
{"iteration":76,"score":86.41351698373968,"best":86.41351698373968,"gradient_rms":10.897988287638691,"update_rms":0.0022647239376180793,"accepted":true,"wall_s":2.9715274199843407}
{"iteration":77,"score":86.47183649012385,"best":86.47183649012385,"gradient_rms":2.541847841318786,"update_rms":0.001620112194602026,"accepted":true,"wall_s":2.868447370827198}
{"iteration":78,"score":86.4940216904446,"best":86.4940216904446,"gradient_rms":4.876936158106166,"update_rms":0.0013056054912077826,"accepted":true,"wall_s":2.968631934374571}
{"iteration":79,"score":86.50963231228857,"best":86.50963231228857,"gradient_rms":4.903968913050219,"update_rms":0.001183799173155702,"accepted":true,"wall_s":2.870413366705179}
{"iteration":80,"score":86.42245704098565,"best":86.50963231228857,"gradient_rms":10.846625188646104,"update_rms":0.001860581924108945,"accepted":true,"wall_s":2.974139478057623}
{"iteration":81,"score":86.46229849279513,"best":86.50963231228857,"gradient_rms":3.3411652843323036,"update_rms":0.0014517962148962202,"accepted":true,"wall_s":2.984379991889}
{"iteration":82,"score":86.43783289457733,"best":86.50963231228857,"gradient_rms":2.6417725773220764,"update_rms":0.0011185522358938213,"accepted":true,"wall_s":2.8785106875002384}
{"iteration":83,"score":86.4449611499684,"best":86.50963231228857,"gradient_rms":4.180480387200059,"update_rms":0.0010379978495854722,"accepted":true,"wall_s":2.8783441223204136}
{"iteration":84,"score":86.44042324354399,"best":86.50963231228857,"gradient_rms":1.8265014161578548,"update_rms":0.0007862811926152427,"accepted":true,"wall_s":2.9820583648979664}
{"iteration":85,"score":86.41482597153959,"best":86.50963231228857,"gradient_rms":3.9825701758061554,"update_rms":0.0008408607431363376,"accepted":true,"wall_s":2.985013622790575}
{"iteration":86,"score":86.43337156000257,"best":86.50963231228857,"gradient_rms":2.5239687743509305,"update_rms":0.0006698279184269708,"accepted":true,"wall_s":2.8854078352451324}
{"iteration":87,"score":86.44449690291272,"best":86.50963231228857,"gradient_rms":6.569416456134779,"update_rms":0.001210221152578971,"accepted":true,"wall_s":2.879592675715685}
{"iteration":88,"score":86.42793456670859,"best":86.50963231228857,"gradient_rms":3.761708139551033,"update_rms":0.0010926953473812764,"accepted":true,"wall_s":2.896313712000847}
{"iteration":89,"score":86.38298268390238,"best":86.50963231228857,"gradient_rms":8.520035026351167,"update_rms":0.0015816825428042454,"accepted":true,"wall_s":2.875005666166544}
{"iteration":90,"score":86.40318728609107,"best":86.50963231228857,"gradient_rms":3.356826896289742,"update_rms":0.0012129820411266817,"accepted":true,"wall_s":2.868730202317238}
{"iteration":91,"score":86.41957273126927,"best":86.50963231228857,"gradient_rms":1.6791459918769538,"update_rms":0.0009059605555485524,"accepted":true,"wall_s":2.877905711531639}
{"iteration":92,"score":86.43844979296483,"best":86.50963231228857,"gradient_rms":5.862106527592758,"update_rms":0.0012089542695983885,"accepted":true,"wall_s":2.878355138003826}
{"iteration":93,"score":86.41965385761848,"best":86.50963231228857,"gradient_rms":7.2229740178141535,"update_rms":0.0015399079363276386,"accepted":true,"wall_s":2.8801396265625954}
{"iteration":94,"score":86.38729838568996,"best":86.50963231228857,"gradient_rms":5.884012707496396,"update_rms":0.001428519301666766,"accepted":true,"wall_s":2.9827859960496426}
{"iteration":95,"score":86.39734979792142,"best":86.50963231228857,"gradient_rms":7.335278567711366,"update_rms":0.0015868366562898349,"accepted":true,"wall_s":2.879374925047159}
{"iteration":96,"score":86.42721913069258,"best":86.50963231228857,"gradient_rms":4.483915304557448,"update_rms":0.0013778936225132493,"accepted":true,"wall_s":2.8818871453404427}
{"iteration":97,"score":86.38490063385562,"best":86.50963231228857,"gradient_rms":19.011211941686064,"update_rms":0.003352163948384151,"accepted":true,"wall_s":2.885949019342661}
{"iteration":98,"score":86.35257541042677,"best":86.50963231228857,"gradient_rms":1.1003140188972322,"update_rms":0.002368412977557513,"accepted":true,"wall_s":2.8749171011149883}
{"iteration":99,"score":86.30956133102409,"best":86.50963231228857,"gradient_rms":5.967392758704717,"update_rms":0.0018746700759287337,"accepted":true,"wall_s":2.8815772645175457}
{"iteration":100,"score":86.29175678166972,"best":86.50963231228857,"gradient_rms":8.130675383507521,"update_rms":0.0020090724746420984,"accepted":true,"wall_s":2.8796688690781593}
{
  "status": "ok",
  "stop_reason": "completed_iterations",
  "initial_score": 75.05186354184474,
  "final_score": 86.29175678166972,
  "best_score": 86.50963231228857,
  "best_iteration": 79,
  "completed_iterations": 100,
  "completed_adam_steps": 100,
  "completed_optimizer_steps": 100,
  "total_wall_s": 298.5301578082144,
  "initial_decode_wall_s": 1.4925298132002354,
  "initial_score_wall_s": 0.8520328253507614,
  "mean_iteration_wall_s": 2.9844443882256746,
  "manifest": {
    "algorithm": "adam_with_query_batched_local_gradient",
    "optimizer": "adam",
    "parameter_space": "latent",
    "gradient_objective": "dynamic local full-density score with coordinate and maximum-surface-selection derivatives omitted",
    "formal_objective": "complete native QH score for every accepted center",
    "initial_case": "/home/scc/pb24511935/local_surface_evaluator/runs/summary1_review2_20260824/flow_pairs/cases/case_13.json",
    "initial_case_sha256": "a867520c1b8948a569227aadee8a0888c19b1c16c821f83028ee33314bdaa47a",
    "checkpoint": "/home/scc/pb24511935/local_surface_evaluator/runs/qh_flow_physical_lr_longselect_20260729/lr_3em4/checkpoint_latest.pt",
    "checkpoint_sha256": "39a3293a459e248a0d1ec062607a1a467128b14d8ca973aadd82e113532ab99f",
    "native_lib": "/home/scc/pb24511935/local_surface_evaluator/runs/summary1_review2_20260824/build_native/libstellarator_gpu.so",
    "native_lib_sha256": "7d3784e02172f5c3130bcf085efa8120dc059d5007daa4b18680edd97b077f94",
    "nfp": 7,
    "n_base_coils": 2,
    "iterations": 100,
    "max_wall_s": 4200.0,
    "flow": {
      "method": "rk4",
      "steps": 128,
      "dtype": "fp32",
      "use": "every gradient endpoint and accepted center"
    },
    "flow_pipeline": true,
    "coordinate_gradient": {
      "dimension": 200,
      "mode": "random-orthogonal",
      "random_directions": 2,
      "endpoint_count": 4,
      "perturbation": 0.005,
      "difference": "centered",
      "psi_grid": 48,
      "psi_iterations": 4,
      "alpha_iterations": 4,
      "formal_surface_theta_count": 128,
      "local_surface_theta_count": 64
    },
    "adam": {
      "learning_rate": 0.01,
      "beta1": 0.7,
      "beta2": 0.999,
      "epsilon": 1e-08,
      "weight_decay": 0.0
    },
    "bfgs": {
      "initial_trust_rms": 0.01,
      "min_trust_rms": 1e-05,
      "max_trust_rms": 0.05,
      "trust_growth": 1.2,
      "trust_shrink": 0.5,
      "min_improvement": 0.0
    },
    "seed": 2026082513,
    "axis_policy": "initial global search, then strict mixed-precision continuation",
    "devices": {
      "flow": 0,
      "score": 0
    },
    "initial_metadata_keys": [
      "flow_prior_screening",
      "nfp",
      "raw"
    ]
  }
}
{"iteration":1,"score":75.74447252581851,"best":75.74447252581851,"gradient_rms":52.231588135486334,"update_rms":0.009999999991339362,"accepted":true,"wall_s":2.1622673608362675}
{"iteration":2,"score":75.29707483658017,"best":75.74447252581851,"gradient_rms":20.893498815399305,"update_rms":0.006815293381953382,"accepted":true,"wall_s":1.9063457660377026}
{"iteration":3,"score":77.09258527903799,"best":77.09258527903799,"gradient_rms":33.26868606305638,"update_rms":0.005863140998043925,"accepted":true,"wall_s":2.143612314015627}
{"iteration":4,"score":78.08957072717538,"best":78.08957072717538,"gradient_rms":24.25683672748274,"update_rms":0.0048434775053002215,"accepted":true,"wall_s":2.1613534577190876}
{"iteration":5,"score":78.19837109961274,"best":78.19837109961274,"gradient_rms":16.793841256127468,"update_rms":0.0039932433234054565,"accepted":true,"wall_s":2.139285806566477}
{"iteration":6,"score":77.24433320863567,"best":78.19837109961274,"gradient_rms":52.52007141259711,"update_rms":0.005068494757018575,"accepted":true,"wall_s":2.137559350579977}
{"iteration":7,"score":76.36709047814826,"best":78.19837109961274,"gradient_rms":9.655589115461492,"update_rms":0.003878575988338252,"accepted":true,"wall_s":2.1332729384303093}
{"iteration":8,"score":75.64108544176378,"best":78.19837109961274,"gradient_rms":38.11672447228245,"update_rms":0.004391205492467775,"accepted":true,"wall_s":2.038511738181114}
{"iteration":9,"score":75.98111139650742,"best":78.19837109961274,"gradient_rms":1.7905432829769048,"update_rms":0.0032178887310061743,"accepted":true,"wall_s":1.8850132413208485}
{"iteration":10,"score":76.94730746713988,"best":78.19837109961274,"gradient_rms":36.79435886983299,"update_rms":0.004275621083573003,"accepted":true,"wall_s":2.1460756696760654}
{"iteration":11,"score":78.06489849833315,"best":78.19837109961274,"gradient_rms":59.01348427764476,"update_rms":0.005683209910201854,"accepted":true,"wall_s":2.1405576318502426}
{"iteration":12,"score":78.9968047459087,"best":78.9968047459087,"gradient_rms":108.55650445027584,"update_rms":0.007138926982105665,"accepted":true,"wall_s":2.143637355417013}
{"iteration":13,"score":79.08853926434853,"best":79.08853926434853,"gradient_rms":126.30508919547972,"update_rms":0.007298848261996687,"accepted":true,"wall_s":2.1426260359585285}
{"iteration":14,"score":78.94437974912692,"best":79.08853926434853,"gradient_rms":131.88954817436937,"update_rms":0.007304124405215985,"accepted":true,"wall_s":2.1513488441705704}
{"iteration":15,"score":78.60093592252764,"best":79.08853926434853,"gradient_rms":42.54175735016992,"update_rms":0.005859242827522389,"accepted":true,"wall_s":2.1409169286489487}
{"iteration":16,"score":78.60637802360827,"best":79.08853926434853,"gradient_rms":30.932690242586013,"update_rms":0.004535552221650755,"accepted":true,"wall_s":2.141148865222931}
{"iteration":17,"score":78.70586855688154,"best":79.08853926434853,"gradient_rms":25.295252751187153,"update_rms":0.0037468357802562338,"accepted":true,"wall_s":2.1365802735090256}
{"iteration":18,"score":78.77603398606442,"best":79.08853926434853,"gradient_rms":67.66629487742782,"update_rms":0.004417739051744498,"accepted":true,"wall_s":1.8856938779354095}
{"iteration":19,"score":78.93975463707064,"best":79.08853926434853,"gradient_rms":85.91489929014142,"update_rms":0.005153457133337566,"accepted":true,"wall_s":1.7839854024350643}
{"iteration":20,"score":79.15161365248987,"best":79.15161365248987,"gradient_rms":32.48515360061421,"update_rms":0.004071925524934713,"accepted":true,"wall_s":1.8906129859387875}
{"iteration":21,"score":78.87910569151151,"best":79.15161365248987,"gradient_rms":101.58318256710173,"update_rms":0.005812517562071244,"accepted":true,"wall_s":2.142998531460762}
{"iteration":22,"score":79.0837043741482,"best":79.15161365248987,"gradient_rms":46.67302562134285,"update_rms":0.004866959918773353,"accepted":true,"wall_s":2.1423390693962574}
{"iteration":23,"score":79.20697814312285,"best":79.20697814312285,"gradient_rms":13.76476291935173,"update_rms":0.003564726787678122,"accepted":true,"wall_s":2.1474097669124603}
{"iteration":24,"score":79.60320969233463,"best":79.60320969233463,"gradient_rms":61.50240773110479,"update_rms":0.00373317308522573,"accepted":true,"wall_s":2.1483932621777058}
{"iteration":25,"score":80.01486719448553,"best":80.01486719448553,"gradient_rms":115.21507163320665,"update_rms":0.005584965372848908,"accepted":true,"wall_s":2.1417652517557144}
{"iteration":26,"score":79.70438429493429,"best":80.01486719448553,"gradient_rms":141.76050737933565,"update_rms":0.006868094125290167,"accepted":true,"wall_s":2.136223141103983}
{"iteration":27,"score":79.41075109791029,"best":80.01486719448553,"gradient_rms":15.370529432414573,"update_rms":0.004863856053233593,"accepted":true,"wall_s":2.132859669625759}
{"iteration":28,"score":79.55440824862025,"best":80.01486719448553,"gradient_rms":59.61721111421088,"update_rms":0.004625812314573483,"accepted":true,"wall_s":2.1361962519586086}
{"iteration":29,"score":79.66090376739837,"best":80.01486719448553,"gradient_rms":33.22042255615167,"update_rms":0.003766726645308027,"accepted":true,"wall_s":2.13301445171237}
{"iteration":30,"score":79.71511972926666,"best":80.01486719448553,"gradient_rms":23.22671619658477,"update_rms":0.002822464028217455,"accepted":true,"wall_s":2.1332987919449806}
{"iteration":31,"score":79.8208312909295,"best":80.01486719448553,"gradient_rms":32.03149893293022,"update_rms":0.002660298743431812,"accepted":true,"wall_s":2.176375262439251}
{"iteration":32,"score":79.84856202344129,"best":80.01486719448553,"gradient_rms":6.0538223424837865,"update_rms":0.0018758955087401223,"accepted":true,"wall_s":2.1387022994458675}
{"iteration":33,"score":79.81919100270872,"best":80.01486719448553,"gradient_rms":28.552462782057628,"update_rms":0.0019202743990425549,"accepted":true,"wall_s":1.8839048743247986}
{"iteration":34,"score":79.76605206328179,"best":80.01486719448553,"gradient_rms":23.867175438474455,"update_rms":0.0017695951983006037,"accepted":true,"wall_s":2.1467955261468887}
{"iteration":35,"score":79.84834397870355,"best":80.01486719448553,"gradient_rms":92.19344212826394,"update_rms":0.004554922702160222,"accepted":true,"wall_s":2.1460962183773518}
{"iteration":36,"score":79.90483689770305,"best":80.01486719448553,"gradient_rms":37.22320433313729,"update_rms":0.003776152953395191,"accepted":true,"wall_s":2.144944328814745}
{"iteration":37,"score":79.9357227687028,"best":80.01486719448553,"gradient_rms":20.21346798829139,"update_rms":0.002829559545448121,"accepted":true,"wall_s":2.1400299854576588}
{"iteration":38,"score":79.72049032619097,"best":80.01486719448553,"gradient_rms":123.25184105248452,"update_rms":0.005858073090676128,"accepted":true,"wall_s":2.133444871753454}
{"iteration":39,"score":79.63714242855846,"best":80.01486719448553,"gradient_rms":25.61239596956668,"update_rms":0.004422081171363085,"accepted":true,"wall_s":2.1345744244754314}
{"iteration":40,"score":79.64665382791875,"best":80.01486719448553,"gradient_rms":22.82188086449924,"update_rms":0.003265538541563555,"accepted":true,"wall_s":2.133849635720253}
{"iteration":41,"score":79.71082995788234,"best":80.01486719448553,"gradient_rms":29.128662340287626,"update_rms":0.002782184371261836,"accepted":true,"wall_s":2.133380513638258}
{"iteration":42,"score":79.69366304216754,"best":80.01486719448553,"gradient_rms":35.099995034022385,"update_rms":0.0026905007758172973,"accepted":true,"wall_s":2.1338145174086094}
{"iteration":43,"score":79.72825359881016,"best":80.01486719448553,"gradient_rms":14.023246729370443,"update_rms":0.002031159889833577,"accepted":true,"wall_s":2.1312055699527264}
{"iteration":44,"score":79.77595908812394,"best":80.01486719448553,"gradient_rms":2.33458943159195,"update_rms":0.0014418811321281768,"accepted":true,"wall_s":2.1374452859163284}
{"iteration":45,"score":79.69704678264603,"best":80.01486719448553,"gradient_rms":15.833503357740385,"update_rms":0.0013477890019360265,"accepted":true,"wall_s":1.8743210807442665}
{"iteration":46,"score":80.07542765589653,"best":80.07542765589653,"gradient_rms":35.129334546868016,"update_rms":0.0021246466892873538,"accepted":true,"wall_s":2.137994669377804}
{"iteration":47,"score":80.34464792009787,"best":80.34464792009787,"gradient_rms":32.558956058567375,"update_rms":0.002356602353288145,"accepted":true,"wall_s":2.1368027813732624}
{"iteration":48,"score":80.53821868862202,"best":80.53821868862202,"gradient_rms":28.60562819766706,"update_rms":0.0020765296461598827,"accepted":true,"wall_s":2.137808918952942}
{"iteration":49,"score":80.6144840980149,"best":80.6144840980149,"gradient_rms":8.96429589111237,"update_rms":0.0015277521556249592,"accepted":true,"wall_s":2.1352487318217754}
{"iteration":50,"score":80.77604225413654,"best":80.77604225413654,"gradient_rms":33.48474352354182,"update_rms":0.0021397573418710423,"accepted":true,"wall_s":2.098406031727791}
{"iteration":51,"score":80.79194374493451,"best":80.79194374493451,"gradient_rms":5.901008103075677,"update_rms":0.0015437965465427315,"accepted":true,"wall_s":2.055573333054781}
{"iteration":52,"score":80.94044653355492,"best":80.94044653355492,"gradient_rms":54.55597160041932,"update_rms":0.0032454845944685047,"accepted":true,"wall_s":2.061543170362711}
{"iteration":53,"score":80.90513059607993,"best":80.94044653355492,"gradient_rms":63.46181616158951,"update_rms":0.004143278392879039,"accepted":true,"wall_s":2.0506336987018585}
{"iteration":54,"score":80.78815173632773,"best":80.94044653355492,"gradient_rms":7.284052911710068,"update_rms":0.0029151619330015127,"accepted":true,"wall_s":2.093498822301626}
{"iteration":55,"score":80.89416142501982,"best":80.94044653355492,"gradient_rms":36.85619351298169,"update_rms":0.002837507833649944,"accepted":true,"wall_s":1.8331848867237568}
{"iteration":56,"score":80.97945800483407,"best":80.97945800483407,"gradient_rms":33.90565181959412,"update_rms":0.0027906168956320656,"accepted":true,"wall_s":2.059755399823189}
{"iteration":57,"score":80.84230583907255,"best":80.97945800483407,"gradient_rms":26.472561158206812,"update_rms":0.002400618537770547,"accepted":true,"wall_s":1.7969886027276516}
{"iteration":58,"score":81.14093759173642,"best":81.14093759173642,"gradient_rms":33.85883599119243,"update_rms":0.002668749916902056,"accepted":true,"wall_s":2.0518483705818653}
{"iteration":59,"score":81.36987367860154,"best":81.36987367860154,"gradient_rms":27.056787258309424,"update_rms":0.002358609519256364,"accepted":true,"wall_s":2.056589759886265}
{"iteration":60,"score":81.55471765665077,"best":81.55471765665077,"gradient_rms":52.25450545240967,"update_rms":0.0034913578013948984,"accepted":true,"wall_s":2.072507094591856}
{"iteration":61,"score":81.65749041599263,"best":81.65749041599263,"gradient_rms":42.789503587725015,"update_rms":0.003400431148319091,"accepted":true,"wall_s":2.0547468587756157}
{"iteration":62,"score":81.90002590769735,"best":81.90002590769735,"gradient_rms":52.70612938458243,"update_rms":0.003581628774099736,"accepted":true,"wall_s":2.0530881360173225}
{"iteration":63,"score":82.11723344822003,"best":82.11723344822003,"gradient_rms":30.69622417425397,"update_rms":0.0030627982147111337,"accepted":true,"wall_s":2.055910900235176}
{"iteration":64,"score":82.22539128264438,"best":82.22539128264438,"gradient_rms":73.55386949647912,"update_rms":0.00445837504182299,"accepted":true,"wall_s":2.10609270632267}
{"iteration":65,"score":82.13978532871035,"best":82.22539128264438,"gradient_rms":12.47647768006511,"update_rms":0.0032952306700825317,"accepted":true,"wall_s":2.141027547419071}
{"iteration":66,"score":82.13809323861325,"best":82.22539128264438,"gradient_rms":20.641733070139246,"update_rms":0.002482123398642462,"accepted":true,"wall_s":2.146789237856865}
{"iteration":67,"score":82.14804545094955,"best":82.22539128264438,"gradient_rms":38.09246338931088,"update_rms":0.0027622722516878286,"accepted":true,"wall_s":1.885125756263733}
{"iteration":68,"score":81.93871433860978,"best":82.22539128264438,"gradient_rms":55.18761642922795,"update_rms":0.003663467301450924,"accepted":true,"wall_s":2.1451652012765408}
{"iteration":69,"score":82.04652055664383,"best":82.22539128264438,"gradient_rms":99.20174556047321,"update_rms":0.005902528594774848,"accepted":true,"wall_s":1.8917389884591103}
{"iteration":70,"score":81.85451648470023,"best":82.22539128264438,"gradient_rms":55.27191335802281,"update_rms":0.005207420939349429,"accepted":true,"wall_s":2.1339159682393074}
{"iteration":71,"score":81.80546347854586,"best":82.22539128264438,"gradient_rms":32.679881617244995,"update_rms":0.004342359277824601,"accepted":true,"wall_s":2.1353866681456566}
{"iteration":72,"score":81.8083824333546,"best":82.22539128264438,"gradient_rms":35.680188473024494,"update_rms":0.0038305640682000015,"accepted":true,"wall_s":2.146660827100277}
{"iteration":73,"score":81.85940926119754,"best":82.22539128264438,"gradient_rms":26.57107520210079,"update_rms":0.0030741892976558134,"accepted":true,"wall_s":1.8803132101893425}
{"iteration":74,"score":81.37119616983256,"best":82.22539128264438,"gradient_rms":143.46601554657838,"update_rms":0.0077019200638122525,"accepted":true,"wall_s":2.13968588411808}
{"iteration":75,"score":81.18732717221624,"best":82.22539128264438,"gradient_rms":73.57265678503043,"update_rms":0.006510012980701107,"accepted":true,"wall_s":1.8881006762385368}
{"iteration":76,"score":81.48987058679957,"best":82.22539128264438,"gradient_rms":27.799951855789903,"update_rms":0.004766190536749916,"accepted":true,"wall_s":2.1499045714735985}
{"iteration":77,"score":81.60479339305665,"best":82.22539128264438,"gradient_rms":25.419303325448755,"update_rms":0.003497913347037512,"accepted":true,"wall_s":1.8872669078409672}
{"iteration":78,"score":81.77146107338217,"best":82.22539128264438,"gradient_rms":33.863627808178315,"update_rms":0.0030591362386491253,"accepted":true,"wall_s":2.1451263204216957}
{"iteration":79,"score":81.6718545838167,"best":82.22539128264438,"gradient_rms":24.754423755595937,"update_rms":0.0026167878433890797,"accepted":true,"wall_s":1.8949890062212944}
{"iteration":80,"score":81.62524047046263,"best":82.22539128264438,"gradient_rms":13.962658713166839,"update_rms":0.0019792311066817924,"accepted":true,"wall_s":2.0465673357248306}
{"iteration":81,"score":81.72516884879515,"best":82.22539128264438,"gradient_rms":22.877176236545573,"update_rms":0.0019397710735864473,"accepted":true,"wall_s":1.8970857486128807}
{"iteration":82,"score":81.62510646636115,"best":82.22539128264438,"gradient_rms":67.11982563807973,"update_rms":0.004005994548933305,"accepted":true,"wall_s":2.1460780426859856}
{"iteration":83,"score":81.33879597979961,"best":82.22539128264438,"gradient_rms":13.886716893111833,"update_rms":0.002943344105030771,"accepted":true,"wall_s":2.1459073312580585}
{"iteration":84,"score":81.22573628689693,"best":82.22539128264438,"gradient_rms":45.67827867557147,"update_rms":0.0033193776908367954,"accepted":true,"wall_s":2.1457175500690937}
{"iteration":85,"score":81.38192721385403,"best":82.22539128264438,"gradient_rms":36.9237785522546,"update_rms":0.003172476670292582,"accepted":true,"wall_s":2.1405304968357086}
{"iteration":86,"score":81.48034109443452,"best":82.22539128264438,"gradient_rms":55.5094205379137,"update_rms":0.0038649604079918996,"accepted":true,"wall_s":2.1328771486878395}
{"iteration":87,"score":81.50938869924217,"best":82.22539128264438,"gradient_rms":17.546371912254575,"update_rms":0.002827868599313642,"accepted":true,"wall_s":2.13416401296854}
{"iteration":88,"score":81.76865605958878,"best":82.22539128264438,"gradient_rms":124.18729617878398,"update_rms":0.006684158143757987,"accepted":true,"wall_s":2.134780466556549}
{"iteration":89,"score":81.20556045224711,"best":82.22539128264438,"gradient_rms":124.16333256280873,"update_rms":0.007706053120942959,"accepted":true,"wall_s":2.044286396354437}
{"iteration":90,"score":80.6491944371727,"best":82.22539128264438,"gradient_rms":58.06040034045899,"update_rms":0.006191720828915957,"accepted":true,"wall_s":2.1459343060851097}
{"iteration":91,"score":80.06078658312809,"best":82.22539128264438,"gradient_rms":33.574868047008245,"update_rms":0.0047046079890425965,"accepted":true,"wall_s":1.877340979874134}
{"iteration":92,"score":80.65290214432163,"best":82.22539128264438,"gradient_rms":143.16456165755386,"update_rms":0.007614552784423282,"accepted":true,"wall_s":2.134058177471161}
{"iteration":93,"score":80.99778239097796,"best":82.22539128264438,"gradient_rms":133.9029514475509,"update_rms":0.00856889599942851,"accepted":true,"wall_s":2.1355157531797886}
{"iteration":94,"score":80.99063528924181,"best":82.22539128264438,"gradient_rms":68.59486925581275,"update_rms":0.006794927768296287,"accepted":true,"wall_s":1.8336065523326397}
{"iteration":95,"score":81.35123368256902,"best":82.22539128264438,"gradient_rms":60.04536248429673,"update_rms":0.005849450059443727,"accepted":true,"wall_s":2.0532484613358974}
{"iteration":96,"score":82.34839658439844,"best":82.34839658439844,"gradient_rms":169.483035537271,"update_rms":0.00899376583774319,"accepted":true,"wall_s":2.0702882260084152}
{"iteration":97,"score":82.58737582344399,"best":82.58737582344399,"gradient_rms":90.49602002642136,"update_rms":0.007661633968436979,"accepted":true,"wall_s":1.798683773726225}
{"iteration":98,"score":82.46498632055855,"best":82.58737582344399,"gradient_rms":332.9026095881296,"update_rms":0.01253403886055103,"accepted":true,"wall_s":2.0542165748775005}
{"iteration":99,"score":81.69384436563192,"best":82.58737582344399,"gradient_rms":35.04240796229746,"update_rms":0.009075942908900828,"accepted":true,"wall_s":2.0574336163699627}
{"iteration":100,"score":80.97172128439539,"best":82.58737582344399,"gradient_rms":29.58445041953633,"update_rms":0.006470069959168491,"accepted":true,"wall_s":2.053008411079645}
{
  "status": "ok",
  "stop_reason": "completed_iterations",
  "initial_score": 75.05186354184472,
  "final_score": 80.97172128439539,
  "best_score": 82.58737582344399,
  "best_iteration": 97,
  "completed_iterations": 100,
  "completed_adam_steps": 100,
  "completed_optimizer_steps": 100,
  "total_wall_s": 207.3224573507905,
  "initial_decode_wall_s": 1.486383594572544,
  "initial_score_wall_s": 0.8531351126730442,
  "mean_iteration_wall_s": 2.0723453743383287,
  "manifest": {
    "algorithm": "adam_with_query_batched_local_gradient",
    "optimizer": "adam",
    "parameter_space": "data",
    "gradient_objective": "dynamic local full-density score with coordinate and maximum-surface-selection derivatives omitted",
    "formal_objective": "complete native QH score for every accepted center",
    "initial_case": "/home/scc/pb24511935/local_surface_evaluator/runs/summary1_review2_20260824/flow_pairs/cases/case_13.json",
    "initial_case_sha256": "a867520c1b8948a569227aadee8a0888c19b1c16c821f83028ee33314bdaa47a",
    "checkpoint": "/home/scc/pb24511935/local_surface_evaluator/runs/qh_flow_physical_lr_longselect_20260729/lr_3em4/checkpoint_latest.pt",
    "checkpoint_sha256": "39a3293a459e248a0d1ec062607a1a467128b14d8ca973aadd82e113532ab99f",
    "native_lib": "/home/scc/pb24511935/local_surface_evaluator/runs/summary1_review2_20260824/build_native/libstellarator_gpu.so",
    "native_lib_sha256": "7d3784e02172f5c3130bcf085efa8120dc059d5007daa4b18680edd97b077f94",
    "nfp": 7,
    "n_base_coils": 2,
    "iterations": 100,
    "max_wall_s": 4200.0,
    "flow": {
      "method": "rk4",
      "steps": 128,
      "dtype": "fp32",
      "use": "initial latent-to-coil decode only"
    },
    "flow_pipeline": false,
    "coordinate_gradient": {
      "dimension": 200,
      "mode": "random-orthogonal",
      "random_directions": 2,
      "endpoint_count": 4,
      "perturbation": 0.0025,
      "difference": "centered",
      "psi_grid": 48,
      "psi_iterations": 4,
      "alpha_iterations": 4,
      "formal_surface_theta_count": 128,
      "local_surface_theta_count": 64
    },
    "adam": {
      "learning_rate": 0.01,
      "beta1": 0.7,
      "beta2": 0.999,
      "epsilon": 1e-08,
      "weight_decay": 0.0
    },
    "bfgs": {
      "initial_trust_rms": 0.01,
      "min_trust_rms": 1e-05,
      "max_trust_rms": 0.05,
      "trust_growth": 1.2,
      "trust_shrink": 0.5,
      "min_improvement": 0.0
    },
    "seed": 2026082513,
    "axis_policy": "initial global search, then strict mixed-precision continuation",
    "devices": {
      "flow": 0,
      "score": 0
    },
    "initial_metadata_keys": [
      "flow_prior_screening",
      "nfp",
      "raw"
    ],
    "data_parameterization": {
      "definition": "per-coordinate training-set standardization",
      "physical_mapping": "CoilNormalizer.inverse with canonical current L1/sign",
      "initial_clipped_fraction": 0.0,
      "initial_roundtrip_relative_rms": 0.0,
      "flow_calls_after_initialization": 0
    }
  }
}
{"iteration":1,"score":74.5142443453131,"best":74.5142443453131,"gradient_rms":14.986240533666418,"update_rms":0.00999999995433039,"accepted":true,"wall_s":4.935700301080942}
{"iteration":2,"score":74.6588772089444,"best":74.6588772089444,"gradient_rms":14.409515819405083,"update_rms":0.007335603961161065,"accepted":true,"wall_s":3.488644078373909}
{"iteration":3,"score":74.7989649845287,"best":74.7989649845287,"gradient_rms":12.383887031769518,"update_rms":0.005980163807349321,"accepted":true,"wall_s":3.8301687464118004}
{"iteration":4,"score":74.74929188993123,"best":74.7989649845287,"gradient_rms":15.692374948506705,"update_rms":0.0056715526229233456,"accepted":true,"wall_s":3.465714644640684}
{"iteration":5,"score":75.03536119590795,"best":75.03536119590795,"gradient_rms":26.026296289764375,"update_rms":0.006144593621859819,"accepted":true,"wall_s":3.828082114458084}
{"iteration":6,"score":75.42221131328596,"best":75.42221131328596,"gradient_rms":28.708173747141377,"update_rms":0.005862778812653497,"accepted":true,"wall_s":3.848987426608801}
{"iteration":7,"score":75.63965620334095,"best":75.63965620334095,"gradient_rms":19.64039926358282,"update_rms":0.005166031515638414,"accepted":true,"wall_s":3.823081023991108}
{"iteration":8,"score":75.8595343805254,"best":75.8595343805254,"gradient_rms":5.507847472117651,"update_rms":0.003893252799262434,"accepted":true,"wall_s":3.815099474042654}
{"iteration":9,"score":76.03426839502968,"best":76.03426839502968,"gradient_rms":8.55602665681444,"update_rms":0.003307855849430299,"accepted":true,"wall_s":3.7320048063993454}
{"iteration":10,"score":76.24113537543678,"best":76.24113537543678,"gradient_rms":18.57839907854351,"update_rms":0.0038501357249122936,"accepted":true,"wall_s":3.9295846968889236}
{"iteration":11,"score":76.71166094499384,"best":76.71166094499384,"gradient_rms":20.070724587094876,"update_rms":0.004286793306666639,"accepted":true,"wall_s":3.7897809483110905}
{"iteration":12,"score":77.29099379096188,"best":77.29099379096188,"gradient_rms":12.931159667735358,"update_rms":0.004114435416718141,"accepted":true,"wall_s":6.068378947675228}
{"iteration":13,"score":77.86275149307625,"best":77.86275149307625,"gradient_rms":11.59613194640297,"update_rms":0.0036463538115966633,"accepted":true,"wall_s":3.937070455402136}
{"iteration":14,"score":78.07789629306673,"best":78.07789629306673,"gradient_rms":5.6738263791293795,"update_rms":0.002828677607139121,"accepted":true,"wall_s":3.4384922310709953}
{"iteration":15,"score":78.63559404048439,"best":78.63559404048439,"gradient_rms":16.84030828831642,"update_rms":0.0036400738870606517,"accepted":true,"wall_s":3.4400138407945633}
{"iteration":16,"score":78.97122370044289,"best":78.97122370044289,"gradient_rms":24.905229650740193,"update_rms":0.004832945049658288,"accepted":true,"wall_s":3.588358037173748}
{"iteration":17,"score":79.19376443892955,"best":79.19376443892955,"gradient_rms":6.435306985668752,"update_rms":0.003620135762980898,"accepted":true,"wall_s":3.498421475291252}
{"iteration":18,"score":79.43405069744884,"best":79.43405069744884,"gradient_rms":7.27503546863698,"update_rms":0.0029505664911618516,"accepted":true,"wall_s":3.58393182605505}
{"iteration":19,"score":79.54246710180223,"best":79.54246710180223,"gradient_rms":11.687294196754703,"update_rms":0.0032494439285245358,"accepted":true,"wall_s":3.586609151214361}
{"iteration":20,"score":79.63382086266853,"best":79.63382086266853,"gradient_rms":50.7376856472159,"update_rms":0.0072887693046830215,"accepted":true,"wall_s":3.584705539047718}
{"iteration":21,"score":79.76146685593076,"best":79.76146685593076,"gradient_rms":2.6572154920557987,"update_rms":0.005244018135991855,"accepted":true,"wall_s":3.4428552947938442}
{"iteration":22,"score":79.61090885018565,"best":79.76146685593076,"gradient_rms":82.43649924478366,"update_rms":0.00897053156449707,"accepted":true,"wall_s":3.518521010875702}
{"iteration":23,"score":79.56607383359923,"best":79.76146685593076,"gradient_rms":70.42956826757579,"update_rms":0.009210340870627979,"accepted":true,"wall_s":3.729304227977991}
{"iteration":24,"score":79.39628697064504,"best":79.76146685593076,"gradient_rms":4.653504607519851,"update_rms":0.006560905297623689,"accepted":true,"wall_s":3.9302845932543278}
{"iteration":25,"score":79.31634613238874,"best":79.76146685593076,"gradient_rms":35.15845219831919,"update_rms":0.0061202042208103056,"accepted":true,"wall_s":3.5376314371824265}
{"iteration":26,"score":79.24084972092515,"best":79.76146685593076,"gradient_rms":14.107097362441252,"update_rms":0.004558658284552077,"accepted":true,"wall_s":3.467026762664318}
{"iteration":27,"score":79.18221517967234,"best":79.76146685593076,"gradient_rms":23.570675197244302,"update_rms":0.004196308035876345,"accepted":true,"wall_s":3.3245757073163986}
{"iteration":28,"score":79.16527210650486,"best":79.76146685593076,"gradient_rms":3.7656095347213525,"update_rms":0.003025783407554018,"accepted":true,"wall_s":3.4709192290902138}
{"iteration":29,"score":79.00830246913806,"best":79.76146685593076,"gradient_rms":19.7518694286312,"update_rms":0.003185166776849799,"accepted":true,"wall_s":3.4662846624851227}
{"iteration":30,"score":79.00683658666895,"best":79.76146685593076,"gradient_rms":22.30761631948382,"update_rms":0.003435134529662812,"accepted":true,"wall_s":3.4678346551954746}
{"iteration":31,"score":78.99761148390645,"best":79.76146685593076,"gradient_rms":16.716645357213796,"update_rms":0.003119322204864416,"accepted":true,"wall_s":3.336398560553789}
{"iteration":32,"score":78.80276233673513,"best":79.76146685593076,"gradient_rms":37.63771256080519,"update_rms":0.0047815807638654645,"accepted":true,"wall_s":3.5206174850463867}
{"iteration":33,"score":78.81370828995108,"best":79.76146685593076,"gradient_rms":25.632295509993593,"update_rms":0.0045729278428124675,"accepted":true,"wall_s":3.588472690433264}
{"iteration":34,"score":78.89135783606353,"best":79.76146685593076,"gradient_rms":27.81137571988797,"update_rms":0.004384471702094757,"accepted":true,"wall_s":3.4330970272421837}
{"iteration":35,"score":78.737469878844,"best":79.76146685593076,"gradient_rms":25.891781137057876,"update_rms":0.004423164295611805,"accepted":true,"wall_s":3.5803732722997665}
{"iteration":36,"score":78.80088315389048,"best":79.76146685593076,"gradient_rms":43.98129322937067,"update_rms":0.005581290081644464,"accepted":true,"wall_s":3.585796717554331}
{"iteration":37,"score":78.8843715969238,"best":79.76146685593076,"gradient_rms":22.269094478685847,"update_rms":0.004738640379811878,"accepted":true,"wall_s":3.578178472816944}
{"iteration":38,"score":79.25511679325137,"best":79.76146685593076,"gradient_rms":48.01352354387777,"update_rms":0.006302744668047888,"accepted":true,"wall_s":3.4356046207249165}
{"iteration":39,"score":79.82032301335732,"best":79.82032301335732,"gradient_rms":15.416401483956538,"update_rms":0.004733245930042321,"accepted":true,"wall_s":3.931439373642206}
{"iteration":40,"score":80.11315785990669,"best":80.11315785990669,"gradient_rms":15.603837192919611,"update_rms":0.0038403771405524723,"accepted":true,"wall_s":3.9268152453005314}
{"iteration":41,"score":80.09040664557132,"best":80.11315785990669,"gradient_rms":66.16302847066078,"update_rms":0.006778437904720339,"accepted":true,"wall_s":3.435961037874222}
{"iteration":42,"score":79.95359958104821,"best":80.11315785990669,"gradient_rms":27.261588020257083,"update_rms":0.005840158564271316,"accepted":true,"wall_s":3.9228823706507683}
{"iteration":43,"score":79.821316988194,"best":80.11315785990669,"gradient_rms":10.180188399468586,"update_rms":0.004292259891563094,"accepted":true,"wall_s":3.7847319208085537}
{"iteration":44,"score":79.66089591083133,"best":80.11315785990669,"gradient_rms":4.5749883075579305,"update_rms":0.003102908383281805,"accepted":true,"wall_s":3.4358771927654743}
{"iteration":45,"score":79.81994321858117,"best":80.11315785990669,"gradient_rms":19.748212110767394,"update_rms":0.0031354813450150255,"accepted":true,"wall_s":3.5828808918595314}
{"iteration":46,"score":79.71867453684753,"best":80.11315785990669,"gradient_rms":17.25455999975969,"update_rms":0.002970442249752749,"accepted":true,"wall_s":3.576270416378975}
{"iteration":47,"score":79.83290530386934,"best":80.11315785990669,"gradient_rms":13.601240412864772,"update_rms":0.0026313698079652313,"accepted":true,"wall_s":3.580747600644827}
{"iteration":48,"score":79.85516420279036,"best":80.11315785990669,"gradient_rms":24.224718574647454,"update_rms":0.0030748189767337824,"accepted":true,"wall_s":3.441037766635418}
{"iteration":49,"score":79.82527264501758,"best":80.11315785990669,"gradient_rms":12.369034519951219,"update_rms":0.0025682676145632887,"accepted":true,"wall_s":3.441649466753006}
{"iteration":50,"score":79.88154702126742,"best":80.11315785990669,"gradient_rms":18.97675534738181,"update_rms":0.002737609859775142,"accepted":true,"wall_s":3.43169067800045}
{"iteration":51,"score":79.97928166269895,"best":80.11315785990669,"gradient_rms":5.796696197830002,"update_rms":0.0020935716357403877,"accepted":true,"wall_s":3.577471077442169}
{"iteration":52,"score":80.09397298872108,"best":80.11315785990669,"gradient_rms":15.441116691800133,"update_rms":0.0024102724969708705,"accepted":true,"wall_s":3.574129842221737}
{"iteration":53,"score":80.23325552897582,"best":80.23325552897582,"gradient_rms":4.605779538554767,"update_rms":0.001703038229973195,"accepted":true,"wall_s":3.579175267368555}
{"iteration":54,"score":80.4736056674036,"best":80.4736056674036,"gradient_rms":23.611225529611442,"update_rms":0.0030403870751915976,"accepted":true,"wall_s":3.9281391985714436}
{"iteration":55,"score":80.54374000133927,"best":80.54374000133927,"gradient_rms":75.89059631449233,"update_rms":0.00795973243306365,"accepted":true,"wall_s":3.927324429154396}
{"iteration":56,"score":80.32330423615025,"best":80.54374000133927,"gradient_rms":44.14799957652416,"update_rms":0.007138786948037132,"accepted":true,"wall_s":3.7256631329655647}
{"iteration":57,"score":80.10096056847662,"best":80.54374000133927,"gradient_rms":17.23947914740509,"update_rms":0.0054744485167204,"accepted":true,"wall_s":3.334585025906563}
{"iteration":58,"score":80.17352583834405,"best":80.54374000133927,"gradient_rms":6.93797420203796,"update_rms":0.003878490378765937,"accepted":true,"wall_s":3.5178840570151806}
{"iteration":59,"score":80.73016133231006,"best":80.73016133231006,"gradient_rms":106.66723579268444,"update_rms":0.009502711908144343,"accepted":true,"wall_s":3.9296241141855717}
{"iteration":60,"score":80.98509773443584,"best":80.98509773443584,"gradient_rms":24.196362930164078,"update_rms":0.0069995808592078655,"accepted":true,"wall_s":3.9329091012477875}
{"iteration":61,"score":80.82814127330975,"best":80.98509773443584,"gradient_rms":40.55125024268789,"update_rms":0.006327114399816128,"accepted":true,"wall_s":3.931496512144804}
{"iteration":62,"score":80.4982942804014,"best":80.98509773443584,"gradient_rms":70.17805094378178,"update_rms":0.0074821919709301445,"accepted":true,"wall_s":3.5856985449790955}
{"iteration":63,"score":80.51149285830253,"best":80.98509773443584,"gradient_rms":16.195194264053253,"update_rms":0.00565604979444526,"accepted":true,"wall_s":3.436617136001587}
{"iteration":64,"score":80.3418516037763,"best":80.98509773443584,"gradient_rms":29.77692350724191,"update_rms":0.004750355925205748,"accepted":true,"wall_s":3.4379537142813206}
{"iteration":65,"score":80.26932447439285,"best":80.98509773443584,"gradient_rms":9.988091312281812,"update_rms":0.0035355558212054783,"accepted":true,"wall_s":3.434432376176119}
{"iteration":66,"score":80.42838091997363,"best":80.98509773443584,"gradient_rms":41.48384194229692,"update_rms":0.004779338194488843,"accepted":true,"wall_s":3.923084009438753}
{"iteration":67,"score":80.50457105916472,"best":80.98509773443584,"gradient_rms":28.88385056361398,"update_rms":0.004551844978549872,"accepted":true,"wall_s":3.5798891596496105}
{"iteration":68,"score":80.72547480126079,"best":80.98509773443584,"gradient_rms":21.09025601462245,"update_rms":0.004014102127148587,"accepted":true,"wall_s":3.9327456951141357}
{"iteration":69,"score":80.62505165604615,"best":80.98509773443584,"gradient_rms":11.836109167371962,"update_rms":0.003063351540937093,"accepted":true,"wall_s":3.9278696961700916}
{"iteration":70,"score":80.62576970110423,"best":80.98509773443584,"gradient_rms":15.563576685985126,"update_rms":0.0026236112233785757,"accepted":true,"wall_s":3.930500365793705}
{"iteration":71,"score":80.73452207937264,"best":80.98509773443584,"gradient_rms":8.041685386098411,"update_rms":0.0020068314890099538,"accepted":true,"wall_s":3.7269685305655003}
{"iteration":72,"score":80.74741887467341,"best":80.98509773443584,"gradient_rms":10.864338008737407,"update_rms":0.001778173190596147,"accepted":true,"wall_s":3.323038697242737}
{"iteration":73,"score":80.94596856220531,"best":80.98509773443584,"gradient_rms":12.200975487426861,"update_rms":0.0017385672443944824,"accepted":true,"wall_s":3.4706666693091393}
{"iteration":74,"score":81.02408661081736,"best":81.02408661081736,"gradient_rms":8.183337406480588,"update_rms":0.001456059720601476,"accepted":true,"wall_s":3.461738619953394}
{"iteration":75,"score":81.77796917384192,"best":81.77796917384192,"gradient_rms":46.28005339358971,"update_rms":0.00472466153091141,"accepted":true,"wall_s":3.866011805832386}
{"iteration":76,"score":82.09361120544769,"best":82.09361120544769,"gradient_rms":10.037450989425782,"update_rms":0.003544053285826444,"accepted":true,"wall_s":3.921803519129753}
{"iteration":77,"score":82.20313314932635,"best":82.20313314932635,"gradient_rms":24.82177358859145,"update_rms":0.003512090900183036,"accepted":true,"wall_s":3.9229476302862167}
{"iteration":78,"score":82.1576886514305,"best":82.20313314932635,"gradient_rms":4.111191153381424,"update_rms":0.0025080480186061072,"accepted":true,"wall_s":3.578840631991625}
{"iteration":79,"score":82.16116855209907,"best":82.20313314932635,"gradient_rms":14.99769516831495,"update_rms":0.0023327234386070596,"accepted":true,"wall_s":3.5813856795430183}
{"iteration":80,"score":82.15759193498808,"best":82.20313314932635,"gradient_rms":5.215983797289822,"update_rms":0.0016849218951814294,"accepted":true,"wall_s":3.438180860131979}
{"iteration":81,"score":82.04107828395996,"best":82.20313314932635,"gradient_rms":12.535057486816244,"update_rms":0.0017914734538111536,"accepted":true,"wall_s":3.926372893154621}
{"iteration":82,"score":81.86856116169831,"best":82.20313314932635,"gradient_rms":104.81865714092301,"update_rms":0.009298328990597465,"accepted":true,"wall_s":3.579138670116663}
{"iteration":83,"score":81.73647808779083,"best":82.20313314932635,"gradient_rms":10.342961325780122,"update_rms":0.006607839511518116,"accepted":true,"wall_s":3.442232832312584}
{"iteration":84,"score":81.5769120624184,"best":82.20313314932635,"gradient_rms":2.8488549371673497,"update_rms":0.004686132955299206,"accepted":true,"wall_s":3.4412489868700504}
{"iteration":85,"score":81.48222038718187,"best":82.20313314932635,"gradient_rms":14.45516646814087,"update_rms":0.0035033550770693788,"accepted":true,"wall_s":3.439309813082218}
{"iteration":86,"score":81.50404950393526,"best":82.20313314932635,"gradient_rms":13.283962107743756,"update_rms":0.0028722118241264983,"accepted":true,"wall_s":3.58060073107481}
{"iteration":87,"score":81.50861003652228,"best":82.20313314932635,"gradient_rms":46.69630620876549,"update_rms":0.004778409830369031,"accepted":true,"wall_s":3.4499764442443848}
{"iteration":88,"score":81.46423594605099,"best":82.20313314932635,"gradient_rms":11.464055680850132,"update_rms":0.003477714255387573,"accepted":true,"wall_s":3.58196734264493}
{"iteration":89,"score":81.45573240949972,"best":82.20313314932635,"gradient_rms":10.045490277489309,"update_rms":0.0026069104639748343,"accepted":true,"wall_s":3.6032194942235947}
{"iteration":90,"score":81.42744566470073,"best":82.20313314932635,"gradient_rms":26.132493660712925,"update_rms":0.003152940775293661,"accepted":true,"wall_s":3.63043450191617}
{"iteration":91,"score":81.37958366924978,"best":82.20313314932635,"gradient_rms":28.007026576274544,"update_rms":0.0035803769696062682,"accepted":true,"wall_s":3.583223734050989}
{"iteration":92,"score":81.42953518785288,"best":82.20313314932635,"gradient_rms":7.528103843712662,"update_rms":0.0025738349117280174,"accepted":true,"wall_s":3.5887854285538197}
{"iteration":93,"score":81.47635622761108,"best":82.20313314932635,"gradient_rms":14.246582921455436,"update_rms":0.0022606362334777743,"accepted":true,"wall_s":3.444118119776249}
{"iteration":94,"score":81.47161800259659,"best":82.20313314932635,"gradient_rms":5.04343071273351,"update_rms":0.001680548983918618,"accepted":true,"wall_s":3.5829313211143017}
{"iteration":95,"score":81.482529523838,"best":82.20313314932635,"gradient_rms":1.1952486905203057,"update_rms":0.0011956772955007047,"accepted":true,"wall_s":3.5741677917540073}
{"iteration":96,"score":81.36752234810582,"best":82.20313314932635,"gradient_rms":60.36253120177628,"update_rms":0.005934511087840878,"accepted":true,"wall_s":3.91852143779397}
{"iteration":97,"score":81.05341442806558,"best":82.20313314932635,"gradient_rms":5.8187928782396146,"update_rms":0.0042514491885542495,"accepted":true,"wall_s":3.5227709971368313}
{"iteration":98,"score":80.91013513465334,"best":82.20313314932635,"gradient_rms":46.644715324782844,"update_rms":0.005457263105252598,"accepted":true,"wall_s":3.4557366743683815}
{"iteration":99,"score":80.83081020738474,"best":82.20313314932635,"gradient_rms":17.923671836765305,"update_rms":0.004157251665896466,"accepted":true,"wall_s":3.465437773615122}
{"iteration":100,"score":80.7631578937755,"best":82.20313314932635,"gradient_rms":12.643665289800166,"update_rms":0.003143152454509605,"accepted":true,"wall_s":3.459402773529291}
{
  "status": "ok",
  "stop_reason": "completed_iterations",
  "initial_score": 74.36992849939593,
  "final_score": 80.7631578937755,
  "best_score": 82.20313314932635,
  "best_iteration": 77,
  "completed_iterations": 100,
  "completed_adam_steps": 100,
  "completed_optimizer_steps": 100,
  "total_wall_s": 365.9155068732798,
  "initial_decode_wall_s": 1.504057377576828,
  "initial_score_wall_s": 1.031056471168995,
  "mean_iteration_wall_s": 3.658269630149007,
  "manifest": {
    "algorithm": "adam_with_query_batched_local_gradient",
    "optimizer": "adam",
    "parameter_space": "latent",
    "gradient_objective": "dynamic local full-density score with coordinate and maximum-surface-selection derivatives omitted",
    "formal_objective": "complete native QH score for every accepted center",
    "initial_case": "/home/scc/pb24511935/local_surface_evaluator/runs/summary1_review2_20260824/flow_pairs/cases/case_17.json",
    "initial_case_sha256": "167f4aa01a1873ee7a7c5bbda7eb327c5822784a5b3b88160d08596ed7dc8a3b",
    "checkpoint": "/home/scc/pb24511935/local_surface_evaluator/runs/qh_flow_physical_lr_longselect_20260729/lr_3em4/checkpoint_latest.pt",
    "checkpoint_sha256": "39a3293a459e248a0d1ec062607a1a467128b14d8ca973aadd82e113532ab99f",
    "native_lib": "/home/scc/pb24511935/local_surface_evaluator/runs/summary1_review2_20260824/build_native/libstellarator_gpu.so",
    "native_lib_sha256": "7d3784e02172f5c3130bcf085efa8120dc059d5007daa4b18680edd97b077f94",
    "nfp": 7,
    "n_base_coils": 3,
    "iterations": 100,
    "max_wall_s": 4200.0,
    "flow": {
      "method": "rk4",
      "steps": 128,
      "dtype": "fp32",
      "use": "every gradient endpoint and accepted center"
    },
    "flow_pipeline": true,
    "coordinate_gradient": {
      "dimension": 300,
      "mode": "random-orthogonal",
      "random_directions": 2,
      "endpoint_count": 4,
      "perturbation": 0.005,
      "difference": "centered",
      "psi_grid": 48,
      "psi_iterations": 4,
      "alpha_iterations": 4,
      "formal_surface_theta_count": 128,
      "local_surface_theta_count": 64
    },
    "adam": {
      "learning_rate": 0.01,
      "beta1": 0.7,
      "beta2": 0.999,
      "epsilon": 1e-08,
      "weight_decay": 0.0
    },
    "bfgs": {
      "initial_trust_rms": 0.01,
      "min_trust_rms": 1e-05,
      "max_trust_rms": 0.05,
      "trust_growth": 1.2,
      "trust_shrink": 0.5,
      "min_improvement": 0.0
    },
    "seed": 2026082517,
    "axis_policy": "initial global search, then strict mixed-precision continuation",
    "devices": {
      "flow": 0,
      "score": 0
    },
    "initial_metadata_keys": [
      "flow_prior_screening",
      "nfp",
      "raw"
    ]
  }
}
{"iteration":1,"score":74.01479406892727,"best":74.36992849939593,"gradient_rms":18.312826311473312,"update_rms":0.009999999978506289,"accepted":true,"wall_s":2.7383943498134613}
{"iteration":2,"score":74.17624531350951,"best":74.36992849939593,"gradient_rms":34.631030090390844,"update_rms":0.007559097342577422,"accepted":true,"wall_s":2.7354631796479225}
{"iteration":3,"score":75.00531235860392,"best":75.00531235860392,"gradient_rms":33.40697924119891,"update_rms":0.006219913465943475,"accepted":true,"wall_s":2.7239450477063656}
{"iteration":4,"score":76.19009147000598,"best":76.19009147000598,"gradient_rms":47.333045937998946,"update_rms":0.00630151721103462,"accepted":true,"wall_s":2.376507669687271}
{"iteration":5,"score":77.21269530334195,"best":77.21269530334195,"gradient_rms":18.427441070175604,"update_rms":0.0051873267920699235,"accepted":true,"wall_s":2.4370042309165}
{"iteration":6,"score":78.88717418306699,"best":78.88717418306699,"gradient_rms":51.04286746833177,"update_rms":0.005534625168456548,"accepted":true,"wall_s":2.841902583837509}
{"iteration":7,"score":79.45935175758646,"best":79.45935175758646,"gradient_rms":33.5168614024321,"update_rms":0.004915049014422068,"accepted":true,"wall_s":2.4336156882345676}
{"iteration":8,"score":79.40290964279801,"best":79.45935175758646,"gradient_rms":41.551696052798775,"update_rms":0.004740887952747748,"accepted":true,"wall_s":2.732577946037054}
{"iteration":9,"score":78.75347974273475,"best":79.45935175758646,"gradient_rms":44.07152995026979,"update_rms":0.004791336040834138,"accepted":true,"wall_s":2.785295732319355}
{"iteration":10,"score":78.25966700484001,"best":79.45935175758646,"gradient_rms":14.304893357058063,"update_rms":0.0037036558858975495,"accepted":true,"wall_s":2.8374730199575424}
{"iteration":11,"score":77.99330130630099,"best":79.45935175758646,"gradient_rms":8.41737835668784,"update_rms":0.0028164994051707915,"accepted":true,"wall_s":2.8454102464020252}
{"iteration":12,"score":78.2159874465851,"best":79.45935175758646,"gradient_rms":42.097765734431775,"update_rms":0.0041904067120346195,"accepted":true,"wall_s":2.838073082268238}
{"iteration":13,"score":78.56060804031496,"best":79.45935175758646,"gradient_rms":13.22863555449409,"update_rms":0.003292559940492148,"accepted":true,"wall_s":2.782919742166996}
{"iteration":14,"score":78.53539275263985,"best":79.45935175758646,"gradient_rms":401.3089030827074,"update_rms":0.009739989768521019,"accepted":true,"wall_s":2.723891980946064}
{"iteration":15,"score":77.70290917748491,"best":79.45935175758646,"gradient_rms":20.434141723856637,"update_rms":0.007087470985865557,"accepted":true,"wall_s":2.781372521072626}
{"iteration":16,"score":77.35083572772645,"best":79.45935175758646,"gradient_rms":10.789652839357991,"update_rms":0.005145366274584903,"accepted":true,"wall_s":2.8413293436169624}
{"iteration":17,"score":77.20961506628237,"best":79.45935175758646,"gradient_rms":17.595531950129313,"update_rms":0.003784632867685412,"accepted":true,"wall_s":2.8389652147889137}
{"iteration":18,"score":77.46656136560921,"best":79.45935175758646,"gradient_rms":61.02299036676627,"update_rms":0.004144082798986151,"accepted":true,"wall_s":2.4923723712563515}
{"iteration":19,"score":78.15330820185866,"best":79.45935175758646,"gradient_rms":40.79721632134034,"update_rms":0.0034920869028716864,"accepted":true,"wall_s":2.8407220989465714}
{"iteration":20,"score":78.60474230759726,"best":79.45935175758646,"gradient_rms":26.779282037890205,"update_rms":0.0028442265372773763,"accepted":true,"wall_s":2.8401277847588062}
{"iteration":21,"score":78.69541276547037,"best":79.45935175758646,"gradient_rms":50.31420655138928,"update_rms":0.0030036081175793365,"accepted":true,"wall_s":2.839418735355139}
{"iteration":22,"score":78.2007644796824,"best":79.45935175758646,"gradient_rms":62.57144485451691,"update_rms":0.0035326059990956693,"accepted":true,"wall_s":2.8432308323681355}
{"iteration":23,"score":78.46320709641832,"best":79.45935175758646,"gradient_rms":30.11240922531829,"update_rms":0.0029388463222607742,"accepted":true,"wall_s":2.8418622836470604}
{"iteration":24,"score":78.56653878691814,"best":79.45935175758646,"gradient_rms":14.41105200257933,"update_rms":0.0022942973689989393,"accepted":true,"wall_s":2.838272277265787}
{"iteration":25,"score":78.42341328816725,"best":79.45935175758646,"gradient_rms":48.15440804130606,"update_rms":0.003013375152493995,"accepted":true,"wall_s":2.7830006666481495}
{"iteration":26,"score":78.10322809197484,"best":79.45935175758646,"gradient_rms":23.501776083247165,"update_rms":0.0025749851066288925,"accepted":true,"wall_s":2.7252862006425858}
{"iteration":27,"score":77.77596585225267,"best":79.45935175758646,"gradient_rms":15.856514916073591,"update_rms":0.0021090372006307466,"accepted":true,"wall_s":2.723640561103821}
{"iteration":28,"score":77.91859491207109,"best":79.45935175758646,"gradient_rms":40.61769222014525,"update_rms":0.00250348675268574,"accepted":true,"wall_s":2.725096859037876}
{"iteration":29,"score":78.13362819888081,"best":79.45935175758646,"gradient_rms":31.01473559119011,"update_rms":0.002368640931971726,"accepted":true,"wall_s":2.725888069719076}
{"iteration":30,"score":78.21432080409025,"best":79.45935175758646,"gradient_rms":59.08788513661431,"update_rms":0.0035701707309279706,"accepted":true,"wall_s":2.7246673740446568}
{"iteration":31,"score":78.50187425537649,"best":79.45935175758646,"gradient_rms":45.296951082384226,"update_rms":0.0034397371408556657,"accepted":true,"wall_s":2.7806581035256386}
{"iteration":32,"score":78.66334563399958,"best":79.45935175758646,"gradient_rms":21.486285749079233,"update_rms":0.0027446787243448137,"accepted":true,"wall_s":2.4899853244423866}
{"iteration":33,"score":79.33742195783282,"best":79.45935175758646,"gradient_rms":107.15528044260182,"update_rms":0.0053406659908460715,"accepted":true,"wall_s":2.8399795033037663}
{"iteration":34,"score":79.01725523435125,"best":79.45935175758646,"gradient_rms":51.58976304222221,"update_rms":0.004760981529069863,"accepted":true,"wall_s":2.8398984521627426}
{"iteration":35,"score":76.28200347943438,"best":79.45935175758646,"gradient_rms":134.71575355162489,"update_rms":0.006435097543621125,"accepted":true,"wall_s":2.8404524326324463}
{"iteration":36,"score":74.6968560281117,"best":79.45935175758646,"gradient_rms":41.52668018288895,"update_rms":0.004846867333708141,"accepted":true,"wall_s":2.5013171955943108}
{"iteration":37,"score":74.01773393670604,"best":79.45935175758646,"gradient_rms":35.68372632840524,"update_rms":0.0039649021009266535,"accepted":true,"wall_s":2.8374376259744167}
{"iteration":38,"score":73.7640983254782,"best":79.45935175758646,"gradient_rms":41.448513712443855,"update_rms":0.0035354920686574477,"accepted":true,"wall_s":2.8422960191965103}
{"iteration":39,"score":73.54408363522916,"best":79.45935175758646,"gradient_rms":94.824358787646,"update_rms":0.004886415731569398,"accepted":true,"wall_s":2.8388238586485386}
{"iteration":40,"score":73.20880080046507,"best":79.45935175758646,"gradient_rms":14.023562247991505,"update_rms":0.0035900292738071837,"accepted":true,"wall_s":2.836699340492487}
{"iteration":41,"score":73.01850487143034,"best":79.45935175758646,"gradient_rms":69.40786006522896,"update_rms":0.0037408117612380554,"accepted":true,"wall_s":2.835093978792429}
{"iteration":42,"score":73.06053616798405,"best":79.45935175758646,"gradient_rms":54.62503110312818,"update_rms":0.0036980114613280528,"accepted":true,"wall_s":2.8383655101060867}
{"iteration":43,"score":73.39855368856654,"best":79.45935175758646,"gradient_rms":88.14050131658956,"update_rms":0.004479055764401122,"accepted":true,"wall_s":2.492683943361044}
{"iteration":44,"score":73.81715588207064,"best":79.45935175758646,"gradient_rms":63.82663216074066,"update_rms":0.00433734655539836,"accepted":true,"wall_s":2.6975343748927116}
{"iteration":45,"score":73.7636313248124,"best":79.45935175758646,"gradient_rms":41.482632342519594,"update_rms":0.003456273660449681,"accepted":true,"wall_s":2.494283203035593}
{"iteration":46,"score":73.81359658149105,"best":79.45935175758646,"gradient_rms":57.20165160816395,"update_rms":0.0034065232319846943,"accepted":true,"wall_s":2.839214865118265}
{"iteration":47,"score":73.7852499997606,"best":79.45935175758646,"gradient_rms":12.060739334412755,"update_rms":0.002448091559357203,"accepted":true,"wall_s":2.8398328088223934}
{"iteration":48,"score":74.09612543544765,"best":79.45935175758646,"gradient_rms":127.4449304939023,"update_rms":0.005639304772801369,"accepted":true,"wall_s":2.838572010397911}
{"iteration":49,"score":74.20397518796493,"best":79.45935175758646,"gradient_rms":21.7918202522914,"update_rms":0.004167782909038182,"accepted":true,"wall_s":2.787350356578827}
{"iteration":50,"score":74.96969477215835,"best":79.45935175758646,"gradient_rms":48.70257474582865,"update_rms":0.003758593197163378,"accepted":true,"wall_s":2.7828111834824085}
{"iteration":51,"score":75.04292435954099,"best":79.45935175758646,"gradient_rms":73.10157539807348,"update_rms":0.004350840875347191,"accepted":true,"wall_s":2.7839486189186573}
{"iteration":52,"score":75.68877117388558,"best":79.45935175758646,"gradient_rms":58.22823696842368,"update_rms":0.003965187695012338,"accepted":true,"wall_s":2.7808536924421787}
{"iteration":53,"score":76.10242057235966,"best":79.45935175758646,"gradient_rms":14.179265570934275,"update_rms":0.002870239245986184,"accepted":true,"wall_s":2.840735673904419}
{"iteration":54,"score":76.35766656292923,"best":79.45935175758646,"gradient_rms":28.586854939295616,"update_rms":0.0026152812268201253,"accepted":true,"wall_s":2.8513609655201435}
{"iteration":55,"score":76.84113868418811,"best":79.45935175758646,"gradient_rms":38.68444805255691,"update_rms":0.002710652035320176,"accepted":true,"wall_s":2.8399142511188984}
{"iteration":56,"score":77.16132965167056,"best":79.45935175758646,"gradient_rms":16.034002270863546,"update_rms":0.002060252197545234,"accepted":true,"wall_s":2.8410243652760983}
{"iteration":57,"score":77.43216683470706,"best":79.45935175758646,"gradient_rms":6.395394312278626,"update_rms":0.0014835261606266717,"accepted":true,"wall_s":2.842527162283659}
{"iteration":58,"score":77.65647008166813,"best":79.45935175758646,"gradient_rms":14.629640211707626,"update_rms":0.0012462185212589025,"accepted":true,"wall_s":2.8403063155710697}
{"iteration":59,"score":77.94370101390354,"best":79.45935175758646,"gradient_rms":21.37917175959218,"update_rms":0.0013446885886345087,"accepted":true,"wall_s":2.842340622097254}
{"iteration":60,"score":78.29058073283714,"best":79.45935175758646,"gradient_rms":49.4304836444676,"update_rms":0.002689109275780314,"accepted":true,"wall_s":2.8425123281776905}
{"iteration":61,"score":78.53177957139587,"best":79.45935175758646,"gradient_rms":65.39009252096314,"update_rms":0.0036492142216793776,"accepted":true,"wall_s":2.782003950327635}
{"iteration":62,"score":77.93024096675904,"best":79.45935175758646,"gradient_rms":55.4666528117876,"update_rms":0.0037952799003911682,"accepted":true,"wall_s":2.723366167396307}
{"iteration":63,"score":76.59540609604309,"best":79.45935175758646,"gradient_rms":53.541309353405175,"update_rms":0.0038203496807501184,"accepted":true,"wall_s":2.7229470796883106}
{"iteration":64,"score":75.96165377951114,"best":79.45935175758646,"gradient_rms":38.102018287806295,"update_rms":0.00335367505740561,"accepted":true,"wall_s":2.7813491821289062}
{"iteration":65,"score":76.45813615980784,"best":79.45935175758646,"gradient_rms":59.88730603488124,"update_rms":0.0037880865922734343,"accepted":true,"wall_s":2.7823537662625313}
{"iteration":66,"score":76.90745318737693,"best":79.45935175758646,"gradient_rms":57.18512299731458,"update_rms":0.0036752186905757546,"accepted":true,"wall_s":2.7820799089968204}
{"iteration":67,"score":77.11231502385414,"best":79.45935175758646,"gradient_rms":45.44374660369807,"update_rms":0.003412151966214103,"accepted":true,"wall_s":2.8400223180651665}
{"iteration":68,"score":77.79987090960482,"best":79.45935175758646,"gradient_rms":196.62436518060525,"update_rms":0.008500998696547836,"accepted":true,"wall_s":2.838904172182083}
{"iteration":69,"score":77.33351202150648,"best":79.45935175758646,"gradient_rms":184.55037073844554,"update_rms":0.009544132963026477,"accepted":true,"wall_s":2.840644422918558}
{"iteration":70,"score":75.82729528553114,"best":79.45935175758646,"gradient_rms":23.877263428267337,"update_rms":0.006818005530740627,"accepted":true,"wall_s":2.8405498415231705}
{"iteration":71,"score":74.83686024028162,"best":79.45935175758646,"gradient_rms":83.67428070280545,"update_rms":0.005959731169160396,"accepted":true,"wall_s":2.8493789732456207}
{"iteration":72,"score":73.86852262594176,"best":79.45935175758646,"gradient_rms":35.4352643468257,"update_rms":0.00454276876164536,"accepted":true,"wall_s":2.855247687548399}
{"iteration":73,"score":73.5556845816675,"best":79.45935175758646,"gradient_rms":44.380921590110674,"update_rms":0.0036300515634755007,"accepted":true,"wall_s":2.8566221110522747}
{"iteration":74,"score":73.52755047507364,"best":79.45935175758646,"gradient_rms":77.60676452419638,"update_rms":0.00418963742147712,"accepted":true,"wall_s":2.8502982929348946}
{"iteration":75,"score":73.9329312813316,"best":79.45935175758646,"gradient_rms":60.85317851224679,"update_rms":0.003978516385253595,"accepted":true,"wall_s":2.7819286957383156}
{"iteration":76,"score":74.24546594391158,"best":79.45935175758646,"gradient_rms":75.63576891221035,"update_rms":0.004250576831087787,"accepted":true,"wall_s":2.722327411174774}
{"iteration":77,"score":74.16645509401002,"best":79.45935175758646,"gradient_rms":26.384085862346247,"update_rms":0.003216675777033143,"accepted":true,"wall_s":2.3759342655539513}
{"iteration":78,"score":74.7248179282756,"best":79.45935175758646,"gradient_rms":41.903306475703666,"update_rms":0.0028993739540469055,"accepted":true,"wall_s":2.782046113163233}
{"iteration":79,"score":75.13408723887206,"best":79.45935175758646,"gradient_rms":44.498274526297664,"update_rms":0.0029041931816434735,"accepted":true,"wall_s":2.7861718237400055}
{"iteration":80,"score":75.62597162665523,"best":79.45935175758646,"gradient_rms":26.43126781666263,"update_rms":0.00239273053673875,"accepted":true,"wall_s":2.725369744002819}
{"iteration":81,"score":76.13137113902455,"best":79.45935175758646,"gradient_rms":62.37035553896846,"update_rms":0.003405177701841916,"accepted":true,"wall_s":2.7252454049885273}
{"iteration":82,"score":76.49732591147955,"best":79.45935175758646,"gradient_rms":44.22713792967744,"update_rms":0.003095044418253811,"accepted":true,"wall_s":2.724717080593109}
{"iteration":83,"score":76.67836486961369,"best":79.45935175758646,"gradient_rms":62.355887234888236,"update_rms":0.003550717592147307,"accepted":true,"wall_s":2.726968314498663}
{"iteration":84,"score":76.90089212430775,"best":79.45935175758646,"gradient_rms":49.38001467686894,"update_rms":0.003238424081162813,"accepted":true,"wall_s":2.3766157515347004}
{"iteration":85,"score":77.03664013442454,"best":79.45935175758646,"gradient_rms":38.05893892680023,"update_rms":0.002838785177999292,"accepted":true,"wall_s":2.7241393849253654}
{"iteration":86,"score":77.04818799034159,"best":79.45935175758646,"gradient_rms":8.040115305184687,"update_rms":0.001989603582144667,"accepted":true,"wall_s":2.7233581729233265}
{"iteration":87,"score":76.93842577246319,"best":79.45935175758646,"gradient_rms":22.464449839988042,"update_rms":0.0018663657474911831,"accepted":true,"wall_s":2.376871258020401}
{"iteration":88,"score":77.30235506263979,"best":79.45935175758646,"gradient_rms":51.92254937256687,"update_rms":0.0028423553287658513,"accepted":true,"wall_s":2.7255579009652138}
{"iteration":89,"score":77.58600984660191,"best":79.45935175758646,"gradient_rms":11.978138323898456,"update_rms":0.002053661365347194,"accepted":true,"wall_s":2.729514319449663}
{"iteration":90,"score":77.69428103186237,"best":79.45935175758646,"gradient_rms":5.1036317151393815,"update_rms":0.0014721404279875545,"accepted":true,"wall_s":2.724631018936634}
{"iteration":91,"score":77.86429747683819,"best":79.45935175758646,"gradient_rms":24.278669003296844,"update_rms":0.0014601026046182656,"accepted":true,"wall_s":2.7244502007961273}
{"iteration":92,"score":77.98373681799609,"best":79.45935175758646,"gradient_rms":29.219223935173638,"update_rms":0.0017901296418611253,"accepted":true,"wall_s":2.7245358861982822}
{"iteration":93,"score":78.1041835098231,"best":79.45935175758646,"gradient_rms":21.161266711088498,"update_rms":0.0015264020638060725,"accepted":true,"wall_s":2.738906715065241}
{"iteration":94,"score":78.05868128647579,"best":79.45935175758646,"gradient_rms":7.82328288365263,"update_rms":0.0011253736425378194,"accepted":true,"wall_s":2.3748453333973885}
{"iteration":95,"score":78.27388659137398,"best":79.45935175758646,"gradient_rms":40.06356765396008,"update_rms":0.002139090842930288,"accepted":true,"wall_s":2.7236833199858665}
{"iteration":96,"score":78.40899870251687,"best":79.45935175758646,"gradient_rms":20.842182949402947,"update_rms":0.0018330847520248036,"accepted":true,"wall_s":2.7824225947260857}
{"iteration":97,"score":78.52047134060805,"best":79.45935175758646,"gradient_rms":51.91584972195211,"update_rms":0.002702168622423541,"accepted":true,"wall_s":2.8491782285273075}
{"iteration":98,"score":78.31925559563672,"best":79.45935175758646,"gradient_rms":35.382255225129825,"update_rms":0.0024738750305611486,"accepted":true,"wall_s":2.839542981237173}
{"iteration":99,"score":78.29954482374974,"best":79.45935175758646,"gradient_rms":38.540479433270185,"update_rms":0.002691677862777988,"accepted":true,"wall_s":2.8407699167728424}
{"iteration":100,"score":78.38523015626237,"best":79.45935175758646,"gradient_rms":83.85578602612757,"update_rms":0.00445093506209151,"accepted":true,"wall_s":2.8395866192877293}
{
  "status": "ok",
  "stop_reason": "completed_iterations",
  "initial_score": 74.36992849939593,
  "final_score": 78.38523015626237,
  "best_score": 79.45935175758646,
  "best_iteration": 7,
  "completed_iterations": 100,
  "completed_adam_steps": 100,
  "completed_optimizer_steps": 100,
  "total_wall_s": 275.24476033076644,
  "initial_decode_wall_s": 1.5189166627824306,
  "initial_score_wall_s": 1.0297193974256516,
  "mean_iteration_wall_s": 2.751516281105578,
  "manifest": {
    "algorithm": "adam_with_query_batched_local_gradient",
    "optimizer": "adam",
    "parameter_space": "data",
    "gradient_objective": "dynamic local full-density score with coordinate and maximum-surface-selection derivatives omitted",
    "formal_objective": "complete native QH score for every accepted center",
    "initial_case": "/home/scc/pb24511935/local_surface_evaluator/runs/summary1_review2_20260824/flow_pairs/cases/case_17.json",
    "initial_case_sha256": "167f4aa01a1873ee7a7c5bbda7eb327c5822784a5b3b88160d08596ed7dc8a3b",
    "checkpoint": "/home/scc/pb24511935/local_surface_evaluator/runs/qh_flow_physical_lr_longselect_20260729/lr_3em4/checkpoint_latest.pt",
    "checkpoint_sha256": "39a3293a459e248a0d1ec062607a1a467128b14d8ca973aadd82e113532ab99f",
    "native_lib": "/home/scc/pb24511935/local_surface_evaluator/runs/summary1_review2_20260824/build_native/libstellarator_gpu.so",
    "native_lib_sha256": "7d3784e02172f5c3130bcf085efa8120dc059d5007daa4b18680edd97b077f94",
    "nfp": 7,
    "n_base_coils": 3,
    "iterations": 100,
    "max_wall_s": 4200.0,
    "flow": {
      "method": "rk4",
      "steps": 128,
      "dtype": "fp32",
      "use": "initial latent-to-coil decode only"
    },
    "flow_pipeline": false,
    "coordinate_gradient": {
      "dimension": 300,
      "mode": "random-orthogonal",
      "random_directions": 2,
      "endpoint_count": 4,
      "perturbation": 0.0025,
      "difference": "centered",
      "psi_grid": 48,
      "psi_iterations": 4,
      "alpha_iterations": 4,
      "formal_surface_theta_count": 128,
      "local_surface_theta_count": 64
    },
    "adam": {
      "learning_rate": 0.01,
      "beta1": 0.7,
      "beta2": 0.999,
      "epsilon": 1e-08,
      "weight_decay": 0.0
    },
    "bfgs": {
      "initial_trust_rms": 0.01,
      "min_trust_rms": 1e-05,
      "max_trust_rms": 0.05,
      "trust_growth": 1.2,
      "trust_shrink": 0.5,
      "min_improvement": 0.0
    },
    "seed": 2026082517,
    "axis_policy": "initial global search, then strict mixed-precision continuation",
    "devices": {
      "flow": 0,
      "score": 0
    },
    "initial_metadata_keys": [
      "flow_prior_screening",
      "nfp",
      "raw"
    ],
    "data_parameterization": {
      "definition": "per-coordinate training-set standardization",
      "physical_mapping": "CoilNormalizer.inverse with canonical current L1/sign",
      "initial_clipped_fraction": 0.0,
      "initial_roundtrip_relative_rms": 0.0,
      "flow_calls_after_initialization": 0
    }
  }
}
{"iteration":1,"score":13.260958887332633,"best":13.260958887332633,"gradient_rms":26.689366610920693,"update_rms":0.009999999973067294,"accepted":true,"wall_s":3.3761721551418304}
{"iteration":2,"score":13.668182752076941,"best":13.668182752076941,"gradient_rms":22.830565907340045,"update_rms":0.00719070588007277,"accepted":true,"wall_s":2.2825558222830296}
{"iteration":3,"score":13.95752908222976,"best":13.95752908222976,"gradient_rms":16.36352326910724,"update_rms":0.0061232877235461655,"accepted":true,"wall_s":2.2638895325362682}
{"iteration":4,"score":14.09279520861716,"best":14.09279520861716,"gradient_rms":15.544028707850037,"update_rms":0.0051095482803541715,"accepted":true,"wall_s":2.1585355140268803}
{"iteration":5,"score":14.378077694899247,"best":14.378077694899247,"gradient_rms":11.445130470636805,"update_rms":0.004373879511651987,"accepted":true,"wall_s":2.1584774516522884}
{"iteration":6,"score":14.890934262345873,"best":14.890934262345873,"gradient_rms":29.48233417237439,"update_rms":0.005012987351202748,"accepted":true,"wall_s":2.2574827559292316}
{"iteration":7,"score":15.131387935190213,"best":15.131387935190213,"gradient_rms":9.236350719795745,"update_rms":0.0040824487927133895,"accepted":true,"wall_s":2.268330905586481}
{"iteration":8,"score":15.666890998049132,"best":15.666890998049132,"gradient_rms":32.5546108034889,"update_rms":0.005112910307556276,"accepted":true,"wall_s":2.2753051444888115}
{"iteration":9,"score":15.92932219346258,"best":15.92932219346258,"gradient_rms":20.122564525507794,"update_rms":0.004490959793915732,"accepted":true,"wall_s":2.263259783387184}
{"iteration":10,"score":16.655618952200545,"best":16.655618952200545,"gradient_rms":51.623942606919094,"update_rms":0.005911278285118497,"accepted":true,"wall_s":2.26688576862216}
{"iteration":11,"score":17.09394123977651,"best":17.09394123977651,"gradient_rms":36.9264476360748,"update_rms":0.0057103218619953535,"accepted":true,"wall_s":2.270958434790373}
{"iteration":12,"score":17.588857728449142,"best":17.588857728449142,"gradient_rms":5.156988570218362,"update_rms":0.004174366224815767,"accepted":true,"wall_s":2.2651760205626488}
{"iteration":13,"score":18.191706319248123,"best":18.191706319248123,"gradient_rms":47.1823732256493,"update_rms":0.005287124676652535,"accepted":true,"wall_s":2.37748434394598}
{"iteration":14,"score":18.78911661551149,"best":18.78911661551149,"gradient_rms":5.451780948889212,"update_rms":0.003999062388657874,"accepted":true,"wall_s":2.2587365321815014}
{"iteration":15,"score":19.37091150408536,"best":19.37091150408536,"gradient_rms":26.76551541400731,"update_rms":0.004387749096235873,"accepted":true,"wall_s":2.257506314665079}
{"iteration":16,"score":19.973868844372557,"best":19.973868844372557,"gradient_rms":35.57006020325948,"update_rms":0.005022595525675516,"accepted":true,"wall_s":2.2620638124644756}
{"iteration":17,"score":20.34350632723978,"best":20.34350632723978,"gradient_rms":30.692341595560794,"update_rms":0.004910775076266935,"accepted":true,"wall_s":2.2613998875021935}
{"iteration":18,"score":20.889452524234855,"best":20.889452524234855,"gradient_rms":21.426650676466434,"update_rms":0.004202910379307774,"accepted":true,"wall_s":2.261928901076317}
{"iteration":19,"score":21.548417188771843,"best":21.548417188771843,"gradient_rms":51.47724449583717,"update_rms":0.005499865353587181,"accepted":true,"wall_s":2.263600043952465}
{"iteration":20,"score":22.05928550063814,"best":22.05928550063814,"gradient_rms":33.21452664410009,"update_rms":0.005438359641542949,"accepted":true,"wall_s":2.267212860286236}
{"iteration":21,"score":22.758866596648716,"best":22.758866596648716,"gradient_rms":20.429797102941663,"update_rms":0.004596639785679605,"accepted":true,"wall_s":2.219116985797882}
{"iteration":22,"score":23.56716086295452,"best":23.56716086295452,"gradient_rms":57.740364065065194,"update_rms":0.006221023211295393,"accepted":true,"wall_s":2.2663369476795197}
{"iteration":23,"score":24.27063987387807,"best":24.27063987387807,"gradient_rms":16.058871748356385,"update_rms":0.004939973746225999,"accepted":true,"wall_s":2.2627401798963547}
{"iteration":24,"score":24.98598804542586,"best":24.98598804542586,"gradient_rms":35.99316496268745,"update_rms":0.004979681512258983,"accepted":true,"wall_s":2.258662424981594}
{"iteration":25,"score":25.583973146959185,"best":25.583973146959185,"gradient_rms":12.69263946926224,"update_rms":0.0037484635277803082,"accepted":true,"wall_s":2.2551896646618843}
{"iteration":26,"score":26.85483387302148,"best":26.85483387302148,"gradient_rms":84.95049597006161,"update_rms":0.007229599964410673,"accepted":true,"wall_s":2.262190282344818}
{"iteration":27,"score":28.073606612576324,"best":28.073606612576324,"gradient_rms":54.44257994809303,"update_rms":0.0069508886602561715,"accepted":true,"wall_s":2.258400935679674}
{"iteration":28,"score":29.038037678036087,"best":29.038037678036087,"gradient_rms":24.91026017666677,"update_rms":0.005537820029201494,"accepted":true,"wall_s":2.262834943830967}
{"iteration":29,"score":29.833946433246577,"best":29.833946433246577,"gradient_rms":13.850358478950227,"update_rms":0.004389745410408471,"accepted":true,"wall_s":2.265480313450098}
{"iteration":30,"score":30.7479735507524,"best":30.7479735507524,"gradient_rms":49.78907957628565,"update_rms":0.005256589833470579,"accepted":true,"wall_s":2.2551049776375294}
{"iteration":31,"score":29.638069298644396,"best":30.7479735507524,"gradient_rms":19.345296434216316,"update_rms":0.004125944777438705,"accepted":true,"wall_s":2.248502228409052}
{"iteration":32,"score":31.69397007403812,"best":31.69397007403812,"gradient_rms":31.35483391102367,"update_rms":0.004117990101337459,"accepted":true,"wall_s":2.2496434040367603}
{"iteration":33,"score":32.34142645221723,"best":32.34142645221723,"gradient_rms":2.81041677160417,"update_rms":0.0029307077307776886,"accepted":true,"wall_s":2.254850309342146}
{"iteration":34,"score":32.71832145402529,"best":32.71832145402529,"gradient_rms":60.20775232296519,"update_rms":0.005538584830703523,"accepted":true,"wall_s":2.26365652307868}
{"iteration":35,"score":33.66357704217889,"best":33.66357704217889,"gradient_rms":41.56878277907322,"update_rms":0.005259699791522643,"accepted":true,"wall_s":2.2634688206017017}
{"iteration":36,"score":34.1521107709499,"best":34.1521107709499,"gradient_rms":66.27687606067687,"update_rms":0.006394100454067654,"accepted":true,"wall_s":2.2563389129936695}
{"iteration":37,"score":34.88753384691624,"best":34.88753384691624,"gradient_rms":10.93332781477326,"update_rms":0.004584977228782854,"accepted":true,"wall_s":2.268612902611494}
{"iteration":38,"score":35.990819376496475,"best":35.990819376496475,"gradient_rms":25.43095284279432,"update_rms":0.0038498879301651773,"accepted":true,"wall_s":2.2659069783985615}
{"iteration":39,"score":36.447442390984065,"best":36.447442390984065,"gradient_rms":5.244781447831192,"update_rms":0.0027409739240132572,"accepted":true,"wall_s":2.2624213099479675}
{"iteration":40,"score":36.66737229109723,"best":36.66737229109723,"gradient_rms":29.66837825652997,"update_rms":0.003379500981399391,"accepted":true,"wall_s":2.280517715960741}
{"iteration":41,"score":37.123329457509115,"best":37.123329457509115,"gradient_rms":36.71501112757111,"update_rms":0.004208310789983283,"accepted":true,"wall_s":2.2707403860986233}
{"iteration":42,"score":37.48828358905896,"best":37.48828358905896,"gradient_rms":16.25855839965275,"update_rms":0.0033781916117087015,"accepted":true,"wall_s":2.244232766330242}
{"iteration":43,"score":37.57351642415846,"best":37.57351642415846,"gradient_rms":9.015406469319078,"update_rms":0.00258284970779576,"accepted":true,"wall_s":2.222471207380295}
{"iteration":44,"score":37.68885711227781,"best":37.68885711227781,"gradient_rms":21.93743275751243,"update_rms":0.0027252962253694005,"accepted":true,"wall_s":2.1807766780257225}
{"iteration":45,"score":38.63018078165857,"best":38.63018078165857,"gradient_rms":48.06167442905557,"update_rms":0.0043746521342005965,"accepted":true,"wall_s":2.2955918051302433}
{"iteration":46,"score":38.44333317455722,"best":38.63018078165857,"gradient_rms":5.736385298154638,"update_rms":0.0031835540107635362,"accepted":true,"wall_s":2.204812090843916}
{"iteration":47,"score":38.976781861284636,"best":38.976781861284636,"gradient_rms":28.475872104319887,"update_rms":0.003562990146042009,"accepted":true,"wall_s":2.25653538107872}
{"iteration":48,"score":39.02258284348594,"best":39.02258284348594,"gradient_rms":26.032461908142402,"update_rms":0.003642865809875414,"accepted":true,"wall_s":2.2511864453554153}
{"iteration":49,"score":39.70415940826677,"best":39.70415940826677,"gradient_rms":13.401064261134014,"update_rms":0.0029685865482903307,"accepted":true,"wall_s":2.2037328481674194}
{"iteration":50,"score":39.81951716392769,"best":39.81951716392769,"gradient_rms":13.963297964417833,"update_rms":0.002546135278766869,"accepted":true,"wall_s":2.255082432180643}
{"iteration":51,"score":39.675234612324196,"best":39.81951716392769,"gradient_rms":11.366921672761165,"update_rms":0.002102613573000252,"accepted":true,"wall_s":2.237999465316534}
{"iteration":52,"score":39.73173457459706,"best":39.81951716392769,"gradient_rms":8.359321823100396,"update_rms":0.0017861884385765177,"accepted":true,"wall_s":2.2266731671988964}
{"iteration":53,"score":40.44988969811268,"best":40.44988969811268,"gradient_rms":20.622012116594718,"update_rms":0.0024793758668464412,"accepted":true,"wall_s":2.2221033349633217}
{"iteration":54,"score":40.49824227425287,"best":40.49824227425287,"gradient_rms":20.913508053033436,"update_rms":0.002616314186872241,"accepted":true,"wall_s":2.235205050557852}
{"iteration":55,"score":40.259949641425735,"best":40.49824227425287,"gradient_rms":8.552825971290432,"update_rms":0.0020073672797624913,"accepted":true,"wall_s":2.2426837123930454}
{"iteration":56,"score":40.43583524616439,"best":40.49824227425287,"gradient_rms":19.6085654521867,"update_rms":0.0024279880570010413,"accepted":true,"wall_s":2.255260042846203}
{"iteration":57,"score":39.16210891679239,"best":40.49824227425287,"gradient_rms":13.90430850567869,"update_rms":0.002107959988786978,"accepted":true,"wall_s":2.25495420768857}
{"iteration":58,"score":40.92998820552436,"best":40.92998820552436,"gradient_rms":18.30853134581436,"update_rms":0.002361985067857144,"accepted":true,"wall_s":2.248621866106987}
{"iteration":59,"score":41.016750841553424,"best":41.016750841553424,"gradient_rms":16.313399697653498,"update_rms":0.002364185717491885,"accepted":true,"wall_s":2.248174536973238}
{"iteration":60,"score":41.5794784402786,"best":41.5794784402786,"gradient_rms":7.063102533952936,"update_rms":0.00191682642722377,"accepted":true,"wall_s":2.246958624571562}
{"iteration":61,"score":41.73164428224767,"best":41.73164428224767,"gradient_rms":11.57454522721787,"update_rms":0.0018361659236072045,"accepted":true,"wall_s":2.2341415025293827}
{"iteration":62,"score":41.722505065170246,"best":41.73164428224767,"gradient_rms":16.219537530620492,"update_rms":0.0023319051269621222,"accepted":true,"wall_s":2.218950293958187}
{"iteration":63,"score":41.836018535333885,"best":41.836018535333885,"gradient_rms":15.145698360818589,"update_rms":0.0023482577983998895,"accepted":true,"wall_s":2.2329052835702896}
{"iteration":64,"score":41.92725937220377,"best":41.92725937220377,"gradient_rms":15.673437269181305,"update_rms":0.002431342973122771,"accepted":true,"wall_s":2.218677517026663}
{"iteration":65,"score":41.96558567553845,"best":41.96558567553845,"gradient_rms":7.110105798867935,"update_rms":0.0017510977008467416,"accepted":true,"wall_s":2.220810901373625}
{"iteration":66,"score":41.94731235303841,"best":41.96558567553845,"gradient_rms":16.284930992550528,"update_rms":0.002115410398466854,"accepted":true,"wall_s":2.219658188521862}
{"iteration":67,"score":41.941111540037575,"best":41.96558567553845,"gradient_rms":5.63576585339706,"update_rms":0.0017135383316493693,"accepted":true,"wall_s":2.1791620664298534}
{"iteration":68,"score":41.966522396782466,"best":41.966522396782466,"gradient_rms":8.687039697582621,"update_rms":0.0014643895395240573,"accepted":true,"wall_s":2.2287304513156414}
{"iteration":69,"score":42.00589978553075,"best":42.00589978553075,"gradient_rms":7.749080227440846,"update_rms":0.0013029617838493167,"accepted":true,"wall_s":2.229155071079731}
{"iteration":70,"score":42.0484283397563,"best":42.0484283397563,"gradient_rms":14.953414970164733,"update_rms":0.0019262584635696143,"accepted":true,"wall_s":2.227919779717922}
{"iteration":71,"score":42.15036118071986,"best":42.15036118071986,"gradient_rms":10.288690053591585,"update_rms":0.0018089490831194159,"accepted":true,"wall_s":2.2311111949384212}
{"iteration":72,"score":42.22352263715693,"best":42.22352263715693,"gradient_rms":13.840017972445773,"update_rms":0.0020920966592793814,"accepted":true,"wall_s":2.2279423251748085}
{"iteration":73,"score":42.32202678719473,"best":42.32202678719473,"gradient_rms":21.720964542510888,"update_rms":0.002939706818110641,"accepted":true,"wall_s":2.2284456863999367}
{"iteration":74,"score":42.3400203344168,"best":42.3400203344168,"gradient_rms":5.656219166618245,"update_rms":0.002209941656319744,"accepted":true,"wall_s":2.222812458872795}
{"iteration":75,"score":42.344081508713444,"best":42.344081508713444,"gradient_rms":18.7656197419524,"update_rms":0.0026618501199342356,"accepted":true,"wall_s":2.226309359073639}
{"iteration":76,"score":42.4506648349506,"best":42.4506648349506,"gradient_rms":17.628694321441184,"update_rms":0.0028170134883124527,"accepted":true,"wall_s":2.2269482873380184}
{"iteration":77,"score":42.48844564582375,"best":42.48844564582375,"gradient_rms":11.232665204300648,"update_rms":0.0023408760141426068,"accepted":true,"wall_s":2.224114768207073}
{"iteration":78,"score":42.51338562349006,"best":42.51338562349006,"gradient_rms":2.4701900940444554,"update_rms":0.0016789432611973973,"accepted":true,"wall_s":2.230215046554804}
{"iteration":79,"score":36.60852984284958,"best":42.51338562349006,"gradient_rms":13.068900343104145,"update_rms":0.0018529505453267362,"accepted":true,"wall_s":2.228794142603874}
{"iteration":80,"score":31.132949721205577,"best":42.51338562349006,"gradient_rms":84.9111258028412,"update_rms":0.008125340178099039,"accepted":true,"wall_s":2.2429008036851883}
{"iteration":81,"score":31.132949721205648,"best":42.51338562349006,"gradient_rms":126.41898366040087,"update_rms":0.0,"accepted":false,"wall_s":1.7036718055605888}
{"iteration":82,"score":27.26848217003091,"best":42.51338562349006,"gradient_rms":1.2305303740669564,"update_rms":0.005718446472586781,"accepted":true,"wall_s":2.262900624424219}
{"iteration":83,"score":23.018369217848544,"best":42.51338562349006,"gradient_rms":44.44317455155701,"update_rms":0.00308916336035384,"accepted":true,"wall_s":3.5810177512466908}
{"iteration":84,"score":23.01836921784834,"best":42.51338562349006,"gradient_rms":73.05701774543289,"update_rms":0.0,"accepted":false,"wall_s":7.391979236155748}
{"iteration":85,"score":21.9312299749742,"best":42.51338562349006,"gradient_rms":47.37540435902127,"update_rms":0.0008288193021603823,"accepted":true,"wall_s":6.615544304251671}
{"iteration":86,"score":21.931229974974418,"best":42.51338562349006,"gradient_rms":18.61410736836896,"update_rms":0.0,"accepted":false,"wall_s":7.665806356817484}
{"iteration":87,"score":21.931229974974325,"best":42.51338562349006,"gradient_rms":108.07343617162842,"update_rms":0.0,"accepted":false,"wall_s":1.6795433387160301}
{"iteration":88,"score":21.931229974974208,"best":42.51338562349006,"gradient_rms":85.62316031522765,"update_rms":0.0,"accepted":false,"wall_s":7.53283279761672}
{"iteration":89,"score":21.931229974974308,"best":42.51338562349006,"gradient_rms":55.765862739837196,"update_rms":0.0,"accepted":false,"wall_s":7.4094576351344585}
{"iteration":90,"score":21.931229974974304,"best":42.51338562349006,"gradient_rms":80.32175711866134,"update_rms":0.0,"accepted":false,"wall_s":7.547494471073151}
{"iteration":91,"score":21.93122997497417,"best":42.51338562349006,"gradient_rms":15.197531768390322,"update_rms":0.0,"accepted":false,"wall_s":7.5559278428554535}
{"iteration":92,"score":21.93122997497438,"best":42.51338562349006,"gradient_rms":83.89849040380248,"update_rms":0.0,"accepted":false,"wall_s":7.3125476613640785}
{"iteration":93,"score":21.931229974974435,"best":42.51338562349006,"gradient_rms":30.54402915037289,"update_rms":0.0,"accepted":false,"wall_s":7.326706733554602}
{"iteration":94,"score":21.931229974974304,"best":42.51338562349006,"gradient_rms":101.53637588475038,"update_rms":0.0,"accepted":false,"wall_s":6.892770331352949}
{"iteration":95,"score":21.931229974974286,"best":42.51338562349006,"gradient_rms":24.353588548740323,"update_rms":0.0,"accepted":false,"wall_s":7.547497984021902}
{"iteration":96,"score":21.93122997497442,"best":42.51338562349006,"gradient_rms":90.01726638733928,"update_rms":0.0,"accepted":false,"wall_s":7.134145617485046}
{"iteration":97,"score":21.931229974974553,"best":42.51338562349006,"gradient_rms":36.96567688155073,"update_rms":0.0,"accepted":false,"wall_s":7.659375831484795}
{"iteration":98,"score":21.9312299749744,"best":42.51338562349006,"gradient_rms":57.36715487794619,"update_rms":0.0,"accepted":false,"wall_s":7.2454870119690895}
{"iteration":99,"score":21.931229974974134,"best":42.51338562349006,"gradient_rms":37.74272145541334,"update_rms":0.0,"accepted":false,"wall_s":7.551193650811911}
{"iteration":100,"score":21.931229974974123,"best":42.51338562349006,"gradient_rms":65.33351634723118,"update_rms":0.0,"accepted":false,"wall_s":6.4258115738630295}
{
  "status": "ok",
  "stop_reason": "completed_iterations",
  "initial_score": 12.693005958958482,
  "final_score": 21.931229974974123,
  "best_score": 42.51338562349006,
  "best_iteration": 78,
  "completed_iterations": 100,
  "completed_adam_steps": 83,
  "completed_optimizer_steps": 83,
  "total_wall_s": 306.9254235625267,
  "initial_decode_wall_s": 1.4927198998630047,
  "initial_score_wall_s": 0.5082114338874817,
  "mean_iteration_wall_s": 3.068421524837613,
  "manifest": {
    "algorithm": "adam_with_query_batched_local_gradient",
    "optimizer": "adam",
    "parameter_space": "latent",
    "gradient_objective": "dynamic local full-density score with coordinate and maximum-surface-selection derivatives omitted",
    "formal_objective": "complete native QH score for every accepted center",
    "initial_case": "/home/scc/pb24511935/local_surface_evaluator/runs/summary1_review2_20260824/flow_pairs/cases/case_21.json",
    "initial_case_sha256": "8b72851b573a17f72f71674a9ee6ec95f177ad1b828e0b666a3647c289286901",
    "checkpoint": "/home/scc/pb24511935/local_surface_evaluator/runs/qh_flow_physical_lr_longselect_20260729/lr_3em4/checkpoint_latest.pt",
    "checkpoint_sha256": "39a3293a459e248a0d1ec062607a1a467128b14d8ca973aadd82e113532ab99f",
    "native_lib": "/home/scc/pb24511935/local_surface_evaluator/runs/summary1_review2_20260824/build_native/libstellarator_gpu.so",
    "native_lib_sha256": "7d3784e02172f5c3130bcf085efa8120dc059d5007daa4b18680edd97b077f94",
    "nfp": 2,
    "n_base_coils": 2,
    "iterations": 100,
    "max_wall_s": 4200.0,
    "flow": {
      "method": "rk4",
      "steps": 128,
      "dtype": "fp32",
      "use": "every gradient endpoint and accepted center"
    },
    "flow_pipeline": true,
    "coordinate_gradient": {
      "dimension": 200,
      "mode": "random-orthogonal",
      "random_directions": 2,
      "endpoint_count": 4,
      "perturbation": 0.005,
      "difference": "centered",
      "psi_grid": 48,
      "psi_iterations": 4,
      "alpha_iterations": 4,
      "formal_surface_theta_count": 128,
      "local_surface_theta_count": 64
    },
    "adam": {
      "learning_rate": 0.01,
      "beta1": 0.7,
      "beta2": 0.999,
      "epsilon": 1e-08,
      "weight_decay": 0.0
    },
    "bfgs": {
      "initial_trust_rms": 0.01,
      "min_trust_rms": 1e-05,
      "max_trust_rms": 0.05,
      "trust_growth": 1.2,
      "trust_shrink": 0.5,
      "min_improvement": 0.0
    },
    "seed": 2026082521,
    "axis_policy": "initial global search, then strict mixed-precision continuation",
    "devices": {
      "flow": 0,
      "score": 0
    },
    "initial_metadata_keys": [
      "flow_prior_screening",
      "nfp",
      "raw"
    ]
  }
}
{"iteration":1,"score":13.23783859400075,"best":13.23783859400075,"gradient_rms":43.23921134332554,"update_rms":0.009999999991219227,"accepted":true,"wall_s":1.1937932446599007}
{"iteration":2,"score":14.556849589883647,"best":14.556849589883647,"gradient_rms":76.42843807114863,"update_rms":0.007455633045600518,"accepted":true,"wall_s":1.1908293962478638}
{"iteration":3,"score":15.624671379375052,"best":15.624671379375052,"gradient_rms":47.68879216068473,"update_rms":0.005982651229111307,"accepted":true,"wall_s":1.1780112124979496}
{"iteration":4,"score":16.93665400660194,"best":16.93665400660194,"gradient_rms":57.541362664765344,"update_rms":0.0051268911705859245,"accepted":true,"wall_s":1.1816054470837116}
{"iteration":5,"score":18.17267645929104,"best":18.17267645929104,"gradient_rms":50.46460117716834,"update_rms":0.004692794327158368,"accepted":true,"wall_s":1.1776965633034706}
{"iteration":6,"score":19.454456173598718,"best":19.454456173598718,"gradient_rms":67.40969592976207,"update_rms":0.0047325334746735025,"accepted":true,"wall_s":1.182862140238285}
{"iteration":7,"score":20.753289564467373,"best":20.753289564467373,"gradient_rms":108.3773882961438,"update_rms":0.005635570148457004,"accepted":true,"wall_s":1.1723286174237728}
{"iteration":8,"score":21.77063210193167,"best":21.77063210193167,"gradient_rms":26.75114113655597,"update_rms":0.0042570695236711495,"accepted":true,"wall_s":1.1771198213100433}
{"iteration":9,"score":22.59391498546435,"best":22.59391498546435,"gradient_rms":73.60178859602412,"update_rms":0.004674314860838894,"accepted":true,"wall_s":1.1739197298884392}
{"iteration":10,"score":24.69929977992144,"best":24.69929977992144,"gradient_rms":140.1316856302797,"update_rms":0.005794886531885444,"accepted":true,"wall_s":1.1743568666279316}
{"iteration":11,"score":25.647246585342543,"best":25.647246585342543,"gradient_rms":46.16340382024516,"update_rms":0.004791931257310623,"accepted":true,"wall_s":1.1561189480125904}
{"iteration":12,"score":26.513282278193923,"best":26.513282278193923,"gradient_rms":89.95932863156358,"update_rms":0.0047307874992502125,"accepted":true,"wall_s":1.1407730914652348}
{"iteration":13,"score":27.900213841124355,"best":27.900213841124355,"gradient_rms":57.422907913104886,"update_rms":0.004216164452102163,"accepted":true,"wall_s":1.1420268453657627}
{"iteration":14,"score":28.362455017474854,"best":28.362455017474854,"gradient_rms":93.740990530677,"update_rms":0.004678477050837519,"accepted":true,"wall_s":1.1647088304162025}
{"iteration":15,"score":29.46983713601003,"best":29.46983713601003,"gradient_rms":138.76351965641558,"update_rms":0.0059067798142537695,"accepted":true,"wall_s":1.1695508621633053}
{"iteration":16,"score":26.512305078990803,"best":29.46983713601003,"gradient_rms":104.5777534852182,"update_rms":0.005654985742459673,"accepted":true,"wall_s":1.1533283293247223}
{"iteration":17,"score":27.087016090927133,"best":29.46983713601003,"gradient_rms":66.87927968045679,"update_rms":0.004710833423411465,"accepted":true,"wall_s":1.1390990652143955}
{"iteration":18,"score":27.29792945537225,"best":29.46983713601003,"gradient_rms":64.05886620082738,"update_rms":0.0038706717930097508,"accepted":true,"wall_s":1.1447869203984737}
{"iteration":19,"score":18.552255899995956,"best":29.46983713601003,"gradient_rms":322.7993956533382,"update_rms":0.00785149633969641,"accepted":true,"wall_s":1.1378409527242184}
{"iteration":20,"score":18.54304190110496,"best":29.46983713601003,"gradient_rms":59.1606132130441,"update_rms":0.006158719901815368,"accepted":true,"wall_s":1.1387217789888382}
{"iteration":21,"score":19.874418201282314,"best":29.46983713601003,"gradient_rms":537.0334157690171,"update_rms":0.00238095977409065,"accepted":true,"wall_s":1.8912436626851559}
{"iteration":22,"score":21.222794914260568,"best":29.46983713601003,"gradient_rms":413.00910231299895,"update_rms":0.0011283613025202895,"accepted":true,"wall_s":2.4848997928202152}
{"iteration":23,"score":21.22279491426086,"best":29.46983713601003,"gradient_rms":595.7519649043292,"update_rms":0.0,"accepted":false,"wall_s":0.5933345146477222}
{"iteration":24,"score":21.222794914260785,"best":29.46983713601003,"gradient_rms":129.30609072624003,"update_rms":0.0,"accepted":false,"wall_s":2.3193024918437004}
{"iteration":25,"score":21.222794914260586,"best":29.46983713601003,"gradient_rms":89.08139944292873,"update_rms":0.0,"accepted":false,"wall_s":2.2804137393832207}
{"iteration":26,"score":21.222794914260795,"best":29.46983713601003,"gradient_rms":762.3505763465798,"update_rms":0.0,"accepted":false,"wall_s":0.6007622480392456}
{"iteration":27,"score":21.222794914260653,"best":29.46983713601003,"gradient_rms":448.7192554219626,"update_rms":0.0,"accepted":false,"wall_s":2.20394666492939}
{"iteration":28,"score":21.22279491426057,"best":29.46983713601003,"gradient_rms":848.0761210033343,"update_rms":0.0,"accepted":false,"wall_s":0.5925516374409199}
{"iteration":29,"score":21.22279491426075,"best":29.46983713601003,"gradient_rms":368.4658477633002,"update_rms":0.0,"accepted":false,"wall_s":2.3205904066562653}
{"iteration":30,"score":21.222794914260803,"best":29.46983713601003,"gradient_rms":561.9364267720154,"update_rms":0.0,"accepted":false,"wall_s":2.4321347437798977}
{"iteration":31,"score":21.22279491426072,"best":29.46983713601003,"gradient_rms":610.1491585215257,"update_rms":0.0,"accepted":false,"wall_s":0.5938713178038597}
{"iteration":32,"score":21.222794914260426,"best":29.46983713601003,"gradient_rms":692.351743262554,"update_rms":0.0,"accepted":false,"wall_s":0.5929394923150539}
{"iteration":33,"score":21.22279491426053,"best":29.46983713601003,"gradient_rms":338.6521159658491,"update_rms":0.0,"accepted":false,"wall_s":2.3222862631082535}
{"iteration":34,"score":21.222794914260646,"best":29.46983713601003,"gradient_rms":187.35703717294285,"update_rms":0.0,"accepted":false,"wall_s":2.428517695516348}
{"iteration":35,"score":21.22279491426066,"best":29.46983713601003,"gradient_rms":430.00726885237765,"update_rms":0.0,"accepted":false,"wall_s":2.0962170735001564}
{"iteration":36,"score":21.222794914260696,"best":29.46983713601003,"gradient_rms":723.3661790465691,"update_rms":0.0,"accepted":false,"wall_s":0.5930847078561783}
{"iteration":37,"score":21.22279491426076,"best":29.46983713601003,"gradient_rms":504.2963038191822,"update_rms":0.0,"accepted":false,"wall_s":2.43174172565341}
{"iteration":38,"score":21.222794914260742,"best":29.46983713601003,"gradient_rms":73.15687623355602,"update_rms":0.0,"accepted":false,"wall_s":2.3215140774846077}
{"iteration":39,"score":21.22279491426065,"best":29.46983713601003,"gradient_rms":188.0668813491267,"update_rms":0.0,"accepted":false,"wall_s":2.3209449127316475}
{"iteration":40,"score":21.22279491426055,"best":29.46983713601003,"gradient_rms":878.4850472891158,"update_rms":0.0,"accepted":false,"wall_s":0.5929546914994717}
{"iteration":41,"score":21.22279491426074,"best":29.46983713601003,"gradient_rms":364.99752493279595,"update_rms":0.0,"accepted":false,"wall_s":2.387765482068062}
{"iteration":42,"score":21.22279491426081,"best":29.46983713601003,"gradient_rms":429.2133120825968,"update_rms":0.0,"accepted":false,"wall_s":2.204809196293354}
{"iteration":43,"score":21.222794914260643,"best":29.46983713601003,"gradient_rms":148.72412526970373,"update_rms":0.0,"accepted":false,"wall_s":2.547521337866783}
{"iteration":44,"score":21.22279491426072,"best":29.46983713601003,"gradient_rms":576.6354221759506,"update_rms":0.0,"accepted":false,"wall_s":0.5935563445091248}
{"iteration":45,"score":21.222794914260703,"best":29.46983713601003,"gradient_rms":612.4378070528996,"update_rms":0.0,"accepted":false,"wall_s":0.5933113731443882}
{"iteration":46,"score":21.222794914260653,"best":29.46983713601003,"gradient_rms":455.9360423195278,"update_rms":0.0,"accepted":false,"wall_s":2.4343683794140816}
{"iteration":47,"score":21.222794914260504,"best":29.46983713601003,"gradient_rms":395.0698817616916,"update_rms":0.0,"accepted":false,"wall_s":2.4303390830755234}
{"iteration":48,"score":21.222794914260653,"best":29.46983713601003,"gradient_rms":416.6028123180105,"update_rms":0.0,"accepted":false,"wall_s":2.2031657434999943}
{"iteration":49,"score":21.222794914260646,"best":29.46983713601003,"gradient_rms":548.5426689551562,"update_rms":0.0,"accepted":false,"wall_s":2.2030098997056484}
{"iteration":50,"score":21.222794914260604,"best":29.46983713601003,"gradient_rms":369.48237470604175,"update_rms":0.0,"accepted":false,"wall_s":2.203287288546562}
{"iteration":51,"score":21.222794914260543,"best":29.46983713601003,"gradient_rms":640.5132109944445,"update_rms":0.0,"accepted":false,"wall_s":0.5926043801009655}
{"iteration":52,"score":21.222794914260483,"best":29.46983713601003,"gradient_rms":651.4494129148176,"update_rms":0.0,"accepted":false,"wall_s":0.5932173021137714}
{"iteration":53,"score":21.22279491426081,"best":29.46983713601003,"gradient_rms":325.55573162100575,"update_rms":0.0,"accepted":false,"wall_s":2.3219151236116886}
{"iteration":54,"score":21.22279491426067,"best":29.46983713601003,"gradient_rms":801.7119945600016,"update_rms":0.0,"accepted":false,"wall_s":0.5928764045238495}
{"iteration":55,"score":21.22279491426072,"best":29.46983713601003,"gradient_rms":403.09989562268686,"update_rms":0.0,"accepted":false,"wall_s":2.2029136531054974}
{"iteration":56,"score":21.222794914260586,"best":29.46983713601003,"gradient_rms":450.5763238876031,"update_rms":0.0,"accepted":false,"wall_s":2.2022175192832947}
{"iteration":57,"score":21.222794914260383,"best":29.46983713601003,"gradient_rms":420.9001713364299,"update_rms":0.0,"accepted":false,"wall_s":2.2028966955840588}
{"iteration":58,"score":21.222794914260497,"best":29.46983713601003,"gradient_rms":176.5137298696757,"update_rms":0.0,"accepted":false,"wall_s":2.3210769072175026}
{"iteration":59,"score":21.222794914260696,"best":29.46983713601003,"gradient_rms":723.7206939588917,"update_rms":0.0,"accepted":false,"wall_s":0.5934916771948338}
{"iteration":60,"score":21.222794914260625,"best":29.46983713601003,"gradient_rms":146.88606596621324,"update_rms":0.0,"accepted":false,"wall_s":2.3211461529135704}
{"iteration":61,"score":21.22279491426064,"best":29.46983713601003,"gradient_rms":336.9582579431041,"update_rms":0.0,"accepted":false,"wall_s":2.3228271529078484}
{"iteration":62,"score":21.222794914260568,"best":29.46983713601003,"gradient_rms":431.1551150008122,"update_rms":0.0,"accepted":false,"wall_s":2.202676273882389}
{"iteration":63,"score":21.222794914260557,"best":29.46983713601003,"gradient_rms":418.49893167904384,"update_rms":0.0,"accepted":false,"wall_s":2.4312635622918606}
{"iteration":64,"score":21.222794914260763,"best":29.46983713601003,"gradient_rms":1067.0124772748184,"update_rms":0.0,"accepted":false,"wall_s":0.6054915152490139}
{"iteration":65,"score":21.22279491426071,"best":29.46983713601003,"gradient_rms":260.7750212167181,"update_rms":0.0,"accepted":false,"wall_s":2.4305013231933117}
{"iteration":66,"score":21.222794914260643,"best":29.46983713601003,"gradient_rms":1043.776253330049,"update_rms":0.0,"accepted":false,"wall_s":0.5928513295948505}
{"iteration":67,"score":21.22279491426077,"best":29.46983713601003,"gradient_rms":691.3425399390671,"update_rms":0.0,"accepted":false,"wall_s":0.5928436517715454}
{"iteration":68,"score":21.22279491426052,"best":29.46983713601003,"gradient_rms":526.237188686974,"update_rms":0.0,"accepted":false,"wall_s":2.2022301591932774}
{"iteration":69,"score":21.222794914260575,"best":29.46983713601003,"gradient_rms":179.80591129527463,"update_rms":0.0,"accepted":false,"wall_s":2.3224816992878914}
{"iteration":70,"score":21.22279491426061,"best":29.46983713601003,"gradient_rms":523.0675592323919,"update_rms":0.0,"accepted":false,"wall_s":2.4309419468045235}
{"iteration":71,"score":21.22279491426081,"best":29.46983713601003,"gradient_rms":586.7385808618097,"update_rms":0.0,"accepted":false,"wall_s":0.5924246646463871}
{"iteration":72,"score":21.222794914260447,"best":29.46983713601003,"gradient_rms":533.2165486891402,"update_rms":0.0,"accepted":false,"wall_s":2.204363401979208}
{"iteration":73,"score":21.222794914260632,"best":29.46983713601003,"gradient_rms":1029.2628316396492,"update_rms":0.0,"accepted":false,"wall_s":0.5934492275118828}
{"iteration":74,"score":21.222794914260447,"best":29.46983713601003,"gradient_rms":330.2934504658645,"update_rms":0.0,"accepted":false,"wall_s":2.206815678626299}
{"iteration":75,"score":21.222794914260515,"best":29.46983713601003,"gradient_rms":699.2700650331467,"update_rms":0.0,"accepted":false,"wall_s":0.5934811308979988}
{"iteration":76,"score":21.22279491426062,"best":29.46983713601003,"gradient_rms":238.79904342781688,"update_rms":0.0,"accepted":false,"wall_s":2.323602933436632}
{"iteration":77,"score":21.222794914260817,"best":29.46983713601003,"gradient_rms":484.50718840605236,"update_rms":0.0,"accepted":false,"wall_s":2.3252533562481403}
{"iteration":78,"score":21.22279491426076,"best":29.46983713601003,"gradient_rms":1019.1442969180443,"update_rms":0.0,"accepted":false,"wall_s":0.5934643782675266}
{"iteration":79,"score":21.222794914260664,"best":29.46983713601003,"gradient_rms":576.434249896825,"update_rms":0.0,"accepted":false,"wall_s":0.5930260308086872}
{"iteration":80,"score":21.222794914260774,"best":29.46983713601003,"gradient_rms":575.4234653348042,"update_rms":0.0,"accepted":false,"wall_s":0.5935591831803322}
{"iteration":81,"score":21.222794914260636,"best":29.46983713601003,"gradient_rms":1095.5834376848402,"update_rms":0.0,"accepted":false,"wall_s":0.593986988067627}
{"iteration":82,"score":21.222794914260618,"best":29.46983713601003,"gradient_rms":267.65694173142225,"update_rms":0.0,"accepted":false,"wall_s":2.4786898121237755}
{"iteration":83,"score":21.222794914260657,"best":29.46983713601003,"gradient_rms":192.66169279073762,"update_rms":0.0,"accepted":false,"wall_s":2.4808005318045616}
{"iteration":84,"score":21.222794914260852,"best":29.46983713601003,"gradient_rms":1102.6915865085218,"update_rms":0.0,"accepted":false,"wall_s":0.5931694433093071}
{"iteration":85,"score":21.222794914260565,"best":29.46983713601003,"gradient_rms":676.334222541554,"update_rms":0.0,"accepted":false,"wall_s":0.5935330279171467}
{"iteration":86,"score":21.22279491426067,"best":29.46983713601003,"gradient_rms":1090.6278154607503,"update_rms":0.0,"accepted":false,"wall_s":0.5930236801505089}
{"iteration":87,"score":21.222794914260515,"best":29.46983713601003,"gradient_rms":684.5891764624834,"update_rms":0.0,"accepted":false,"wall_s":0.5935734286904335}
{"iteration":88,"score":21.22279491426053,"best":29.46983713601003,"gradient_rms":287.130451455373,"update_rms":0.0,"accepted":false,"wall_s":2.2764869704842567}
{"iteration":89,"score":21.222794914260557,"best":29.46983713601003,"gradient_rms":542.138119121632,"update_rms":0.0,"accepted":false,"wall_s":2.696067750453949}
{"iteration":90,"score":21.222794914260625,"best":29.46983713601003,"gradient_rms":386.35529864461336,"update_rms":0.0,"accepted":false,"wall_s":2.205442901700735}
{"iteration":91,"score":21.222794914260525,"best":29.46983713601003,"gradient_rms":567.532623226743,"update_rms":0.0,"accepted":false,"wall_s":0.5938146635890007}
{"iteration":92,"score":21.222794914260632,"best":29.46983713601003,"gradient_rms":1171.2473076272238,"update_rms":0.0,"accepted":false,"wall_s":0.6169746145606041}
{"iteration":93,"score":21.222794914260614,"best":29.46983713601003,"gradient_rms":407.175134959192,"update_rms":0.0,"accepted":false,"wall_s":2.4267963729798794}
{"iteration":94,"score":21.222794914260923,"best":29.46983713601003,"gradient_rms":144.80261150292867,"update_rms":0.0,"accepted":false,"wall_s":2.3209752403199673}
{"iteration":95,"score":21.22279491426073,"best":29.46983713601003,"gradient_rms":232.57084854608698,"update_rms":0.0,"accepted":false,"wall_s":2.4273627921938896}
{"iteration":96,"score":21.222794914260586,"best":29.46983713601003,"gradient_rms":649.3798078762261,"update_rms":0.0,"accepted":false,"wall_s":0.5922598280012608}
{"iteration":97,"score":21.22279491426076,"best":29.46983713601003,"gradient_rms":961.2254736313946,"update_rms":0.0,"accepted":false,"wall_s":0.592340849339962}
{"iteration":98,"score":21.222794914260525,"best":29.46983713601003,"gradient_rms":460.9658548966333,"update_rms":0.0,"accepted":false,"wall_s":2.098197929561138}
{"iteration":99,"score":21.22279491426061,"best":29.46983713601003,"gradient_rms":337.9014421863159,"update_rms":0.0,"accepted":false,"wall_s":2.2046204023063183}
{"iteration":100,"score":21.22279491426038,"best":29.46983713601003,"gradient_rms":988.1270442062016,"update_rms":0.0,"accepted":false,"wall_s":0.5923597402870655}
{
  "status": "ok",
  "stop_reason": "completed_iterations",
  "initial_score": 12.695282662767864,
  "final_score": 21.22279491426038,
  "best_score": 29.46983713601003,
  "best_iteration": 15,
  "completed_iterations": 100,
  "completed_adam_steps": 22,
  "completed_optimizer_steps": 22,
  "total_wall_s": 153.4851884841919,
  "initial_decode_wall_s": 1.5213392972946167,
  "initial_score_wall_s": 0.5095137618482113,
  "mean_iteration_wall_s": 1.5337224603444337,
  "manifest": {
    "algorithm": "adam_with_query_batched_local_gradient",
    "optimizer": "adam",
    "parameter_space": "data",
    "gradient_objective": "dynamic local full-density score with coordinate and maximum-surface-selection derivatives omitted",
    "formal_objective": "complete native QH score for every accepted center",
    "initial_case": "/home/scc/pb24511935/local_surface_evaluator/runs/summary1_review2_20260824/flow_pairs/cases/case_21.json",
    "initial_case_sha256": "8b72851b573a17f72f71674a9ee6ec95f177ad1b828e0b666a3647c289286901",
    "checkpoint": "/home/scc/pb24511935/local_surface_evaluator/runs/qh_flow_physical_lr_longselect_20260729/lr_3em4/checkpoint_latest.pt",
    "checkpoint_sha256": "39a3293a459e248a0d1ec062607a1a467128b14d8ca973aadd82e113532ab99f",
    "native_lib": "/home/scc/pb24511935/local_surface_evaluator/runs/summary1_review2_20260824/build_native/libstellarator_gpu.so",
    "native_lib_sha256": "7d3784e02172f5c3130bcf085efa8120dc059d5007daa4b18680edd97b077f94",
    "nfp": 2,
    "n_base_coils": 2,
    "iterations": 100,
    "max_wall_s": 4200.0,
    "flow": {
      "method": "rk4",
      "steps": 128,
      "dtype": "fp32",
      "use": "initial latent-to-coil decode only"
    },
    "flow_pipeline": false,
    "coordinate_gradient": {
      "dimension": 200,
      "mode": "random-orthogonal",
      "random_directions": 2,
      "endpoint_count": 4,
      "perturbation": 0.0025,
      "difference": "centered",
      "psi_grid": 48,
      "psi_iterations": 4,
      "alpha_iterations": 4,
      "formal_surface_theta_count": 128,
      "local_surface_theta_count": 64
    },
    "adam": {
      "learning_rate": 0.01,
      "beta1": 0.7,
      "beta2": 0.999,
      "epsilon": 1e-08,
      "weight_decay": 0.0
    },
    "bfgs": {
      "initial_trust_rms": 0.01,
      "min_trust_rms": 1e-05,
      "max_trust_rms": 0.05,
      "trust_growth": 1.2,
      "trust_shrink": 0.5,
      "min_improvement": 0.0
    },
    "seed": 2026082521,
    "axis_policy": "initial global search, then strict mixed-precision continuation",
    "devices": {
      "flow": 0,
      "score": 0
    },
    "initial_metadata_keys": [
      "flow_prior_screening",
      "nfp",
      "raw"
    ],
    "data_parameterization": {
      "definition": "per-coordinate training-set standardization",
      "physical_mapping": "CoilNormalizer.inverse with canonical current L1/sign",
      "initial_clipped_fraction": 0.0,
      "initial_roundtrip_relative_rms": 8.97711854503736e-08,
      "flow_calls_after_initialization": 0
    }
  }
}
{"iteration":1,"score":76.54940611417797,"best":76.54940611417797,"gradient_rms":49.29332676771846,"update_rms":0.009999999969219476,"accepted":true,"wall_s":4.451501030474901}
{"iteration":2,"score":76.78481080461465,"best":76.78481080461465,"gradient_rms":31.519167642407027,"update_rms":0.00706927726730416,"accepted":true,"wall_s":3.451388258486986}
{"iteration":3,"score":76.914206643226,"best":76.914206643226,"gradient_rms":6.198530221366774,"update_rms":0.0048080425999318666,"accepted":true,"wall_s":3.4310156144201756}
{"iteration":4,"score":77.13480970260667,"best":77.13480970260667,"gradient_rms":34.28335189406936,"update_rms":0.005199972567513237,"accepted":true,"wall_s":3.41927981749177}
{"iteration":5,"score":77.09375482954664,"best":77.13480970260667,"gradient_rms":19.641325088863812,"update_rms":0.00480925815264234,"accepted":true,"wall_s":3.106180116534233}
{"iteration":6,"score":77.49674876250529,"best":77.49674876250529,"gradient_rms":51.1857606789756,"update_rms":0.005363627729320097,"accepted":true,"wall_s":3.336085196584463}
{"iteration":7,"score":77.55358291727961,"best":77.55358291727961,"gradient_rms":86.08896878029707,"update_rms":0.005924672957298422,"accepted":true,"wall_s":3.0546998977661133}
{"iteration":8,"score":77.73846540002567,"best":77.73846540002567,"gradient_rms":65.78548470512618,"update_rms":0.005648415036119457,"accepted":true,"wall_s":3.0509268678724766}
{"iteration":9,"score":77.87373404978703,"best":77.87373404978703,"gradient_rms":72.86658271955434,"update_rms":0.005714028462840898,"accepted":true,"wall_s":3.217948090285063}
{"iteration":10,"score":78.05169065816358,"best":78.05169065816358,"gradient_rms":140.08615213562518,"update_rms":0.006365887287817921,"accepted":true,"wall_s":3.334283549338579}
{"iteration":11,"score":78.25737980360365,"best":78.25737980360365,"gradient_rms":20.419350539100183,"update_rms":0.004659283522040292,"accepted":true,"wall_s":3.3354809805750847}
{"iteration":12,"score":78.22806475516315,"best":78.25737980360365,"gradient_rms":58.43223157712663,"update_rms":0.004649813266818735,"accepted":true,"wall_s":3.0486603565514088}
{"iteration":13,"score":78.12102948787316,"best":78.25737980360365,"gradient_rms":85.18118272214991,"update_rms":0.0054146618877937485,"accepted":true,"wall_s":3.3362260721623898}
{"iteration":14,"score":78.07251716167568,"best":78.25737980360365,"gradient_rms":62.30600951800965,"update_rms":0.004967871976625671,"accepted":true,"wall_s":3.050625592470169}
{"iteration":15,"score":77.98417659091936,"best":78.25737980360365,"gradient_rms":93.48704376349248,"update_rms":0.005566393677383328,"accepted":true,"wall_s":3.3362624533474445}
{"iteration":16,"score":77.80833290114656,"best":78.25737980360365,"gradient_rms":47.68883436537941,"update_rms":0.004513349406928318,"accepted":true,"wall_s":3.048246182501316}
{"iteration":17,"score":77.86163927636076,"best":78.25737980360365,"gradient_rms":73.30505859513256,"update_rms":0.004576106878741617,"accepted":true,"wall_s":3.048435639590025}
{"iteration":18,"score":78.23530476031401,"best":78.25737980360365,"gradient_rms":149.4276935421993,"update_rms":0.006329278862994339,"accepted":true,"wall_s":3.3265962414443493}
{"iteration":19,"score":78.46299743563664,"best":78.46299743563664,"gradient_rms":48.45920401638907,"update_rms":0.005038578268961359,"accepted":true,"wall_s":3.329873524606228}
{"iteration":20,"score":78.83257652226195,"best":78.83257652226195,"gradient_rms":80.80140842173658,"update_rms":0.004692946582034982,"accepted":true,"wall_s":3.2294897325336933}
{"iteration":21,"score":79.34736402185585,"best":79.34736402185585,"gradient_rms":229.87853714970447,"update_rms":0.007533924859226507,"accepted":true,"wall_s":3.339715339243412}
{"iteration":22,"score":79.64376050992989,"best":79.64376050992989,"gradient_rms":19.981211286996604,"update_rms":0.0055077786383212314,"accepted":true,"wall_s":3.3386174850165844}
{"iteration":23,"score":79.84308835541022,"best":79.84308835541022,"gradient_rms":171.225206705657,"update_rms":0.006055633268244818,"accepted":true,"wall_s":3.33782234787941}
{"iteration":24,"score":80.09727621382065,"best":80.09727621382065,"gradient_rms":128.37539380878604,"update_rms":0.006005689691888444,"accepted":true,"wall_s":3.334907688200474}
{"iteration":25,"score":80.22123070912527,"best":80.22123070912527,"gradient_rms":49.846396167331264,"update_rms":0.004619518355371349,"accepted":true,"wall_s":3.222908664494753}
{"iteration":26,"score":80.41219085531725,"best":80.41219085531725,"gradient_rms":134.29324838134127,"update_rms":0.005425351980611579,"accepted":true,"wall_s":3.7025684900581837}
{"iteration":27,"score":80.60658528849625,"best":80.60658528849625,"gradient_rms":128.82205444749476,"update_rms":0.005358246101388677,"accepted":true,"wall_s":3.4514888040721416}
{"iteration":28,"score":80.68377495091099,"best":80.68377495091099,"gradient_rms":69.26444667191258,"update_rms":0.004473895370689906,"accepted":true,"wall_s":3.3365059792995453}
{"iteration":29,"score":80.83076611552045,"best":80.83076611552045,"gradient_rms":23.942041430240412,"update_rms":0.0032835007763026675,"accepted":true,"wall_s":3.338255852460861}
{"iteration":30,"score":80.88763835435867,"best":80.88763835435867,"gradient_rms":117.80578196428387,"update_rms":0.004456339207177842,"accepted":true,"wall_s":3.337548442184925}
{"iteration":31,"score":80.85402557607786,"best":80.88763835435867,"gradient_rms":54.4984489066449,"update_rms":0.0035709194038540926,"accepted":true,"wall_s":3.3365460224449635}
{"iteration":32,"score":80.83906424981662,"best":80.88763835435867,"gradient_rms":42.44701298250218,"update_rms":0.0028726451354838625,"accepted":true,"wall_s":3.3280637115240097}
{"iteration":33,"score":80.75440558494161,"best":80.88763835435867,"gradient_rms":19.115760079961742,"update_rms":0.002180222899870099,"accepted":true,"wall_s":3.3357779942452908}
{"iteration":34,"score":80.66806282716578,"best":80.88763835435867,"gradient_rms":35.896391224858405,"update_rms":0.0018865069481264858,"accepted":true,"wall_s":3.047315292060375}
{"iteration":35,"score":80.67994455671102,"best":80.88763835435867,"gradient_rms":230.44189584921168,"update_rms":0.006771676055602119,"accepted":true,"wall_s":3.050374209880829}
{"iteration":36,"score":80.77362665215765,"best":80.88763835435867,"gradient_rms":49.2181496917122,"update_rms":0.0049823449427147375,"accepted":true,"wall_s":3.063977763056755}
{"iteration":37,"score":80.80258378451629,"best":80.88763835435867,"gradient_rms":65.19508684124465,"update_rms":0.004155918642849063,"accepted":true,"wall_s":3.053447335958481}
{"iteration":38,"score":80.858325131923,"best":80.88763835435867,"gradient_rms":59.18223529591394,"update_rms":0.00365020829763436,"accepted":true,"wall_s":3.332754012197256}
{"iteration":39,"score":80.837874300616,"best":80.88763835435867,"gradient_rms":139.15281279743516,"update_rms":0.00518912338488376,"accepted":true,"wall_s":3.053197007626295}
{"iteration":40,"score":80.94152472866381,"best":80.94152472866381,"gradient_rms":31.623066254191798,"update_rms":0.0038977443340220733,"accepted":true,"wall_s":2.9848756343126297}
{"iteration":41,"score":80.91150258755806,"best":80.94152472866381,"gradient_rms":63.455779745248904,"update_rms":0.0032145362701998517,"accepted":true,"wall_s":2.937954317778349}
{"iteration":42,"score":80.98704508266886,"best":80.98704508266886,"gradient_rms":30.489231414887616,"update_rms":0.002528580369993123,"accepted":true,"wall_s":3.049471978098154}
{"iteration":43,"score":80.98156581374059,"best":80.98704508266886,"gradient_rms":96.20037623781343,"update_rms":0.0036310836073406103,"accepted":true,"wall_s":3.331031661480665}
{"iteration":44,"score":80.96596210644995,"best":80.98704508266886,"gradient_rms":71.56059718691239,"update_rms":0.0036485274438330475,"accepted":true,"wall_s":3.32784453779459}
{"iteration":45,"score":80.8036293718103,"best":80.98704508266886,"gradient_rms":63.08555408327812,"update_rms":0.003378637969728035,"accepted":true,"wall_s":3.5097175501286983}
{"iteration":46,"score":80.59956601573775,"best":80.98704508266886,"gradient_rms":47.965422147046105,"update_rms":0.0029295417714141027,"accepted":true,"wall_s":3.33506503328681}
{"iteration":47,"score":80.49344113260453,"best":80.98704508266886,"gradient_rms":24.439744014029955,"update_rms":0.0022521919167156285,"accepted":true,"wall_s":3.3289887867867947}
{"iteration":48,"score":80.44809956654888,"best":80.98704508266886,"gradient_rms":55.31070175814245,"update_rms":0.0023753720348103735,"accepted":true,"wall_s":3.041466686874628}
{"iteration":49,"score":80.40736545363286,"best":80.98704508266886,"gradient_rms":4.36831913617432,"update_rms":0.0016941003422745926,"accepted":true,"wall_s":3.0410234853625298}
{"iteration":50,"score":80.23628461605799,"best":80.98704508266886,"gradient_rms":44.72505410556129,"update_rms":0.0018577902864582887,"accepted":true,"wall_s":3.0383250825107098}
{"iteration":51,"score":80.26012140904862,"best":80.98704508266886,"gradient_rms":42.164290174154075,"update_rms":0.0021391131459790585,"accepted":true,"wall_s":3.4371539801359177}
{"iteration":52,"score":80.00322195469532,"best":80.98704508266886,"gradient_rms":10.901885135933055,"update_rms":0.0015704338114017511,"accepted":true,"wall_s":3.056558821350336}
{"iteration":53,"score":79.9262437251304,"best":80.98704508266886,"gradient_rms":14.137745454910025,"update_rms":0.001238661393573641,"accepted":true,"wall_s":3.050836753100157}
{"iteration":54,"score":79.90827435949791,"best":80.98704508266886,"gradient_rms":5.770111884244165,"update_rms":0.0008834351928058099,"accepted":true,"wall_s":3.1834805868566036}
{"iteration":55,"score":79.8351819321837,"best":80.98704508266886,"gradient_rms":29.787052080109227,"update_rms":0.0013428565648033173,"accepted":true,"wall_s":3.332291804254055}
{"iteration":56,"score":79.68847349632938,"best":80.98704508266886,"gradient_rms":2.2446708875785846,"update_rms":0.0009597374826830663,"accepted":true,"wall_s":3.3285026736557484}
{"iteration":57,"score":79.58186099936603,"best":80.98704508266886,"gradient_rms":15.950371337709843,"update_rms":0.0008764433080119962,"accepted":true,"wall_s":4.072756312787533}
{"iteration":58,"score":79.61314946999906,"best":80.98704508266886,"gradient_rms":1.1582080453081758,"update_rms":0.0006228423351573761,"accepted":true,"wall_s":3.0507443733513355}
{"iteration":59,"score":79.52131509113352,"best":80.98704508266886,"gradient_rms":14.747981535854375,"update_rms":0.0007133151355430915,"accepted":true,"wall_s":3.0500639863312244}
{"iteration":60,"score":79.45612088729595,"best":80.98704508266886,"gradient_rms":6.2726930262054,"update_rms":0.000537951335299059,"accepted":true,"wall_s":2.9318852573633194}
{"iteration":61,"score":79.48594858272817,"best":80.98704508266886,"gradient_rms":6.15425789970287,"update_rms":0.0004439289027058929,"accepted":true,"wall_s":3.0383441001176834}
{"iteration":62,"score":79.38621153163636,"best":80.98704508266886,"gradient_rms":71.64169594955506,"update_rms":0.0028840842891680657,"accepted":true,"wall_s":3.3631118685007095}
{"iteration":63,"score":78.98056828883598,"best":80.98704508266886,"gradient_rms":110.06589351976291,"update_rms":0.0047029501966561055,"accepted":true,"wall_s":3.4061111472547054}
{"iteration":64,"score":78.67477347476478,"best":80.98704508266886,"gradient_rms":10.712053541655632,"update_rms":0.003366527457370168,"accepted":true,"wall_s":3.4080306738615036}
{"iteration":65,"score":78.47300732631065,"best":80.98704508266886,"gradient_rms":4.039990110486061,"update_rms":0.0023790625485843107,"accepted":true,"wall_s":3.420843567699194}
{"iteration":66,"score":78.18852443538147,"best":80.98704508266886,"gradient_rms":4.341113208056528,"update_rms":0.0016942669815419055,"accepted":true,"wall_s":3.1444656550884247}
{"iteration":67,"score":78.34379767596633,"best":80.98704508266886,"gradient_rms":20.571461625410045,"update_rms":0.0013980388618134352,"accepted":true,"wall_s":3.142539542168379}
{"iteration":68,"score":78.30790582132089,"best":80.98704508266886,"gradient_rms":8.750185145274289,"update_rms":0.0010266010485064636,"accepted":true,"wall_s":3.137476783245802}
{"iteration":69,"score":78.30481178650759,"best":80.98704508266886,"gradient_rms":2.9333991530169476,"update_rms":0.0007366406959992426,"accepted":true,"wall_s":3.1326200254261494}
{"iteration":70,"score":78.3030215269412,"best":80.98704508266886,"gradient_rms":44.17738410020508,"update_rms":0.0018716585374701994,"accepted":true,"wall_s":3.137178137898445}
{"iteration":71,"score":78.38900178139723,"best":80.98704508266886,"gradient_rms":12.58699436584758,"update_rms":0.001418535106828625,"accepted":true,"wall_s":3.394629120826721}
{"iteration":72,"score":78.4739163098767,"best":80.98704508266886,"gradient_rms":9.101251711669695,"update_rms":0.0011171655320505462,"accepted":true,"wall_s":3.141597732901573}
{"iteration":73,"score":78.53932637948796,"best":80.98704508266886,"gradient_rms":13.522422654164675,"update_rms":0.0010036499445680001,"accepted":true,"wall_s":3.1595458909869194}
{"iteration":74,"score":78.61399282758886,"best":80.98704508266886,"gradient_rms":7.826889639724674,"update_rms":0.0007583770546802228,"accepted":true,"wall_s":3.1394562013447285}
{"iteration":75,"score":78.66517930754851,"best":80.98704508266886,"gradient_rms":17.740801840484227,"update_rms":0.00099930691497225,"accepted":true,"wall_s":3.139437559992075}
{"iteration":76,"score":78.70321131355854,"best":80.98704508266886,"gradient_rms":9.302628949882807,"update_rms":0.0008584969884290493,"accepted":true,"wall_s":3.1366485990583897}
{"iteration":77,"score":78.89018764246347,"best":80.98704508266886,"gradient_rms":18.075072769380306,"update_rms":0.0010057392873343532,"accepted":true,"wall_s":3.127701159566641}
{"iteration":78,"score":78.91666596903686,"best":80.98704508266886,"gradient_rms":15.404739131399253,"update_rms":0.0010361529025633813,"accepted":true,"wall_s":3.1265737526118755}
{"iteration":79,"score":78.98283117291955,"best":80.98704508266886,"gradient_rms":11.311854734995405,"update_rms":0.0008362652414510258,"accepted":true,"wall_s":3.1268397606909275}
{"iteration":80,"score":79.01788977906165,"best":80.98704508266886,"gradient_rms":7.716379601060507,"update_rms":0.0006713184778877224,"accepted":true,"wall_s":3.1250717155635357}
{"iteration":81,"score":79.04960586290287,"best":80.98704508266886,"gradient_rms":2.025669943632712,"update_rms":0.0004783630405886786,"accepted":true,"wall_s":3.1250684708356857}
{"iteration":82,"score":79.05901406838639,"best":80.98704508266886,"gradient_rms":10.348380834877236,"update_rms":0.0006119764913262429,"accepted":true,"wall_s":3.13962759077549}
{"iteration":83,"score":79.06868606001302,"best":80.98704508266886,"gradient_rms":18.099940546613304,"update_rms":0.0008976242942339696,"accepted":true,"wall_s":3.129560712724924}
{"iteration":84,"score":79.0781141695443,"best":80.98704508266886,"gradient_rms":17.597623429539016,"update_rms":0.000998547753641375,"accepted":true,"wall_s":3.085261184722185}
{"iteration":85,"score":79.23892388360386,"best":80.98704508266886,"gradient_rms":19.181307776833204,"update_rms":0.0010791169606000055,"accepted":true,"wall_s":3.3221269510686398}
{"iteration":86,"score":79.3800139192567,"best":80.98704508266886,"gradient_rms":15.070705652701289,"update_rms":0.0009753214710880387,"accepted":true,"wall_s":3.332116100937128}
{"iteration":87,"score":79.31006097616114,"best":80.98704508266886,"gradient_rms":5.23846022230295,"update_rms":0.0007208775274626434,"accepted":true,"wall_s":3.0419938527047634}
{"iteration":88,"score":79.4607254971152,"best":80.98704508266886,"gradient_rms":15.055659457325689,"update_rms":0.0008762751053346334,"accepted":true,"wall_s":3.0401667207479477}
{"iteration":89,"score":79.50416914032162,"best":80.98704508266886,"gradient_rms":15.278576970585712,"update_rms":0.0009049813689564416,"accepted":true,"wall_s":3.039993319660425}
{"iteration":90,"score":79.50474216409832,"best":80.98704508266886,"gradient_rms":57.24466573626795,"update_rms":0.0026691031343823815,"accepted":true,"wall_s":3.046983078122139}
{"iteration":91,"score":79.73779896914314,"best":80.98704508266886,"gradient_rms":2.4968035308285246,"update_rms":0.0018935699639924199,"accepted":true,"wall_s":3.052427776157856}
{"iteration":92,"score":79.76155160345913,"best":80.98704508266886,"gradient_rms":4.084059625898033,"update_rms":0.0013428189633179076,"accepted":true,"wall_s":3.0434417352080345}
{"iteration":93,"score":79.81590576168801,"best":80.98704508266886,"gradient_rms":33.107825822773535,"update_rms":0.0017268077793584746,"accepted":true,"wall_s":3.0520499609410763}
{"iteration":94,"score":79.852137633143,"best":80.98704508266886,"gradient_rms":15.409479929304887,"update_rms":0.0014238631256533417,"accepted":true,"wall_s":3.0499502308666706}
{"iteration":95,"score":79.89812766722861,"best":80.98704508266886,"gradient_rms":56.9985748017406,"update_rms":0.003018668232329525,"accepted":true,"wall_s":3.0472159683704376}
{"iteration":96,"score":79.92109229205555,"best":80.98704508266886,"gradient_rms":5.965115902359011,"update_rms":0.0020958515383320566,"accepted":true,"wall_s":3.0352152436971664}
{"iteration":97,"score":79.95543269406618,"best":80.98704508266886,"gradient_rms":60.8110761955056,"update_rms":0.0032275648791339033,"accepted":true,"wall_s":3.035710822790861}
{"iteration":98,"score":80.02844585037175,"best":80.98704508266886,"gradient_rms":12.144395846164382,"update_rms":0.002325548206544334,"accepted":true,"wall_s":3.0374247953295708}
{"iteration":99,"score":80.08950349443663,"best":80.98704508266886,"gradient_rms":25.831697889329337,"update_rms":0.0020534861390684943,"accepted":true,"wall_s":3.0386705696582794}
{"iteration":100,"score":80.32399583972169,"best":80.98704508266886,"gradient_rms":103.21401542029001,"update_rms":0.005054712885443902,"accepted":true,"wall_s":3.319444566965103}
{
  "status": "ok",
  "stop_reason": "completed_iterations",
  "initial_score": 76.49011749413438,
  "final_score": 80.32399583972169,
  "best_score": 80.98704508266886,
  "best_iteration": 42,
  "completed_iterations": 100,
  "completed_adam_steps": 100,
  "completed_optimizer_steps": 100,
  "total_wall_s": 321.84212024509907,
  "initial_decode_wall_s": 1.5136929042637348,
  "initial_score_wall_s": 0.9162334874272346,
  "mean_iteration_wall_s": 3.21667709607631,
  "manifest": {
    "algorithm": "adam_with_query_batched_local_gradient",
    "optimizer": "adam",
    "parameter_space": "latent",
    "gradient_objective": "dynamic local full-density score with coordinate and maximum-surface-selection derivatives omitted",
    "formal_objective": "complete native QH score for every accepted center",
    "initial_case": "/home/scc/pb24511935/local_surface_evaluator/runs/summary1_review2_20260824/flow_pairs/cases/case_25.json",
    "initial_case_sha256": "4bf9eb3f0502132dd258247b3e80557dd04a7d4fa0bbdaa2930062d6e0a0b406",
    "checkpoint": "/home/scc/pb24511935/local_surface_evaluator/runs/qh_flow_physical_lr_longselect_20260729/lr_3em4/checkpoint_latest.pt",
    "checkpoint_sha256": "39a3293a459e248a0d1ec062607a1a467128b14d8ca973aadd82e113532ab99f",
    "native_lib": "/home/scc/pb24511935/local_surface_evaluator/runs/summary1_review2_20260824/build_native/libstellarator_gpu.so",
    "native_lib_sha256": "7d3784e02172f5c3130bcf085efa8120dc059d5007daa4b18680edd97b077f94",
    "nfp": 8,
    "n_base_coils": 2,
    "iterations": 100,
    "max_wall_s": 4200.0,
    "flow": {
      "method": "rk4",
      "steps": 128,
      "dtype": "fp32",
      "use": "every gradient endpoint and accepted center"
    },
    "flow_pipeline": true,
    "coordinate_gradient": {
      "dimension": 200,
      "mode": "random-orthogonal",
      "random_directions": 2,
      "endpoint_count": 4,
      "perturbation": 0.005,
      "difference": "centered",
      "psi_grid": 48,
      "psi_iterations": 4,
      "alpha_iterations": 4,
      "formal_surface_theta_count": 128,
      "local_surface_theta_count": 64
    },
    "adam": {
      "learning_rate": 0.01,
      "beta1": 0.7,
      "beta2": 0.999,
      "epsilon": 1e-08,
      "weight_decay": 0.0
    },
    "bfgs": {
      "initial_trust_rms": 0.01,
      "min_trust_rms": 1e-05,
      "max_trust_rms": 0.05,
      "trust_growth": 1.2,
      "trust_shrink": 0.5,
      "min_improvement": 0.0
    },
    "seed": 2026082525,
    "axis_policy": "initial global search, then strict mixed-precision continuation",
    "devices": {
      "flow": 0,
      "score": 0
    },
    "initial_metadata_keys": [
      "flow_prior_screening",
      "nfp",
      "raw"
    ]
  }
}
{"iteration":1,"score":76.69780809408937,"best":76.69780809408937,"gradient_rms":57.28650884339481,"update_rms":0.00999999998805032,"accepted":true,"wall_s":2.344651520252228}
{"iteration":2,"score":75.33947297377992,"best":76.69780809408937,"gradient_rms":109.00864543828256,"update_rms":0.007532129010023418,"accepted":true,"wall_s":2.343914918601513}
{"iteration":3,"score":75.19454997936731,"best":76.69780809408937,"gradient_rms":67.66795541988978,"update_rms":0.006170467348844861,"accepted":true,"wall_s":2.292134404182434}
{"iteration":4,"score":74.93449517673318,"best":76.69780809408937,"gradient_rms":35.18499061485974,"update_rms":0.004874548250720692,"accepted":true,"wall_s":2.2352261170744896}
{"iteration":5,"score":75.53122784154564,"best":76.69780809408937,"gradient_rms":286.81383349909123,"update_rms":0.0065241471798443895,"accepted":true,"wall_s":2.2792143039405346}
{"iteration":6,"score":76.52200991258624,"best":76.69780809408937,"gradient_rms":162.9707463505882,"update_rms":0.006021715028054732,"accepted":true,"wall_s":2.3254398815333843}
{"iteration":7,"score":79.10233202684189,"best":79.10233202684189,"gradient_rms":200.7072681550563,"update_rms":0.005772351269062985,"accepted":true,"wall_s":2.326924655586481}
{"iteration":8,"score":80.93606564493138,"best":80.93606564493138,"gradient_rms":183.91881039988596,"update_rms":0.005439171946489231,"accepted":true,"wall_s":2.2918988689780235}
{"iteration":9,"score":81.0560486002222,"best":81.0560486002222,"gradient_rms":110.7495519717942,"update_rms":0.004768584860573854,"accepted":true,"wall_s":2.2361622229218483}
{"iteration":10,"score":80.04051556827247,"best":81.0560486002222,"gradient_rms":73.72780057154058,"update_rms":0.004032077722424787,"accepted":true,"wall_s":2.233064327389002}
{"iteration":11,"score":78.998628825011,"best":81.0560486002222,"gradient_rms":19.58672334211321,"update_rms":0.0029998442342313615,"accepted":true,"wall_s":2.2334932684898376}
{"iteration":12,"score":78.26006441070501,"best":81.0560486002222,"gradient_rms":19.703197732022527,"update_rms":0.002145499681794194,"accepted":true,"wall_s":2.277464382350445}
{"iteration":13,"score":77.1599108425151,"best":81.0560486002222,"gradient_rms":307.9665849497337,"update_rms":0.005556865152662577,"accepted":true,"wall_s":2.322230752557516}
{"iteration":14,"score":76.45492150507316,"best":81.0560486002222,"gradient_rms":84.37657729929684,"update_rms":0.004473811817546347,"accepted":true,"wall_s":2.3239379934966564}
{"iteration":15,"score":75.61176717899347,"best":81.0560486002222,"gradient_rms":172.00704311539613,"update_rms":0.00461852921296874,"accepted":true,"wall_s":2.323397696018219}
{"iteration":16,"score":75.98965965281224,"best":81.0560486002222,"gradient_rms":113.81101608832469,"update_rms":0.0042116109469929166,"accepted":true,"wall_s":2.322903510183096}
{"iteration":17,"score":76.68197963584132,"best":81.0560486002222,"gradient_rms":95.77571782494803,"update_rms":0.0035765064369196213,"accepted":true,"wall_s":2.321545496582985}
{"iteration":18,"score":77.36961626016947,"best":81.0560486002222,"gradient_rms":71.99666536840536,"update_rms":0.0031023867712457946,"accepted":true,"wall_s":2.324100472033024}
{"iteration":19,"score":77.78687736366595,"best":81.0560486002222,"gradient_rms":260.35916439686184,"update_rms":0.005115579000064789,"accepted":true,"wall_s":2.322239562869072}
{"iteration":20,"score":78.0382526517826,"best":81.0560486002222,"gradient_rms":63.119897962145146,"update_rms":0.003860403033077536,"accepted":true,"wall_s":2.28978618606925}
{"iteration":21,"score":78.17597687164262,"best":81.0560486002222,"gradient_rms":42.17697521083023,"update_rms":0.002846444035653756,"accepted":true,"wall_s":2.2357425838708878}
{"iteration":22,"score":78.27403332930582,"best":81.0560486002222,"gradient_rms":22.49887902598335,"update_rms":0.0020387121543164587,"accepted":true,"wall_s":2.236548747867346}
{"iteration":23,"score":78.45278575863304,"best":81.0560486002222,"gradient_rms":66.0434256874614,"update_rms":0.0020528025102316307,"accepted":true,"wall_s":2.232990972697735}
{"iteration":24,"score":78.47962293842949,"best":81.0560486002222,"gradient_rms":24.662431937415967,"update_rms":0.001571180710334824,"accepted":true,"wall_s":2.2331248819828033}
{"iteration":25,"score":78.43953310795578,"best":81.0560486002222,"gradient_rms":31.98473040537197,"update_rms":0.0013949385596128906,"accepted":true,"wall_s":2.233001157641411}
{"iteration":26,"score":78.26328851226107,"best":81.0560486002222,"gradient_rms":109.07171487648749,"update_rms":0.0027886903810315426,"accepted":true,"wall_s":1.96284618973732}
{"iteration":27,"score":78.53350489874688,"best":81.0560486002222,"gradient_rms":74.87744523081584,"update_rms":0.002701712618736609,"accepted":true,"wall_s":2.233348246663809}
{"iteration":28,"score":78.91267333857161,"best":81.0560486002222,"gradient_rms":41.02952379512264,"update_rms":0.002108394075323855,"accepted":true,"wall_s":2.2334353365004063}
{"iteration":29,"score":79.03579918357906,"best":81.0560486002222,"gradient_rms":33.17461856913595,"update_rms":0.001768146444519417,"accepted":true,"wall_s":2.2324286699295044}
{"iteration":30,"score":79.1791477771923,"best":81.0560486002222,"gradient_rms":19.55298873833492,"update_rms":0.0013391937031468444,"accepted":true,"wall_s":2.2340350411832333}
{"iteration":31,"score":79.43189660755914,"best":81.0560486002222,"gradient_rms":49.74106067244979,"update_rms":0.0015437502826853204,"accepted":true,"wall_s":2.2359280735254288}
{"iteration":32,"score":80.01050086733525,"best":81.0560486002222,"gradient_rms":186.2606046292762,"update_rms":0.0045082041451199395,"accepted":true,"wall_s":2.232519317418337}
{"iteration":33,"score":80.40519438898545,"best":81.0560486002222,"gradient_rms":32.53937298447496,"update_rms":0.0032800862866405917,"accepted":true,"wall_s":2.2322053387761116}
{"iteration":34,"score":80.56874179311765,"best":81.0560486002222,"gradient_rms":202.70615243813756,"update_rms":0.005418909955140418,"accepted":true,"wall_s":2.233032248914242}
{"iteration":35,"score":80.52834343693425,"best":81.0560486002222,"gradient_rms":24.059699281604583,"update_rms":0.00392810518326952,"accepted":true,"wall_s":2.2319806404411793}
{"iteration":36,"score":80.43006888600877,"best":81.0560486002222,"gradient_rms":85.8803976036579,"update_rms":0.0036655211793712303,"accepted":true,"wall_s":2.232515901327133}
{"iteration":37,"score":80.21033589045796,"best":81.0560486002222,"gradient_rms":58.90053672139205,"update_rms":0.0029228603813510495,"accepted":true,"wall_s":2.2328754290938377}
{"iteration":38,"score":80.13341685723208,"best":81.0560486002222,"gradient_rms":49.9881681033923,"update_rms":0.0023973459153442418,"accepted":true,"wall_s":1.9510785676538944}
{"iteration":39,"score":79.9960892947098,"best":81.0560486002222,"gradient_rms":32.48866367659281,"update_rms":0.0019105148035477198,"accepted":true,"wall_s":1.8344033621251583}
{"iteration":40,"score":79.80446170275314,"best":81.0560486002222,"gradient_rms":86.41313140409517,"update_rms":0.0026699642972620205,"accepted":true,"wall_s":2.2322654984891415}
{"iteration":41,"score":79.45706486897625,"best":81.0560486002222,"gradient_rms":29.952789429018548,"update_rms":0.002142165720546013,"accepted":true,"wall_s":2.2328034415841103}
{"iteration":42,"score":79.26468731854669,"best":81.0560486002222,"gradient_rms":56.80310251219431,"update_rms":0.002115465198764708,"accepted":true,"wall_s":1.9506450444459915}
{"iteration":43,"score":79.32903103797516,"best":81.0560486002222,"gradient_rms":39.29788891872146,"update_rms":0.001846166622177652,"accepted":true,"wall_s":1.912770725786686}
{"iteration":44,"score":79.30447526592783,"best":81.0560486002222,"gradient_rms":149.37394231621215,"update_rms":0.004060722716813465,"accepted":true,"wall_s":2.2324101738631725}
{"iteration":45,"score":79.45882749691796,"best":81.0560486002222,"gradient_rms":49.38877478266949,"update_rms":0.003321743047067881,"accepted":true,"wall_s":2.232563029974699}
{"iteration":46,"score":79.53278922751105,"best":81.0560486002222,"gradient_rms":31.4177307243532,"update_rms":0.002537109074900142,"accepted":true,"wall_s":2.234497766941786}
{"iteration":47,"score":79.56347443725996,"best":81.0560486002222,"gradient_rms":18.012120925900604,"update_rms":0.0018487136621353952,"accepted":true,"wall_s":1.951299473643303}
{"iteration":48,"score":80.60708012379085,"best":81.0560486002222,"gradient_rms":176.6345379231861,"update_rms":0.004832767475130119,"accepted":true,"wall_s":2.23220993950963}
{"iteration":49,"score":81.28779659276013,"best":81.28779659276013,"gradient_rms":43.937070987457915,"update_rms":0.00358904412190613,"accepted":true,"wall_s":2.2453422360122204}
{"iteration":50,"score":81.58375068294151,"best":81.58375068294151,"gradient_rms":12.257899914193363,"update_rms":0.002535332456641464,"accepted":true,"wall_s":1.9540212079882622}
{"iteration":51,"score":81.75910132282793,"best":81.75910132282793,"gradient_rms":97.93817641824504,"update_rms":0.0032235577823095003,"accepted":true,"wall_s":2.2353545427322388}
{"iteration":52,"score":81.8575059684738,"best":81.8575059684738,"gradient_rms":12.621169171152156,"update_rms":0.0023143638810076816,"accepted":true,"wall_s":1.9531454481184483}
{"iteration":53,"score":81.61600064114067,"best":81.8575059684738,"gradient_rms":191.60855500494608,"update_rms":0.005296526433254343,"accepted":true,"wall_s":2.232261784374714}
{"iteration":54,"score":81.54655490766207,"best":81.8575059684738,"gradient_rms":59.242902181451605,"update_rms":0.0039969734140900765,"accepted":true,"wall_s":2.2331530526280403}
{"iteration":55,"score":81.40287114376245,"best":81.8575059684738,"gradient_rms":38.082477910137,"update_rms":0.003006832753217645,"accepted":true,"wall_s":2.233848664909601}
{"iteration":56,"score":81.25338744404544,"best":81.8575059684738,"gradient_rms":24.615895362024624,"update_rms":0.00219960866752526,"accepted":true,"wall_s":2.2396289370954037}
{"iteration":57,"score":80.34568933601155,"best":81.8575059684738,"gradient_rms":66.5486858111174,"update_rms":0.0024299707565300054,"accepted":true,"wall_s":2.242653999477625}
{"iteration":58,"score":79.23579085301324,"best":81.8575059684738,"gradient_rms":120.98883793907864,"update_rms":0.003617198818927701,"accepted":true,"wall_s":2.2363645397126675}
{"iteration":59,"score":78.61147265270368,"best":81.8575059684738,"gradient_rms":32.94353015001254,"update_rms":0.0026119109613285,"accepted":true,"wall_s":2.2332322895526886}
{"iteration":60,"score":78.38127141914156,"best":81.8575059684738,"gradient_rms":42.403529654601684,"update_rms":0.0022389518389340918,"accepted":true,"wall_s":2.278034709393978}
{"iteration":61,"score":77.91950556017098,"best":81.8575059684738,"gradient_rms":115.36303717667049,"update_rms":0.00374998223544908,"accepted":true,"wall_s":2.3224962912499905}
{"iteration":62,"score":77.8101628500979,"best":81.8575059684738,"gradient_rms":33.0803017644183,"update_rms":0.002779979268250951,"accepted":true,"wall_s":2.0408494360744953}
{"iteration":63,"score":77.72330908275538,"best":81.8575059684738,"gradient_rms":37.54240463992938,"update_rms":0.0020515240567528193,"accepted":true,"wall_s":2.040760848671198}
{"iteration":64,"score":77.72439587350155,"best":81.8575059684738,"gradient_rms":6.223922096455918,"update_rms":0.0014845118126719913,"accepted":true,"wall_s":2.042197611182928}
{"iteration":65,"score":78.3978208519566,"best":81.8575059684738,"gradient_rms":168.2707822222577,"update_rms":0.004794748381680537,"accepted":true,"wall_s":2.3213218189775944}
{"iteration":66,"score":78.39782085195657,"best":81.8575059684738,"gradient_rms":345.9015660386968,"update_rms":0.0,"accepted":false,"wall_s":1.1799118369817734}
{"iteration":67,"score":79.03894725841646,"best":81.8575059684738,"gradient_rms":88.64530322608039,"update_rms":0.003971103254729432,"accepted":true,"wall_s":1.9966515824198723}
{"iteration":68,"score":79.51411549108786,"best":81.8575059684738,"gradient_rms":75.09238817439395,"update_rms":0.0036204405910462882,"accepted":true,"wall_s":1.9515648260712624}
{"iteration":69,"score":80.44080086334948,"best":81.8575059684738,"gradient_rms":120.677522217105,"update_rms":0.004467370564306882,"accepted":true,"wall_s":1.9501248970627785}
{"iteration":70,"score":80.84316434701338,"best":81.8575059684738,"gradient_rms":107.73340471192077,"update_rms":0.004288546855787476,"accepted":true,"wall_s":2.2324294336140156}
{"iteration":71,"score":81.09811359898931,"best":81.8575059684738,"gradient_rms":74.42813902748331,"update_rms":0.003830698508951047,"accepted":true,"wall_s":2.2325364388525486}
{"iteration":72,"score":81.25496638872386,"best":81.8575059684738,"gradient_rms":53.3819522365633,"update_rms":0.0031098366799505316,"accepted":true,"wall_s":2.233398512005806}
{"iteration":73,"score":81.53551794097201,"best":81.8575059684738,"gradient_rms":142.31895539866758,"update_rms":0.004469604910470602,"accepted":true,"wall_s":2.266292728483677}
{"iteration":74,"score":81.37914607257967,"best":81.8575059684738,"gradient_rms":8.083350716465477,"update_rms":0.0031967968667266982,"accepted":true,"wall_s":2.3378088138997555}
{"iteration":75,"score":80.41509003782164,"best":81.8575059684738,"gradient_rms":345.7460001544721,"update_rms":0.008888587859286309,"accepted":true,"wall_s":2.2777305096387863}
{"iteration":76,"score":78.9189094221453,"best":81.8575059684738,"gradient_rms":193.89526908385966,"update_rms":0.007568278297643272,"accepted":true,"wall_s":2.321607057005167}
{"iteration":77,"score":78.08294330861231,"best":81.8575059684738,"gradient_rms":64.0827868427087,"update_rms":0.005608315495189945,"accepted":true,"wall_s":2.3224776089191437}
{"iteration":78,"score":77.61664696911147,"best":81.8575059684738,"gradient_rms":321.2142811427317,"update_rms":0.008566514201888687,"accepted":true,"wall_s":2.321002960205078}
{"iteration":79,"score":78.54806140849023,"best":81.8575059684738,"gradient_rms":203.82795798240574,"update_rms":0.007915345616780433,"accepted":true,"wall_s":2.3215204179286957}
{"iteration":80,"score":78.77041255629901,"best":81.8575059684738,"gradient_rms":29.86868903464299,"update_rms":0.005640312866166644,"accepted":true,"wall_s":2.3233310133218765}
{"iteration":81,"score":79.77567404970867,"best":81.8575059684738,"gradient_rms":224.91494992114335,"update_rms":0.006838427002212057,"accepted":true,"wall_s":2.321559503674507}
{"iteration":82,"score":80.77293905983694,"best":81.8575059684738,"gradient_rms":252.3718167719462,"update_rms":0.007796335115657399,"accepted":true,"wall_s":2.3216650001704693}
{"iteration":83,"score":81.0624327129828,"best":81.8575059684738,"gradient_rms":122.59982144895861,"update_rms":0.006402176997399218,"accepted":true,"wall_s":2.322857156395912}
{"iteration":84,"score":82.11179402985877,"best":82.11179402985877,"gradient_rms":231.18459689778118,"update_rms":0.0070764833509084175,"accepted":true,"wall_s":2.3261169977486134}
{"iteration":85,"score":82.43487823123154,"best":82.43487823123154,"gradient_rms":123.97769582248335,"update_rms":0.005709329992723477,"accepted":true,"wall_s":2.3224650621414185}
{"iteration":86,"score":82.57097596300513,"best":82.57097596300513,"gradient_rms":145.77223943753373,"update_rms":0.005090215694825427,"accepted":true,"wall_s":2.278953932225704}
{"iteration":87,"score":82.11126267436322,"best":82.57097596300513,"gradient_rms":251.8029285442898,"update_rms":0.007171530583330098,"accepted":true,"wall_s":2.282488640397787}
{"iteration":88,"score":82.74052986654755,"best":82.74052986654755,"gradient_rms":65.5708896037836,"update_rms":0.004977672643591805,"accepted":true,"wall_s":2.3335425294935703}
{"iteration":89,"score":82.4676139596082,"best":82.74052986654755,"gradient_rms":420.67134482295626,"update_rms":0.009051219617014486,"accepted":true,"wall_s":2.2764572016894817}
{"iteration":90,"score":80.10326324698933,"best":82.74052986654755,"gradient_rms":157.2725619670247,"update_rms":0.0076014801156640615,"accepted":true,"wall_s":2.2321086190640926}
{"iteration":91,"score":79.13015816388648,"best":82.74052986654755,"gradient_rms":81.97733667391563,"update_rms":0.005725377724713655,"accepted":true,"wall_s":2.233490213751793}
{"iteration":92,"score":78.96866334569793,"best":82.74052986654755,"gradient_rms":12.913652063511469,"update_rms":0.004032031202301643,"accepted":true,"wall_s":2.232148617506027}
{"iteration":93,"score":78.8512514615536,"best":82.74052986654755,"gradient_rms":5.112362795260639,"update_rms":0.002849688929551173,"accepted":true,"wall_s":2.277875881642103}
{"iteration":94,"score":78.91358936064717,"best":82.74052986654755,"gradient_rms":40.632303631099305,"update_rms":0.0021264732789904577,"accepted":true,"wall_s":2.207446664571762}
{"iteration":95,"score":78.38737925664597,"best":82.74052986654755,"gradient_rms":167.79707520980733,"update_rms":0.00416027442773921,"accepted":true,"wall_s":2.039408504962921}
{"iteration":96,"score":78.15162595640814,"best":82.74052986654755,"gradient_rms":62.56523885110763,"update_rms":0.00326264122281902,"accepted":true,"wall_s":1.881284937262535}
{"iteration":97,"score":78.29227996685718,"best":82.74052986654755,"gradient_rms":22.813417621965634,"update_rms":0.002308406371262178,"accepted":true,"wall_s":1.8358766250312328}
{"iteration":98,"score":78.39815731288375,"best":82.74052986654755,"gradient_rms":220.47835734945636,"update_rms":0.005234994593805364,"accepted":true,"wall_s":2.2786370627582073}
{"iteration":99,"score":77.39965977572255,"best":82.74052986654755,"gradient_rms":236.89789755165643,"update_rms":0.0064809366466396946,"accepted":true,"wall_s":2.349089555442333}
{"iteration":100,"score":76.7640426736491,"best":82.74052986654755,"gradient_rms":58.22443324236062,"update_rms":0.004832594895239777,"accepted":true,"wall_s":2.546790536493063}
{
  "status": "ok",
  "stop_reason": "completed_iterations",
  "initial_score": 76.49011749413435,
  "final_score": 76.7640426736491,
  "best_score": 82.74052986654755,
  "best_iteration": 88,
  "completed_iterations": 100,
  "completed_adam_steps": 99,
  "completed_optimizer_steps": 99,
  "total_wall_s": 221.0208551734686,
  "initial_decode_wall_s": 1.4984338469803333,
  "initial_score_wall_s": 0.9142195284366608,
  "mean_iteration_wall_s": 2.209185556396842,
  "manifest": {
    "algorithm": "adam_with_query_batched_local_gradient",
    "optimizer": "adam",
    "parameter_space": "data",
    "gradient_objective": "dynamic local full-density score with coordinate and maximum-surface-selection derivatives omitted",
    "formal_objective": "complete native QH score for every accepted center",
    "initial_case": "/home/scc/pb24511935/local_surface_evaluator/runs/summary1_review2_20260824/flow_pairs/cases/case_25.json",
    "initial_case_sha256": "4bf9eb3f0502132dd258247b3e80557dd04a7d4fa0bbdaa2930062d6e0a0b406",
    "checkpoint": "/home/scc/pb24511935/local_surface_evaluator/runs/qh_flow_physical_lr_longselect_20260729/lr_3em4/checkpoint_latest.pt",
    "checkpoint_sha256": "39a3293a459e248a0d1ec062607a1a467128b14d8ca973aadd82e113532ab99f",
    "native_lib": "/home/scc/pb24511935/local_surface_evaluator/runs/summary1_review2_20260824/build_native/libstellarator_gpu.so",
    "native_lib_sha256": "7d3784e02172f5c3130bcf085efa8120dc059d5007daa4b18680edd97b077f94",
    "nfp": 8,
    "n_base_coils": 2,
    "iterations": 100,
    "max_wall_s": 4200.0,
    "flow": {
      "method": "rk4",
      "steps": 128,
      "dtype": "fp32",
      "use": "initial latent-to-coil decode only"
    },
    "flow_pipeline": false,
    "coordinate_gradient": {
      "dimension": 200,
      "mode": "random-orthogonal",
      "random_directions": 2,
      "endpoint_count": 4,
      "perturbation": 0.0025,
      "difference": "centered",
      "psi_grid": 48,
      "psi_iterations": 4,
      "alpha_iterations": 4,
      "formal_surface_theta_count": 128,
      "local_surface_theta_count": 64
    },
    "adam": {
      "learning_rate": 0.01,
      "beta1": 0.7,
      "beta2": 0.999,
      "epsilon": 1e-08,
      "weight_decay": 0.0
    },
    "bfgs": {
      "initial_trust_rms": 0.01,
      "min_trust_rms": 1e-05,
      "max_trust_rms": 0.05,
      "trust_growth": 1.2,
      "trust_shrink": 0.5,
      "min_improvement": 0.0
    },
    "seed": 2026082525,
    "axis_policy": "initial global search, then strict mixed-precision continuation",
    "devices": {
      "flow": 0,
      "score": 0
    },
    "initial_metadata_keys": [
      "flow_prior_screening",
      "nfp",
      "raw"
    ],
    "data_parameterization": {
      "definition": "per-coordinate training-set standardization",
      "physical_mapping": "CoilNormalizer.inverse with canonical current L1/sign",
      "initial_clipped_fraction": 0.0,
      "initial_roundtrip_relative_rms": 0.0,
      "flow_calls_after_initialization": 0
    }
  }
}
{"iteration":1,"score":78.84956280774014,"best":78.84956280774014,"gradient_rms":5.262525541811908,"update_rms":0.00999999991493497,"accepted":true,"wall_s":4.276651177555323}
{"iteration":2,"score":79.06406017504018,"best":79.06406017504018,"gradient_rms":12.808244893732857,"update_rms":0.0077008121383622,"accepted":true,"wall_s":2.975690435618162}
{"iteration":3,"score":79.36698278547166,"best":79.36698278547166,"gradient_rms":18.273478784934756,"update_rms":0.006724303733342243,"accepted":true,"wall_s":3.1930943429470062}
{"iteration":4,"score":79.58561298484076,"best":79.58561298484076,"gradient_rms":8.61941080207996,"update_rms":0.005368771156901494,"accepted":true,"wall_s":3.1778613701462746}
{"iteration":5,"score":79.7534773130508,"best":79.7534773130508,"gradient_rms":4.6200887706799,"update_rms":0.004305539201641794,"accepted":true,"wall_s":3.173486914485693}
{"iteration":6,"score":79.88162288046722,"best":79.88162288046722,"gradient_rms":3.248700702873497,"update_rms":0.00327147392520784,"accepted":true,"wall_s":3.084535840898752}
{"iteration":7,"score":79.92413520160599,"best":79.92413520160599,"gradient_rms":10.347195011665344,"update_rms":0.003976973047563268,"accepted":true,"wall_s":2.9509466253221035}
{"iteration":8,"score":80.15425002382592,"best":80.15425002382592,"gradient_rms":2.773335483452285,"update_rms":0.0031458465126287145,"accepted":true,"wall_s":2.9447227343916893}
{"iteration":9,"score":80.21389357508197,"best":80.21389357508197,"gradient_rms":4.125418156147584,"update_rms":0.0028219786362671897,"accepted":true,"wall_s":2.944965686649084}
{"iteration":10,"score":80.50001209043589,"best":80.50001209043589,"gradient_rms":18.37161275650742,"update_rms":0.005488979102809522,"accepted":true,"wall_s":3.1670376174151897}
{"iteration":11,"score":80.72134174432425,"best":80.72134174432425,"gradient_rms":9.195190798126504,"update_rms":0.004930926780841283,"accepted":true,"wall_s":3.0775395184755325}
{"iteration":12,"score":80.92354775744217,"best":80.92354775744217,"gradient_rms":3.1797029589133254,"update_rms":0.003746667249223151,"accepted":true,"wall_s":3.1774639673531055}
{"iteration":13,"score":81.07540939540749,"best":81.07540939540749,"gradient_rms":7.778773743183102,"update_rms":0.0038494660735973628,"accepted":true,"wall_s":2.9562845900654793}
{"iteration":14,"score":81.27555024842431,"best":81.27555024842431,"gradient_rms":7.921729814996842,"update_rms":0.00393361305064439,"accepted":true,"wall_s":2.948824916034937}
{"iteration":15,"score":81.34926784103548,"best":81.34926784103548,"gradient_rms":3.1258530082705938,"update_rms":0.0030481967551179677,"accepted":true,"wall_s":2.9521047361195087}
{"iteration":16,"score":81.50688029226632,"best":81.50688029226632,"gradient_rms":6.7379312068958965,"update_rms":0.0032535033919598865,"accepted":true,"wall_s":2.9559654258191586}
{"iteration":17,"score":81.7187941182734,"best":81.7187941182734,"gradient_rms":14.756719539225443,"update_rms":0.00505751699304621,"accepted":true,"wall_s":2.857510332018137}
{"iteration":18,"score":81.92773690388319,"best":81.92773690388319,"gradient_rms":8.22681515522757,"update_rms":0.004610323523803888,"accepted":true,"wall_s":3.172862607985735}
{"iteration":19,"score":82.02183896234266,"best":82.02183896234266,"gradient_rms":7.703941621615847,"update_rms":0.004041692099717836,"accepted":true,"wall_s":2.9438448809087276}
{"iteration":20,"score":82.24715107937885,"best":82.24715107937885,"gradient_rms":17.753134073966553,"update_rms":0.005774655344373879,"accepted":true,"wall_s":2.939529851078987}
{"iteration":21,"score":82.5160461335295,"best":82.5160461335295,"gradient_rms":2.9421134174282884,"update_rms":0.004255036338856146,"accepted":true,"wall_s":2.9487073943018913}
{"iteration":22,"score":82.72642688247387,"best":82.72642688247387,"gradient_rms":8.511481625272133,"update_rms":0.004095280104401333,"accepted":true,"wall_s":3.211240418255329}
{"iteration":23,"score":82.78187139370158,"best":82.78187139370158,"gradient_rms":9.39045893786516,"update_rms":0.004164677119855056,"accepted":true,"wall_s":2.943806190043688}
{"iteration":24,"score":83.10738787975373,"best":83.10738787975373,"gradient_rms":13.202964093058617,"update_rms":0.004863145261103171,"accepted":true,"wall_s":2.848681975156069}
{"iteration":25,"score":83.45204169453639,"best":83.45204169453639,"gradient_rms":15.89557891608723,"update_rms":0.005760937253882954,"accepted":true,"wall_s":3.178130116313696}
{"iteration":26,"score":83.65035245414735,"best":83.65035245414735,"gradient_rms":6.695374698989289,"update_rms":0.004573369422256529,"accepted":true,"wall_s":2.9462029859423637}
{"iteration":27,"score":83.86190102493953,"best":83.86190102493953,"gradient_rms":12.082662634386446,"update_rms":0.004696738495668105,"accepted":true,"wall_s":2.943217806518078}
{"iteration":28,"score":84.12099553396116,"best":84.12099553396116,"gradient_rms":11.7188729055718,"update_rms":0.0048676652870057934,"accepted":true,"wall_s":3.1781188286840916}
{"iteration":29,"score":84.30210952646114,"best":84.30210952646114,"gradient_rms":3.9997494778430673,"update_rms":0.00382201312269275,"accepted":true,"wall_s":3.1803719475865364}
{"iteration":30,"score":84.41076515831273,"best":84.41076515831273,"gradient_rms":0.944570003440863,"update_rms":0.002759320881084883,"accepted":true,"wall_s":3.1842722184956074}
{"iteration":31,"score":84.56784258256268,"best":84.56784258256268,"gradient_rms":10.272887939165425,"update_rms":0.003667759366237068,"accepted":true,"wall_s":3.1802833303809166}
{"iteration":32,"score":84.73684330765103,"best":84.73684330765103,"gradient_rms":9.62951169176165,"update_rms":0.00401684315272902,"accepted":true,"wall_s":3.0776774175465107}
{"iteration":33,"score":84.85628889864792,"best":84.85628889864792,"gradient_rms":7.616674530688267,"update_rms":0.0038700235448690247,"accepted":true,"wall_s":3.0851446501910686}
{"iteration":34,"score":84.95604736855269,"best":84.95604736855269,"gradient_rms":2.340237212422381,"update_rms":0.0028368185852589317,"accepted":true,"wall_s":3.266463179141283}
{"iteration":35,"score":85.01559245563001,"best":85.01559245563001,"gradient_rms":4.103648317482948,"update_rms":0.002483721708698778,"accepted":true,"wall_s":5.01567443087697}
{"iteration":36,"score":85.0903192769052,"best":85.0903192769052,"gradient_rms":4.025798972403281,"update_rms":0.002173091408689513,"accepted":true,"wall_s":3.1736239939928055}
{"iteration":37,"score":85.11420702744373,"best":85.11420702744373,"gradient_rms":3.8883516810336705,"update_rms":0.0019879516782824397,"accepted":true,"wall_s":2.9530467726290226}
{"iteration":38,"score":85.20625074200538,"best":85.20625074200538,"gradient_rms":7.075229705833123,"update_rms":0.00273284143761753,"accepted":true,"wall_s":3.1758504435420036}
{"iteration":39,"score":85.14587251523434,"best":85.20625074200538,"gradient_rms":3.8197074546898806,"update_rms":0.0023668316586333434,"accepted":true,"wall_s":2.9419871121644974}
{"iteration":40,"score":85.33096954733995,"best":85.33096954733995,"gradient_rms":4.1600961004897705,"update_rms":0.0021300449256338875,"accepted":true,"wall_s":3.182257439941168}
{"iteration":41,"score":85.4267432180375,"best":85.4267432180375,"gradient_rms":7.73479121326391,"update_rms":0.00304015193601024,"accepted":true,"wall_s":3.184293832629919}
{"iteration":42,"score":85.51710322737759,"best":85.51710322737759,"gradient_rms":6.629669654642171,"update_rms":0.003201522867825945,"accepted":true,"wall_s":3.17117752507329}
{"iteration":43,"score":85.63959934612133,"best":85.63959934612133,"gradient_rms":8.843791187706032,"update_rms":0.0037487581779705207,"accepted":true,"wall_s":3.1842923760414124}
{"iteration":44,"score":85.70675447606544,"best":85.70675447606544,"gradient_rms":7.704098559648023,"update_rms":0.0037046325176074047,"accepted":true,"wall_s":2.9374318718910217}
{"iteration":45,"score":85.71496961020557,"best":85.71496961020557,"gradient_rms":4.098286472360582,"update_rms":0.002920995550263171,"accepted":true,"wall_s":2.933278501033783}
{"iteration":46,"score":85.8582137292019,"best":85.8582137292019,"gradient_rms":4.2086869326503304,"update_rms":0.0025098262874374434,"accepted":true,"wall_s":3.174642287194729}
{"iteration":47,"score":85.87852600474349,"best":85.87852600474349,"gradient_rms":4.082515301429036,"update_rms":0.0022917389710841313,"accepted":true,"wall_s":2.946250941604376}
{"iteration":48,"score":85.86941934354681,"best":85.87852600474349,"gradient_rms":2.5755514061013827,"update_rms":0.001887988138467888,"accepted":true,"wall_s":2.9431786872446537}
{"iteration":49,"score":85.99095207523838,"best":85.99095207523838,"gradient_rms":5.4113063406439865,"update_rms":0.0023977631015293993,"accepted":true,"wall_s":3.1840832829475403}
{"iteration":50,"score":85.97985092627344,"best":85.99095207523838,"gradient_rms":7.936638928029831,"update_rms":0.003242913788164901,"accepted":true,"wall_s":2.9455109275877476}
{"iteration":51,"score":86.04828830095866,"best":86.04828830095866,"gradient_rms":2.3552444987929726,"update_rms":0.002483348434563909,"accepted":true,"wall_s":2.9503890462219715}
{"iteration":52,"score":86.10925672061595,"best":86.10925672061595,"gradient_rms":2.6964600435537243,"update_rms":0.002026037068485882,"accepted":true,"wall_s":2.938565656542778}
{"iteration":53,"score":86.09460835783966,"best":86.10925672061595,"gradient_rms":2.3791115480300884,"update_rms":0.0017016585097167772,"accepted":true,"wall_s":3.0479157753288746}
{"iteration":54,"score":86.15592761572933,"best":86.15592761572933,"gradient_rms":3.6714725482976567,"update_rms":0.0018500179054078152,"accepted":true,"wall_s":2.959021657705307}
{"iteration":55,"score":86.22437794461835,"best":86.22437794461835,"gradient_rms":3.707101788610884,"update_rms":0.0019085817493462228,"accepted":true,"wall_s":2.949292689561844}
{"iteration":56,"score":86.12360452566348,"best":86.22437794461835,"gradient_rms":1.6815841804549283,"update_rms":0.001429172512159444,"accepted":true,"wall_s":2.9508410058915615}
{"iteration":57,"score":86.10590745967576,"best":86.22437794461835,"gradient_rms":4.515209701358306,"update_rms":0.0020108631569618674,"accepted":true,"wall_s":2.9460990726947784}
{"iteration":58,"score":86.29390803828981,"best":86.29390803828981,"gradient_rms":7.079248423917751,"update_rms":0.0029452425059698665,"accepted":true,"wall_s":2.9525515660643578}
{"iteration":59,"score":86.34753811915986,"best":86.34753811915986,"gradient_rms":6.597475368332784,"update_rms":0.0032611752393929216,"accepted":true,"wall_s":3.058471418917179}
{"iteration":60,"score":86.4094691979478,"best":86.4094691979478,"gradient_rms":5.22891250957636,"update_rms":0.003082243150006203,"accepted":true,"wall_s":2.970324281603098}
{"iteration":61,"score":86.40984218244417,"best":86.40984218244417,"gradient_rms":1.6300953427733174,"update_rms":0.002219660859708645,"accepted":true,"wall_s":2.958226177841425}
{"iteration":62,"score":86.48930147695248,"best":86.48930147695248,"gradient_rms":5.187911430182942,"update_rms":0.0025218301527615743,"accepted":true,"wall_s":2.960523199290037}
{"iteration":63,"score":86.46962246065144,"best":86.48930147695248,"gradient_rms":4.161355533019604,"update_rms":0.002383115190658632,"accepted":true,"wall_s":3.07035231590271}
{"iteration":64,"score":86.5444146147776,"best":86.5444146147776,"gradient_rms":1.8964747641608957,"update_rms":0.0018739772793722517,"accepted":true,"wall_s":2.990515820682049}
{"iteration":65,"score":86.5734123190275,"best":86.5734123190275,"gradient_rms":1.4780594328493866,"update_rms":0.0014537092671466174,"accepted":true,"wall_s":2.980941791087389}
{"iteration":66,"score":86.59842369493093,"best":86.59842369493093,"gradient_rms":5.575130264643674,"update_rms":0.0024940051285278508,"accepted":true,"wall_s":3.189531374722719}
{"iteration":67,"score":86.60199808853409,"best":86.60199808853409,"gradient_rms":1.5779779230385023,"update_rms":0.0019099894679870859,"accepted":true,"wall_s":3.1839130520820618}
{"iteration":68,"score":86.60635571696953,"best":86.60635571696953,"gradient_rms":5.600309442102781,"update_rms":0.002536497191415683,"accepted":true,"wall_s":2.962596494704485}
{"iteration":69,"score":86.66571111411338,"best":86.66571111411338,"gradient_rms":3.8724857944137323,"update_rms":0.00241758776361527,"accepted":true,"wall_s":2.9621556401252747}
{"iteration":70,"score":86.69722681284941,"best":86.69722681284941,"gradient_rms":1.5499595668705184,"update_rms":0.0018303122819652673,"accepted":true,"wall_s":2.9541607946157455}
{"iteration":71,"score":86.73420817168093,"best":86.73420817168093,"gradient_rms":3.8253904346849135,"update_rms":0.0020807049026932787,"accepted":true,"wall_s":3.1810288690030575}
{"iteration":72,"score":86.74420937351259,"best":86.74420937351259,"gradient_rms":2.9798151535418023,"update_rms":0.0018464527661934769,"accepted":true,"wall_s":2.9437063448131084}
{"iteration":73,"score":86.7757451079061,"best":86.7757451079061,"gradient_rms":2.1183411773723053,"update_rms":0.001612339326719119,"accepted":true,"wall_s":2.9429420344531536}
{"iteration":74,"score":86.80112380736325,"best":86.80112380736325,"gradient_rms":1.771658552469867,"update_rms":0.0014243966996866217,"accepted":true,"wall_s":2.994226511567831}
{"iteration":75,"score":86.8295193972843,"best":86.8295193972843,"gradient_rms":3.9657905028626894,"update_rms":0.001966985130138378,"accepted":true,"wall_s":3.1808012053370476}
{"iteration":76,"score":86.85814829525594,"best":86.85814829525594,"gradient_rms":3.5207866539606885,"update_rms":0.0020979308191397873,"accepted":true,"wall_s":2.9633841179311275}
{"iteration":77,"score":86.85561695578468,"best":86.85814829525594,"gradient_rms":2.2515645258075985,"update_rms":0.001723619315123878,"accepted":true,"wall_s":2.952224664390087}
{"iteration":78,"score":86.8816950274394,"best":86.8816950274394,"gradient_rms":1.1466833684134643,"update_rms":0.0013522128653117044,"accepted":true,"wall_s":2.8617971912026405}
{"iteration":79,"score":86.87661643856859,"best":86.8816950274394,"gradient_rms":3.5828196983964182,"update_rms":0.0018622013321772815,"accepted":true,"wall_s":2.9511758610606194}
{"iteration":80,"score":86.89339344617578,"best":86.89339344617578,"gradient_rms":1.685520491112239,"update_rms":0.0014942684761789806,"accepted":true,"wall_s":2.8634910620748997}
{"iteration":81,"score":86.84600268512484,"best":86.89339344617578,"gradient_rms":3.0277438649134427,"update_rms":0.001697866582131007,"accepted":true,"wall_s":2.9560443945229053}
{"iteration":82,"score":86.94791811740339,"best":86.94791811740339,"gradient_rms":2.7921947383139067,"update_rms":0.001680732591850113,"accepted":true,"wall_s":2.862982753664255}
{"iteration":83,"score":86.94626093493322,"best":86.94791811740339,"gradient_rms":2.4966536743184298,"update_rms":0.0016477621881724788,"accepted":true,"wall_s":2.943145338445902}
{"iteration":84,"score":86.97448973111602,"best":86.97448973111602,"gradient_rms":3.6753524229809234,"update_rms":0.0019453443971816748,"accepted":true,"wall_s":2.9513154961168766}
{"iteration":85,"score":86.99324395487658,"best":86.99324395487658,"gradient_rms":3.3904198018076883,"update_rms":0.0020885626824744363,"accepted":true,"wall_s":2.8561449237167835}
{"iteration":86,"score":86.8898455527534,"best":86.99324395487658,"gradient_rms":4.922242610523147,"update_rms":0.0026380367019720246,"accepted":true,"wall_s":2.9511468783020973}
{"iteration":87,"score":87.01236379984245,"best":87.01236379984245,"gradient_rms":1.3341408799058456,"update_rms":0.001968920605865403,"accepted":true,"wall_s":2.944169543683529}
{"iteration":88,"score":87.01834330035966,"best":87.01834330035966,"gradient_rms":2.7070238143028815,"update_rms":0.0018508306720695332,"accepted":true,"wall_s":2.9443702958524227}
{"iteration":89,"score":87.10175741293479,"best":87.10175741293479,"gradient_rms":2.8921243076855996,"update_rms":0.0017982298812697546,"accepted":true,"wall_s":2.9448064900934696}
{"iteration":90,"score":87.05338824307823,"best":87.10175741293479,"gradient_rms":2.86959635271477,"update_rms":0.0017610989124837893,"accepted":true,"wall_s":2.9524284563958645}
{"iteration":91,"score":87.10791949579887,"best":87.10791949579887,"gradient_rms":1.983775915695395,"update_rms":0.001569592476745694,"accepted":true,"wall_s":2.952871710062027}
{"iteration":92,"score":87.12058423264824,"best":87.12058423264824,"gradient_rms":3.11570586007595,"update_rms":0.0017899696463494427,"accepted":true,"wall_s":2.9489579908549786}
{"iteration":93,"score":87.04265135619104,"best":87.12058423264824,"gradient_rms":2.8395362558824404,"update_rms":0.0017824551222059492,"accepted":true,"wall_s":2.986356545239687}
{"iteration":94,"score":87.15673980303036,"best":87.15673980303036,"gradient_rms":3.212135959952062,"update_rms":0.0019797214545613415,"accepted":true,"wall_s":2.956167232245207}
{"iteration":95,"score":87.04857975456116,"best":87.15673980303036,"gradient_rms":4.4024617452601476,"update_rms":0.0024275658738359385,"accepted":true,"wall_s":2.9394668601453304}
{"iteration":96,"score":87.19430135460733,"best":87.19430135460733,"gradient_rms":5.001396946652172,"update_rms":0.0028646230692286495,"accepted":true,"wall_s":3.1759742721915245}
{"iteration":97,"score":87.05445153906027,"best":87.19430135460733,"gradient_rms":3.7654863299630694,"update_rms":0.00245796282328071,"accepted":true,"wall_s":2.9471097514033318}
{"iteration":98,"score":87.21973032030692,"best":87.21973032030692,"gradient_rms":2.63306534977341,"update_rms":0.0021476873865545884,"accepted":true,"wall_s":2.9485747925937176}
{"iteration":99,"score":87.16758376102332,"best":87.21973032030692,"gradient_rms":1.3269276941862163,"update_rms":0.0016493344431134393,"accepted":true,"wall_s":2.940096527338028}
{"iteration":100,"score":87.2333406418274,"best":87.2333406418274,"gradient_rms":4.129423514149958,"update_rms":0.002313670671748406,"accepted":true,"wall_s":2.8847839161753654}
{
  "status": "ok",
  "stop_reason": "completed_iterations",
  "initial_score": 78.67507710827425,
  "final_score": 87.2333406418274,
  "best_score": 87.2333406418274,
  "best_iteration": 100,
  "completed_iterations": 100,
  "completed_adam_steps": 100,
  "completed_optimizer_steps": 100,
  "total_wall_s": 304.9564395695925,
  "initial_decode_wall_s": 2.344879947602749,
  "initial_score_wall_s": 1.224885106086731,
  "mean_iteration_wall_s": 3.0484790331870317,
  "manifest": {
    "algorithm": "adam_with_query_batched_local_gradient",
    "optimizer": "adam",
    "parameter_space": "latent",
    "gradient_objective": "dynamic local full-density score with coordinate and maximum-surface-selection derivatives omitted",
    "formal_objective": "complete native QH score for every accepted center",
    "initial_case": "/home/scc/pb24511935/local_surface_evaluator/runs/summary1_review2_20260824/flow_pairs/cases/case_29.json",
    "initial_case_sha256": "14c133c4d3dfba50f28275365b5fe25566698949796a19da1aa2a0657c7089a9",
    "checkpoint": "/home/scc/pb24511935/local_surface_evaluator/runs/qh_flow_physical_lr_longselect_20260729/lr_3em4/checkpoint_latest.pt",
    "checkpoint_sha256": "39a3293a459e248a0d1ec062607a1a467128b14d8ca973aadd82e113532ab99f",
    "native_lib": "/home/scc/pb24511935/local_surface_evaluator/runs/summary1_review2_20260824/build_native/libstellarator_gpu.so",
    "native_lib_sha256": "7d3784e02172f5c3130bcf085efa8120dc059d5007daa4b18680edd97b077f94",
    "nfp": 3,
    "n_base_coils": 4,
    "iterations": 100,
    "max_wall_s": 4200.0,
    "flow": {
      "method": "rk4",
      "steps": 128,
      "dtype": "fp32",
      "use": "every gradient endpoint and accepted center"
    },
    "flow_pipeline": true,
    "coordinate_gradient": {
      "dimension": 400,
      "mode": "random-orthogonal",
      "random_directions": 2,
      "endpoint_count": 4,
      "perturbation": 0.005,
      "difference": "centered",
      "psi_grid": 48,
      "psi_iterations": 4,
      "alpha_iterations": 4,
      "formal_surface_theta_count": 128,
      "local_surface_theta_count": 64
    },
    "adam": {
      "learning_rate": 0.01,
      "beta1": 0.7,
      "beta2": 0.999,
      "epsilon": 1e-08,
      "weight_decay": 0.0
    },
    "bfgs": {
      "initial_trust_rms": 0.01,
      "min_trust_rms": 1e-05,
      "max_trust_rms": 0.05,
      "trust_growth": 1.2,
      "trust_shrink": 0.5,
      "min_improvement": 0.0
    },
    "seed": 2026082529,
    "axis_policy": "initial global search, then strict mixed-precision continuation",
    "devices": {
      "flow": 0,
      "score": 0
    },
    "initial_metadata_keys": [
      "flow_prior_screening",
      "nfp",
      "raw"
    ]
  }
}
{"iteration":1,"score":79.25647299054255,"best":79.25647299054255,"gradient_rms":67.53340106581646,"update_rms":0.009999999990782271,"accepted":true,"wall_s":1.9824509844183922}
{"iteration":2,"score":80.49257946365643,"best":80.49257946365643,"gradient_rms":78.80571753741881,"update_rms":0.007313460153325074,"accepted":true,"wall_s":1.9818129278719425}
{"iteration":3,"score":81.72375600227662,"best":81.72375600227662,"gradient_rms":100.46522576764457,"update_rms":0.006309106127610734,"accepted":true,"wall_s":1.966008860617876}
{"iteration":4,"score":82.74556816896016,"best":82.74556816896016,"gradient_rms":66.3414904101014,"update_rms":0.005339458606304662,"accepted":true,"wall_s":1.7315166592597961}
{"iteration":5,"score":83.74081702480115,"best":83.74081702480115,"gradient_rms":57.944318416806894,"update_rms":0.0046799270443329865,"accepted":true,"wall_s":1.9765652418136597}
{"iteration":6,"score":84.728049184825,"best":84.728049184825,"gradient_rms":124.63424611395729,"update_rms":0.0052245525825392715,"accepted":true,"wall_s":1.9605530351400375}
{"iteration":7,"score":84.73275087900296,"best":84.73275087900296,"gradient_rms":62.068945401104706,"update_rms":0.004460005391483585,"accepted":true,"wall_s":1.8649277873337269}
{"iteration":8,"score":84.23264146459532,"best":84.73275087900296,"gradient_rms":35.49539988593923,"update_rms":0.003517203729074542,"accepted":true,"wall_s":1.9632060378789902}
{"iteration":9,"score":83.86710773793773,"best":84.73275087900296,"gradient_rms":36.28278966285786,"update_rms":0.003021745392359267,"accepted":true,"wall_s":1.9617088586091995}
{"iteration":10,"score":83.93404404404828,"best":84.73275087900296,"gradient_rms":91.40162289003861,"update_rms":0.0041845279740905916,"accepted":true,"wall_s":1.9608039036393166}
{"iteration":11,"score":83.94623983964735,"best":84.73275087900296,"gradient_rms":21.48250192496848,"update_rms":0.003164121613872574,"accepted":true,"wall_s":1.9618730582296848}
{"iteration":12,"score":84.49585720557793,"best":84.73275087900296,"gradient_rms":92.67995992420825,"update_rms":0.004241813402391625,"accepted":true,"wall_s":1.9603256098926067}
{"iteration":13,"score":85.01004559713577,"best":85.01004559713577,"gradient_rms":60.22382155471562,"update_rms":0.0039983848270979975,"accepted":true,"wall_s":1.7377982437610626}
{"iteration":14,"score":85.07706117518123,"best":85.07706117518123,"gradient_rms":66.89301263500171,"update_rms":0.004023407273008951,"accepted":true,"wall_s":1.7356404103338718}
{"iteration":15,"score":84.76312774627327,"best":85.07706117518123,"gradient_rms":59.47395160805784,"update_rms":0.0037456955310134765,"accepted":true,"wall_s":1.9686092771589756}
{"iteration":16,"score":84.69417200898494,"best":85.07706117518123,"gradient_rms":87.83603412400112,"update_rms":0.004222968422368236,"accepted":true,"wall_s":1.73280581086874}
{"iteration":17,"score":85.12798231440205,"best":85.12798231440205,"gradient_rms":66.36894235137108,"update_rms":0.004050319736338043,"accepted":true,"wall_s":1.9637389183044434}
{"iteration":18,"score":85.80845738812647,"best":85.80845738812647,"gradient_rms":85.98754983519218,"update_rms":0.004556959006761541,"accepted":true,"wall_s":1.962862428277731}
{"iteration":19,"score":86.27582568702654,"best":86.27582568702654,"gradient_rms":64.02190106427945,"update_rms":0.004127225373012594,"accepted":true,"wall_s":1.9641651809215546}
{"iteration":20,"score":86.02379638951271,"best":86.27582568702654,"gradient_rms":79.23651127317974,"update_rms":0.004430267592503874,"accepted":true,"wall_s":1.971542064100504}
{"iteration":21,"score":85.22391281334558,"best":86.27582568702654,"gradient_rms":44.26735067558055,"update_rms":0.0034571737010538717,"accepted":true,"wall_s":1.9641012325882912}
{"iteration":22,"score":85.39918290603617,"best":86.27582568702654,"gradient_rms":126.61173114420409,"update_rms":0.005101015749217131,"accepted":true,"wall_s":1.9632989913225174}
{"iteration":23,"score":85.77447619815499,"best":86.27582568702654,"gradient_rms":129.0920776124234,"update_rms":0.0059880423699250375,"accepted":true,"wall_s":1.988656297326088}
{"iteration":24,"score":85.37964801309892,"best":86.27582568702654,"gradient_rms":52.927106117255015,"update_rms":0.004694374520358724,"accepted":true,"wall_s":1.9648176543414593}
{"iteration":25,"score":85.07156245746377,"best":86.27582568702654,"gradient_rms":90.62378134751256,"update_rms":0.004575233718715541,"accepted":true,"wall_s":1.965953379869461}
{"iteration":26,"score":84.90966366084591,"best":86.27582568702654,"gradient_rms":88.00946726555661,"update_rms":0.004600028903725207,"accepted":true,"wall_s":1.9655724465847015}
{"iteration":27,"score":84.69463470033506,"best":86.27582568702654,"gradient_rms":53.74750672856138,"update_rms":0.003833048696908738,"accepted":true,"wall_s":1.961247205734253}
{"iteration":28,"score":84.78851268650467,"best":86.27582568702654,"gradient_rms":55.47200281441647,"update_rms":0.003471763831996323,"accepted":true,"wall_s":1.9629243649542332}
{"iteration":29,"score":85.30873613245397,"best":86.27582568702654,"gradient_rms":93.36957551262127,"update_rms":0.004084781115158673,"accepted":true,"wall_s":1.963874313980341}
{"iteration":30,"score":85.49436362503725,"best":86.27582568702654,"gradient_rms":60.03547754731209,"update_rms":0.003647585441486989,"accepted":true,"wall_s":1.9645939767360687}
{"iteration":31,"score":85.93689792960062,"best":86.27582568702654,"gradient_rms":92.51754909829364,"update_rms":0.004409922395508482,"accepted":true,"wall_s":1.9610657319426537}
{"iteration":32,"score":86.33334419226196,"best":86.33334419226196,"gradient_rms":78.41243132009726,"update_rms":0.004372447658034814,"accepted":true,"wall_s":1.9669482968747616}
{"iteration":33,"score":86.21751761691839,"best":86.33334419226196,"gradient_rms":26.157844325944215,"update_rms":0.003275528810215714,"accepted":true,"wall_s":1.9661244750022888}
{"iteration":34,"score":86.01723967208346,"best":86.33334419226196,"gradient_rms":10.998005802070564,"update_rms":0.0024021774206863613,"accepted":true,"wall_s":1.9707686118781567}
{"iteration":35,"score":86.02307335493745,"best":86.33334419226196,"gradient_rms":67.1940600617497,"update_rms":0.0033929720786744135,"accepted":true,"wall_s":1.965538915246725}
{"iteration":36,"score":86.05702180055013,"best":86.33334419226196,"gradient_rms":36.15734127889699,"update_rms":0.002870226914210168,"accepted":true,"wall_s":1.9633640870451927}
{"iteration":37,"score":85.99555838911422,"best":86.33334419226196,"gradient_rms":40.90831555102437,"update_rms":0.002560770792709377,"accepted":true,"wall_s":1.9609734490513802}
{"iteration":38,"score":85.9788060663657,"best":86.33334419226196,"gradient_rms":46.782626975620644,"update_rms":0.0026537702422765835,"accepted":true,"wall_s":1.9629468023777008}
{"iteration":39,"score":86.16595874420427,"best":86.33334419226196,"gradient_rms":76.96064734898079,"update_rms":0.0036605420675477683,"accepted":true,"wall_s":1.9640831984579563}
{"iteration":40,"score":85.98998492093423,"best":86.33334419226196,"gradient_rms":15.755784384351477,"update_rms":0.0027449529315552103,"accepted":true,"wall_s":1.960377462208271}
{"iteration":41,"score":85.85005205801501,"best":86.33334419226196,"gradient_rms":36.38192511239253,"update_rms":0.0024574125102838247,"accepted":true,"wall_s":1.963566169142723}
{"iteration":42,"score":85.88992438022966,"best":86.33334419226196,"gradient_rms":53.714273746602956,"update_rms":0.0027998092975365374,"accepted":true,"wall_s":1.967160414904356}
{"iteration":43,"score":85.91267379959992,"best":86.33334419226196,"gradient_rms":20.457972639512516,"update_rms":0.0022281804153826443,"accepted":true,"wall_s":1.9727317579090595}
{"iteration":44,"score":85.84297520580027,"best":86.33334419226196,"gradient_rms":34.39786229997961,"update_rms":0.0021830834413690482,"accepted":true,"wall_s":1.74302189797163}
{"iteration":45,"score":86.05709999239933,"best":86.33334419226196,"gradient_rms":23.72235060185229,"update_rms":0.001893044259900925,"accepted":true,"wall_s":1.9744061082601547}
{"iteration":46,"score":86.21061372074698,"best":86.33334419226196,"gradient_rms":46.88831798388075,"update_rms":0.002533453000238407,"accepted":true,"wall_s":1.96963519603014}
{"iteration":47,"score":86.27315604333342,"best":86.33334419226196,"gradient_rms":36.1496423343532,"update_rms":0.0024653824769849545,"accepted":true,"wall_s":1.9735061153769493}
{"iteration":48,"score":86.22516200989514,"best":86.33334419226196,"gradient_rms":21.713098914469683,"update_rms":0.0020257216577106827,"accepted":true,"wall_s":1.7392379604279995}
{"iteration":49,"score":86.3410137266162,"best":86.3410137266162,"gradient_rms":21.136024564870535,"update_rms":0.0016807794261522852,"accepted":true,"wall_s":1.9979062713682652}
{"iteration":50,"score":86.4336300112268,"best":86.4336300112268,"gradient_rms":30.781918496871082,"update_rms":0.001836702023234802,"accepted":true,"wall_s":1.973943792283535}
{"iteration":51,"score":86.4967647834123,"best":86.4967647834123,"gradient_rms":38.24691496904822,"update_rms":0.0021990616682069464,"accepted":true,"wall_s":1.9755722098052502}
{"iteration":52,"score":86.46900166379461,"best":86.4967647834123,"gradient_rms":17.14960454567329,"update_rms":0.001716854138083196,"accepted":true,"wall_s":1.9706590808928013}
{"iteration":53,"score":86.47643675935639,"best":86.4967647834123,"gradient_rms":18.042941041947227,"update_rms":0.001443634618151593,"accepted":true,"wall_s":1.9701068699359894}
{"iteration":54,"score":86.50467397046579,"best":86.50467397046579,"gradient_rms":14.325297795600944,"update_rms":0.0012047488023400287,"accepted":true,"wall_s":1.9759924300014973}
{"iteration":55,"score":86.49816935116547,"best":86.50467397046579,"gradient_rms":16.64901225075602,"update_rms":0.001154117318977378,"accepted":true,"wall_s":1.9703666381537914}
{"iteration":56,"score":86.52082407413249,"best":86.52082407413249,"gradient_rms":10.989843481387222,"update_rms":0.0009169357643135693,"accepted":true,"wall_s":1.9773979559540749}
{"iteration":57,"score":86.57931623712871,"best":86.57931623712871,"gradient_rms":36.886148464414035,"update_rms":0.00189280474716633,"accepted":true,"wall_s":1.765007697045803}
{"iteration":58,"score":86.554928959406,"best":86.57931623712871,"gradient_rms":42.89095150143025,"update_rms":0.002576963950452841,"accepted":true,"wall_s":1.7372304052114487}
{"iteration":59,"score":86.76605617614022,"best":86.76605617614022,"gradient_rms":32.95980328912001,"update_rms":0.0023544720498584215,"accepted":true,"wall_s":1.9746325314044952}
{"iteration":60,"score":86.77872090895465,"best":86.77872090895465,"gradient_rms":31.79166301317344,"update_rms":0.0024030574242970408,"accepted":true,"wall_s":1.9742346219718456}
{"iteration":61,"score":86.31819460248182,"best":86.77872090895465,"gradient_rms":47.69341108171357,"update_rms":0.003072968687029571,"accepted":true,"wall_s":1.9648230969905853}
{"iteration":62,"score":85.84534874019184,"best":86.77872090895465,"gradient_rms":56.58793995228827,"update_rms":0.0034219634776067424,"accepted":true,"wall_s":1.9622495658695698}
{"iteration":63,"score":86.3197686509765,"best":86.77872090895465,"gradient_rms":94.65832480460283,"update_rms":0.005146759332436842,"accepted":true,"wall_s":1.9651693440973759}
{"iteration":64,"score":86.57912095939771,"best":86.77872090895465,"gradient_rms":34.97419247436755,"update_rms":0.0038737622430651294,"accepted":true,"wall_s":1.96899688616395}
{"iteration":65,"score":86.69680308339973,"best":86.77872090895465,"gradient_rms":44.55193079841326,"update_rms":0.0036381992324499442,"accepted":true,"wall_s":1.980847530066967}
{"iteration":66,"score":86.84027254521675,"best":86.84027254521675,"gradient_rms":46.47273038406307,"update_rms":0.0033663514174053707,"accepted":true,"wall_s":1.9741233251988888}
{"iteration":67,"score":86.88813802620294,"best":86.88813802620294,"gradient_rms":48.94421450440068,"update_rms":0.0031284716863447678,"accepted":true,"wall_s":1.9731351509690285}
{"iteration":68,"score":86.88368351792926,"best":86.88813802620294,"gradient_rms":43.043795555478574,"update_rms":0.0029921811780195366,"accepted":true,"wall_s":1.9723765328526497}
{"iteration":69,"score":87.02589929411182,"best":87.02589929411182,"gradient_rms":48.57923409759883,"update_rms":0.003095853591032595,"accepted":true,"wall_s":1.9723311997950077}
{"iteration":70,"score":87.30746294351027,"best":87.30746294351027,"gradient_rms":54.52017674857203,"update_rms":0.003444218477121542,"accepted":true,"wall_s":1.9654380716383457}
{"iteration":71,"score":87.37571511027473,"best":87.37571511027473,"gradient_rms":26.49658038028276,"update_rms":0.0027636232087129907,"accepted":true,"wall_s":1.9634697884321213}
{"iteration":72,"score":87.50339120951226,"best":87.50339120951226,"gradient_rms":42.13121759940605,"update_rms":0.0028792786592764133,"accepted":true,"wall_s":1.9629885740578175}
{"iteration":73,"score":87.59197294021554,"best":87.59197294021554,"gradient_rms":37.1643184107255,"update_rms":0.0027931588334941075,"accepted":true,"wall_s":1.9665244407951832}
{"iteration":74,"score":87.55228345367861,"best":87.59197294021554,"gradient_rms":17.19934437777096,"update_rms":0.002252517340723102,"accepted":true,"wall_s":1.962136685848236}
{"iteration":75,"score":87.51269840613746,"best":87.59197294021554,"gradient_rms":19.5207718569745,"update_rms":0.0018427489459612982,"accepted":true,"wall_s":1.7290009669959545}
{"iteration":76,"score":87.52174544314389,"best":87.59197294021554,"gradient_rms":23.672371252997753,"update_rms":0.001690268432738128,"accepted":true,"wall_s":1.9624776281416416}
{"iteration":77,"score":87.45593691894273,"best":87.59197294021554,"gradient_rms":27.71902060383222,"update_rms":0.0018675339212386264,"accepted":true,"wall_s":1.9596897140145302}
{"iteration":78,"score":87.26749039630303,"best":87.59197294021554,"gradient_rms":17.430905312879105,"update_rms":0.0015774977507187007,"accepted":true,"wall_s":2.393665414303541}
{"iteration":79,"score":87.06037885775456,"best":87.59197294021554,"gradient_rms":17.275769106401242,"update_rms":0.001433500289026732,"accepted":true,"wall_s":2.105422042310238}
{"iteration":80,"score":87.03548489141983,"best":87.59197294021554,"gradient_rms":32.639490564259376,"update_rms":0.002012066880571114,"accepted":true,"wall_s":1.8690601661801338}
{"iteration":81,"score":87.02965782445132,"best":87.59197294021554,"gradient_rms":25.87787174432568,"update_rms":0.001965444888900379,"accepted":true,"wall_s":1.9633058458566666}
{"iteration":82,"score":87.16539640548508,"best":87.59197294021554,"gradient_rms":113.85064459156284,"update_rms":0.005765212965772322,"accepted":true,"wall_s":1.965119294822216}
{"iteration":83,"score":86.48812679090886,"best":87.59197294021554,"gradient_rms":37.17747628058457,"update_rms":0.004331799190607406,"accepted":true,"wall_s":1.9651736803352833}
{"iteration":84,"score":85.62849023965485,"best":87.59197294021554,"gradient_rms":110.1118699831518,"update_rms":0.006256239953088131,"accepted":true,"wall_s":1.9738644436001778}
{"iteration":85,"score":85.6415569557527,"best":87.59197294021554,"gradient_rms":131.5740101645429,"update_rms":0.007509060130262628,"accepted":true,"wall_s":1.98275775462389}
{"iteration":86,"score":85.44418826467168,"best":87.59197294021554,"gradient_rms":10.069266280407131,"update_rms":0.005297556552550491,"accepted":true,"wall_s":1.9568474479019642}
{"iteration":87,"score":85.98065460706098,"best":87.59197294021554,"gradient_rms":98.48571753031037,"update_rms":0.0056159998323576064,"accepted":true,"wall_s":1.9715130291879177}
{"iteration":88,"score":86.0789914812779,"best":87.59197294021554,"gradient_rms":151.54470988220245,"update_rms":0.00789075243720987,"accepted":true,"wall_s":1.9600738696753979}
{"iteration":89,"score":84.25341109941903,"best":87.59197294021554,"gradient_rms":39.85316432160041,"update_rms":0.006020468447591616,"accepted":true,"wall_s":1.9701072983443737}
{"iteration":90,"score":83.43977592474255,"best":87.59197294021554,"gradient_rms":98.70721658615197,"update_rms":0.006300347206725924,"accepted":true,"wall_s":1.9635311029851437}
{"iteration":91,"score":83.58158864157167,"best":87.59197294021554,"gradient_rms":134.9869892793273,"update_rms":0.007764033228126929,"accepted":true,"wall_s":1.9655319154262543}
{"iteration":92,"score":83.05853372066993,"best":87.59197294021554,"gradient_rms":63.41109813606563,"update_rms":0.0062342951569376946,"accepted":true,"wall_s":2.0278356224298477}
{"iteration":93,"score":82.45733637684336,"best":87.59197294021554,"gradient_rms":50.13158949682349,"update_rms":0.004880602949995238,"accepted":true,"wall_s":1.9591715708374977}
{"iteration":94,"score":82.01231322763181,"best":87.59197294021554,"gradient_rms":32.81698597763297,"update_rms":0.0036712276016553046,"accepted":true,"wall_s":1.960031010210514}
{"iteration":95,"score":82.00203767098262,"best":87.59197294021554,"gradient_rms":54.704834993947856,"update_rms":0.0036741745868356856,"accepted":true,"wall_s":1.960759025067091}
{"iteration":96,"score":83.05889543046845,"best":87.59197294021554,"gradient_rms":122.45537381399069,"update_rms":0.00595111179201253,"accepted":true,"wall_s":1.7284512110054493}
{"iteration":97,"score":83.78838081999726,"best":87.59197294021554,"gradient_rms":59.22778528059191,"update_rms":0.005027600716831828,"accepted":true,"wall_s":1.9591139815747738}
{"iteration":98,"score":84.33416708493748,"best":87.59197294021554,"gradient_rms":79.14940227381926,"update_rms":0.004964808177602889,"accepted":true,"wall_s":1.9597034715116024}
{"iteration":99,"score":84.35942684700001,"best":87.59197294021554,"gradient_rms":47.12914301843586,"update_rms":0.004087895321017885,"accepted":true,"wall_s":1.9812464341521263}
{"iteration":100,"score":84.11995085914198,"best":87.59197294021554,"gradient_rms":15.75740094430614,"update_rms":0.0029920423874174396,"accepted":true,"wall_s":1.963277354836464}
{
  "status": "ok",
  "stop_reason": "completed_iterations",
  "initial_score": 78.68448127617057,
  "final_score": 84.11995085914198,
  "best_score": 87.59197294021554,
  "best_iteration": 73,
  "completed_iterations": 100,
  "completed_adam_steps": 100,
  "completed_optimizer_steps": 100,
  "total_wall_s": 195.08330689370632,
  "initial_decode_wall_s": 1.5300207324326038,
  "initial_score_wall_s": 0.7939368821680546,
  "mean_iteration_wall_s": 1.9489380380511283,
  "manifest": {
    "algorithm": "adam_with_query_batched_local_gradient",
    "optimizer": "adam",
    "parameter_space": "data",
    "gradient_objective": "dynamic local full-density score with coordinate and maximum-surface-selection derivatives omitted",
    "formal_objective": "complete native QH score for every accepted center",
    "initial_case": "/home/scc/pb24511935/local_surface_evaluator/runs/summary1_review2_20260824/flow_pairs/cases/case_29.json",
    "initial_case_sha256": "14c133c4d3dfba50f28275365b5fe25566698949796a19da1aa2a0657c7089a9",
    "checkpoint": "/home/scc/pb24511935/local_surface_evaluator/runs/qh_flow_physical_lr_longselect_20260729/lr_3em4/checkpoint_latest.pt",
    "checkpoint_sha256": "39a3293a459e248a0d1ec062607a1a467128b14d8ca973aadd82e113532ab99f",
    "native_lib": "/home/scc/pb24511935/local_surface_evaluator/runs/summary1_review2_20260824/build_native/libstellarator_gpu.so",
    "native_lib_sha256": "7d3784e02172f5c3130bcf085efa8120dc059d5007daa4b18680edd97b077f94",
    "nfp": 3,
    "n_base_coils": 4,
    "iterations": 100,
    "max_wall_s": 4200.0,
    "flow": {
      "method": "rk4",
      "steps": 128,
      "dtype": "fp32",
      "use": "initial latent-to-coil decode only"
    },
    "flow_pipeline": false,
    "coordinate_gradient": {
      "dimension": 400,
      "mode": "random-orthogonal",
      "random_directions": 2,
      "endpoint_count": 4,
      "perturbation": 0.0025,
      "difference": "centered",
      "psi_grid": 48,
      "psi_iterations": 4,
      "alpha_iterations": 4,
      "formal_surface_theta_count": 128,
      "local_surface_theta_count": 64
    },
    "adam": {
      "learning_rate": 0.01,
      "beta1": 0.7,
      "beta2": 0.999,
      "epsilon": 1e-08,
      "weight_decay": 0.0
    },
    "bfgs": {
      "initial_trust_rms": 0.01,
      "min_trust_rms": 1e-05,
      "max_trust_rms": 0.05,
      "trust_growth": 1.2,
      "trust_shrink": 0.5,
      "min_improvement": 0.0
    },
    "seed": 2026082529,
    "axis_policy": "initial global search, then strict mixed-precision continuation",
    "devices": {
      "flow": 0,
      "score": 0
    },
    "initial_metadata_keys": [
      "flow_prior_screening",
      "nfp",
      "raw"
    ],
    "data_parameterization": {
      "definition": "per-coordinate training-set standardization",
      "physical_mapping": "CoilNormalizer.inverse with canonical current L1/sign",
      "initial_clipped_fraction": 0.0,
      "initial_roundtrip_relative_rms": 8.972323008135787e-08,
      "flow_calls_after_initialization": 0
    }
  }
}
