{"iteration":1,"score":68.88142347273627,"best":69.84008119313387,"gradient_rms":385.2926137275533,"update_rms":0.009999999974995483,"accepted":true,"wall_s":4.2805511094629765}
{"iteration":2,"score":69.80883531092113,"best":69.84008119313387,"gradient_rms":113.06502742050387,"update_rms":0.0065223177372905955,"accepted":true,"wall_s":3.1302997432649136}
{"iteration":3,"score":71.1561146523977,"best":71.1561146523977,"gradient_rms":140.75436705079218,"update_rms":0.005207968257033751,"accepted":true,"wall_s":3.126961626112461}
{"iteration":4,"score":72.74607853681162,"best":72.74607853681162,"gradient_rms":122.18625758183867,"update_rms":0.00461134267265759,"accepted":true,"wall_s":3.1079976223409176}
{"iteration":5,"score":73.50336607725316,"best":73.50336607725316,"gradient_rms":216.94399249021166,"update_rms":0.00484210898030737,"accepted":true,"wall_s":3.112468633800745}
{"iteration":6,"score":74.14928713426353,"best":74.14928713426353,"gradient_rms":3.3444716407012884,"update_rms":0.003509291157229745,"accepted":true,"wall_s":3.1094206981360912}
{"iteration":7,"score":74.41356611286042,"best":74.41356611286042,"gradient_rms":22.074509169464733,"update_rms":0.0026273687751755047,"accepted":true,"wall_s":3.1088310852646828}
{"iteration":8,"score":74.4738376528908,"best":74.4738376528908,"gradient_rms":2.255942188481425,"update_rms":0.0019175644232001174,"accepted":true,"wall_s":3.1113709658384323}
{"iteration":9,"score":74.52175173993233,"best":74.52175173993233,"gradient_rms":6.518606351667839,"update_rms":0.0014054684195779698,"accepted":true,"wall_s":3.018320444971323}
{"iteration":10,"score":74.55954838484834,"best":74.55954838484834,"gradient_rms":6.819411512946843,"update_rms":0.00104878775474885,"accepted":true,"wall_s":3.0252864584326744}
{"iteration":11,"score":74.50753177634131,"best":74.55954838484834,"gradient_rms":9.23362660057098,"update_rms":0.0008120460114784177,"accepted":true,"wall_s":2.8899213410913944}
{"iteration":12,"score":74.59062695318723,"best":74.59062695318723,"gradient_rms":12.679693329899594,"update_rms":0.0007007775990664518,"accepted":true,"wall_s":2.8807787969708443}
{"iteration":13,"score":74.6358529173093,"best":74.6358529173093,"gradient_rms":17.18578670531617,"update_rms":0.0007972190455661422,"accepted":true,"wall_s":2.8830338194966316}
{"iteration":14,"score":74.6541754076002,"best":74.6541754076002,"gradient_rms":2.9222006481981895,"update_rms":0.0005807502206618692,"accepted":true,"wall_s":2.888677731156349}
{"iteration":15,"score":74.66944354127939,"best":74.66944354127939,"gradient_rms":11.084318364844924,"update_rms":0.0005562005300048558,"accepted":true,"wall_s":2.8970495499670506}
{"iteration":16,"score":74.67703557657254,"best":74.67703557657254,"gradient_rms":29.371938822016965,"update_rms":0.0010727017117636262,"accepted":true,"wall_s":3.112190183252096}
{"iteration":17,"score":74.70613857596251,"best":74.70613857596251,"gradient_rms":15.94710125615675,"update_rms":0.0009881141131116986,"accepted":true,"wall_s":3.1101692244410515}
{"iteration":18,"score":74.72536706605314,"best":74.72536706605314,"gradient_rms":10.561703654675101,"update_rms":0.0008120629847565205,"accepted":true,"wall_s":3.1126417480409145}
{"iteration":19,"score":74.75521369737999,"best":74.75521369737999,"gradient_rms":4.575092276921706,"update_rms":0.0006274355860402603,"accepted":true,"wall_s":3.11044954136014}
{"iteration":20,"score":74.71250527832419,"best":74.75521369737999,"gradient_rms":14.919482330486778,"update_rms":0.0007255404123754126,"accepted":true,"wall_s":2.880865503102541}
{"iteration":21,"score":74.76591876070574,"best":74.76591876070574,"gradient_rms":0.7999857065938906,"update_rms":0.0005203276507733598,"accepted":true,"wall_s":2.7892097495496273}
{"iteration":22,"score":74.71457630288536,"best":74.76591876070574,"gradient_rms":14.008596414826467,"update_rms":0.000661505058293335,"accepted":true,"wall_s":2.86846761777997}
{"iteration":23,"score":74.77789028809052,"best":74.77789028809052,"gradient_rms":21.772695555278176,"update_rms":0.0010244845734209797,"accepted":true,"wall_s":2.869744408875704}
{"iteration":24,"score":74.83509488107181,"best":74.83509488107181,"gradient_rms":10.981835386826882,"update_rms":0.0008772259761607965,"accepted":true,"wall_s":2.88573906943202}
{"iteration":25,"score":74.85762634849412,"best":74.85762634849412,"gradient_rms":9.632383345914377,"update_rms":0.0007331322040733725,"accepted":true,"wall_s":2.8874560445547104}
{"iteration":26,"score":74.89091495356728,"best":74.89091495356728,"gradient_rms":3.219068753523747,"update_rms":0.0005374302665674566,"accepted":true,"wall_s":2.8822511695325375}
{"iteration":27,"score":74.89471137497884,"best":74.89471137497884,"gradient_rms":5.1978566540121065,"update_rms":0.00045928561484863834,"accepted":true,"wall_s":2.895604018121958}
{"iteration":28,"score":74.90857700166956,"best":74.90857700166956,"gradient_rms":1.8502298380779922,"update_rms":0.0003407604542148896,"accepted":true,"wall_s":2.884679540991783}
{"iteration":29,"score":74.92980635913855,"best":74.92980635913855,"gradient_rms":4.470491191092702,"update_rms":0.00033174361561614027,"accepted":true,"wall_s":2.794113803654909}
{"iteration":30,"score":74.93156750140962,"best":74.93156750140962,"gradient_rms":6.016999527524113,"update_rms":0.0003972038627358156,"accepted":true,"wall_s":2.8896137326955795}
{"iteration":31,"score":74.92333668269531,"best":74.93156750140962,"gradient_rms":3.9121933763400514,"update_rms":0.00034190083977093965,"accepted":true,"wall_s":2.8918625004589558}
{"iteration":32,"score":74.94043254107962,"best":74.94043254107962,"gradient_rms":14.987700401610294,"update_rms":0.0007546931988533782,"accepted":true,"wall_s":2.8914478830993176}
{"iteration":33,"score":74.97986858167455,"best":74.97986858167455,"gradient_rms":6.868645253536115,"update_rms":0.0006433677789982977,"accepted":true,"wall_s":2.895112734287977}
{"iteration":34,"score":75.0135384056971,"best":75.0135384056971,"gradient_rms":2.8910335110997574,"update_rms":0.000488250649549627,"accepted":true,"wall_s":2.8978228867053986}
{"iteration":35,"score":75.05459281290818,"best":75.05459281290818,"gradient_rms":12.453016814866983,"update_rms":0.0007440127744157957,"accepted":true,"wall_s":2.7892389446496964}
{"iteration":36,"score":75.08894835180715,"best":75.08894835180715,"gradient_rms":8.143026730422068,"update_rms":0.0006925217157274205,"accepted":true,"wall_s":2.8912333212792873}
{"iteration":37,"score":75.12352488601532,"best":75.12352488601532,"gradient_rms":9.547113579437015,"update_rms":0.0007126061063197485,"accepted":true,"wall_s":2.790454838424921}
{"iteration":38,"score":75.13019828226861,"best":75.13019828226861,"gradient_rms":6.669617208332716,"update_rms":0.0006446776389919804,"accepted":true,"wall_s":2.876921024173498}
{"iteration":39,"score":75.16231843476783,"best":75.16231843476783,"gradient_rms":4.955490167513025,"update_rms":0.0005150801781133505,"accepted":true,"wall_s":2.882949262857437}
{"iteration":40,"score":75.2166833390672,"best":75.2166833390672,"gradient_rms":8.509578348952482,"update_rms":0.0005555938097549763,"accepted":true,"wall_s":2.8868178837001324}
{"iteration":41,"score":75.09747090470219,"best":75.2166833390672,"gradient_rms":20.702245583773053,"update_rms":0.0012327587871769005,"accepted":true,"wall_s":2.880122307687998}
{"iteration":42,"score":75.2665292647333,"best":75.2665292647333,"gradient_rms":14.684940403337974,"update_rms":0.0012364601495428943,"accepted":true,"wall_s":3.1183493062853813}
{"iteration":43,"score":75.2288177232137,"best":75.2665292647333,"gradient_rms":7.788832534676393,"update_rms":0.0009681157130049752,"accepted":true,"wall_s":2.8899649530649185}
{"iteration":44,"score":75.32517945538504,"best":75.32517945538504,"gradient_rms":10.109705747520506,"update_rms":0.0009519895999519147,"accepted":true,"wall_s":2.884600415825844}
{"iteration":45,"score":75.34898019830446,"best":75.34898019830446,"gradient_rms":6.271096474159844,"update_rms":0.0007938240894995006,"accepted":true,"wall_s":2.8864982165396214}
{"iteration":46,"score":75.37773653163703,"best":75.37773653163703,"gradient_rms":0.892605698207978,"update_rms":0.0005589044803473872,"accepted":true,"wall_s":2.8840513713657856}
{"iteration":47,"score":75.38826036574159,"best":75.38826036574159,"gradient_rms":1.7976577789295205,"update_rms":0.0004014599114234366,"accepted":true,"wall_s":2.8757308200001717}
{"iteration":48,"score":75.4053752756651,"best":75.4053752756651,"gradient_rms":6.874003373957421,"update_rms":0.0004944611575163666,"accepted":true,"wall_s":2.8928536996245384}
{"iteration":49,"score":75.43899711133791,"best":75.43899711133791,"gradient_rms":10.225610998523928,"update_rms":0.0007353168924753945,"accepted":true,"wall_s":2.797481182962656}
{"iteration":50,"score":75.41223606995331,"best":75.43899711133791,"gradient_rms":13.968737949485684,"update_rms":0.0009970053269423974,"accepted":true,"wall_s":2.887115191668272}
{"iteration":51,"score":75.44001332936074,"best":75.44001332936074,"gradient_rms":9.39773969839617,"update_rms":0.0009902461176309525,"accepted":true,"wall_s":2.88171848282218}
{"iteration":52,"score":75.54457009027865,"best":75.54457009027865,"gradient_rms":10.144698439603864,"update_rms":0.0009413812152570759,"accepted":true,"wall_s":2.8970107473433018}
{"iteration":53,"score":75.55755177457863,"best":75.55755177457863,"gradient_rms":3.35574701858559,"update_rms":0.0007053364947044961,"accepted":true,"wall_s":2.896592453122139}
{"iteration":54,"score":75.60959871783275,"best":75.60959871783275,"gradient_rms":6.765972272444142,"update_rms":0.0006989958431408266,"accepted":true,"wall_s":2.892032753676176}
{"iteration":55,"score":75.5764367050549,"best":75.60959871783275,"gradient_rms":7.794056850376784,"update_rms":0.0006996583483807506,"accepted":true,"wall_s":2.8913829550147057}
{"iteration":56,"score":75.60735982663205,"best":75.60959871783275,"gradient_rms":4.556511004536503,"update_rms":0.0005586419411397693,"accepted":true,"wall_s":2.8900428861379623}
{"iteration":57,"score":75.64639205642824,"best":75.64639205642824,"gradient_rms":6.528625490036768,"update_rms":0.0006016109800562226,"accepted":true,"wall_s":2.8933451622724533}
{"iteration":58,"score":75.67181608621136,"best":75.67181608621136,"gradient_rms":7.822485686746184,"update_rms":0.0006206900327384657,"accepted":true,"wall_s":2.8856983333826065}
{"iteration":59,"score":75.70082194869764,"best":75.70082194869764,"gradient_rms":7.573590535655366,"update_rms":0.0006680883075480874,"accepted":true,"wall_s":2.8875591419637203}
{"iteration":60,"score":75.7216809294207,"best":75.7216809294207,"gradient_rms":10.116292223897966,"update_rms":0.0007695784490761359,"accepted":true,"wall_s":2.8926909677684307}
{"iteration":61,"score":75.73668726819722,"best":75.73668726819722,"gradient_rms":7.832723347716475,"update_rms":0.000714094392539988,"accepted":true,"wall_s":2.887685101479292}
{"iteration":62,"score":75.76434244959744,"best":75.76434244959744,"gradient_rms":3.611517079154893,"update_rms":0.0005313362610725485,"accepted":true,"wall_s":2.8904253616929054}
{"iteration":63,"score":75.77537194182031,"best":75.77537194182031,"gradient_rms":8.770434027492199,"update_rms":0.0007675690020611476,"accepted":true,"wall_s":2.8973827585577965}
{"iteration":64,"score":75.76380334224933,"best":75.77537194182031,"gradient_rms":7.949187977066334,"update_rms":0.0007448679185786684,"accepted":true,"wall_s":2.897427387535572}
{"iteration":65,"score":75.82358382315688,"best":75.82358382315688,"gradient_rms":3.2584788990036992,"update_rms":0.0005677769768107281,"accepted":true,"wall_s":2.8945955224335194}
{"iteration":66,"score":75.84932890166311,"best":75.84932890166311,"gradient_rms":4.349556759575435,"update_rms":0.0004913531487991786,"accepted":true,"wall_s":2.893094513565302}
{"iteration":67,"score":75.89849337634877,"best":75.89849337634877,"gradient_rms":16.058280195017897,"update_rms":0.0012095489695452995,"accepted":true,"wall_s":2.8904104083776474}
{"iteration":68,"score":75.93535213195503,"best":75.93535213195503,"gradient_rms":7.959098289467569,"update_rms":0.0010925452018513684,"accepted":true,"wall_s":2.891988903284073}
{"iteration":69,"score":75.93703494487904,"best":75.93703494487904,"gradient_rms":5.938411094963071,"update_rms":0.0008526237386486793,"accepted":true,"wall_s":2.892954770475626}
{"iteration":70,"score":75.97299621554346,"best":75.97299621554346,"gradient_rms":5.226833857460028,"update_rms":0.0006965974065920632,"accepted":true,"wall_s":2.8912493623793125}
{"iteration":71,"score":76.00406094154167,"best":76.00406094154167,"gradient_rms":6.89552481855442,"update_rms":0.0007005025852525702,"accepted":true,"wall_s":2.888487797230482}
{"iteration":72,"score":76.0170150515686,"best":76.0170150515686,"gradient_rms":9.352178393179036,"update_rms":0.00078115607208231,"accepted":true,"wall_s":2.89059504494071}
{"iteration":73,"score":76.0241856189867,"best":76.0241856189867,"gradient_rms":0.22709558241908342,"update_rms":0.0005514786658284634,"accepted":true,"wall_s":2.910463284701109}
{"iteration":74,"score":76.01433812829285,"best":76.0241856189867,"gradient_rms":3.5611144458050115,"update_rms":0.00046586757810437624,"accepted":true,"wall_s":2.895208179950714}
{"iteration":75,"score":76.0486263145618,"best":76.0486263145618,"gradient_rms":4.123036192649515,"update_rms":0.0004361547044893911,"accepted":true,"wall_s":2.892778415232897}
{"iteration":76,"score":76.04886478328459,"best":76.04886478328459,"gradient_rms":8.615731682959742,"update_rms":0.0007226793983938363,"accepted":true,"wall_s":2.8890467509627342}
{"iteration":77,"score":76.07598111984942,"best":76.07598111984942,"gradient_rms":7.749868604003891,"update_rms":0.0007506153765577456,"accepted":true,"wall_s":2.8880494572222233}
{"iteration":78,"score":76.10381049384682,"best":76.10381049384682,"gradient_rms":8.5504036215143,"update_rms":0.0008071303346309845,"accepted":true,"wall_s":2.888151977211237}
{"iteration":79,"score":76.11801047947691,"best":76.11801047947691,"gradient_rms":4.360600514058118,"update_rms":0.0006649872619351178,"accepted":true,"wall_s":2.8871807865798473}
{"iteration":80,"score":76.12836349882397,"best":76.12836349882397,"gradient_rms":0.38240852218140386,"update_rms":0.0004675574299162024,"accepted":true,"wall_s":2.7972257137298584}
{"iteration":81,"score":76.14691165177315,"best":76.14691165177315,"gradient_rms":9.54410116376323,"update_rms":0.0008552947110181874,"accepted":true,"wall_s":2.891019321978092}
{"iteration":82,"score":76.14537405067858,"best":76.14691165177315,"gradient_rms":5.185446458411142,"update_rms":0.0007453951389542586,"accepted":true,"wall_s":2.8877586126327515}
{"iteration":83,"score":76.16704187810959,"best":76.16704187810959,"gradient_rms":4.280685228487943,"update_rms":0.0005992166459481306,"accepted":true,"wall_s":2.8896223306655884}
{"iteration":84,"score":76.17547376440842,"best":76.17547376440842,"gradient_rms":6.158601242752368,"update_rms":0.0006734556666772054,"accepted":true,"wall_s":2.881962265819311}
{"iteration":85,"score":76.20480617499625,"best":76.20480617499625,"gradient_rms":9.32843405194883,"update_rms":0.0008192394814062782,"accepted":true,"wall_s":2.895415436476469}
{"iteration":86,"score":76.1178296349507,"best":76.20480617499625,"gradient_rms":8.22884790284119,"update_rms":0.0008651924746890123,"accepted":true,"wall_s":2.8908589854836464}
{"iteration":87,"score":76.21824615519435,"best":76.21824615519435,"gradient_rms":12.547810032904678,"update_rms":0.0012190160468576216,"accepted":true,"wall_s":3.1184220872819424}
{"iteration":88,"score":76.24055365899646,"best":76.24055365899646,"gradient_rms":6.209846415453475,"update_rms":0.0009928431741272343,"accepted":true,"wall_s":3.1107908077538013}
{"iteration":89,"score":76.16550338643779,"best":76.24055365899646,"gradient_rms":3.212139887474187,"update_rms":0.0007547030434717063,"accepted":true,"wall_s":2.787954431027174}
{"iteration":90,"score":76.2376280532739,"best":76.24055365899646,"gradient_rms":6.069047090486752,"update_rms":0.0007198027287548956,"accepted":true,"wall_s":2.8882929421961308}
{"iteration":91,"score":76.25434627013286,"best":76.25434627013286,"gradient_rms":4.803981401540448,"update_rms":0.0006711117120289231,"accepted":true,"wall_s":2.7977500297129154}
{"iteration":92,"score":76.2725760153759,"best":76.2725760153759,"gradient_rms":2.5912310302529415,"update_rms":0.0005121198860468553,"accepted":true,"wall_s":2.8981947042047977}
{"iteration":93,"score":76.29094299589569,"best":76.29094299589569,"gradient_rms":18.069139430074596,"update_rms":0.0015658970754545722,"accepted":true,"wall_s":2.8949558585882187}
{"iteration":94,"score":76.32492335298474,"best":76.32492335298474,"gradient_rms":2.273984569489155,"update_rms":0.0011244055418029649,"accepted":true,"wall_s":2.80520773306489}
{"iteration":95,"score":76.37929734810547,"best":76.37929734810547,"gradient_rms":6.17125083896628,"update_rms":0.0009371793401417129,"accepted":true,"wall_s":2.8953067660331726}
{"iteration":96,"score":76.38030683004928,"best":76.38030683004928,"gradient_rms":0.9110576281526396,"update_rms":0.0006531138890959888,"accepted":true,"wall_s":2.8944657184183598}
{"iteration":97,"score":76.36607993496973,"best":76.38030683004928,"gradient_rms":8.05033149219952,"update_rms":0.0008243895592767108,"accepted":true,"wall_s":2.879413850605488}
{"iteration":98,"score":76.42602402612569,"best":76.42602402612569,"gradient_rms":10.354449519848577,"update_rms":0.0010489349334828904,"accepted":true,"wall_s":2.9007209092378616}
{"iteration":99,"score":76.4634340796466,"best":76.4634340796466,"gradient_rms":20.260414297653366,"update_rms":0.0018637731134219522,"accepted":true,"wall_s":2.8759724274277687}
{"iteration":100,"score":76.49972626656974,"best":76.49972626656974,"gradient_rms":7.0129406068587,"update_rms":0.001487704005429265,"accepted":true,"wall_s":2.8028289303183556}
{
  "status": "ok",
  "stop_reason": "completed_iterations",
  "initial_score": 69.84008119313387,
  "final_score": 76.49972626656974,
  "best_score": 76.49972626656974,
  "best_iteration": 100,
  "completed_iterations": 100,
  "completed_adam_steps": 100,
  "completed_optimizer_steps": 100,
  "total_wall_s": 292.8683146312833,
  "initial_decode_wall_s": 2.3270488902926445,
  "initial_score_wall_s": 1.0674702115356922,
  "mean_iteration_wall_s": 2.927841832563281,
  "manifest": {
    "algorithm": "adam_with_query_batched_local_gradient",
    "optimizer": "adam",
    "parameter_space": "latent",
    "gradient_objective": "dynamic local full-density score with coordinate and maximum-surface-selection derivatives omitted",
    "formal_objective": "complete native QH score for every accepted center",
    "initial_case": "/home/scc/pb24511935/local_surface_evaluator/runs/summary1_review2_20260824/flow_pairs/cases/case_02.json",
    "initial_case_sha256": "a269f8a4a5f3dc609afeb49998ef5809c71ffa73f89fd7ed294abd5b82b3e7a4",
    "checkpoint": "/home/scc/pb24511935/local_surface_evaluator/runs/qh_flow_physical_lr_longselect_20260729/lr_3em4/checkpoint_latest.pt",
    "checkpoint_sha256": "39a3293a459e248a0d1ec062607a1a467128b14d8ca973aadd82e113532ab99f",
    "native_lib": "/home/scc/pb24511935/local_surface_evaluator/runs/summary1_review2_20260824/build_native/libstellarator_gpu.so",
    "native_lib_sha256": "7d3784e02172f5c3130bcf085efa8120dc059d5007daa4b18680edd97b077f94",
    "nfp": 3,
    "n_base_coils": 4,
    "iterations": 100,
    "max_wall_s": 4200.0,
    "flow": {
      "method": "rk4",
      "steps": 128,
      "dtype": "fp32",
      "use": "every gradient endpoint and accepted center"
    },
    "flow_pipeline": true,
    "coordinate_gradient": {
      "dimension": 400,
      "mode": "random-orthogonal",
      "random_directions": 2,
      "endpoint_count": 4,
      "perturbation": 0.005,
      "difference": "centered",
      "psi_grid": 48,
      "psi_iterations": 4,
      "alpha_iterations": 4,
      "formal_surface_theta_count": 128,
      "local_surface_theta_count": 64
    },
    "adam": {
      "learning_rate": 0.01,
      "beta1": 0.7,
      "beta2": 0.999,
      "epsilon": 1e-08,
      "weight_decay": 0.0
    },
    "bfgs": {
      "initial_trust_rms": 0.01,
      "min_trust_rms": 1e-05,
      "max_trust_rms": 0.05,
      "trust_growth": 1.2,
      "trust_shrink": 0.5,
      "min_improvement": 0.0
    },
    "seed": 2026082502,
    "axis_policy": "initial global search, then strict mixed-precision continuation",
    "devices": {
      "flow": 0,
      "score": 0
    },
    "initial_metadata_keys": [
      "flow_prior_screening",
      "nfp",
      "raw"
    ]
  }
}
{"iteration":1,"score":73.19997003687745,"best":73.19997003687745,"gradient_rms":121.49289421821007,"update_rms":0.009999999994314952,"accepted":true,"wall_s":1.8808082304894924}
{"iteration":2,"score":72.7181783921773,"best":73.19997003687745,"gradient_rms":838.6540564231633,"update_rms":0.008116327939472992,"accepted":true,"wall_s":1.9077840335667133}
{"iteration":3,"score":72.22745210880666,"best":73.19997003687745,"gradient_rms":154.67235786689756,"update_rms":0.005707288887382184,"accepted":true,"wall_s":1.937917586416006}
{"iteration":4,"score":71.94611421114011,"best":73.19997003687745,"gradient_rms":21.292332940109013,"update_rms":0.0040545301213404696,"accepted":true,"wall_s":1.9395059905946255}
{"iteration":5,"score":71.90829994349754,"best":73.19997003687745,"gradient_rms":67.90791072610507,"update_rms":0.0032236363331563365,"accepted":true,"wall_s":2.060693144798279}
{"iteration":6,"score":72.05608585633195,"best":73.19997003687745,"gradient_rms":65.38106374238541,"update_rms":0.0026615078371824367,"accepted":true,"wall_s":1.7160994857549667}
{"iteration":7,"score":72.06276421239183,"best":73.19997003687745,"gradient_rms":133.29370984406464,"update_rms":0.002899246056025517,"accepted":true,"wall_s":1.9386836923658848}
{"iteration":8,"score":72.06657578711992,"best":73.19997003687745,"gradient_rms":44.1425335393062,"update_rms":0.0022506256690953386,"accepted":true,"wall_s":1.9407955929636955}
{"iteration":9,"score":72.02209069113962,"best":73.19997003687745,"gradient_rms":35.03336168851525,"update_rms":0.0017899493842486781,"accepted":true,"wall_s":1.72145526856184}
{"iteration":10,"score":72.00716702157979,"best":73.19997003687745,"gradient_rms":8.65842861707926,"update_rms":0.001339895106549741,"accepted":true,"wall_s":1.7071014307439327}
{"iteration":11,"score":72.46275606524148,"best":73.19997003687745,"gradient_rms":81.51412677148495,"update_rms":0.002024780875320586,"accepted":true,"wall_s":1.9367512948811054}
{"iteration":12,"score":72.82276533459827,"best":73.19997003687745,"gradient_rms":55.20058841208589,"update_rms":0.0019990430495799637,"accepted":true,"wall_s":1.9353817589581013}
{"iteration":13,"score":73.20958566388896,"best":73.20958566388896,"gradient_rms":65.89012152726114,"update_rms":0.00211896162842195,"accepted":true,"wall_s":1.7108986154198647}
{"iteration":14,"score":73.71499176121708,"best":73.71499176121708,"gradient_rms":56.404769487746215,"update_rms":0.0019329553873858624,"accepted":true,"wall_s":1.9397298954427242}
{"iteration":15,"score":74.05488457931652,"best":74.05488457931652,"gradient_rms":37.90971910901263,"update_rms":0.0016313297359108112,"accepted":true,"wall_s":1.9405397176742554}
{"iteration":16,"score":74.62177521385618,"best":74.62177521385618,"gradient_rms":63.93444101990734,"update_rms":0.0018960984429062105,"accepted":true,"wall_s":1.9379606284201145}
{"iteration":17,"score":75.01234158170956,"best":75.01234158170956,"gradient_rms":40.309017233439576,"update_rms":0.0016688179757893822,"accepted":true,"wall_s":1.9397635236382484}
{"iteration":18,"score":75.39533842762336,"best":75.39533842762336,"gradient_rms":31.566103531509473,"update_rms":0.0015552309632845902,"accepted":true,"wall_s":1.9500487633049488}
{"iteration":19,"score":75.43565862149734,"best":75.43565862149734,"gradient_rms":33.38496781294001,"update_rms":0.0014208407125506568,"accepted":true,"wall_s":1.9431163221597672}
{"iteration":20,"score":75.13308785494809,"best":75.43565862149734,"gradient_rms":37.522848318609455,"update_rms":0.0014576655078887507,"accepted":true,"wall_s":1.976219180971384}
{"iteration":21,"score":76.0981708062951,"best":76.0981708062951,"gradient_rms":21.80114727241218,"update_rms":0.0011800802814588504,"accepted":true,"wall_s":1.7137265913188457}
{"iteration":22,"score":75.57025682318503,"best":76.0981708062951,"gradient_rms":24.44036418633329,"update_rms":0.0010659618786311473,"accepted":true,"wall_s":1.7072805427014828}
{"iteration":23,"score":75.26031710151132,"best":76.0981708062951,"gradient_rms":42.654421340892306,"update_rms":0.0012990420907754228,"accepted":true,"wall_s":1.9400446638464928}
{"iteration":24,"score":75.55545336189955,"best":76.0981708062951,"gradient_rms":175.26877137062596,"update_rms":0.004094854082838907,"accepted":true,"wall_s":1.9317823238670826}
{"iteration":25,"score":75.8956873260096,"best":76.0981708062951,"gradient_rms":260.70525115534997,"update_rms":0.0058343991655120395,"accepted":true,"wall_s":1.8972132876515388}
{"iteration":26,"score":74.67520988580986,"best":76.0981708062951,"gradient_rms":65.19743920386598,"update_rms":0.00442393876370527,"accepted":true,"wall_s":1.8612957075238228}
{"iteration":27,"score":74.54886855340521,"best":76.0981708062951,"gradient_rms":96.99179479535016,"update_rms":0.004009219411520324,"accepted":true,"wall_s":1.8590137176215649}
{"iteration":28,"score":74.70143630917465,"best":76.0981708062951,"gradient_rms":294.5803822551083,"update_rms":0.0062753073419273,"accepted":true,"wall_s":1.8609483875334263}
{"iteration":29,"score":74.70143630917467,"best":76.0981708062951,"gradient_rms":1007.5613902135947,"update_rms":0.0,"accepted":false,"wall_s":0.939379408955574}
{"iteration":30,"score":74.6458626756345,"best":76.0981708062951,"gradient_rms":50.619960170613695,"update_rms":0.004516179886909925,"accepted":true,"wall_s":1.8589292205870152}
{"iteration":31,"score":76.32044684485238,"best":76.32044684485238,"gradient_rms":375.1093444313255,"update_rms":0.006889647561747121,"accepted":true,"wall_s":1.865694459527731}
{"iteration":32,"score":76.32044684485243,"best":76.32044684485243,"gradient_rms":837.4913695132766,"update_rms":0.0,"accepted":false,"wall_s":0.9394810162484646}
{"iteration":33,"score":77.25289550967948,"best":77.25289550967948,"gradient_rms":22.174390975597085,"update_rms":0.004918855538629606,"accepted":true,"wall_s":1.8609638959169388}
{"iteration":34,"score":77.09367711933986,"best":77.25289550967948,"gradient_rms":36.78458370429524,"update_rms":0.0035289475727020257,"accepted":true,"wall_s":1.900077324360609}
{"iteration":35,"score":77.05205246296555,"best":77.25289550967948,"gradient_rms":34.33227833177693,"update_rms":0.002660025211799291,"accepted":true,"wall_s":1.937566190958023}
{"iteration":36,"score":77.13622306005355,"best":77.25289550967948,"gradient_rms":159.90937976182875,"update_rms":0.003583839400196137,"accepted":true,"wall_s":1.9369611218571663}
{"iteration":37,"score":77.19661334481025,"best":77.25289550967948,"gradient_rms":39.169406070277795,"update_rms":0.002625029478234937,"accepted":true,"wall_s":1.940245658159256}
{"iteration":38,"score":77.53805771836082,"best":77.53805771836082,"gradient_rms":83.746330681875,"update_rms":0.002397017362958235,"accepted":true,"wall_s":1.947636991739273}
{"iteration":39,"score":77.92471115523503,"best":77.92471115523503,"gradient_rms":52.13838877246065,"update_rms":0.0019996248357673453,"accepted":true,"wall_s":1.9414108842611313}
{"iteration":40,"score":77.95777376953784,"best":77.95777376953784,"gradient_rms":72.37278838393622,"update_rms":0.0020796211274420667,"accepted":true,"wall_s":1.9430585242807865}
{"iteration":41,"score":77.52081787431273,"best":77.95777376953784,"gradient_rms":251.9898739927104,"update_rms":0.004905430526558775,"accepted":true,"wall_s":1.9394533038139343}
{"iteration":42,"score":77.5857374877287,"best":77.95777376953784,"gradient_rms":115.21704012669383,"update_rms":0.004122827342116194,"accepted":true,"wall_s":1.7140649929642677}
{"iteration":43,"score":75.91331359876057,"best":77.95777376953784,"gradient_rms":257.50325867753355,"update_rms":0.00559709594906153,"accepted":true,"wall_s":1.9373348504304886}
{"iteration":44,"score":75.1379780342735,"best":77.95777376953784,"gradient_rms":51.86442349267583,"update_rms":0.00424641337533213,"accepted":true,"wall_s":1.7128819935023785}
{"iteration":45,"score":74.73225009308722,"best":77.95777376953784,"gradient_rms":189.56480713341833,"update_rms":0.004836453153317896,"accepted":true,"wall_s":1.938684944063425}
{"iteration":46,"score":75.49496252886306,"best":77.95777376953784,"gradient_rms":169.27525140199927,"update_rms":0.004794799273680803,"accepted":true,"wall_s":1.7136430814862251}
{"iteration":47,"score":75.05191428358079,"best":77.95777376953784,"gradient_rms":327.3838110902799,"update_rms":0.006620933389992091,"accepted":true,"wall_s":1.9373118989169598}
{"iteration":48,"score":74.77551560951163,"best":77.95777376953784,"gradient_rms":56.475160645930806,"update_rms":0.004741816475929427,"accepted":true,"wall_s":1.9348906092345715}
{"iteration":49,"score":74.71400746587354,"best":77.95777376953784,"gradient_rms":42.5930504228407,"update_rms":0.0033929037220521256,"accepted":true,"wall_s":1.942152377218008}
{"iteration":50,"score":74.75672535563366,"best":77.95777376953784,"gradient_rms":36.829580136039475,"update_rms":0.002525140194564001,"accepted":true,"wall_s":1.941632155328989}
{"iteration":51,"score":75.00541575047863,"best":77.95777376953784,"gradient_rms":73.6969840467942,"update_rms":0.002241443131595107,"accepted":true,"wall_s":1.9669594690203667}
{"iteration":52,"score":75.17586551889998,"best":77.95777376953784,"gradient_rms":3.8817191295622084,"update_rms":0.0015864415210409158,"accepted":true,"wall_s":1.9393783211708069}
{"iteration":53,"score":75.33750621067236,"best":77.95777376953784,"gradient_rms":27.959855308778216,"update_rms":0.0012171883450980778,"accepted":true,"wall_s":1.9410930685698986}
{"iteration":54,"score":75.51753165021285,"best":77.95777376953784,"gradient_rms":36.29901353954502,"update_rms":0.0011533220923444624,"accepted":true,"wall_s":1.9398155063390732}
{"iteration":55,"score":75.70401522632301,"best":77.95777376953784,"gradient_rms":44.07818187508779,"update_rms":0.0012622940485378115,"accepted":true,"wall_s":1.9405082538723946}
{"iteration":56,"score":76.01398434673331,"best":77.95777376953784,"gradient_rms":65.80782995383555,"update_rms":0.0016147863283136241,"accepted":true,"wall_s":1.9390316307544708}
{"iteration":57,"score":76.37863985994514,"best":77.95777376953784,"gradient_rms":57.89782969457547,"update_rms":0.0017705452836277071,"accepted":true,"wall_s":1.943599782884121}
{"iteration":58,"score":76.67217751177658,"best":77.95777376953784,"gradient_rms":26.362307465344315,"update_rms":0.0013356046282309503,"accepted":true,"wall_s":1.94168109446764}
{"iteration":59,"score":77.31725923375538,"best":77.95777376953784,"gradient_rms":94.96742180272489,"update_rms":0.0022666828174275244,"accepted":true,"wall_s":1.939898058772087}
{"iteration":60,"score":78.10976813516514,"best":78.10976813516514,"gradient_rms":95.42269168468137,"update_rms":0.002485090542231242,"accepted":true,"wall_s":1.9450062476098537}
{"iteration":61,"score":78.55585805428369,"best":78.55585805428369,"gradient_rms":13.907994089015745,"update_rms":0.0017982869970073173,"accepted":true,"wall_s":1.9423210807144642}
{"iteration":62,"score":79.04490391200873,"best":79.04490391200873,"gradient_rms":44.47554804289086,"update_rms":0.0016633669467269769,"accepted":true,"wall_s":1.9447743818163872}
{"iteration":63,"score":79.49266044345816,"best":79.49266044345816,"gradient_rms":62.585982541636575,"update_rms":0.0018414944964892936,"accepted":true,"wall_s":1.9426781125366688}
{"iteration":64,"score":79.84891981945172,"best":79.84891981945172,"gradient_rms":43.117029781143145,"update_rms":0.0016225165656704313,"accepted":true,"wall_s":1.848592571914196}
{"iteration":65,"score":80.12594386176657,"best":80.12594386176657,"gradient_rms":27.237807982714287,"update_rms":0.0012848776119687687,"accepted":true,"wall_s":1.9438291005790234}
{"iteration":66,"score":80.25461055701822,"best":80.25461055701822,"gradient_rms":25.435173675723792,"update_rms":0.0010486983267426794,"accepted":true,"wall_s":1.7107865735888481}
{"iteration":67,"score":80.44881104229474,"best":80.44881104229474,"gradient_rms":45.07872884694716,"update_rms":0.001215637158764824,"accepted":true,"wall_s":1.9571475125849247}
{"iteration":68,"score":80.54102639052823,"best":80.54102639052823,"gradient_rms":5.547005266839736,"update_rms":0.0008605942858508749,"accepted":true,"wall_s":1.7151878774166107}
{"iteration":69,"score":80.84126015988846,"best":80.84126015988846,"gradient_rms":63.52640668665892,"update_rms":0.0016222789705724846,"accepted":true,"wall_s":1.7141879722476006}
{"iteration":70,"score":81.20284220105458,"best":81.20284220105458,"gradient_rms":61.97661717547544,"update_rms":0.0017870198882673242,"accepted":true,"wall_s":1.708508849143982}
{"iteration":71,"score":81.64220299343923,"best":81.64220299343923,"gradient_rms":215.4229595455863,"update_rms":0.004870272901454971,"accepted":true,"wall_s":1.9425653591752052}
{"iteration":72,"score":81.6698575646435,"best":81.6698575646435,"gradient_rms":25.37721576813197,"update_rms":0.0034296181613290406,"accepted":true,"wall_s":1.954895917326212}
{"iteration":73,"score":78.34776072353897,"best":81.6698575646435,"gradient_rms":153.57071568829218,"update_rms":0.0038688811505824205,"accepted":true,"wall_s":1.9368894472718239}
{"iteration":74,"score":76.27472313668916,"best":81.6698575646435,"gradient_rms":142.15124205662147,"update_rms":0.004067718091010082,"accepted":true,"wall_s":1.9404754973948002}
{"iteration":75,"score":78.32637737334962,"best":81.6698575646435,"gradient_rms":302.7058525102348,"update_rms":0.006860022428408566,"accepted":true,"wall_s":1.9388947002589703}
{"iteration":76,"score":79.7563518416144,"best":81.6698575646435,"gradient_rms":65.85328266700154,"update_rms":0.005046206960484666,"accepted":true,"wall_s":1.9429190419614315}
{"iteration":77,"score":80.09907544295842,"best":81.6698575646435,"gradient_rms":106.61427623915425,"update_rms":0.004297875359544896,"accepted":true,"wall_s":1.9356597103178501}
{"iteration":78,"score":80.33630981392479,"best":81.6698575646435,"gradient_rms":50.83411300610281,"update_rms":0.003266898207246369,"accepted":true,"wall_s":1.9294736944139004}
{"iteration":79,"score":80.71124820092722,"best":81.6698575646435,"gradient_rms":101.73332640062817,"update_rms":0.0031371061764926063,"accepted":true,"wall_s":1.9298644699156284}
{"iteration":80,"score":81.18024999220926,"best":81.6698575646435,"gradient_rms":97.72395735015948,"update_rms":0.0028751848874393328,"accepted":true,"wall_s":1.9332921020686626}
{"iteration":81,"score":81.35399511606134,"best":81.6698575646435,"gradient_rms":10.653857876477165,"update_rms":0.0020480862314998507,"accepted":true,"wall_s":1.9319732896983624}
{"iteration":82,"score":81.35399511606136,"best":81.6698575646435,"gradient_rms":556.8591467590475,"update_rms":0.0,"accepted":false,"wall_s":0.9759631417691708}
{"iteration":83,"score":81.36251271512943,"best":81.6698575646435,"gradient_rms":22.955605566946833,"update_rms":0.0015328584588263524,"accepted":true,"wall_s":1.8364393450319767}
{"iteration":84,"score":81.27352868208348,"best":81.6698575646435,"gradient_rms":10.166514484705983,"update_rms":0.0011003812507621702,"accepted":true,"wall_s":1.7093089297413826}
{"iteration":85,"score":81.3046434774927,"best":81.6698575646435,"gradient_rms":42.46708725367823,"update_rms":0.0012512302582336225,"accepted":true,"wall_s":1.7102933749556541}
{"iteration":86,"score":81.49887780560873,"best":81.6698575646435,"gradient_rms":36.58129323117572,"update_rms":0.001192564525287969,"accepted":true,"wall_s":1.9380675591528416}
{"iteration":87,"score":81.42285817615715,"best":81.6698575646435,"gradient_rms":16.678206714081863,"update_rms":0.0009251890678916543,"accepted":true,"wall_s":1.6192891038954258}
{"iteration":88,"score":81.55101998112022,"best":81.6698575646435,"gradient_rms":17.93232815387889,"update_rms":0.0007868709805558426,"accepted":true,"wall_s":1.708855777978897}
{"iteration":89,"score":81.69145939059557,"best":81.69145939059557,"gradient_rms":29.393698201596205,"update_rms":0.000885473714129579,"accepted":true,"wall_s":1.712925422936678}
{"iteration":90,"score":81.70942190595069,"best":81.70942190595069,"gradient_rms":27.14371751309367,"update_rms":0.000892061186289586,"accepted":true,"wall_s":1.7164181917905807}
{"iteration":91,"score":81.82550924212872,"best":81.82550924212872,"gradient_rms":34.60082514920713,"update_rms":0.0010312709304382763,"accepted":true,"wall_s":1.7168667800724506}
{"iteration":92,"score":82.07359660914508,"best":82.07359660914508,"gradient_rms":59.785971496502846,"update_rms":0.0016873068140374726,"accepted":true,"wall_s":1.954980056732893}
{"iteration":93,"score":82.26510557257026,"best":82.26510557257026,"gradient_rms":46.71374312514999,"update_rms":0.0016554068458698324,"accepted":true,"wall_s":1.9712296389043331}
{"iteration":94,"score":82.40392886818535,"best":82.40392886818535,"gradient_rms":33.71588315145284,"update_rms":0.001474267579676867,"accepted":true,"wall_s":1.9419699497520924}
{"iteration":95,"score":82.4852582403676,"best":82.4852582403676,"gradient_rms":18.30136112503537,"update_rms":0.001128900038643391,"accepted":true,"wall_s":1.941633615642786}
{"iteration":96,"score":82.49859197201748,"best":82.49859197201748,"gradient_rms":5.475507166182631,"update_rms":0.0008082483417268814,"accepted":true,"wall_s":1.940000258386135}
{"iteration":97,"score":82.6252437958251,"best":82.6252437958251,"gradient_rms":37.61584683713355,"update_rms":0.0010976490957011137,"accepted":true,"wall_s":1.9395614750683308}
{"iteration":98,"score":82.64064707200527,"best":82.64064707200527,"gradient_rms":13.400769131952888,"update_rms":0.0008311420028650548,"accepted":true,"wall_s":1.6224395222961903}
{"iteration":99,"score":82.72697962329741,"best":82.72697962329741,"gradient_rms":6.189632475183822,"update_rms":0.0006037595440658441,"accepted":true,"wall_s":1.7110884860157967}
{"iteration":100,"score":82.7198228324302,"best":82.72697962329741,"gradient_rms":20.945359662186103,"update_rms":0.0006733468409975938,"accepted":true,"wall_s":1.7073644697666168}
{
  "status": "ok",
  "stop_reason": "completed_iterations",
  "initial_score": 69.84008119313387,
  "final_score": 82.7198228324302,
  "best_score": 82.72697962329741,
  "best_iteration": 99,
  "completed_iterations": 100,
  "completed_adam_steps": 97,
  "completed_optimizer_steps": 97,
  "total_wall_s": 185.10528431087732,
  "initial_decode_wall_s": 1.4979077093303204,
  "initial_score_wall_s": 0.7423576153814793,
  "mean_iteration_wall_s": 1.8501259807869792,
  "manifest": {
    "algorithm": "adam_with_query_batched_local_gradient",
    "optimizer": "adam",
    "parameter_space": "data",
    "gradient_objective": "dynamic local full-density score with coordinate and maximum-surface-selection derivatives omitted",
    "formal_objective": "complete native QH score for every accepted center",
    "initial_case": "/home/scc/pb24511935/local_surface_evaluator/runs/summary1_review2_20260824/flow_pairs/cases/case_02.json",
    "initial_case_sha256": "a269f8a4a5f3dc609afeb49998ef5809c71ffa73f89fd7ed294abd5b82b3e7a4",
    "checkpoint": "/home/scc/pb24511935/local_surface_evaluator/runs/qh_flow_physical_lr_longselect_20260729/lr_3em4/checkpoint_latest.pt",
    "checkpoint_sha256": "39a3293a459e248a0d1ec062607a1a467128b14d8ca973aadd82e113532ab99f",
    "native_lib": "/home/scc/pb24511935/local_surface_evaluator/runs/summary1_review2_20260824/build_native/libstellarator_gpu.so",
    "native_lib_sha256": "7d3784e02172f5c3130bcf085efa8120dc059d5007daa4b18680edd97b077f94",
    "nfp": 3,
    "n_base_coils": 4,
    "iterations": 100,
    "max_wall_s": 4200.0,
    "flow": {
      "method": "rk4",
      "steps": 128,
      "dtype": "fp32",
      "use": "initial latent-to-coil decode only"
    },
    "flow_pipeline": false,
    "coordinate_gradient": {
      "dimension": 400,
      "mode": "random-orthogonal",
      "random_directions": 2,
      "endpoint_count": 4,
      "perturbation": 0.0025,
      "difference": "centered",
      "psi_grid": 48,
      "psi_iterations": 4,
      "alpha_iterations": 4,
      "formal_surface_theta_count": 128,
      "local_surface_theta_count": 64
    },
    "adam": {
      "learning_rate": 0.01,
      "beta1": 0.7,
      "beta2": 0.999,
      "epsilon": 1e-08,
      "weight_decay": 0.0
    },
    "bfgs": {
      "initial_trust_rms": 0.01,
      "min_trust_rms": 1e-05,
      "max_trust_rms": 0.05,
      "trust_growth": 1.2,
      "trust_shrink": 0.5,
      "min_improvement": 0.0
    },
    "seed": 2026082502,
    "axis_policy": "initial global search, then strict mixed-precision continuation",
    "devices": {
      "flow": 0,
      "score": 0
    },
    "initial_metadata_keys": [
      "flow_prior_screening",
      "nfp",
      "raw"
    ],
    "data_parameterization": {
      "definition": "per-coordinate training-set standardization",
      "physical_mapping": "CoilNormalizer.inverse with canonical current L1/sign",
      "initial_clipped_fraction": 0.0,
      "initial_roundtrip_relative_rms": 0.0,
      "flow_calls_after_initialization": 0
    }
  }
}
{"iteration":1,"score":78.49813376559293,"best":78.49813376559293,"gradient_rms":80.10651467260708,"update_rms":0.009999999989461736,"accepted":true,"wall_s":3.7320657297968864}
{"iteration":2,"score":78.78238085101444,"best":78.78238085101444,"gradient_rms":38.57969457918895,"update_rms":0.006800684605669608,"accepted":true,"wall_s":2.4577290564775467}
{"iteration":3,"score":79.16332573280037,"best":79.16332573280037,"gradient_rms":15.937948618849394,"update_rms":0.005044136241668231,"accepted":true,"wall_s":2.4233476668596268}
{"iteration":4,"score":79.78124138651667,"best":79.78124138651667,"gradient_rms":51.97440908346316,"update_rms":0.004997139579821164,"accepted":true,"wall_s":2.599228121340275}
{"iteration":5,"score":80.11794517069755,"best":80.11794517069755,"gradient_rms":19.57588681775226,"update_rms":0.004139037062256331,"accepted":true,"wall_s":2.6293133720755577}
{"iteration":6,"score":80.36728435074795,"best":80.36728435074795,"gradient_rms":17.222897589915906,"update_rms":0.0035534093492742944,"accepted":true,"wall_s":2.5978958904743195}
{"iteration":7,"score":80.54044581577888,"best":80.54044581577888,"gradient_rms":10.80099069798896,"update_rms":0.0027674424514154902,"accepted":true,"wall_s":2.599934224039316}
{"iteration":8,"score":80.74622244336098,"best":80.74622244336098,"gradient_rms":17.723862764011763,"update_rms":0.0027461005108546364,"accepted":true,"wall_s":2.5962997749447823}
{"iteration":9,"score":80.8871320938386,"best":80.8871320938386,"gradient_rms":8.874837236687743,"update_rms":0.002174240658387588,"accepted":true,"wall_s":2.6209440901875496}
{"iteration":10,"score":81.01685829959914,"best":81.01685829959914,"gradient_rms":8.627105454897189,"update_rms":0.0019350164618108445,"accepted":true,"wall_s":2.751780942082405}
{"iteration":11,"score":81.13898912890372,"best":81.13898912890372,"gradient_rms":8.588612564016419,"update_rms":0.0017327221477539186,"accepted":true,"wall_s":2.596722576767206}
{"iteration":12,"score":81.24332198734102,"best":81.24332198734102,"gradient_rms":8.342981773854433,"update_rms":0.001636326683110054,"accepted":true,"wall_s":2.589783877134323}
{"iteration":13,"score":81.2530026248223,"best":81.2530026248223,"gradient_rms":14.269031807267831,"update_rms":0.0021166226137660222,"accepted":true,"wall_s":2.5923092514276505}
{"iteration":14,"score":81.40389440295336,"best":81.40389440295336,"gradient_rms":27.540082193133063,"update_rms":0.003489887215653325,"accepted":true,"wall_s":2.5935922488570213}
{"iteration":15,"score":81.49947101046699,"best":81.49947101046699,"gradient_rms":10.667419764985038,"update_rms":0.002862058134352212,"accepted":true,"wall_s":2.59494374319911}
{"iteration":16,"score":81.57485761209662,"best":81.57485761209662,"gradient_rms":10.184249224234955,"update_rms":0.002386031850148393,"accepted":true,"wall_s":2.59001374989748}
{"iteration":17,"score":81.73526523060625,"best":81.73526523060625,"gradient_rms":24.717437648349037,"update_rms":0.003531579808963812,"accepted":true,"wall_s":2.6029469929635525}
{"iteration":18,"score":81.88025848858341,"best":81.88025848858341,"gradient_rms":11.965308597634431,"update_rms":0.0029253510759104906,"accepted":true,"wall_s":2.5257484652101994}
{"iteration":19,"score":82.03367009978082,"best":82.03367009978082,"gradient_rms":16.57079497688416,"update_rms":0.002904708178588215,"accepted":true,"wall_s":2.593123596161604}
{"iteration":20,"score":82.14787541271647,"best":82.14787541271647,"gradient_rms":7.987525278908541,"update_rms":0.002309918029296134,"accepted":true,"wall_s":2.6044419892132282}
{"iteration":21,"score":82.26439745423352,"best":82.26439745423352,"gradient_rms":9.616372865813803,"update_rms":0.002086438079487387,"accepted":true,"wall_s":2.595491800457239}
{"iteration":22,"score":82.37775684285255,"best":82.37775684285255,"gradient_rms":11.64504586934805,"update_rms":0.0022542701027112332,"accepted":true,"wall_s":2.58565454185009}
{"iteration":23,"score":82.46068556014987,"best":82.46068556014987,"gradient_rms":5.638521942266682,"update_rms":0.0016579269468445972,"accepted":true,"wall_s":2.59671688452363}
{"iteration":24,"score":82.52844915927608,"best":82.52844915927608,"gradient_rms":11.2437122549074,"update_rms":0.001990834444032431,"accepted":true,"wall_s":2.6020612865686417}
{"iteration":25,"score":82.59294628141392,"best":82.59294628141392,"gradient_rms":9.914895670351035,"update_rms":0.0021347970549143256,"accepted":true,"wall_s":2.595300417393446}
{"iteration":26,"score":82.62911958676918,"best":82.62911958676918,"gradient_rms":6.397605092999537,"update_rms":0.0017395698974376375,"accepted":true,"wall_s":2.6038029231131077}
{"iteration":27,"score":82.674782429709,"best":82.674782429709,"gradient_rms":6.685385963832754,"update_rms":0.0016077115308835513,"accepted":true,"wall_s":2.5953951813280582}
{"iteration":28,"score":82.7595496810713,"best":82.7595496810713,"gradient_rms":9.877698308497738,"update_rms":0.001795854773113321,"accepted":true,"wall_s":2.5306835882365704}
{"iteration":29,"score":82.86437864149406,"best":82.86437864149406,"gradient_rms":14.243285904765713,"update_rms":0.002559193242153622,"accepted":true,"wall_s":2.6902391240000725}
{"iteration":30,"score":82.93623568631817,"best":82.93623568631817,"gradient_rms":3.837334036230733,"update_rms":0.0019519880988145247,"accepted":true,"wall_s":5.015868075191975}
{"iteration":31,"score":83.00281440552565,"best":83.00281440552565,"gradient_rms":7.7166286106221165,"update_rms":0.0019010709347532324,"accepted":true,"wall_s":4.37306796386838}
{"iteration":32,"score":83.08139275363624,"best":83.08139275363624,"gradient_rms":13.810907853360844,"update_rms":0.0025494788911810825,"accepted":true,"wall_s":2.860624760389328}
{"iteration":33,"score":83.18226533715901,"best":83.18226533715901,"gradient_rms":10.955888640168522,"update_rms":0.0027039030396324736,"accepted":true,"wall_s":2.6972371637821198}
{"iteration":34,"score":83.26856980118225,"best":83.26856980118225,"gradient_rms":7.862558648426178,"update_rms":0.0022976053750899234,"accepted":true,"wall_s":2.5924693793058395}
{"iteration":35,"score":83.36150215163033,"best":83.36150215163033,"gradient_rms":9.237392622776838,"update_rms":0.0021727433762410943,"accepted":true,"wall_s":2.5994907580316067}
{"iteration":36,"score":83.38478552790177,"best":83.38478552790177,"gradient_rms":8.12503863508299,"update_rms":0.002052506624168308,"accepted":true,"wall_s":2.410960104316473}
{"iteration":37,"score":83.42431617068864,"best":83.42431617068864,"gradient_rms":29.943345528899098,"update_rms":0.004918635182226064,"accepted":true,"wall_s":2.420777838677168}
{"iteration":38,"score":83.61951247647724,"best":83.61951247647724,"gradient_rms":34.29859940805813,"update_rms":0.005646664762500721,"accepted":true,"wall_s":2.6039682030677795}
{"iteration":39,"score":83.73071919267247,"best":83.73071919267247,"gradient_rms":8.911988024160815,"update_rms":0.004511048384485957,"accepted":true,"wall_s":2.598144233226776}
{"iteration":40,"score":83.89372269555518,"best":83.89372269555518,"gradient_rms":14.940730736139825,"update_rms":0.003967410651693704,"accepted":true,"wall_s":2.5272707119584084}
{"iteration":41,"score":83.99601080602807,"best":83.99601080602807,"gradient_rms":6.142115570327076,"update_rms":0.002951756070891814,"accepted":true,"wall_s":2.592180609703064}
{"iteration":42,"score":84.15357039317963,"best":84.15357039317963,"gradient_rms":24.042403315228473,"update_rms":0.004143700455893604,"accepted":true,"wall_s":2.592165257781744}
{"iteration":43,"score":84.34396784885618,"best":84.34396784885618,"gradient_rms":13.427383018372982,"update_rms":0.003853907173899441,"accepted":true,"wall_s":2.597142655402422}
{"iteration":44,"score":84.43015630692685,"best":84.43015630692685,"gradient_rms":6.672498333823731,"update_rms":0.002967680149887394,"accepted":true,"wall_s":2.5303606167435646}
{"iteration":45,"score":84.53826191083866,"best":84.53826191083866,"gradient_rms":13.168291070325617,"update_rms":0.00294965050303817,"accepted":true,"wall_s":2.612057287245989}
{"iteration":46,"score":84.66579927891317,"best":84.66579927891317,"gradient_rms":13.39645586941546,"update_rms":0.0030684169202618026,"accepted":true,"wall_s":2.6466716453433037}
{"iteration":47,"score":84.75999437451246,"best":84.75999437451246,"gradient_rms":10.022135432116105,"update_rms":0.002824670513290734,"accepted":true,"wall_s":2.6493451856076717}
{"iteration":48,"score":84.81087955578681,"best":84.81087955578681,"gradient_rms":5.144051956205483,"update_rms":0.0021818935929571117,"accepted":true,"wall_s":2.6458717435598373}
{"iteration":49,"score":84.87570792173501,"best":84.87570792173501,"gradient_rms":4.463958525493097,"update_rms":0.0016547959629488614,"accepted":true,"wall_s":2.6438845694065094}
{"iteration":50,"score":84.92194945745302,"best":84.92194945745302,"gradient_rms":11.391881905548573,"update_rms":0.002222129874406656,"accepted":true,"wall_s":2.6494625844061375}
{"iteration":51,"score":84.93507483608538,"best":84.93507483608538,"gradient_rms":1.3984692645479737,"update_rms":0.001565605455098224,"accepted":true,"wall_s":2.6583642549812794}
{"iteration":52,"score":84.97777581665797,"best":84.97777581665797,"gradient_rms":6.44300503857273,"update_rms":0.0015849402598025752,"accepted":true,"wall_s":2.643033493310213}
{"iteration":53,"score":84.98440344179029,"best":84.98440344179029,"gradient_rms":2.680397360424204,"update_rms":0.0011933037684576915,"accepted":true,"wall_s":2.6438948027789593}
{"iteration":54,"score":84.86586258921733,"best":84.98440344179029,"gradient_rms":2.373185305343624,"update_rms":0.0008773643806265396,"accepted":true,"wall_s":2.4754253700375557}
{"iteration":55,"score":85.05497739117138,"best":85.05497739117138,"gradient_rms":9.914347819812214,"update_rms":0.0018308120956537512,"accepted":true,"wall_s":2.638426687568426}
{"iteration":56,"score":85.09808415835705,"best":85.09808415835705,"gradient_rms":7.611951782424841,"update_rms":0.001835486351231155,"accepted":true,"wall_s":2.6391120366752148}
{"iteration":57,"score":85.12439466991476,"best":85.12439466991476,"gradient_rms":3.542512089058545,"update_rms":0.0014629993655317008,"accepted":true,"wall_s":2.6480163149535656}
{"iteration":58,"score":85.15179496200656,"best":85.15179496200656,"gradient_rms":8.356194481698227,"update_rms":0.0018134163538141906,"accepted":true,"wall_s":2.6497891396284103}
{"iteration":59,"score":85.1973254917842,"best":85.1973254917842,"gradient_rms":1.4927821086252695,"update_rms":0.0012983055026031536,"accepted":true,"wall_s":2.645365621894598}
{"iteration":60,"score":85.21778432939388,"best":85.21778432939388,"gradient_rms":3.1545279955027197,"update_rms":0.001101569103847004,"accepted":true,"wall_s":2.6448697708547115}
{"iteration":61,"score":85.19766440133859,"best":85.21778432939388,"gradient_rms":8.88097679086087,"update_rms":0.0018269585613620626,"accepted":true,"wall_s":2.466377016156912}
{"iteration":62,"score":85.236261535259,"best":85.236261535259,"gradient_rms":1.9233943775776297,"update_rms":0.0013157365823078587,"accepted":true,"wall_s":2.397075742483139}
{"iteration":63,"score":85.2784279838973,"best":85.2784279838973,"gradient_rms":4.054968219088057,"update_rms":0.001166721052171124,"accepted":true,"wall_s":2.466200605034828}
{"iteration":64,"score":85.22008995890187,"best":85.2784279838973,"gradient_rms":8.02259736052044,"update_rms":0.001629215412075413,"accepted":true,"wall_s":2.4648338928818703}
{"iteration":65,"score":85.27548739853277,"best":85.2784279838973,"gradient_rms":4.431084803691834,"update_rms":0.0014488309803083015,"accepted":true,"wall_s":2.3961978144943714}
{"iteration":66,"score":85.23696566091957,"best":85.2784279838973,"gradient_rms":4.763829126095316,"update_rms":0.001306469252972562,"accepted":true,"wall_s":2.4663782231509686}
{"iteration":67,"score":85.36484329834799,"best":85.36484329834799,"gradient_rms":15.675913990321051,"update_rms":0.002986810768465353,"accepted":true,"wall_s":2.46764000877738}
{"iteration":68,"score":85.41353377207885,"best":85.41353377207885,"gradient_rms":9.349311647364337,"update_rms":0.002713578510060129,"accepted":true,"wall_s":2.4721156917512417}
{"iteration":69,"score":85.47891537885333,"best":85.47891537885333,"gradient_rms":6.188500784733268,"update_rms":0.0023754227423468774,"accepted":true,"wall_s":2.4695779234170914}
{"iteration":70,"score":85.47482712380447,"best":85.47891537885333,"gradient_rms":7.058626954528356,"update_rms":0.00221022374302218,"accepted":true,"wall_s":2.4680366069078445}
{"iteration":71,"score":85.50117084374772,"best":85.50117084374772,"gradient_rms":3.318963425211994,"update_rms":0.001674260312181394,"accepted":true,"wall_s":2.4684108532965183}
{"iteration":72,"score":85.55269016232485,"best":85.55269016232485,"gradient_rms":1.3718901764207072,"update_rms":0.0011991835791483987,"accepted":true,"wall_s":2.4631363712251186}
{"iteration":73,"score":85.57254417404232,"best":85.57254417404232,"gradient_rms":3.8519603292802236,"update_rms":0.0011828184871551675,"accepted":true,"wall_s":2.463490478694439}
{"iteration":74,"score":85.60078946827568,"best":85.60078946827568,"gradient_rms":2.7158578769744843,"update_rms":0.0009748425430310931,"accepted":true,"wall_s":2.4173235781490803}
{"iteration":75,"score":85.55723231908242,"best":85.60078946827568,"gradient_rms":8.923921781915682,"update_rms":0.0019208588430289148,"accepted":true,"wall_s":2.4680034145712852}
{"iteration":76,"score":85.69746915666354,"best":85.69746915666354,"gradient_rms":10.615698398831316,"update_rms":0.0024882821842284663,"accepted":true,"wall_s":2.4801378585398197}
{"iteration":77,"score":85.73344021545746,"best":85.73344021545746,"gradient_rms":2.9172285679412107,"update_rms":0.001810522986130721,"accepted":true,"wall_s":2.482985459268093}
{"iteration":78,"score":85.68982589855219,"best":85.73344021545746,"gradient_rms":7.720715314192918,"update_rms":0.0020544204842781297,"accepted":true,"wall_s":2.4701860435307026}
{"iteration":79,"score":85.86621988937534,"best":85.86621988937534,"gradient_rms":10.160613875911594,"update_rms":0.0027584670366264594,"accepted":true,"wall_s":2.652465432882309}
{"iteration":80,"score":85.80552599530827,"best":85.86621988937534,"gradient_rms":5.804345387105628,"update_rms":0.0023231179254828735,"accepted":true,"wall_s":2.4010041877627373}
{"iteration":81,"score":85.89331195890794,"best":85.89331195890794,"gradient_rms":2.866202572871386,"update_rms":0.0017464588175871566,"accepted":true,"wall_s":2.469100583344698}
{"iteration":82,"score":85.99632608399814,"best":85.99632608399814,"gradient_rms":4.303265205395946,"update_rms":0.0015226873928887016,"accepted":true,"wall_s":2.6547891683876514}
{"iteration":83,"score":85.8949687795846,"best":85.99632608399814,"gradient_rms":6.832444304912004,"update_rms":0.0018481088908686386,"accepted":true,"wall_s":2.396083101630211}
{"iteration":84,"score":86.08636052254738,"best":86.08636052254738,"gradient_rms":4.919826473591466,"update_rms":0.0015380988430313597,"accepted":true,"wall_s":2.639840915799141}
{"iteration":85,"score":86.117350278245,"best":86.117350278245,"gradient_rms":6.184182393639526,"update_rms":0.0016896430751199526,"accepted":true,"wall_s":2.637120671570301}
{"iteration":86,"score":86.15564460671247,"best":86.15564460671247,"gradient_rms":5.701232478710996,"update_rms":0.0016314470785919056,"accepted":true,"wall_s":2.6339124776422977}
{"iteration":87,"score":86.16410296768682,"best":86.16410296768682,"gradient_rms":2.54468455094174,"update_rms":0.0013040701692774953,"accepted":true,"wall_s":2.4573174118995667}
{"iteration":88,"score":86.0531862064929,"best":86.16410296768682,"gradient_rms":6.644746001537532,"update_rms":0.001655779040145236,"accepted":true,"wall_s":2.4564322233200073}
{"iteration":89,"score":86.14589958875608,"best":86.16410296768682,"gradient_rms":3.999015188328897,"update_rms":0.001368464754855183,"accepted":true,"wall_s":2.4602526612579823}
{"iteration":90,"score":86.25617106985158,"best":86.25617106985158,"gradient_rms":3.9280029049706933,"update_rms":0.001354872613818571,"accepted":true,"wall_s":2.474806971848011}
{"iteration":91,"score":86.2268862506793,"best":86.25617106985158,"gradient_rms":7.595068363119979,"update_rms":0.0017762118320042177,"accepted":true,"wall_s":2.477893441915512}
{"iteration":92,"score":86.3599419113911,"best":86.3599419113911,"gradient_rms":10.55559303953625,"update_rms":0.0026455328612994583,"accepted":true,"wall_s":2.477165173739195}
{"iteration":93,"score":86.39527677410732,"best":86.39527677410732,"gradient_rms":8.762171523605385,"update_rms":0.002725750585564219,"accepted":true,"wall_s":2.653096292167902}
{"iteration":94,"score":86.32234752023747,"best":86.39527677410732,"gradient_rms":0.29289735106262027,"update_rms":0.0019289830056885384,"accepted":true,"wall_s":2.4744425006210804}
{"iteration":95,"score":86.3444794122341,"best":86.39527677410732,"gradient_rms":3.477446703934738,"update_rms":0.0015680510666977125,"accepted":true,"wall_s":2.471281588077545}
{"iteration":96,"score":86.34613526951668,"best":86.39527677410732,"gradient_rms":6.170109091507966,"update_rms":0.001697640940197797,"accepted":true,"wall_s":2.478947687894106}
{"iteration":97,"score":86.43663383903353,"best":86.43663383903353,"gradient_rms":1.4340447959984228,"update_rms":0.001207239673730316,"accepted":true,"wall_s":2.477225936949253}
{"iteration":98,"score":86.47965153283687,"best":86.47965153283687,"gradient_rms":3.0835379519801402,"update_rms":0.0011308764006743477,"accepted":true,"wall_s":2.470237970352173}
{"iteration":99,"score":86.49297391340997,"best":86.49297391340997,"gradient_rms":1.7258724566423642,"update_rms":0.0008194749814394974,"accepted":true,"wall_s":2.476076539605856}
{"iteration":100,"score":86.4688920994287,"best":86.49297391340997,"gradient_rms":2.5287710892156867,"update_rms":0.0007531437737559361,"accepted":true,"wall_s":2.4716616086661816}
{
  "status": "ok",
  "stop_reason": "completed_iterations",
  "initial_score": 77.91799946026524,
  "final_score": 86.4688920994287,
  "best_score": 86.49297391340997,
  "best_iteration": 99,
  "completed_iterations": 100,
  "completed_adam_steps": 100,
  "completed_optimizer_steps": 100,
  "total_wall_s": 261.02211370691657,
  "initial_decode_wall_s": 1.506654005497694,
  "initial_score_wall_s": 0.6221793554723263,
  "mean_iteration_wall_s": 2.6094209207594394,
  "manifest": {
    "algorithm": "adam_with_query_batched_local_gradient",
    "optimizer": "adam",
    "parameter_space": "latent",
    "gradient_objective": "dynamic local full-density score with coordinate and maximum-surface-selection derivatives omitted",
    "formal_objective": "complete native QH score for every accepted center",
    "initial_case": "/home/scc/pb24511935/local_surface_evaluator/runs/summary1_review2_20260824/flow_pairs/cases/case_06.json",
    "initial_case_sha256": "a21f90ee494ba24ea06412ffccfb269ae06d50f0a9fa60e7f38dd25c5501714b",
    "checkpoint": "/home/scc/pb24511935/local_surface_evaluator/runs/qh_flow_physical_lr_longselect_20260729/lr_3em4/checkpoint_latest.pt",
    "checkpoint_sha256": "39a3293a459e248a0d1ec062607a1a467128b14d8ca973aadd82e113532ab99f",
    "native_lib": "/home/scc/pb24511935/local_surface_evaluator/runs/summary1_review2_20260824/build_native/libstellarator_gpu.so",
    "native_lib_sha256": "7d3784e02172f5c3130bcf085efa8120dc059d5007daa4b18680edd97b077f94",
    "nfp": 4,
    "n_base_coils": 2,
    "iterations": 100,
    "max_wall_s": 4200.0,
    "flow": {
      "method": "rk4",
      "steps": 128,
      "dtype": "fp32",
      "use": "every gradient endpoint and accepted center"
    },
    "flow_pipeline": true,
    "coordinate_gradient": {
      "dimension": 200,
      "mode": "random-orthogonal",
      "random_directions": 2,
      "endpoint_count": 4,
      "perturbation": 0.005,
      "difference": "centered",
      "psi_grid": 48,
      "psi_iterations": 4,
      "alpha_iterations": 4,
      "formal_surface_theta_count": 128,
      "local_surface_theta_count": 64
    },
    "adam": {
      "learning_rate": 0.01,
      "beta1": 0.7,
      "beta2": 0.999,
      "epsilon": 1e-08,
      "weight_decay": 0.0
    },
    "bfgs": {
      "initial_trust_rms": 0.01,
      "min_trust_rms": 1e-05,
      "max_trust_rms": 0.05,
      "trust_growth": 1.2,
      "trust_shrink": 0.5,
      "min_improvement": 0.0
    },
    "seed": 2026082506,
    "axis_policy": "initial global search, then strict mixed-precision continuation",
    "devices": {
      "flow": 0,
      "score": 0
    },
    "initial_metadata_keys": [
      "flow_prior_screening",
      "nfp",
      "raw"
    ]
  }
}
{"iteration":1,"score":77.79619718336883,"best":77.91799946026524,"gradient_rms":36.4067855368764,"update_rms":0.00999999998332221,"accepted":true,"wall_s":1.5234672129154205}
{"iteration":2,"score":78.6776539790435,"best":78.6776539790435,"gradient_rms":56.18966269854602,"update_rms":0.0073022040402035285,"accepted":true,"wall_s":1.519404336810112}
{"iteration":3,"score":79.70494372985448,"best":79.70494372985448,"gradient_rms":66.35183300971235,"update_rms":0.006409753170576275,"accepted":true,"wall_s":1.5094908811151981}
{"iteration":4,"score":80.62930351701434,"best":80.62930351701434,"gradient_rms":45.12197698390345,"update_rms":0.005302090464066691,"accepted":true,"wall_s":1.5027076676487923}
{"iteration":5,"score":81.60201588011522,"best":81.60201588011522,"gradient_rms":86.05491868913523,"update_rms":0.0055252010947757805,"accepted":true,"wall_s":1.5297413021326065}
{"iteration":6,"score":81.87200397624436,"best":81.87200397624436,"gradient_rms":13.428243846825552,"update_rms":0.004147856546011689,"accepted":true,"wall_s":1.5576519407331944}
{"iteration":7,"score":82.05027724210271,"best":82.05027724210271,"gradient_rms":39.664816332165984,"update_rms":0.003796310496640819,"accepted":true,"wall_s":1.5538110509514809}
{"iteration":8,"score":82.09646820644711,"best":82.09646820644711,"gradient_rms":9.514471260193504,"update_rms":0.0028396970684938915,"accepted":true,"wall_s":1.5557476878166199}
{"iteration":9,"score":82.4303726466787,"best":82.4303726466787,"gradient_rms":41.39959651320368,"update_rms":0.0032465538495409494,"accepted":true,"wall_s":1.5518645606935024}
{"iteration":10,"score":82.6406205505827,"best":82.6406205505827,"gradient_rms":10.73042736359994,"update_rms":0.002572961174460829,"accepted":true,"wall_s":1.5557579658925533}
{"iteration":11,"score":82.9057167833117,"best":82.9057167833117,"gradient_rms":27.877968024941246,"update_rms":0.0027886205276788133,"accepted":true,"wall_s":1.562446217983961}
{"iteration":12,"score":83.33783984657933,"best":83.33783984657933,"gradient_rms":35.4364133312742,"update_rms":0.003269273629459856,"accepted":true,"wall_s":1.5546192973852158}
{"iteration":13,"score":83.50844292541204,"best":83.50844292541204,"gradient_rms":6.043929554421578,"update_rms":0.002478969987997285,"accepted":true,"wall_s":1.3841120600700378}
{"iteration":14,"score":83.7017520383104,"best":83.7017520383104,"gradient_rms":28.347179170671016,"update_rms":0.002711934259132197,"accepted":true,"wall_s":1.5988897234201431}
{"iteration":15,"score":83.81691929190409,"best":83.81691929190409,"gradient_rms":20.273776356931517,"update_rms":0.002575538048569501,"accepted":true,"wall_s":1.5520889535546303}
{"iteration":16,"score":83.87545828225187,"best":83.87545828225187,"gradient_rms":26.11079901745457,"update_rms":0.003020611365725864,"accepted":true,"wall_s":1.529878806322813}
{"iteration":17,"score":83.84677597943028,"best":83.87545828225187,"gradient_rms":28.58728065717719,"update_rms":0.003076169886923059,"accepted":true,"wall_s":1.502353835850954}
{"iteration":18,"score":83.8610194431545,"best":83.87545828225187,"gradient_rms":17.961094365961284,"update_rms":0.0026885588217442826,"accepted":true,"wall_s":1.50464653596282}
{"iteration":19,"score":83.87980670266624,"best":83.87980670266624,"gradient_rms":14.93812731558324,"update_rms":0.0023911063901402695,"accepted":true,"wall_s":1.5053307227790356}
{"iteration":20,"score":83.83047060355966,"best":83.87980670266624,"gradient_rms":28.68758948945524,"update_rms":0.002825352100284754,"accepted":true,"wall_s":1.5030183009803295}
{"iteration":21,"score":83.85067453942332,"best":83.87980670266624,"gradient_rms":29.632297667241673,"update_rms":0.0032357374400202718,"accepted":true,"wall_s":1.5265677385032177}
{"iteration":22,"score":84.05653918238872,"best":84.05653918238872,"gradient_rms":28.23218111772709,"update_rms":0.0031764688441740614,"accepted":true,"wall_s":1.534516304731369}
{"iteration":23,"score":84.14517858165202,"best":84.14517858165202,"gradient_rms":15.094756680228155,"update_rms":0.0026458170498197026,"accepted":true,"wall_s":1.5118548199534416}
{"iteration":24,"score":84.22919258663399,"best":84.22919258663399,"gradient_rms":4.584437404782229,"update_rms":0.001958487559113361,"accepted":true,"wall_s":1.5089347288012505}
{"iteration":25,"score":84.24856205904301,"best":84.24856205904301,"gradient_rms":9.936577393975139,"update_rms":0.0017408932846731482,"accepted":true,"wall_s":1.5053265243768692}
{"iteration":26,"score":84.63292468240671,"best":84.63292468240671,"gradient_rms":56.94094990358492,"update_rms":0.005243562442675963,"accepted":true,"wall_s":1.5063980147242546}
{"iteration":27,"score":84.76445099592178,"best":84.76445099592178,"gradient_rms":45.6730902373486,"update_rms":0.005314120110911255,"accepted":true,"wall_s":1.504801545292139}
{"iteration":28,"score":84.61926709701847,"best":84.76445099592178,"gradient_rms":25.98424346732857,"update_rms":0.004499160553422285,"accepted":true,"wall_s":1.5036850571632385}
{"iteration":29,"score":84.52527352858317,"best":84.76445099592178,"gradient_rms":16.602912459767932,"update_rms":0.0034282566175653046,"accepted":true,"wall_s":1.5059264190495014}
{"iteration":30,"score":84.53793488868628,"best":84.76445099592178,"gradient_rms":15.682546441734509,"update_rms":0.0029888738689501115,"accepted":true,"wall_s":1.50895631685853}
{"iteration":31,"score":84.66877122478616,"best":84.76445099592178,"gradient_rms":33.76786257743926,"update_rms":0.0036093007196344117,"accepted":true,"wall_s":1.327696070075035}
{"iteration":32,"score":84.80964318047725,"best":84.80964318047725,"gradient_rms":67.4985069839813,"update_rms":0.005965031499137519,"accepted":true,"wall_s":1.505330566316843}
{"iteration":33,"score":84.49678908661676,"best":84.80964318047725,"gradient_rms":16.332784467639947,"update_rms":0.004492039640100297,"accepted":true,"wall_s":1.5064025968313217}
{"iteration":34,"score":84.07833089284786,"best":84.80964318047725,"gradient_rms":38.637577440470025,"update_rms":0.0046254397397078,"accepted":true,"wall_s":1.5019927509129047}
{"iteration":35,"score":83.66951894258291,"best":84.80964318047725,"gradient_rms":25.082656013361312,"update_rms":0.0035973830479194293,"accepted":true,"wall_s":1.5028735995292664}
{"iteration":36,"score":83.08821457628584,"best":84.80964318047725,"gradient_rms":38.100038794287386,"update_rms":0.004220762506365252,"accepted":true,"wall_s":1.327942531555891}
{"iteration":37,"score":83.00804640934258,"best":84.80964318047725,"gradient_rms":36.03534493051854,"update_rms":0.004134753360457458,"accepted":true,"wall_s":1.5051387064158916}
{"iteration":38,"score":83.34520858540247,"best":84.80964318047725,"gradient_rms":36.74918692984525,"update_rms":0.004311142326537614,"accepted":true,"wall_s":1.5033274106681347}
{"iteration":39,"score":83.80251649277794,"best":84.80964318047725,"gradient_rms":24.638989620306006,"update_rms":0.0037258549110487636,"accepted":true,"wall_s":1.5338520593941212}
{"iteration":40,"score":84.61999037105892,"best":84.80964318047725,"gradient_rms":65.1339588542368,"update_rms":0.005651609419441822,"accepted":true,"wall_s":1.5585763156414032}
{"iteration":41,"score":84.93450444975343,"best":84.93450444975343,"gradient_rms":34.677542948144854,"update_rms":0.004960733813584467,"accepted":true,"wall_s":1.5615685395896435}
{"iteration":42,"score":84.50022016771251,"best":84.93450444975343,"gradient_rms":26.335042993689548,"update_rms":0.004170555915209185,"accepted":true,"wall_s":1.5560480915009975}
{"iteration":43,"score":83.99378662567815,"best":84.93450444975343,"gradient_rms":26.861118450158607,"update_rms":0.003719148129925768,"accepted":true,"wall_s":1.5535932257771492}
{"iteration":44,"score":83.43713083919742,"best":84.93450444975343,"gradient_rms":16.817734222140064,"update_rms":0.003083533305594807,"accepted":true,"wall_s":1.551901239901781}
{"iteration":45,"score":83.22345460107985,"best":84.93450444975343,"gradient_rms":44.37622694446464,"update_rms":0.0042674389055059134,"accepted":true,"wall_s":1.5540595576167107}
{"iteration":46,"score":83.0521844993888,"best":84.93450444975343,"gradient_rms":32.88611059941098,"update_rms":0.004143200614470887,"accepted":true,"wall_s":1.5572466924786568}
{"iteration":47,"score":83.50159611469572,"best":84.93450444975343,"gradient_rms":88.34618171412113,"update_rms":0.007087037154147254,"accepted":true,"wall_s":1.5511379688978195}
{"iteration":48,"score":83.5400905516009,"best":84.93450444975343,"gradient_rms":46.052419220878086,"update_rms":0.006359916657315941,"accepted":true,"wall_s":1.5527517944574356}
{"iteration":49,"score":84.85716412425299,"best":84.93450444975343,"gradient_rms":86.20868214183729,"update_rms":0.008019634699720123,"accepted":true,"wall_s":1.554825209081173}
{"iteration":50,"score":84.857164124253,"best":84.93450444975343,"gradient_rms":459.60945534607947,"update_rms":0.0,"accepted":false,"wall_s":0.7810725755989552}
{"iteration":51,"score":84.88120315625328,"best":84.93450444975343,"gradient_rms":245.55065856035097,"update_rms":0.012938853379643598,"accepted":true,"wall_s":1.5576179660856724}
{"iteration":52,"score":83.71712696666312,"best":84.93450444975343,"gradient_rms":26.432533386336413,"update_rms":0.009211596876802456,"accepted":true,"wall_s":1.5509433895349503}
{"iteration":53,"score":83.27518808727025,"best":84.93450444975343,"gradient_rms":181.84111369193235,"update_rms":0.010771091661140956,"accepted":true,"wall_s":1.5559823922812939}
{"iteration":54,"score":83.00038136469936,"best":84.93450444975343,"gradient_rms":38.33838383360114,"update_rms":0.0078655530749879,"accepted":true,"wall_s":1.5530510656535625}
{"iteration":55,"score":83.07298824613989,"best":84.93450444975343,"gradient_rms":209.7733557289699,"update_rms":0.010812358403502982,"accepted":true,"wall_s":1.5554568022489548}
{"iteration":56,"score":82.70614043305753,"best":84.93450444975343,"gradient_rms":102.02766430551749,"update_rms":0.009230687793322204,"accepted":true,"wall_s":1.5510744974017143}
{"iteration":57,"score":81.94230661746803,"best":84.93450444975343,"gradient_rms":209.2232058728289,"update_rms":0.010408250917183757,"accepted":true,"wall_s":1.5546148642897606}
{"iteration":58,"score":81.35971112592286,"best":84.93450444975343,"gradient_rms":53.7517921910427,"update_rms":0.007834545595469157,"accepted":true,"wall_s":1.5539264492690563}
{"iteration":59,"score":81.62901604312829,"best":84.93450444975343,"gradient_rms":104.60426950576752,"update_rms":0.006782678492735456,"accepted":true,"wall_s":1.553025335073471}
{"iteration":60,"score":81.65067720704927,"best":84.93450444975343,"gradient_rms":33.194959557984866,"update_rms":0.00507231348192158,"accepted":true,"wall_s":1.5529275685548782}
{"iteration":61,"score":81.56678474312598,"best":84.93450444975343,"gradient_rms":37.918176692742335,"update_rms":0.003928765045454865,"accepted":true,"wall_s":1.5525775104761124}
{"iteration":62,"score":81.37479952894194,"best":84.93450444975343,"gradient_rms":10.947673206244879,"update_rms":0.0027741363195040807,"accepted":true,"wall_s":1.5586485341191292}
{"iteration":63,"score":81.3258518070971,"best":84.93450444975343,"gradient_rms":102.68593914619757,"update_rms":0.005047951842090288,"accepted":true,"wall_s":1.5565000846982002}
{"iteration":64,"score":81.26385649004017,"best":84.93450444975343,"gradient_rms":73.31868840716004,"update_rms":0.00482541008665304,"accepted":true,"wall_s":1.5537682995200157}
{"iteration":65,"score":81.156359106077,"best":84.93450444975343,"gradient_rms":90.90612029149511,"update_rms":0.005498281086139372,"accepted":true,"wall_s":1.5576491691172123}
{"iteration":66,"score":80.86443582156565,"best":84.93450444975343,"gradient_rms":29.170719685916588,"update_rms":0.004241349470548591,"accepted":true,"wall_s":1.560705553740263}
{"iteration":67,"score":81.02067686087685,"best":84.93450444975343,"gradient_rms":54.713830414924445,"update_rms":0.003914251015966851,"accepted":true,"wall_s":1.5583874769508839}
{"iteration":68,"score":81.16221331658288,"best":84.93450444975343,"gradient_rms":82.82997383497366,"update_rms":0.004709308460193578,"accepted":true,"wall_s":1.5657419078052044}
{"iteration":69,"score":81.77868268669812,"best":84.93450444975343,"gradient_rms":91.53501262987221,"update_rms":0.005396961452211265,"accepted":true,"wall_s":1.561190601438284}
{"iteration":70,"score":82.28040887177471,"best":84.93450444975343,"gradient_rms":48.87011696390936,"update_rms":0.0046300994747745395,"accepted":true,"wall_s":1.56415880843997}
{"iteration":71,"score":82.94715022661964,"best":84.93450444975343,"gradient_rms":99.26228547311153,"update_rms":0.0052194416431084675,"accepted":true,"wall_s":1.559709943830967}
{"iteration":72,"score":83.21424601946026,"best":84.93450444975343,"gradient_rms":75.0101843924981,"update_rms":0.004764654307720382,"accepted":true,"wall_s":1.564108770340681}
{"iteration":73,"score":83.19234397177695,"best":84.93450444975343,"gradient_rms":99.2622741684621,"update_rms":0.00527894490273403,"accepted":true,"wall_s":1.5627299398183823}
{"iteration":74,"score":82.94966972872241,"best":84.93450444975343,"gradient_rms":94.9485900289115,"update_rms":0.0056094128547446,"accepted":true,"wall_s":1.5745440050959587}
{"iteration":75,"score":82.7586754978881,"best":84.93450444975343,"gradient_rms":110.77969717966076,"update_rms":0.006124759686449343,"accepted":true,"wall_s":1.5657508112490177}
{"iteration":76,"score":82.4337610480637,"best":84.93450444975343,"gradient_rms":15.486895836953593,"update_rms":0.004390545775604626,"accepted":true,"wall_s":1.575933299958706}
{"iteration":77,"score":82.13258707377703,"best":84.93450444975343,"gradient_rms":82.6670959021679,"update_rms":0.004605707323512234,"accepted":true,"wall_s":1.563760008662939}
{"iteration":78,"score":82.06813512860174,"best":84.93450444975343,"gradient_rms":46.796470549194524,"update_rms":0.0037450770929945277,"accepted":true,"wall_s":1.3842052072286606}
{"iteration":79,"score":83.10744869245627,"best":84.93450444975343,"gradient_rms":93.22201804854345,"update_rms":0.00472774668749458,"accepted":true,"wall_s":1.5692503154277802}
{"iteration":80,"score":83.91952025759932,"best":84.93450444975343,"gradient_rms":44.3829733280467,"update_rms":0.00400918445115012,"accepted":true,"wall_s":1.573749229311943}
{"iteration":81,"score":84.42773343430008,"best":84.93450444975343,"gradient_rms":54.51782913168407,"update_rms":0.003626207904473037,"accepted":true,"wall_s":1.5614581294357777}
{"iteration":82,"score":84.6775311060704,"best":84.93450444975343,"gradient_rms":27.850586772990102,"update_rms":0.0027404810636041423,"accepted":true,"wall_s":1.573977269232273}
{"iteration":83,"score":84.754939212337,"best":84.93450444975343,"gradient_rms":43.781400169761696,"update_rms":0.002674508273774258,"accepted":true,"wall_s":1.5615075342357159}
{"iteration":84,"score":84.8281695931006,"best":84.93450444975343,"gradient_rms":20.761447800494388,"update_rms":0.0020292753079381317,"accepted":true,"wall_s":1.5603185556828976}
{"iteration":85,"score":84.88747168354531,"best":84.93450444975343,"gradient_rms":15.599439085609047,"update_rms":0.001530329332845804,"accepted":true,"wall_s":1.560977227985859}
{"iteration":86,"score":84.93102071204393,"best":84.93450444975343,"gradient_rms":15.859091760057913,"update_rms":0.0013341832308696308,"accepted":true,"wall_s":1.5592475719749928}
{"iteration":87,"score":84.91177524192277,"best":84.93450444975343,"gradient_rms":22.306709482150435,"update_rms":0.001406690171466793,"accepted":true,"wall_s":1.562716819345951}
{"iteration":88,"score":84.89703721318615,"best":84.93450444975343,"gradient_rms":13.72751354450136,"update_rms":0.0011371913473099998,"accepted":true,"wall_s":1.5653227530419827}
{"iteration":89,"score":84.89847357909784,"best":84.93450444975343,"gradient_rms":40.664401390166304,"update_rms":0.0020875090582339324,"accepted":true,"wall_s":1.5627996996045113}
{"iteration":90,"score":84.96396137097281,"best":84.96396137097281,"gradient_rms":86.25484543848255,"update_rms":0.004068745123418762,"accepted":true,"wall_s":1.5640497580170631}
{"iteration":91,"score":85.06753533743392,"best":85.06753533743392,"gradient_rms":76.0070863621542,"update_rms":0.004497480944623258,"accepted":true,"wall_s":1.5619710460305214}
{"iteration":92,"score":85.03151921513872,"best":85.06753533743392,"gradient_rms":19.706321540572233,"update_rms":0.0033342789503650917,"accepted":true,"wall_s":1.5614298656582832}
{"iteration":93,"score":84.96496773538435,"best":85.06753533743392,"gradient_rms":28.96480835768841,"update_rms":0.0027006861464664543,"accepted":true,"wall_s":1.5627035349607468}
{"iteration":94,"score":84.8912548162613,"best":85.06753533743392,"gradient_rms":4.54656904439364,"update_rms":0.0019215710141559541,"accepted":true,"wall_s":1.5644519552588463}
{"iteration":95,"score":84.87287710089876,"best":85.06753533743392,"gradient_rms":27.71544245258511,"update_rms":0.0018598159545016842,"accepted":true,"wall_s":1.560591820627451}
{"iteration":96,"score":84.83859164880741,"best":85.06753533743392,"gradient_rms":24.08131357791539,"update_rms":0.0017217418553058903,"accepted":true,"wall_s":1.5625090077519417}
{"iteration":97,"score":84.83438812321998,"best":85.06753533743392,"gradient_rms":29.288867360020028,"update_rms":0.0018606121716701952,"accepted":true,"wall_s":1.5587605200707912}
{"iteration":98,"score":84.7866232732645,"best":85.06753533743392,"gradient_rms":26.879792815947695,"update_rms":0.0018188151174895171,"accepted":true,"wall_s":1.3780845366418362}
{"iteration":99,"score":84.80323649357015,"best":85.06753533743392,"gradient_rms":98.79283585860716,"update_rms":0.004881583851989828,"accepted":true,"wall_s":1.5830016769468784}
{"iteration":100,"score":84.88693042917586,"best":85.06753533743392,"gradient_rms":82.98735717790098,"update_rms":0.005346370753670022,"accepted":true,"wall_s":1.5575968958437443}
{
  "status": "ok",
  "stop_reason": "completed_iterations",
  "initial_score": 77.91799946026524,
  "final_score": 84.88693042917586,
  "best_score": 85.06753533743392,
  "best_iteration": 91,
  "completed_iterations": 100,
  "completed_adam_steps": 99,
  "completed_optimizer_steps": 99,
  "total_wall_s": 153.0138750076294,
  "initial_decode_wall_s": 1.5099330246448517,
  "initial_score_wall_s": 0.6222202330827713,
  "mean_iteration_wall_s": 1.5292650001868606,
  "manifest": {
    "algorithm": "adam_with_query_batched_local_gradient",
    "optimizer": "adam",
    "parameter_space": "data",
    "gradient_objective": "dynamic local full-density score with coordinate and maximum-surface-selection derivatives omitted",
    "formal_objective": "complete native QH score for every accepted center",
    "initial_case": "/home/scc/pb24511935/local_surface_evaluator/runs/summary1_review2_20260824/flow_pairs/cases/case_06.json",
    "initial_case_sha256": "a21f90ee494ba24ea06412ffccfb269ae06d50f0a9fa60e7f38dd25c5501714b",
    "checkpoint": "/home/scc/pb24511935/local_surface_evaluator/runs/qh_flow_physical_lr_longselect_20260729/lr_3em4/checkpoint_latest.pt",
    "checkpoint_sha256": "39a3293a459e248a0d1ec062607a1a467128b14d8ca973aadd82e113532ab99f",
    "native_lib": "/home/scc/pb24511935/local_surface_evaluator/runs/summary1_review2_20260824/build_native/libstellarator_gpu.so",
    "native_lib_sha256": "7d3784e02172f5c3130bcf085efa8120dc059d5007daa4b18680edd97b077f94",
    "nfp": 4,
    "n_base_coils": 2,
    "iterations": 100,
    "max_wall_s": 4200.0,
    "flow": {
      "method": "rk4",
      "steps": 128,
      "dtype": "fp32",
      "use": "initial latent-to-coil decode only"
    },
    "flow_pipeline": false,
    "coordinate_gradient": {
      "dimension": 200,
      "mode": "random-orthogonal",
      "random_directions": 2,
      "endpoint_count": 4,
      "perturbation": 0.0025,
      "difference": "centered",
      "psi_grid": 48,
      "psi_iterations": 4,
      "alpha_iterations": 4,
      "formal_surface_theta_count": 128,
      "local_surface_theta_count": 64
    },
    "adam": {
      "learning_rate": 0.01,
      "beta1": 0.7,
      "beta2": 0.999,
      "epsilon": 1e-08,
      "weight_decay": 0.0
    },
    "bfgs": {
      "initial_trust_rms": 0.01,
      "min_trust_rms": 1e-05,
      "max_trust_rms": 0.05,
      "trust_growth": 1.2,
      "trust_shrink": 0.5,
      "min_improvement": 0.0
    },
    "seed": 2026082506,
    "axis_policy": "initial global search, then strict mixed-precision continuation",
    "devices": {
      "flow": 0,
      "score": 0
    },
    "initial_metadata_keys": [
      "flow_prior_screening",
      "nfp",
      "raw"
    ],
    "data_parameterization": {
      "definition": "per-coordinate training-set standardization",
      "physical_mapping": "CoilNormalizer.inverse with canonical current L1/sign",
      "initial_clipped_fraction": 0.0,
      "initial_roundtrip_relative_rms": 0.0,
      "flow_calls_after_initialization": 0
    }
  }
}
{"iteration":1,"score":74.6237240563051,"best":74.6237240563051,"gradient_rms":18.90608906629704,"update_rms":0.00999999995595033,"accepted":true,"wall_s":3.615003362298012}
{"iteration":2,"score":74.79233609038053,"best":74.79233609038053,"gradient_rms":6.080493356054314,"update_rms":0.006318511825086551,"accepted":true,"wall_s":2.4982270002365112}
{"iteration":3,"score":75.04685238032648,"best":75.04685238032648,"gradient_rms":27.883413855986884,"update_rms":0.006482495767747853,"accepted":true,"wall_s":2.4877013601362705}
{"iteration":4,"score":75.25470057835379,"best":75.25470057835379,"gradient_rms":10.274318059435702,"update_rms":0.0051161457617534,"accepted":true,"wall_s":2.4776779860258102}
{"iteration":5,"score":75.38026437301231,"best":75.38026437301231,"gradient_rms":5.248675209431498,"update_rms":0.0039803125872261485,"accepted":true,"wall_s":2.480114132165909}
{"iteration":6,"score":75.68440485983416,"best":75.68440485983416,"gradient_rms":45.02861943002604,"update_rms":0.006018186362484342,"accepted":true,"wall_s":2.488396320492029}
{"iteration":7,"score":75.87189509495299,"best":75.87189509495299,"gradient_rms":13.703166079481948,"update_rms":0.004869804761432363,"accepted":true,"wall_s":2.493583496659994}
{"iteration":8,"score":75.94397519493577,"best":75.94397519493577,"gradient_rms":3.885849134344356,"update_rms":0.00364777739752566,"accepted":true,"wall_s":2.5062582828104496}
{"iteration":9,"score":75.96597982277478,"best":75.96597982277478,"gradient_rms":8.34639323336762,"update_rms":0.0032844343721995643,"accepted":true,"wall_s":2.484445657581091}
{"iteration":10,"score":75.99987760878989,"best":75.99987760878989,"gradient_rms":11.278955639727684,"update_rms":0.0032739494375357047,"accepted":true,"wall_s":2.482072275131941}
{"iteration":11,"score":76.07500367442549,"best":76.07500367442549,"gradient_rms":9.210063290924474,"update_rms":0.002990179788697309,"accepted":true,"wall_s":2.5296053402125835}
{"iteration":12,"score":76.19228725038765,"best":76.19228725038765,"gradient_rms":10.916927432781835,"update_rms":0.0032299761676180152,"accepted":true,"wall_s":2.47792299464345}
{"iteration":13,"score":76.35222056992468,"best":76.35222056992468,"gradient_rms":8.189133081913223,"update_rms":0.0029152248712284484,"accepted":true,"wall_s":2.5785504579544067}
{"iteration":14,"score":76.48102351524281,"best":76.48102351524281,"gradient_rms":11.534247394437907,"update_rms":0.0033379299744267475,"accepted":true,"wall_s":2.4755468145012856}
{"iteration":15,"score":76.68449499126238,"best":76.68449499126238,"gradient_rms":10.312606084930882,"update_rms":0.0031637065356402913,"accepted":true,"wall_s":2.4755763225257397}
{"iteration":16,"score":76.82323679765537,"best":76.82323679765537,"gradient_rms":2.3902765933975494,"update_rms":0.0023951018016215276,"accepted":true,"wall_s":2.3321696668863297}
{"iteration":17,"score":76.96666499142708,"best":76.96666499142708,"gradient_rms":13.701274193503561,"update_rms":0.0031274390828398423,"accepted":true,"wall_s":2.478435553610325}
{"iteration":18,"score":77.0677255790502,"best":77.0677255790502,"gradient_rms":1.9113138891234187,"update_rms":0.00226281039694368,"accepted":true,"wall_s":2.479711290448904}
{"iteration":19,"score":77.21751089866176,"best":77.21751089866176,"gradient_rms":8.564401538012474,"update_rms":0.002641420550294737,"accepted":true,"wall_s":2.4815142303705215}
{"iteration":20,"score":77.29215151012323,"best":77.29215151012323,"gradient_rms":4.907778143015155,"update_rms":0.0022658386735484623,"accepted":true,"wall_s":2.481895323842764}
{"iteration":21,"score":77.40704089305639,"best":77.40704089305639,"gradient_rms":22.156587801209746,"update_rms":0.004924605851793675,"accepted":true,"wall_s":2.4889259710907936}
{"iteration":22,"score":77.44421641157328,"best":77.44421641157328,"gradient_rms":13.187821856729911,"update_rms":0.004588953950477561,"accepted":true,"wall_s":2.4877407290041447}
{"iteration":23,"score":77.34184995307197,"best":77.44421641157328,"gradient_rms":39.99457172801503,"update_rms":0.00718265175874072,"accepted":true,"wall_s":2.478122316300869}
{"iteration":24,"score":77.22582527467117,"best":77.44421641157328,"gradient_rms":21.685957534489752,"update_rms":0.006481275045782422,"accepted":true,"wall_s":2.480982478708029}
{"iteration":25,"score":77.11985312061066,"best":77.44421641157328,"gradient_rms":3.8300029431182314,"update_rms":0.004701100222227627,"accepted":true,"wall_s":2.465137280523777}
{"iteration":26,"score":77.04461465080016,"best":77.44421641157328,"gradient_rms":4.148530443611784,"update_rms":0.0033990847542503607,"accepted":true,"wall_s":2.474861729890108}
{"iteration":27,"score":76.89485592380686,"best":77.44421641157328,"gradient_rms":6.989913554772841,"update_rms":0.0029988753299605253,"accepted":true,"wall_s":2.322240173816681}
{"iteration":28,"score":77.00352984759215,"best":77.44421641157328,"gradient_rms":3.889572224360767,"update_rms":0.0022745293649811733,"accepted":true,"wall_s":2.6568343825638294}
{"iteration":29,"score":77.10579497645713,"best":77.44421641157328,"gradient_rms":16.108299684376895,"update_rms":0.003444332604202904,"accepted":true,"wall_s":2.47563611343503}
{"iteration":30,"score":77.21970781893233,"best":77.44421641157328,"gradient_rms":7.253378548351987,"update_rms":0.002942805429877677,"accepted":true,"wall_s":2.52743511274457}
{"iteration":31,"score":77.35708364350963,"best":77.44421641157328,"gradient_rms":13.422758859124663,"update_rms":0.00352116179114886,"accepted":true,"wall_s":2.4756837338209152}
{"iteration":32,"score":77.50384365234349,"best":77.50384365234349,"gradient_rms":13.894414948846295,"update_rms":0.0035693754183608885,"accepted":true,"wall_s":2.4771850556135178}
{"iteration":33,"score":77.67602256412607,"best":77.67602256412607,"gradient_rms":7.981204442636359,"update_rms":0.0032233555212633734,"accepted":true,"wall_s":2.582970567047596}
{"iteration":34,"score":77.73789230594853,"best":77.73789230594853,"gradient_rms":4.667677655821041,"update_rms":0.002547791096184778,"accepted":true,"wall_s":2.326701443642378}
{"iteration":35,"score":77.8860441991671,"best":77.8860441991671,"gradient_rms":53.4677295386798,"update_rms":0.008509255540469562,"accepted":true,"wall_s":2.4757699221372604}
{"iteration":36,"score":77.86636538630309,"best":77.8860441991671,"gradient_rms":17.073242648296734,"update_rms":0.006640561795406069,"accepted":true,"wall_s":2.467790760099888}
{"iteration":37,"score":77.90039306854669,"best":77.90039306854669,"gradient_rms":13.463417201575286,"update_rms":0.005332967458308903,"accepted":true,"wall_s":2.4738798923790455}
{"iteration":38,"score":77.9672227793362,"best":77.9672227793362,"gradient_rms":9.636813435980901,"update_rms":0.004097778118239373,"accepted":true,"wall_s":2.4074378460645676}
{"iteration":39,"score":78.0335680080779,"best":78.0335680080779,"gradient_rms":6.725314516503843,"update_rms":0.0031938960983557306,"accepted":true,"wall_s":2.4670699648559093}
{"iteration":40,"score":78.09577516911439,"best":78.09577516911439,"gradient_rms":1.1101377303611852,"update_rms":0.0022809088191913553,"accepted":true,"wall_s":2.4683806374669075}
{"iteration":41,"score":78.18485929452311,"best":78.18485929452311,"gradient_rms":9.049707052567069,"update_rms":0.002602441519575953,"accepted":true,"wall_s":2.487798646092415}
{"iteration":42,"score":78.34372014638328,"best":78.34372014638328,"gradient_rms":14.154826892003207,"update_rms":0.0034472544737008744,"accepted":true,"wall_s":2.716560434550047}
{"iteration":43,"score":78.4288997034419,"best":78.4288997034419,"gradient_rms":3.7741050667753626,"update_rms":0.0026363094606032603,"accepted":true,"wall_s":2.485944576561451}
{"iteration":44,"score":78.42305216250874,"best":78.4288997034419,"gradient_rms":16.339462700441757,"update_rms":0.0036248876946355572,"accepted":true,"wall_s":2.476570349186659}
{"iteration":45,"score":78.35441912884299,"best":78.4288997034419,"gradient_rms":16.64779789303497,"update_rms":0.0040205837438333685,"accepted":true,"wall_s":2.479358561336994}
{"iteration":46,"score":78.30127556725765,"best":78.4288997034419,"gradient_rms":5.475183990408932,"update_rms":0.003015507182527124,"accepted":true,"wall_s":2.4786232821643353}
{"iteration":47,"score":78.32926991041131,"best":78.4288997034419,"gradient_rms":15.668876807188912,"update_rms":0.0036448882084087115,"accepted":true,"wall_s":2.3261927627027035}
{"iteration":48,"score":78.38761613393326,"best":78.4288997034419,"gradient_rms":5.902164793751982,"update_rms":0.0027903530772067655,"accepted":true,"wall_s":2.477907169610262}
{"iteration":49,"score":78.42431400962282,"best":78.4288997034419,"gradient_rms":4.9640172220382,"update_rms":0.0022038696802097594,"accepted":true,"wall_s":2.480437260121107}
{"iteration":50,"score":78.53427127497646,"best":78.53427127497646,"gradient_rms":12.369915333130756,"update_rms":0.002867519842388035,"accepted":true,"wall_s":2.4748458452522755}
{"iteration":51,"score":78.64177478485865,"best":78.64177478485865,"gradient_rms":5.840362439302947,"update_rms":0.0023172054619007955,"accepted":true,"wall_s":2.479894421994686}
{"iteration":52,"score":78.69005869292226,"best":78.69005869292226,"gradient_rms":3.6144178814625763,"update_rms":0.0017428711320068495,"accepted":true,"wall_s":2.4818885177373886}
{"iteration":53,"score":78.73220624141686,"best":78.73220624141686,"gradient_rms":2.9191953387763756,"update_rms":0.0014067531766817217,"accepted":true,"wall_s":2.482867293059826}
{"iteration":54,"score":78.79672010812062,"best":78.79672010812062,"gradient_rms":5.267954484428201,"update_rms":0.0014174109073124624,"accepted":true,"wall_s":2.479610364884138}
{"iteration":55,"score":78.83666270264514,"best":78.83666270264514,"gradient_rms":3.4606889095897397,"update_rms":0.001236336249703786,"accepted":true,"wall_s":2.4901703111827374}
{"iteration":56,"score":78.87996045845706,"best":78.87996045845706,"gradient_rms":5.243244095011394,"update_rms":0.0013217643137748898,"accepted":true,"wall_s":2.4828669764101505}
{"iteration":57,"score":78.92010884295034,"best":78.92010884295034,"gradient_rms":3.360187485349931,"update_rms":0.0012133320088127337,"accepted":true,"wall_s":2.4789949245750904}
{"iteration":58,"score":78.9457151681431,"best":78.9457151681431,"gradient_rms":0.44735271281147587,"update_rms":0.0008698710720061096,"accepted":true,"wall_s":2.4875791631639004}
{"iteration":59,"score":78.99100713093094,"best":78.99100713093094,"gradient_rms":9.90470798101554,"update_rms":0.0022655682102233005,"accepted":true,"wall_s":2.477918863296509}
{"iteration":60,"score":79.05035262547561,"best":79.05035262547561,"gradient_rms":6.592357815981905,"update_rms":0.002134376525690521,"accepted":true,"wall_s":2.4791936986148357}
{"iteration":61,"score":78.85454866511985,"best":79.05035262547561,"gradient_rms":32.79839364591509,"update_rms":0.006733378739286869,"accepted":true,"wall_s":2.4841380901634693}
{"iteration":62,"score":78.66750522600027,"best":79.05035262547561,"gradient_rms":10.86628652215177,"update_rms":0.005331377853726123,"accepted":true,"wall_s":2.483806751668453}
{"iteration":63,"score":78.6419989171083,"best":79.05035262547561,"gradient_rms":10.675547784114903,"update_rms":0.00427234233276952,"accepted":true,"wall_s":2.4823575019836426}
{"iteration":64,"score":78.64871827655925,"best":79.05035262547561,"gradient_rms":11.504401588683436,"update_rms":0.0040323382571275344,"accepted":true,"wall_s":2.4803725630044937}
{"iteration":65,"score":78.97442667497117,"best":79.05035262547561,"gradient_rms":23.413212638792714,"update_rms":0.005571104433133557,"accepted":true,"wall_s":2.4815333299338818}
{"iteration":66,"score":79.18881643789953,"best":79.18881643789953,"gradient_rms":5.641379293100092,"update_rms":0.003902228735284787,"accepted":true,"wall_s":2.482620093971491}
{"iteration":67,"score":79.31893326311373,"best":79.31893326311373,"gradient_rms":10.207909853382322,"update_rms":0.003405168013873743,"accepted":true,"wall_s":2.476103898137808}
{"iteration":68,"score":79.40311417252103,"best":79.40311417252103,"gradient_rms":4.831984881562322,"update_rms":0.002690457847103699,"accepted":true,"wall_s":2.479590803384781}
{"iteration":69,"score":79.24741854526135,"best":79.40311417252103,"gradient_rms":41.3685822229607,"update_rms":0.008018273991091625,"accepted":true,"wall_s":2.4769720546901226}
{"iteration":70,"score":79.20740047331809,"best":79.40311417252103,"gradient_rms":13.331744841798658,"update_rms":0.005907909497987124,"accepted":true,"wall_s":2.4766877368092537}
{"iteration":71,"score":79.1649881821661,"best":79.40311417252103,"gradient_rms":11.284914308428117,"update_rms":0.0046317289898477835,"accepted":true,"wall_s":2.4761523231863976}
{"iteration":72,"score":79.13782997849049,"best":79.40311417252103,"gradient_rms":7.195957103216902,"update_rms":0.003426194127395026,"accepted":true,"wall_s":2.4789685867726803}
{"iteration":73,"score":79.12952492936978,"best":79.40311417252103,"gradient_rms":1.8204616920522658,"update_rms":0.0024435105116884953,"accepted":true,"wall_s":2.4772009141743183}
{"iteration":74,"score":79.12407247903768,"best":79.40311417252103,"gradient_rms":9.652557293356331,"update_rms":0.0025869328777666195,"accepted":true,"wall_s":2.472159441560507}
{"iteration":75,"score":79.15465426906124,"best":79.40311417252103,"gradient_rms":2.434955530283599,"update_rms":0.0018754464261168783,"accepted":true,"wall_s":2.4700533375144005}
{"iteration":76,"score":79.16594485037872,"best":79.40311417252103,"gradient_rms":6.578116808139056,"update_rms":0.0018657838717645267,"accepted":true,"wall_s":2.475882053375244}
{"iteration":77,"score":79.19858587005312,"best":79.40311417252103,"gradient_rms":16.062484712668503,"update_rms":0.0035155234674551688,"accepted":true,"wall_s":2.474434643983841}
{"iteration":78,"score":79.38642703251018,"best":79.40311417252103,"gradient_rms":37.97189439406447,"update_rms":0.007686777477732186,"accepted":true,"wall_s":2.4754876531660557}
{"iteration":79,"score":78.46800172957012,"best":79.40311417252103,"gradient_rms":20.21258629543163,"update_rms":0.006562343583552188,"accepted":true,"wall_s":2.488199256360531}
{"iteration":80,"score":78.06022435819784,"best":79.40311417252103,"gradient_rms":43.7438387295147,"update_rms":0.008404639947078012,"accepted":true,"wall_s":2.4819962978363037}
{"iteration":81,"score":79.08975297169943,"best":79.40311417252103,"gradient_rms":56.20517003395212,"update_rms":0.01038278940799742,"accepted":true,"wall_s":2.4867228008806705}
{"iteration":82,"score":79.08975297169941,"best":79.40311417252103,"gradient_rms":125.6161919233375,"update_rms":0.0,"accepted":false,"wall_s":1.7984498143196106}
{"iteration":83,"score":79.0897529716994,"best":79.40311417252103,"gradient_rms":204.6594456140348,"update_rms":0.0,"accepted":false,"wall_s":1.8010162003338337}
{"iteration":84,"score":79.35607266055268,"best":79.40311417252103,"gradient_rms":50.01619092457672,"update_rms":0.011130209650819562,"accepted":true,"wall_s":2.4786915592849255}
{"iteration":85,"score":79.20043892148658,"best":79.40311417252103,"gradient_rms":42.76749415264058,"update_rms":0.010094000073508575,"accepted":true,"wall_s":2.4780841395258904}
{"iteration":86,"score":79.25943279190095,"best":79.40311417252103,"gradient_rms":24.434984995137118,"update_rms":0.008003140418094879,"accepted":true,"wall_s":2.478326801210642}
{"iteration":87,"score":79.51367675593428,"best":79.51367675593428,"gradient_rms":37.46347335216235,"update_rms":0.007780908705340403,"accepted":true,"wall_s":2.477115672081709}
{"iteration":88,"score":79.570211227381,"best":79.570211227381,"gradient_rms":5.6683034671223815,"update_rms":0.00556172033082263,"accepted":true,"wall_s":2.478731229901314}
{"iteration":89,"score":79.58566838903812,"best":79.58566838903812,"gradient_rms":2.8912760744363837,"update_rms":0.0039877066677158745,"accepted":true,"wall_s":2.4705655686557293}
{"iteration":90,"score":79.5709187249595,"best":79.58566838903812,"gradient_rms":2.145670982412924,"update_rms":0.002849432731480873,"accepted":true,"wall_s":2.4655423313379288}
{"iteration":91,"score":79.55025502655808,"best":79.58566838903812,"gradient_rms":4.672853544877248,"update_rms":0.0020551110689925353,"accepted":true,"wall_s":2.470303062349558}
{"iteration":92,"score":79.53078612541242,"best":79.58566838903812,"gradient_rms":1.2462920358190583,"update_rms":0.001459251954273806,"accepted":true,"wall_s":2.4686977304518223}
{"iteration":93,"score":79.5320896568571,"best":79.58566838903812,"gradient_rms":1.764787521498252,"update_rms":0.0010705675850943596,"accepted":true,"wall_s":2.4675530083477497}
{"iteration":94,"score":79.52883933363842,"best":79.58566838903812,"gradient_rms":0.4469494992828196,"update_rms":0.0007625153914597785,"accepted":true,"wall_s":2.4682726077735424}
{"iteration":95,"score":79.54430736013155,"best":79.58566838903812,"gradient_rms":8.579419468785028,"update_rms":0.0015926669944196408,"accepted":true,"wall_s":2.4673131443560123}
{"iteration":96,"score":79.52341409266907,"best":79.58566838903812,"gradient_rms":10.845232488859956,"update_rms":0.002231769728463326,"accepted":true,"wall_s":2.474501084536314}
{"iteration":97,"score":79.49452142632381,"best":79.58566838903812,"gradient_rms":4.972726680512969,"update_rms":0.0018041416863574724,"accepted":true,"wall_s":2.4773771539330482}
{"iteration":98,"score":79.45749271643562,"best":79.58566838903812,"gradient_rms":9.81945774775731,"update_rms":0.0021251251585803765,"accepted":true,"wall_s":2.478844989091158}
{"iteration":99,"score":79.48040553441305,"best":79.58566838903812,"gradient_rms":6.369564699460302,"update_rms":0.0018848279224199802,"accepted":true,"wall_s":2.482287969440222}
{"iteration":100,"score":79.51838735519986,"best":79.58566838903812,"gradient_rms":6.578368673740327,"update_rms":0.0017236076607413026,"accepted":true,"wall_s":2.471124481409788}
{
  "status": "ok",
  "stop_reason": "completed_iterations",
  "initial_score": 74.26492821650507,
  "final_score": 79.51838735519986,
  "best_score": 79.58566838903812,
  "best_iteration": 89,
  "completed_iterations": 100,
  "completed_adam_steps": 98,
  "completed_optimizer_steps": 98,
  "total_wall_s": 247.78811579942703,
  "initial_decode_wall_s": 1.5132084861397743,
  "initial_score_wall_s": 0.5858778432011604,
  "mean_iteration_wall_s": 2.477046560831368,
  "manifest": {
    "algorithm": "adam_with_query_batched_local_gradient",
    "optimizer": "adam",
    "parameter_space": "latent",
    "gradient_objective": "dynamic local full-density score with coordinate and maximum-surface-selection derivatives omitted",
    "formal_objective": "complete native QH score for every accepted center",
    "initial_case": "/home/scc/pb24511935/local_surface_evaluator/runs/summary1_review2_20260824/flow_pairs/cases/case_10.json",
    "initial_case_sha256": "48a12ac72c9fdcc45ae35360b52bc60fa4bdd64943ea699b69e9e415efa6196d",
    "checkpoint": "/home/scc/pb24511935/local_surface_evaluator/runs/qh_flow_physical_lr_longselect_20260729/lr_3em4/checkpoint_latest.pt",
    "checkpoint_sha256": "39a3293a459e248a0d1ec062607a1a467128b14d8ca973aadd82e113532ab99f",
    "native_lib": "/home/scc/pb24511935/local_surface_evaluator/runs/summary1_review2_20260824/build_native/libstellarator_gpu.so",
    "native_lib_sha256": "7d3784e02172f5c3130bcf085efa8120dc059d5007daa4b18680edd97b077f94",
    "nfp": 3,
    "n_base_coils": 2,
    "iterations": 100,
    "max_wall_s": 4200.0,
    "flow": {
      "method": "rk4",
      "steps": 128,
      "dtype": "fp32",
      "use": "every gradient endpoint and accepted center"
    },
    "flow_pipeline": true,
    "coordinate_gradient": {
      "dimension": 200,
      "mode": "random-orthogonal",
      "random_directions": 2,
      "endpoint_count": 4,
      "perturbation": 0.005,
      "difference": "centered",
      "psi_grid": 48,
      "psi_iterations": 4,
      "alpha_iterations": 4,
      "formal_surface_theta_count": 128,
      "local_surface_theta_count": 64
    },
    "adam": {
      "learning_rate": 0.01,
      "beta1": 0.7,
      "beta2": 0.999,
      "epsilon": 1e-08,
      "weight_decay": 0.0
    },
    "bfgs": {
      "initial_trust_rms": 0.01,
      "min_trust_rms": 1e-05,
      "max_trust_rms": 0.05,
      "trust_growth": 1.2,
      "trust_shrink": 0.5,
      "min_improvement": 0.0
    },
    "seed": 2026082510,
    "axis_policy": "initial global search, then strict mixed-precision continuation",
    "devices": {
      "flow": 0,
      "score": 0
    },
    "initial_metadata_keys": [
      "flow_prior_screening",
      "nfp",
      "raw"
    ]
  }
}
{"iteration":1,"score":74.94657779565853,"best":74.94657779565853,"gradient_rms":90.54345700364088,"update_rms":0.009999999995931718,"accepted":true,"wall_s":1.4254068061709404}
{"iteration":2,"score":75.16852122785932,"best":75.16852122785932,"gradient_rms":53.30838432352585,"update_rms":0.006595009649339288,"accepted":true,"wall_s":1.3934640884399414}
{"iteration":3,"score":74.94098025252339,"best":75.16852122785932,"gradient_rms":22.18139549042922,"update_rms":0.004726308861550812,"accepted":true,"wall_s":1.3740074634552002}
{"iteration":4,"score":75.08894649921078,"best":75.16852122785932,"gradient_rms":57.971888436327134,"update_rms":0.004975764471908722,"accepted":true,"wall_s":1.374591838568449}
{"iteration":5,"score":76.04155177487102,"best":76.04155177487102,"gradient_rms":74.90056179147948,"update_rms":0.005072430308315149,"accepted":true,"wall_s":1.3946317061781883}
{"iteration":6,"score":76.63562207296675,"best":76.63562207296675,"gradient_rms":20.61573716473918,"update_rms":0.003890555184318877,"accepted":true,"wall_s":1.2401383146643639}
{"iteration":7,"score":76.41014685934091,"best":76.63562207296675,"gradient_rms":161.50162224405375,"update_rms":0.00571354056393683,"accepted":true,"wall_s":1.373688004910946}
{"iteration":8,"score":76.55482015399623,"best":76.63562207296675,"gradient_rms":66.58553611218714,"update_rms":0.0050558392490648255,"accepted":true,"wall_s":1.3746568448841572}
{"iteration":9,"score":77.07981985090474,"best":77.07981985090474,"gradient_rms":98.01677643625835,"update_rms":0.004935040537907831,"accepted":true,"wall_s":1.378337323665619}
{"iteration":10,"score":77.60997000573056,"best":77.60997000573056,"gradient_rms":46.35891626200168,"update_rms":0.003935617988674187,"accepted":true,"wall_s":1.3772899881005287}
{"iteration":11,"score":78.09335601728701,"best":78.09335601728701,"gradient_rms":41.44816011664685,"update_rms":0.0035011153077101845,"accepted":true,"wall_s":1.3785986192524433}
{"iteration":12,"score":78.3555292977336,"best":78.3555292977336,"gradient_rms":104.22920336458183,"update_rms":0.00465023826950666,"accepted":true,"wall_s":1.3775891475379467}
{"iteration":13,"score":78.33347265467545,"best":78.3555292977336,"gradient_rms":17.865751936854995,"update_rms":0.0034390810687182707,"accepted":true,"wall_s":1.3720426298677921}
{"iteration":14,"score":78.2877693996056,"best":78.3555292977336,"gradient_rms":24.136847671902608,"update_rms":0.002605470794605375,"accepted":true,"wall_s":1.2245588712394238}
{"iteration":15,"score":78.68216505435907,"best":78.68216505435907,"gradient_rms":79.73405842562933,"update_rms":0.0037285465749484193,"accepted":true,"wall_s":1.3722745142877102}
{"iteration":16,"score":78.93046800923554,"best":78.93046800923554,"gradient_rms":24.62460732647917,"update_rms":0.0029941525463472196,"accepted":true,"wall_s":1.373078465461731}
{"iteration":17,"score":79.04646135637789,"best":79.04646135637789,"gradient_rms":39.333957676106806,"update_rms":0.00277251663720709,"accepted":true,"wall_s":1.370767317712307}
{"iteration":18,"score":79.26766910217148,"best":79.26766910217148,"gradient_rms":38.60662285853291,"update_rms":0.0026723405925169396,"accepted":true,"wall_s":1.3751615099608898}
{"iteration":19,"score":79.57104324345732,"best":79.57104324345732,"gradient_rms":44.75211222673604,"update_rms":0.0028527879117685563,"accepted":true,"wall_s":1.3773892261087894}
{"iteration":20,"score":80.19157698855294,"best":80.19157698855294,"gradient_rms":74.59342933951137,"update_rms":0.004159939010874431,"accepted":true,"wall_s":1.3896315060555935}
{"iteration":21,"score":80.5371802062597,"best":80.5371802062597,"gradient_rms":26.83809398866347,"update_rms":0.003392587341538561,"accepted":true,"wall_s":1.378628432750702}
{"iteration":22,"score":80.04872878618873,"best":80.5371802062597,"gradient_rms":226.8760541369922,"update_rms":0.00748107882474665,"accepted":true,"wall_s":1.3794079646468163}
{"iteration":23,"score":79.58394518682991,"best":80.5371802062597,"gradient_rms":25.042036796944778,"update_rms":0.005356067271998594,"accepted":true,"wall_s":1.3757147006690502}
{"iteration":24,"score":79.23694665957316,"best":80.5371802062597,"gradient_rms":41.76917280639287,"update_rms":0.004155727910550435,"accepted":true,"wall_s":1.3772380650043488}
{"iteration":25,"score":79.2121738380623,"best":80.5371802062597,"gradient_rms":55.04934835160555,"update_rms":0.003754124247453103,"accepted":true,"wall_s":1.3763250932097435}
{"iteration":26,"score":79.22752441614077,"best":80.5371802062597,"gradient_rms":22.552736523478416,"update_rms":0.002876326376284196,"accepted":true,"wall_s":1.3768083490431309}
{"iteration":27,"score":79.2484908553109,"best":80.5371802062597,"gradient_rms":15.553159543456044,"update_rms":0.0021694447100278863,"accepted":true,"wall_s":1.375679548829794}
{"iteration":28,"score":79.27220153084136,"best":80.5371802062597,"gradient_rms":12.840538746334666,"update_rms":0.00158572445162505,"accepted":true,"wall_s":1.3768385536968708}
{"iteration":29,"score":79.46178592832622,"best":80.5371802062597,"gradient_rms":33.77407505383151,"update_rms":0.0020169892042531477,"accepted":true,"wall_s":1.375178586691618}
{"iteration":30,"score":79.87932471910126,"best":80.5371802062597,"gradient_rms":62.638496929341,"update_rms":0.003113807031289097,"accepted":true,"wall_s":1.3775309175252914}
{"iteration":31,"score":80.25072406455205,"best":80.5371802062597,"gradient_rms":39.19889603983223,"update_rms":0.002896605280222988,"accepted":true,"wall_s":1.4471943266689777}
{"iteration":32,"score":80.64976211647925,"best":80.64976211647925,"gradient_rms":55.62694156135033,"update_rms":0.0032656631568911804,"accepted":true,"wall_s":1.3795984126627445}
{"iteration":33,"score":80.91977316424968,"best":80.91977316424968,"gradient_rms":17.68799766302882,"update_rms":0.002494553493494844,"accepted":true,"wall_s":1.3913017138838768}
{"iteration":34,"score":81.04838313882662,"best":81.04838313882662,"gradient_rms":11.382611742362565,"update_rms":0.001893822528738818,"accepted":true,"wall_s":1.3833375312387943}
{"iteration":35,"score":81.13992179006746,"best":81.13992179006746,"gradient_rms":10.386069062081871,"update_rms":0.0014463963723452134,"accepted":true,"wall_s":1.3783264607191086}
{"iteration":36,"score":81.2460526041475,"best":81.2460526041475,"gradient_rms":28.54017261861202,"update_rms":0.0016546307080325404,"accepted":true,"wall_s":1.377418227493763}
{"iteration":37,"score":81.44427783507967,"best":81.44427783507967,"gradient_rms":39.497866498647426,"update_rms":0.002345713672965205,"accepted":true,"wall_s":1.3790701478719711}
{"iteration":38,"score":81.62151215955394,"best":81.62151215955394,"gradient_rms":46.58631243229702,"update_rms":0.0028344101018111328,"accepted":true,"wall_s":1.3792901523411274}
{"iteration":39,"score":81.71918596089077,"best":81.71918596089077,"gradient_rms":26.776490656393605,"update_rms":0.002338457179883966,"accepted":true,"wall_s":1.376913595944643}
{"iteration":40,"score":81.60902457931486,"best":81.71918596089077,"gradient_rms":10.709255947809257,"update_rms":0.0016968547943510314,"accepted":true,"wall_s":1.3763426207005978}
{"iteration":41,"score":81.48059791144384,"best":81.71918596089077,"gradient_rms":3.043516394517142,"update_rms":0.0012170501262816957,"accepted":true,"wall_s":1.376476101577282}
{"iteration":42,"score":81.46001666958807,"best":81.71918596089077,"gradient_rms":25.75555569213601,"update_rms":0.0015019572604869956,"accepted":true,"wall_s":1.3809942156076431}
{"iteration":43,"score":81.47686159043859,"best":81.71918596089077,"gradient_rms":20.91401176341576,"update_rms":0.0016298993331145847,"accepted":true,"wall_s":1.3767873458564281}
{"iteration":44,"score":81.4609229987569,"best":81.71918596089077,"gradient_rms":19.965890424873326,"update_rms":0.001597058498499495,"accepted":true,"wall_s":1.377620056271553}
{"iteration":45,"score":81.44869656984584,"best":81.71918596089077,"gradient_rms":18.051743229743895,"update_rms":0.001499036805451386,"accepted":true,"wall_s":1.377088252454996}
{"iteration":46,"score":81.4469324839802,"best":81.71918596089077,"gradient_rms":18.548985153324995,"update_rms":0.001504017444674176,"accepted":true,"wall_s":1.378019042313099}
{"iteration":47,"score":81.38582876732774,"best":81.71918596089077,"gradient_rms":45.06896407781738,"update_rms":0.002660458591128801,"accepted":true,"wall_s":1.3766705729067326}
{"iteration":48,"score":81.39348013480004,"best":81.71918596089077,"gradient_rms":40.0453758188837,"update_rms":0.002900867477043044,"accepted":true,"wall_s":1.377898707985878}
{"iteration":49,"score":81.3691452593936,"best":81.71918596089077,"gradient_rms":44.261603844768835,"update_rms":0.003157700358758632,"accepted":true,"wall_s":1.3743418343365192}
{"iteration":50,"score":81.54574034298552,"best":81.71918596089077,"gradient_rms":41.87517492642497,"update_rms":0.003179561171188734,"accepted":true,"wall_s":1.370835643261671}
{"iteration":51,"score":81.61557162992453,"best":81.71918596089077,"gradient_rms":19.877663509234953,"update_rms":0.002577686395925359,"accepted":true,"wall_s":1.372602604329586}
{"iteration":52,"score":81.95167043988266,"best":81.95167043988266,"gradient_rms":46.20529379062721,"update_rms":0.003120011750134773,"accepted":true,"wall_s":1.373351275920868}
{"iteration":53,"score":82.13524792593803,"best":82.13524792593803,"gradient_rms":9.309491049411102,"update_rms":0.0022725960678553624,"accepted":true,"wall_s":1.3760813772678375}
{"iteration":54,"score":82.0564088242143,"best":82.13524792593803,"gradient_rms":105.430449685001,"update_rms":0.005523066877606399,"accepted":true,"wall_s":1.374247394502163}
{"iteration":55,"score":82.01366786035298,"best":82.13524792593803,"gradient_rms":62.40906235741304,"update_rms":0.004909514045175304,"accepted":true,"wall_s":1.2239096574485302}
{"iteration":56,"score":81.30110332786089,"best":82.13524792593803,"gradient_rms":104.88493734919055,"update_rms":0.005695414702877802,"accepted":true,"wall_s":1.3714330978691578}
{"iteration":57,"score":80.6694959304273,"best":82.13524792593803,"gradient_rms":52.57443266764351,"update_rms":0.0049255430083570756,"accepted":true,"wall_s":1.3717151619493961}
{"iteration":58,"score":80.44501908162407,"best":82.13524792593803,"gradient_rms":64.9402585230523,"update_rms":0.0048633758401974035,"accepted":true,"wall_s":1.371586762368679}
{"iteration":59,"score":78.97115118832723,"best":82.13524792593803,"gradient_rms":119.52793021586282,"update_rms":0.006863270595905613,"accepted":true,"wall_s":1.3712636679410934}
{"iteration":60,"score":78.32232598035931,"best":82.13524792593803,"gradient_rms":16.103200764326857,"update_rms":0.004922074625322859,"accepted":true,"wall_s":1.3748667873442173}
{"iteration":61,"score":77.68601586074054,"best":82.13524792593803,"gradient_rms":20.76939623814509,"update_rms":0.0035680255966202214,"accepted":true,"wall_s":1.3770436607301235}
{"iteration":62,"score":77.46439430002319,"best":82.13524792593803,"gradient_rms":57.860983536160084,"update_rms":0.0037694554331907915,"accepted":true,"wall_s":1.3770383521914482}
{"iteration":63,"score":77.3668056839526,"best":82.13524792593803,"gradient_rms":40.0998177968471,"update_rms":0.003328438044915829,"accepted":true,"wall_s":1.3742965832352638}
{"iteration":64,"score":77.48128117727795,"best":82.13524792593803,"gradient_rms":46.128364336959514,"update_rms":0.0034455618281070766,"accepted":true,"wall_s":1.3740502335131168}
{"iteration":65,"score":77.62250970387174,"best":82.13524792593803,"gradient_rms":22.90021607785457,"update_rms":0.0028700292340216736,"accepted":true,"wall_s":1.3764572963118553}
{"iteration":66,"score":77.79004166005336,"best":82.13524792593803,"gradient_rms":33.66059472967332,"update_rms":0.0028320244954038215,"accepted":true,"wall_s":1.377149447798729}
{"iteration":67,"score":78.8930492253814,"best":82.13524792593803,"gradient_rms":117.62258084976311,"update_rms":0.006095017796130442,"accepted":true,"wall_s":1.3768134824931622}
{"iteration":68,"score":79.4982271974141,"best":82.13524792593803,"gradient_rms":52.18063667801024,"update_rms":0.004950218337397356,"accepted":true,"wall_s":1.377412524074316}
{"iteration":69,"score":80.01399245065794,"best":82.13524792593803,"gradient_rms":76.96991234594576,"update_rms":0.0051986735637943975,"accepted":true,"wall_s":1.3775202706456184}
{"iteration":70,"score":80.04845633904841,"best":82.13524792593803,"gradient_rms":31.333569253432078,"update_rms":0.003794962961262629,"accepted":true,"wall_s":1.3771731406450272}
{"iteration":71,"score":80.16716325210967,"best":82.13524792593803,"gradient_rms":72.12775317840757,"update_rms":0.004431121028825792,"accepted":true,"wall_s":1.3761213831603527}
{"iteration":72,"score":80.32956781461978,"best":82.13524792593803,"gradient_rms":30.751305334907933,"update_rms":0.003571238746342301,"accepted":true,"wall_s":1.3768982328474522}
{"iteration":73,"score":80.55529973875498,"best":82.13524792593803,"gradient_rms":56.54703220066283,"update_rms":0.003994198189053829,"accepted":true,"wall_s":1.377646904438734}
{"iteration":74,"score":80.88211255425193,"best":82.13524792593803,"gradient_rms":77.23038538245324,"update_rms":0.004853400860154356,"accepted":true,"wall_s":1.3753299303352833}
{"iteration":75,"score":81.11348153888324,"best":82.13524792593803,"gradient_rms":45.26987690337372,"update_rms":0.004295942501537371,"accepted":true,"wall_s":1.3749270215630531}
{"iteration":76,"score":81.67277480423674,"best":82.13524792593803,"gradient_rms":64.44504314534507,"update_rms":0.004518107899608616,"accepted":true,"wall_s":1.3776132836937904}
{"iteration":77,"score":81.82137841089892,"best":82.13524792593803,"gradient_rms":32.28366006061722,"update_rms":0.003601881416356658,"accepted":true,"wall_s":1.378227423876524}
{"iteration":78,"score":81.82965494525577,"best":82.13524792593803,"gradient_rms":101.94882218563393,"update_rms":0.0054734141942449025,"accepted":true,"wall_s":1.3774527721107006}
{"iteration":79,"score":81.53511705071882,"best":82.13524792593803,"gradient_rms":55.30314293278219,"update_rms":0.004664953373209634,"accepted":true,"wall_s":1.377219095826149}
{"iteration":80,"score":81.44562188987462,"best":82.13524792593803,"gradient_rms":62.24104606408591,"update_rms":0.004454302970194677,"accepted":true,"wall_s":1.377785012125969}
{"iteration":81,"score":81.71369229327136,"best":82.13524792593803,"gradient_rms":81.35486204254174,"update_rms":0.0050405289358983595,"accepted":true,"wall_s":1.3761435560882092}
{"iteration":82,"score":81.77093831524786,"best":82.13524792593803,"gradient_rms":34.74392204776003,"update_rms":0.0038583473556510674,"accepted":true,"wall_s":1.3773852623999119}
{"iteration":83,"score":81.62313757771499,"best":82.13524792593803,"gradient_rms":22.73409549927682,"update_rms":0.002980024100322216,"accepted":true,"wall_s":1.2307337559759617}
{"iteration":84,"score":81.91640252250915,"best":82.13524792593803,"gradient_rms":56.75765146872482,"update_rms":0.0036890673878934976,"accepted":true,"wall_s":1.377551268786192}
{"iteration":85,"score":82.10288189204164,"best":82.13524792593803,"gradient_rms":51.4546741844983,"update_rms":0.0037526449959997565,"accepted":true,"wall_s":1.3771576583385468}
{"iteration":86,"score":82.30928079602204,"best":82.30928079602204,"gradient_rms":55.980539375902374,"update_rms":0.0038391115516619788,"accepted":true,"wall_s":1.3808851577341557}
{"iteration":87,"score":82.27295791306467,"best":82.30928079602204,"gradient_rms":14.769873512120007,"update_rms":0.0027729331513304807,"accepted":true,"wall_s":1.3761484250426292}
{"iteration":88,"score":82.13539422190931,"best":82.30928079602204,"gradient_rms":31.348358060471543,"update_rms":0.0023345899055870908,"accepted":true,"wall_s":1.2304127141833305}
{"iteration":89,"score":82.35832163355497,"best":82.35832163355497,"gradient_rms":43.240288517752624,"update_rms":0.0029857676768408063,"accepted":true,"wall_s":1.3795933909714222}
{"iteration":90,"score":82.49562878435937,"best":82.49562878435937,"gradient_rms":13.85309440158528,"update_rms":0.002216962813752932,"accepted":true,"wall_s":1.3816145285964012}
{"iteration":91,"score":82.60111157692396,"best":82.60111157692396,"gradient_rms":11.969961192528338,"update_rms":0.0016929908337501522,"accepted":true,"wall_s":1.379468496888876}
{"iteration":92,"score":82.65801868651482,"best":82.65801868651482,"gradient_rms":18.825944301806118,"update_rms":0.0015789464923638753,"accepted":true,"wall_s":1.3785235472023487}
{"iteration":93,"score":82.6910166055655,"best":82.6910166055655,"gradient_rms":6.317423703399298,"update_rms":0.001162320340747784,"accepted":true,"wall_s":1.324553295969963}
{"iteration":94,"score":82.77264023753602,"best":82.77264023753602,"gradient_rms":22.58106969923356,"update_rms":0.0014543339477107607,"accepted":true,"wall_s":1.3798225075006485}
{"iteration":95,"score":82.77969618430186,"best":82.77969618430186,"gradient_rms":21.973330837910463,"update_rms":0.0015242755754434538,"accepted":true,"wall_s":1.3808210752904415}
{"iteration":96,"score":82.76476650976153,"best":82.77969618430186,"gradient_rms":9.036958857039629,"update_rms":0.001202271066791155,"accepted":true,"wall_s":1.3884605653584003}
{"iteration":97,"score":82.9117295321582,"best":82.9117295321582,"gradient_rms":31.08287326472567,"update_rms":0.0018310780135500063,"accepted":true,"wall_s":1.3829689919948578}
{"iteration":98,"score":83.02797494326603,"best":83.02797494326603,"gradient_rms":18.08216292617315,"update_rms":0.0016206754637335134,"accepted":true,"wall_s":1.3829937167465687}
{"iteration":99,"score":83.07681079540352,"best":83.07681079540352,"gradient_rms":36.361810800151076,"update_rms":0.0022661989570979127,"accepted":true,"wall_s":1.3788682520389557}
{"iteration":100,"score":83.01481774200076,"best":83.07681079540352,"gradient_rms":21.91893188063763,"update_rms":0.0019338222594229818,"accepted":true,"wall_s":1.3795209303498268}
{
  "status": "ok",
  "stop_reason": "completed_iterations",
  "initial_score": 74.26526292878522,
  "final_score": 83.01481774200076,
  "best_score": 83.07681079540352,
  "best_iteration": 99,
  "completed_iterations": 100,
  "completed_adam_steps": 100,
  "completed_optimizer_steps": 100,
  "total_wall_s": 137.1667489334941,
  "initial_decode_wall_s": 1.499331384897232,
  "initial_score_wall_s": 0.5857701823115349,
  "mean_iteration_wall_s": 1.3708104029670358,
  "manifest": {
    "algorithm": "adam_with_query_batched_local_gradient",
    "optimizer": "adam",
    "parameter_space": "data",
    "gradient_objective": "dynamic local full-density score with coordinate and maximum-surface-selection derivatives omitted",
    "formal_objective": "complete native QH score for every accepted center",
    "initial_case": "/home/scc/pb24511935/local_surface_evaluator/runs/summary1_review2_20260824/flow_pairs/cases/case_10.json",
    "initial_case_sha256": "48a12ac72c9fdcc45ae35360b52bc60fa4bdd64943ea699b69e9e415efa6196d",
    "checkpoint": "/home/scc/pb24511935/local_surface_evaluator/runs/qh_flow_physical_lr_longselect_20260729/lr_3em4/checkpoint_latest.pt",
    "checkpoint_sha256": "39a3293a459e248a0d1ec062607a1a467128b14d8ca973aadd82e113532ab99f",
    "native_lib": "/home/scc/pb24511935/local_surface_evaluator/runs/summary1_review2_20260824/build_native/libstellarator_gpu.so",
    "native_lib_sha256": "7d3784e02172f5c3130bcf085efa8120dc059d5007daa4b18680edd97b077f94",
    "nfp": 3,
    "n_base_coils": 2,
    "iterations": 100,
    "max_wall_s": 4200.0,
    "flow": {
      "method": "rk4",
      "steps": 128,
      "dtype": "fp32",
      "use": "initial latent-to-coil decode only"
    },
    "flow_pipeline": false,
    "coordinate_gradient": {
      "dimension": 200,
      "mode": "random-orthogonal",
      "random_directions": 2,
      "endpoint_count": 4,
      "perturbation": 0.0025,
      "difference": "centered",
      "psi_grid": 48,
      "psi_iterations": 4,
      "alpha_iterations": 4,
      "formal_surface_theta_count": 128,
      "local_surface_theta_count": 64
    },
    "adam": {
      "learning_rate": 0.01,
      "beta1": 0.7,
      "beta2": 0.999,
      "epsilon": 1e-08,
      "weight_decay": 0.0
    },
    "bfgs": {
      "initial_trust_rms": 0.01,
      "min_trust_rms": 1e-05,
      "max_trust_rms": 0.05,
      "trust_growth": 1.2,
      "trust_shrink": 0.5,
      "min_improvement": 0.0
    },
    "seed": 2026082510,
    "axis_policy": "initial global search, then strict mixed-precision continuation",
    "devices": {
      "flow": 0,
      "score": 0
    },
    "initial_metadata_keys": [
      "flow_prior_screening",
      "nfp",
      "raw"
    ],
    "data_parameterization": {
      "definition": "per-coordinate training-set standardization",
      "physical_mapping": "CoilNormalizer.inverse with canonical current L1/sign",
      "initial_clipped_fraction": 0.0,
      "initial_roundtrip_relative_rms": 1.1225399492254635e-17,
      "flow_calls_after_initialization": 0
    }
  }
}
{"iteration":1,"score":71.28929348992949,"best":71.36932974036793,"gradient_rms":24.2966911976319,"update_rms":0.009999999945758543,"accepted":true,"wall_s":4.248513627797365}
{"iteration":2,"score":70.92374413514088,"best":71.36932974036793,"gradient_rms":12.653563427439067,"update_rms":0.006334360784443022,"accepted":true,"wall_s":3.1088983081281185}
{"iteration":3,"score":71.07583657231163,"best":71.36932974036793,"gradient_rms":14.189462989924946,"update_rms":0.005441678480193449,"accepted":true,"wall_s":3.0904420353472233}
{"iteration":4,"score":71.10954936399618,"best":71.36932974036793,"gradient_rms":8.41019710265112,"update_rms":0.004478161619140757,"accepted":true,"wall_s":3.086907897144556}
{"iteration":5,"score":70.91128122395442,"best":71.36932974036793,"gradient_rms":24.81987495740849,"update_rms":0.005448784903452858,"accepted":true,"wall_s":3.079839125275612}
{"iteration":6,"score":71.0687521081764,"best":71.36932974036793,"gradient_rms":3.4135794486594735,"update_rms":0.004067913283951273,"accepted":true,"wall_s":3.086367689073086}
{"iteration":7,"score":71.05528850732362,"best":71.36932974036793,"gradient_rms":6.589223300889656,"update_rms":0.0033981588405587585,"accepted":true,"wall_s":3.077201023697853}
{"iteration":8,"score":71.19063049588296,"best":71.36932974036793,"gradient_rms":8.93955835759858,"update_rms":0.0032617725525673777,"accepted":true,"wall_s":2.9847143180668354}
{"iteration":9,"score":71.30057327973148,"best":71.36932974036793,"gradient_rms":6.2362358068660315,"update_rms":0.002969142671413996,"accepted":true,"wall_s":2.9870418086647987}
{"iteration":10,"score":71.26279622510222,"best":71.36932974036793,"gradient_rms":11.784974632667469,"update_rms":0.0036749271265529926,"accepted":true,"wall_s":3.075027547776699}
{"iteration":11,"score":71.3923336972066,"best":71.3923336972066,"gradient_rms":21.755446502566787,"update_rms":0.004981701268793308,"accepted":true,"wall_s":3.080185391008854}
{"iteration":12,"score":71.51091939329008,"best":71.51091939329008,"gradient_rms":20.86735913918652,"update_rms":0.005111788661442258,"accepted":true,"wall_s":3.1117789559066296}
{"iteration":13,"score":71.61338066757483,"best":71.61338066757483,"gradient_rms":5.564746084915355,"update_rms":0.003851722004556499,"accepted":true,"wall_s":2.981321521103382}
{"iteration":14,"score":71.75027927043463,"best":71.75027927043463,"gradient_rms":12.953162590092122,"update_rms":0.00384440606429455,"accepted":true,"wall_s":2.975794952362776}
{"iteration":15,"score":71.81570857924599,"best":71.81570857924599,"gradient_rms":8.947833304242284,"update_rms":0.0034663950228336626,"accepted":true,"wall_s":2.979562636464834}
{"iteration":16,"score":71.9272327004929,"best":71.9272327004929,"gradient_rms":5.996262170852705,"update_rms":0.002797750761748542,"accepted":true,"wall_s":3.06107209995389}
{"iteration":17,"score":71.83752812371671,"best":71.9272327004929,"gradient_rms":0.36983090256997614,"update_rms":0.0020250106518835587,"accepted":true,"wall_s":2.7347813174128532}
{"iteration":18,"score":71.92190354300867,"best":71.9272327004929,"gradient_rms":8.349846820666219,"update_rms":0.0025004138196645935,"accepted":true,"wall_s":2.7420480623841286}
{"iteration":19,"score":72.04316912421542,"best":72.04316912421542,"gradient_rms":7.091599566723596,"update_rms":0.0025400525767996117,"accepted":true,"wall_s":2.7450839653611183}
{"iteration":20,"score":72.1134243633982,"best":72.1134243633982,"gradient_rms":14.970692446478022,"update_rms":0.0037555886791362358,"accepted":true,"wall_s":2.753037828952074}
{"iteration":21,"score":72.25871243585719,"best":72.25871243585719,"gradient_rms":7.464987602200618,"update_rms":0.0030330880066603973,"accepted":true,"wall_s":2.7453060150146484}
{"iteration":22,"score":72.47950568454849,"best":72.47950568454849,"gradient_rms":11.030556550116545,"update_rms":0.003296722739166734,"accepted":true,"wall_s":2.753009904175997}
{"iteration":23,"score":72.575300123934,"best":72.575300123934,"gradient_rms":10.42599535983711,"update_rms":0.0032160194320615043,"accepted":true,"wall_s":2.74263172224164}
{"iteration":24,"score":72.63371147244504,"best":72.63371147244504,"gradient_rms":3.5461720833787145,"update_rms":0.0024626547736617127,"accepted":true,"wall_s":2.7359077520668507}
{"iteration":25,"score":72.73616459235025,"best":72.73616459235025,"gradient_rms":6.866258551304512,"update_rms":0.0025523112300540824,"accepted":true,"wall_s":2.7476112879812717}
{"iteration":26,"score":72.80548233574912,"best":72.80548233574912,"gradient_rms":1.798438681547132,"update_rms":0.0019219846881914937,"accepted":true,"wall_s":2.752816528081894}
{"iteration":27,"score":72.88904671661935,"best":72.88904671661935,"gradient_rms":10.64286838659803,"update_rms":0.00322420711696281,"accepted":true,"wall_s":2.8422945588827133}
{"iteration":28,"score":73.05243526938165,"best":73.05243526938165,"gradient_rms":16.69198519798971,"update_rms":0.0046299677542042325,"accepted":true,"wall_s":2.745822697877884}
{"iteration":29,"score":73.26408508628171,"best":73.26408508628171,"gradient_rms":1.1450480522179762,"update_rms":0.003287701900582944,"accepted":true,"wall_s":2.755864944308996}
{"iteration":30,"score":73.40789561518032,"best":73.40789561518032,"gradient_rms":9.210277023083718,"update_rms":0.0033527275126744196,"accepted":true,"wall_s":2.7534187100827694}
{"iteration":31,"score":73.48552818692201,"best":73.48552818692201,"gradient_rms":0.8264115797985259,"update_rms":0.0024103296320166683,"accepted":true,"wall_s":2.8463912829756737}
{"iteration":32,"score":73.56377482377796,"best":73.56377482377796,"gradient_rms":3.0146049820187786,"update_rms":0.0018861035201756333,"accepted":true,"wall_s":2.7546898424625397}
{"iteration":33,"score":73.53516967140341,"best":73.56377482377796,"gradient_rms":16.89133548162438,"update_rms":0.004338315772119424,"accepted":true,"wall_s":2.8387378193438053}
{"iteration":34,"score":73.74525761910506,"best":73.74525761910506,"gradient_rms":3.556084200883412,"update_rms":0.003309963475841286,"accepted":true,"wall_s":2.8670580089092255}
{"iteration":35,"score":73.86543397784544,"best":73.86543397784544,"gradient_rms":6.067057012193501,"update_rms":0.002869117838514723,"accepted":true,"wall_s":2.748444851487875}
{"iteration":36,"score":73.95717931670947,"best":73.95717931670947,"gradient_rms":12.639941968569502,"update_rms":0.003950985074385033,"accepted":true,"wall_s":2.7511541098356247}
{"iteration":37,"score":74.12830600674988,"best":74.12830600674988,"gradient_rms":7.217853979250597,"update_rms":0.003521288714703952,"accepted":true,"wall_s":2.7496349290013313}
{"iteration":38,"score":74.35991186890314,"best":74.35991186890314,"gradient_rms":10.855353620098821,"update_rms":0.003636493522930717,"accepted":true,"wall_s":2.7582115679979324}
{"iteration":39,"score":74.43229102340787,"best":74.43229102340787,"gradient_rms":8.051549941448929,"update_rms":0.0032593952719541987,"accepted":true,"wall_s":2.749821987003088}
{"iteration":40,"score":74.45622297023385,"best":74.45622297023385,"gradient_rms":7.946681976739637,"update_rms":0.0031255124132844323,"accepted":true,"wall_s":2.8464072719216347}
{"iteration":41,"score":74.67967290370687,"best":74.67967290370687,"gradient_rms":18.75597833646128,"update_rms":0.005389576943011925,"accepted":true,"wall_s":2.980125419795513}
{"iteration":42,"score":74.88324601709158,"best":74.88324601709158,"gradient_rms":19.91875959526663,"update_rms":0.006543003472062729,"accepted":true,"wall_s":3.067116405814886}
{"iteration":43,"score":75.24873464112423,"best":75.24873464112423,"gradient_rms":20.144493929222648,"update_rms":0.006740501602951381,"accepted":true,"wall_s":3.063171874731779}
{"iteration":44,"score":75.51645015679222,"best":75.51645015679222,"gradient_rms":12.331996216412543,"update_rms":0.005988088461040491,"accepted":true,"wall_s":2.9716371595859528}
{"iteration":45,"score":75.77204330492765,"best":75.77204330492765,"gradient_rms":9.345788218937656,"update_rms":0.0047552846559200425,"accepted":true,"wall_s":2.969088088721037}
{"iteration":46,"score":75.98409587827481,"best":75.98409587827481,"gradient_rms":7.368422961987577,"update_rms":0.003936701948940762,"accepted":true,"wall_s":2.9661327227950096}
{"iteration":47,"score":76.158881853454,"best":76.158881853454,"gradient_rms":9.324190243731886,"update_rms":0.0036975675570323084,"accepted":true,"wall_s":2.9640424996614456}
{"iteration":48,"score":76.19204271410848,"best":76.19204271410848,"gradient_rms":7.732072713103735,"update_rms":0.00330552280908736,"accepted":true,"wall_s":2.733619764447212}
{"iteration":49,"score":76.56991440287396,"best":76.56991440287396,"gradient_rms":17.7731673430796,"update_rms":0.0050540413323450105,"accepted":true,"wall_s":2.7430530935525894}
{"iteration":50,"score":76.75977289827152,"best":76.75977289827152,"gradient_rms":1.5376871197035054,"update_rms":0.0035967046621577688,"accepted":true,"wall_s":2.7326697297394276}
{"iteration":51,"score":76.91935508796197,"best":76.91935508796197,"gradient_rms":9.858790187455764,"update_rms":0.0035945472860084765,"accepted":true,"wall_s":2.7385284453630447}
{"iteration":52,"score":77.05991279573932,"best":77.05991279573932,"gradient_rms":3.3120247496884434,"update_rms":0.002804894170229096,"accepted":true,"wall_s":2.7420283146202564}
{"iteration":53,"score":77.26613803036061,"best":77.26613803036061,"gradient_rms":16.562236047339685,"update_rms":0.00482824478689369,"accepted":true,"wall_s":2.740769535303116}
{"iteration":54,"score":77.512166515979,"best":77.512166515979,"gradient_rms":8.461601034249231,"update_rms":0.00396717679946204,"accepted":true,"wall_s":2.7361005879938602}
{"iteration":55,"score":77.65750385023925,"best":77.65750385023925,"gradient_rms":5.325896130890792,"update_rms":0.0031600332370099677,"accepted":true,"wall_s":2.8498742133378983}
{"iteration":56,"score":77.80994040902868,"best":77.80994040902868,"gradient_rms":7.698700433923002,"update_rms":0.00313215574276196,"accepted":true,"wall_s":2.8414650671184063}
{"iteration":57,"score":77.91082666008948,"best":77.91082666008948,"gradient_rms":3.720194690940127,"update_rms":0.0024907213744574347,"accepted":true,"wall_s":2.735299479216337}
{"iteration":58,"score":77.98759103271819,"best":77.98759103271819,"gradient_rms":1.8528413526685104,"update_rms":0.0018179918552603655,"accepted":true,"wall_s":2.7357227578759193}
{"iteration":59,"score":77.98942508199347,"best":77.98942508199347,"gradient_rms":9.444547711428394,"update_rms":0.0028597364582429135,"accepted":true,"wall_s":2.7409608103334904}
{"iteration":60,"score":78.06686949149703,"best":78.06686949149703,"gradient_rms":4.397086349949143,"update_rms":0.002237390063121766,"accepted":true,"wall_s":2.736381981521845}
{"iteration":61,"score":78.16076492618215,"best":78.16076492618215,"gradient_rms":5.266122547621805,"update_rms":0.0022125938951912394,"accepted":true,"wall_s":2.737359896302223}
{"iteration":62,"score":78.30843655530292,"best":78.30843655530292,"gradient_rms":12.778305365353512,"update_rms":0.003749004189670509,"accepted":true,"wall_s":2.7453102953732014}
{"iteration":63,"score":78.4137965233086,"best":78.4137965233086,"gradient_rms":1.3769031474374491,"update_rms":0.0026998567827614035,"accepted":true,"wall_s":2.743342738598585}
{"iteration":64,"score":78.58329602737899,"best":78.58329602737899,"gradient_rms":14.639985223420776,"update_rms":0.0043078083386181455,"accepted":true,"wall_s":2.7339747697114944}
{"iteration":65,"score":78.70304270545616,"best":78.70304270545616,"gradient_rms":6.502538124349311,"update_rms":0.003584805206778562,"accepted":true,"wall_s":2.746846627444029}
{"iteration":66,"score":78.83410720553792,"best":78.83410720553792,"gradient_rms":8.21484872195974,"update_rms":0.0032040048836270573,"accepted":true,"wall_s":2.75289548560977}
{"iteration":67,"score":78.86173044783379,"best":78.86173044783379,"gradient_rms":5.897427357849367,"update_rms":0.002670546114148058,"accepted":true,"wall_s":2.8344435803592205}
{"iteration":68,"score":78.94620990414845,"best":78.94620990414845,"gradient_rms":8.152021489894437,"update_rms":0.0028285385063061266,"accepted":true,"wall_s":2.725768119096756}
{"iteration":69,"score":79.09393553503375,"best":79.09393553503375,"gradient_rms":10.060486020193846,"update_rms":0.0034194915357935772,"accepted":true,"wall_s":2.7382349744439125}
{"iteration":70,"score":79.21464418346632,"best":79.21464418346632,"gradient_rms":3.065522354572057,"update_rms":0.002596937822850758,"accepted":true,"wall_s":2.7409533187747}
{"iteration":71,"score":79.3688957483785,"best":79.3688957483785,"gradient_rms":11.688795455161097,"update_rms":0.003564262539320233,"accepted":true,"wall_s":2.743597347289324}
{"iteration":72,"score":79.47401236824729,"best":79.47401236824729,"gradient_rms":3.8547093226172215,"update_rms":0.0027854691486126296,"accepted":true,"wall_s":2.7366215735673904}
{"iteration":73,"score":79.62590360633365,"best":79.62590360633365,"gradient_rms":11.500883499979254,"update_rms":0.003721997178726198,"accepted":true,"wall_s":2.74281257763505}
{"iteration":74,"score":79.72379000304235,"best":79.72379000304235,"gradient_rms":3.6657126330279963,"update_rms":0.002817022078806534,"accepted":true,"wall_s":2.743652869015932}
{"iteration":75,"score":79.68411081937663,"best":79.72379000304235,"gradient_rms":10.300411021707262,"update_rms":0.0033806754261624192,"accepted":true,"wall_s":2.8366482444107533}
{"iteration":76,"score":79.91524078184278,"best":79.91524078184278,"gradient_rms":19.967070161306598,"update_rms":0.005650808961440535,"accepted":true,"wall_s":3.0711123049259186}
{"iteration":77,"score":80.01952237686949,"best":80.01952237686949,"gradient_rms":15.677149473274762,"update_rms":0.0059459335835135,"accepted":true,"wall_s":2.972280602902174}
{"iteration":78,"score":80.0714358045316,"best":80.0714358045316,"gradient_rms":2.0847878639892996,"update_rms":0.00422033119334975,"accepted":true,"wall_s":2.971518613398075}
{"iteration":79,"score":80.09600137467842,"best":80.09600137467842,"gradient_rms":5.121838944043188,"update_rms":0.0033639837266924927,"accepted":true,"wall_s":2.9671222157776356}
{"iteration":80,"score":80.01111115360577,"best":80.09600137467842,"gradient_rms":3.5576692988929435,"update_rms":0.0025076216003079017,"accepted":true,"wall_s":2.7333619371056557}
{"iteration":81,"score":80.07816293275422,"best":80.09600137467842,"gradient_rms":10.308681879898318,"update_rms":0.0033519098733040425,"accepted":true,"wall_s":2.7394506223499775}
{"iteration":82,"score":80.25696594641394,"best":80.25696594641394,"gradient_rms":13.519449133859917,"update_rms":0.004511501224739423,"accepted":true,"wall_s":3.0552267245948315}
{"iteration":83,"score":80.30151690755378,"best":80.30151690755378,"gradient_rms":12.195973289615802,"update_rms":0.0047984838713483365,"accepted":true,"wall_s":2.7342024594545364}
{"iteration":84,"score":80.40716296283293,"best":80.40716296283293,"gradient_rms":7.353163429595703,"update_rms":0.004119001871696205,"accepted":true,"wall_s":3.0489571914076805}
{"iteration":85,"score":80.30616052889164,"best":80.40716296283293,"gradient_rms":5.377218503800866,"update_rms":0.003232270940843676,"accepted":true,"wall_s":2.736400544643402}
{"iteration":86,"score":80.42880072379782,"best":80.42880072379782,"gradient_rms":4.237360901216459,"update_rms":0.0025772125103727065,"accepted":true,"wall_s":2.740689054131508}
{"iteration":87,"score":80.41280570293155,"best":80.42880072379782,"gradient_rms":8.596920142214067,"update_rms":0.0029395758366189827,"accepted":true,"wall_s":2.7295130640268326}
{"iteration":88,"score":80.48814088462653,"best":80.48814088462653,"gradient_rms":4.642771969190451,"update_rms":0.0024559050166882293,"accepted":true,"wall_s":2.7355373837053776}
{"iteration":89,"score":80.53920880260836,"best":80.53920880260836,"gradient_rms":7.9283251414531595,"update_rms":0.0029213426132465086,"accepted":true,"wall_s":2.7387776263058186}
{"iteration":90,"score":80.57074194354982,"best":80.57074194354982,"gradient_rms":3.9752860106892993,"update_rms":0.002280117218637339,"accepted":true,"wall_s":2.7410915456712246}
{"iteration":91,"score":80.58996556740995,"best":80.58996556740995,"gradient_rms":8.806965126155726,"update_rms":0.0029309525136522207,"accepted":true,"wall_s":2.8335705511271954}
{"iteration":92,"score":80.68181531900744,"best":80.68181531900744,"gradient_rms":5.683975672889794,"update_rms":0.002756031260626142,"accepted":true,"wall_s":2.83686750382185}
{"iteration":93,"score":80.65222056303574,"best":80.68181531900744,"gradient_rms":7.9661245744041045,"update_rms":0.0029781761573252213,"accepted":true,"wall_s":2.731401801109314}
{"iteration":94,"score":80.71489720555508,"best":80.71489720555508,"gradient_rms":11.964263817247286,"update_rms":0.004036901636456826,"accepted":true,"wall_s":3.055427625775337}
{"iteration":95,"score":80.61752712965541,"best":80.71489720555508,"gradient_rms":4.930623806675035,"update_rms":0.003240222364943086,"accepted":true,"wall_s":2.7353875301778316}
{"iteration":96,"score":80.64868162968746,"best":80.71489720555508,"gradient_rms":5.044600344100134,"update_rms":0.0027407506561375732,"accepted":true,"wall_s":2.732097450643778}
{"iteration":97,"score":80.75786717091722,"best":80.75786717091722,"gradient_rms":6.740722827343826,"update_rms":0.002650768184530647,"accepted":true,"wall_s":2.738279040902853}
{"iteration":98,"score":80.83839303078682,"best":80.83839303078682,"gradient_rms":6.17656496260056,"update_rms":0.0027310236847207393,"accepted":true,"wall_s":2.759823627769947}
{"iteration":99,"score":80.90705891312945,"best":80.90705891312945,"gradient_rms":5.571239923118419,"update_rms":0.002573611564974015,"accepted":true,"wall_s":2.740244582295418}
{"iteration":100,"score":80.98788410708009,"best":80.98788410708009,"gradient_rms":5.925915825334898,"update_rms":0.002539689951103544,"accepted":true,"wall_s":2.742739364504814}
{
  "status": "ok",
  "stop_reason": "completed_iterations",
  "initial_score": 71.36932974036793,
  "final_score": 80.98788410708009,
  "best_score": 80.98788410708009,
  "best_iteration": 100,
  "completed_iterations": 100,
  "completed_adam_steps": 100,
  "completed_optimizer_steps": 100,
  "total_wall_s": 285.26740128546953,
  "initial_decode_wall_s": 1.532519407570362,
  "initial_score_wall_s": 0.7965669520199299,
  "mean_iteration_wall_s": 2.851861872412264,
  "manifest": {
    "algorithm": "adam_with_query_batched_local_gradient",
    "optimizer": "adam",
    "parameter_space": "latent",
    "gradient_objective": "dynamic local full-density score with coordinate and maximum-surface-selection derivatives omitted",
    "formal_objective": "complete native QH score for every accepted center",
    "initial_case": "/home/scc/pb24511935/local_surface_evaluator/runs/summary1_review2_20260824/flow_pairs/cases/case_14.json",
    "initial_case_sha256": "b06413a109b8a7d6b5b2e0d6741d9516ea962ae746fc9960c7d21f505f7d0f8e",
    "checkpoint": "/home/scc/pb24511935/local_surface_evaluator/runs/qh_flow_physical_lr_longselect_20260729/lr_3em4/checkpoint_latest.pt",
    "checkpoint_sha256": "39a3293a459e248a0d1ec062607a1a467128b14d8ca973aadd82e113532ab99f",
    "native_lib": "/home/scc/pb24511935/local_surface_evaluator/runs/summary1_review2_20260824/build_native/libstellarator_gpu.so",
    "native_lib_sha256": "7d3784e02172f5c3130bcf085efa8120dc059d5007daa4b18680edd97b077f94",
    "nfp": 6,
    "n_base_coils": 2,
    "iterations": 100,
    "max_wall_s": 4200.0,
    "flow": {
      "method": "rk4",
      "steps": 128,
      "dtype": "fp32",
      "use": "every gradient endpoint and accepted center"
    },
    "flow_pipeline": true,
    "coordinate_gradient": {
      "dimension": 200,
      "mode": "random-orthogonal",
      "random_directions": 2,
      "endpoint_count": 4,
      "perturbation": 0.005,
      "difference": "centered",
      "psi_grid": 48,
      "psi_iterations": 4,
      "alpha_iterations": 4,
      "formal_surface_theta_count": 128,
      "local_surface_theta_count": 64
    },
    "adam": {
      "learning_rate": 0.01,
      "beta1": 0.7,
      "beta2": 0.999,
      "epsilon": 1e-08,
      "weight_decay": 0.0
    },
    "bfgs": {
      "initial_trust_rms": 0.01,
      "min_trust_rms": 1e-05,
      "max_trust_rms": 0.05,
      "trust_growth": 1.2,
      "trust_shrink": 0.5,
      "min_improvement": 0.0
    },
    "seed": 2026082514,
    "axis_policy": "initial global search, then strict mixed-precision continuation",
    "devices": {
      "flow": 0,
      "score": 0
    },
    "initial_metadata_keys": [
      "flow_prior_screening",
      "nfp",
      "raw"
    ]
  }
}
{"iteration":1,"score":71.63814796904953,"best":71.63814796904953,"gradient_rms":31.40278616701207,"update_rms":0.009999999980966784,"accepted":true,"wall_s":1.88880967348814}
{"iteration":2,"score":71.9752875736986,"best":71.9752875736986,"gradient_rms":11.199664934836342,"update_rms":0.006664806978272574,"accepted":true,"wall_s":1.9763804972171783}
{"iteration":3,"score":72.68397401009689,"best":72.68397401009689,"gradient_rms":46.110002664711466,"update_rms":0.0065349442161869095,"accepted":true,"wall_s":1.9725585170090199}
{"iteration":4,"score":73.61047500786654,"best":73.61047500786654,"gradient_rms":63.71905491664408,"update_rms":0.006384840354129324,"accepted":true,"wall_s":1.961116023361683}
{"iteration":5,"score":74.0514021766223,"best":74.0514021766223,"gradient_rms":36.284803277483455,"update_rms":0.005222401561643288,"accepted":true,"wall_s":1.9651404805481434}
{"iteration":6,"score":74.73985451299565,"best":74.73985451299565,"gradient_rms":43.425809274522855,"update_rms":0.004752695284054231,"accepted":true,"wall_s":1.9719971790909767}
{"iteration":7,"score":76.0728479390299,"best":76.0728479390299,"gradient_rms":108.5128915289623,"update_rms":0.006444434088696469,"accepted":true,"wall_s":1.9661586247384548}
{"iteration":8,"score":77.01551324959183,"best":77.01551324959183,"gradient_rms":38.322297940696586,"update_rms":0.005298641607550858,"accepted":true,"wall_s":1.968854185193777}
{"iteration":9,"score":77.71396297930204,"best":77.71396297930204,"gradient_rms":32.32230460008906,"update_rms":0.004646362105875134,"accepted":true,"wall_s":1.9779873490333557}
{"iteration":10,"score":78.70662780787127,"best":78.70662780787127,"gradient_rms":99.73334074981612,"update_rms":0.005468101201858918,"accepted":true,"wall_s":1.9682315178215504}
{"iteration":11,"score":78.84628768381315,"best":78.84628768381315,"gradient_rms":28.95553806718138,"update_rms":0.0043338155550458925,"accepted":true,"wall_s":1.9718807935714722}
{"iteration":12,"score":78.58911859808913,"best":78.84628768381315,"gradient_rms":54.08054041598092,"update_rms":0.004425694214928265,"accepted":true,"wall_s":1.9625441506505013}
{"iteration":13,"score":77.57610817941489,"best":78.84628768381315,"gradient_rms":25.105274018047144,"update_rms":0.0034261122782816176,"accepted":true,"wall_s":1.7356746941804886}
{"iteration":14,"score":76.93344701806772,"best":78.84628768381315,"gradient_rms":21.374478769298566,"update_rms":0.0027911018067494,"accepted":true,"wall_s":1.9625127911567688}
{"iteration":15,"score":76.58810898153723,"best":78.84628768381315,"gradient_rms":95.92429021513053,"update_rms":0.005230043835698349,"accepted":true,"wall_s":1.9637836776673794}
{"iteration":16,"score":76.54048814281548,"best":78.84628768381315,"gradient_rms":46.07821406400353,"update_rms":0.00458951549295041,"accepted":true,"wall_s":1.9662984795868397}
{"iteration":17,"score":77.64690926988625,"best":78.84628768381315,"gradient_rms":129.7117726034589,"update_rms":0.0065272233252253,"accepted":true,"wall_s":1.7344023995101452}
{"iteration":18,"score":79.13069400107244,"best":79.13069400107244,"gradient_rms":72.89536365207827,"update_rms":0.0059957534495842174,"accepted":true,"wall_s":1.9706988632678986}
{"iteration":19,"score":80.03438122858401,"best":80.03438122858401,"gradient_rms":41.709830357656934,"update_rms":0.004724542149065746,"accepted":true,"wall_s":1.9658550098538399}
{"iteration":20,"score":80.3726746430093,"best":80.3726746430093,"gradient_rms":19.779829912630913,"update_rms":0.0034938631912058275,"accepted":true,"wall_s":1.9680887162685394}
{"iteration":21,"score":80.84818252197348,"best":80.84818252197348,"gradient_rms":69.70253803792804,"update_rms":0.004403984259723076,"accepted":true,"wall_s":1.965103030204773}
{"iteration":22,"score":81.3110496074056,"best":81.3110496074056,"gradient_rms":61.35456603205109,"update_rms":0.004575774672130972,"accepted":true,"wall_s":1.9663893096148968}
{"iteration":23,"score":81.51465438165572,"best":81.51465438165572,"gradient_rms":1.624347462444748,"update_rms":0.0032867046871974245,"accepted":true,"wall_s":1.964378509670496}
{"iteration":24,"score":81.79696026008608,"best":81.79696026008608,"gradient_rms":30.806618210268766,"update_rms":0.002918509205254442,"accepted":true,"wall_s":1.9963470548391342}
{"iteration":25,"score":81.94406238100302,"best":81.94406238100302,"gradient_rms":51.81289101664197,"update_rms":0.003224793067637465,"accepted":true,"wall_s":1.9590892978012562}
{"iteration":26,"score":82.04604285301924,"best":82.04604285301924,"gradient_rms":55.919071454326506,"update_rms":0.003658110823950366,"accepted":true,"wall_s":1.8651274964213371}
{"iteration":27,"score":82.47741394857624,"best":82.47741394857624,"gradient_rms":75.07187962420869,"update_rms":0.004354469563051134,"accepted":true,"wall_s":1.8639652766287327}
{"iteration":28,"score":82.44422938360212,"best":82.47741394857624,"gradient_rms":49.69570266410198,"update_rms":0.0039395059067605645,"accepted":true,"wall_s":1.7247336208820343}
{"iteration":29,"score":82.3421903618686,"best":82.47741394857624,"gradient_rms":39.794136334913254,"update_rms":0.003549133842459587,"accepted":true,"wall_s":1.9546585977077484}
{"iteration":30,"score":82.49068826664906,"best":82.49068826664906,"gradient_rms":52.292488245837674,"update_rms":0.0036151080247092417,"accepted":true,"wall_s":1.9529681578278542}
{"iteration":31,"score":82.96524985776405,"best":82.96524985776405,"gradient_rms":76.6374789432914,"update_rms":0.004609294606017804,"accepted":true,"wall_s":1.956531297415495}
{"iteration":32,"score":83.37317794488688,"best":83.37317794488688,"gradient_rms":40.5313501829618,"update_rms":0.004103938606729095,"accepted":true,"wall_s":1.9558187276124954}
{"iteration":33,"score":83.70910058806845,"best":83.70910058806845,"gradient_rms":36.56392134074967,"update_rms":0.003469214161890528,"accepted":true,"wall_s":1.9603623189032078}
{"iteration":34,"score":83.97289307998875,"best":83.97289307998875,"gradient_rms":43.74778397591152,"update_rms":0.003343892980138176,"accepted":true,"wall_s":1.9533432237803936}
{"iteration":35,"score":84.18136104607949,"best":84.18136104607949,"gradient_rms":34.94935681363807,"update_rms":0.003156684766632113,"accepted":true,"wall_s":1.9603960178792477}
{"iteration":36,"score":84.28055413846754,"best":84.28055413846754,"gradient_rms":20.114993371641194,"update_rms":0.002503773366174125,"accepted":true,"wall_s":1.9596798308193684}
{"iteration":37,"score":84.26435269748741,"best":84.28055413846754,"gradient_rms":12.681136079061941,"update_rms":0.0018913105146037418,"accepted":true,"wall_s":1.9529784806072712}
{"iteration":38,"score":84.28206642533144,"best":84.28206642533144,"gradient_rms":63.33832288084725,"update_rms":0.00378511700762468,"accepted":true,"wall_s":1.6332644633948803}
{"iteration":39,"score":84.55844187667205,"best":84.55844187667205,"gradient_rms":32.97049298661191,"update_rms":0.0032618117566560467,"accepted":true,"wall_s":1.953579593449831}
{"iteration":40,"score":84.69461399301059,"best":84.69461399301059,"gradient_rms":46.147033030469416,"update_rms":0.003480091185286606,"accepted":true,"wall_s":1.9617570415139198}
{"iteration":41,"score":84.7878020027625,"best":84.7878020027625,"gradient_rms":28.881573924993685,"update_rms":0.003172025470642302,"accepted":true,"wall_s":1.9568907991051674}
{"iteration":42,"score":84.7430723768334,"best":84.7878020027625,"gradient_rms":12.768658490405869,"update_rms":0.0023634260387916948,"accepted":true,"wall_s":1.9571043699979782}
{"iteration":43,"score":84.9013697385451,"best":84.9013697385451,"gradient_rms":50.10999574475678,"update_rms":0.003444392153357617,"accepted":true,"wall_s":1.7246553376317024}
{"iteration":44,"score":85.01792975256927,"best":85.01792975256927,"gradient_rms":17.18310093585212,"update_rms":0.002698549859389081,"accepted":true,"wall_s":1.9571347273886204}
{"iteration":45,"score":84.70294576701798,"best":85.01792975256927,"gradient_rms":31.1495176689016,"update_rms":0.0026318914666646955,"accepted":true,"wall_s":1.9564840011298656}
{"iteration":46,"score":84.40313913925695,"best":85.01792975256927,"gradient_rms":21.68910128843406,"update_rms":0.0022031816954465543,"accepted":true,"wall_s":1.9551983065903187}
{"iteration":47,"score":84.25390292535619,"best":85.01792975256927,"gradient_rms":31.19997789230198,"update_rms":0.002411045142929866,"accepted":true,"wall_s":1.956515196710825}
{"iteration":48,"score":84.35979317549409,"best":85.01792975256927,"gradient_rms":64.99910452342674,"update_rms":0.004006236275520905,"accepted":true,"wall_s":1.6378526650369167}
{"iteration":49,"score":84.1237224477791,"best":85.01792975256927,"gradient_rms":11.609340586696145,"update_rms":0.002957603352282833,"accepted":true,"wall_s":1.6376903429627419}
{"iteration":50,"score":83.92609640559851,"best":85.01792975256927,"gradient_rms":39.91110000875334,"update_rms":0.0033146364889468233,"accepted":true,"wall_s":1.7313931919634342}
{"iteration":51,"score":83.90502598902592,"best":85.01792975256927,"gradient_rms":21.53311651638222,"update_rms":0.0026596849917618543,"accepted":true,"wall_s":1.9549451917409897}
{"iteration":52,"score":83.89046948628604,"best":85.01792975256927,"gradient_rms":21.86291996284729,"update_rms":0.0022770963165695663,"accepted":true,"wall_s":1.9583217315375805}
{"iteration":53,"score":84.24869816210067,"best":85.01792975256927,"gradient_rms":80.99457548633947,"update_rms":0.004936302444055778,"accepted":true,"wall_s":1.9570431783795357}
{"iteration":54,"score":83.84005643906968,"best":85.01792975256927,"gradient_rms":27.676273295184465,"update_rms":0.003991597237222519,"accepted":true,"wall_s":1.957051258534193}
{"iteration":55,"score":83.89867351853283,"best":85.01792975256927,"gradient_rms":89.8642576210002,"update_rms":0.005505541318876878,"accepted":true,"wall_s":1.7319872975349426}
{"iteration":56,"score":83.85208308272104,"best":85.01792975256927,"gradient_rms":7.430325124847328,"update_rms":0.003921925943368939,"accepted":true,"wall_s":1.9645578637719154}
{"iteration":57,"score":84.05768420134538,"best":85.01792975256927,"gradient_rms":61.05873777028673,"update_rms":0.004577322034919438,"accepted":true,"wall_s":1.9549930281937122}
{"iteration":58,"score":83.97443939214074,"best":85.01792975256927,"gradient_rms":19.71704753648323,"update_rms":0.0032572166633210095,"accepted":true,"wall_s":1.9548484720289707}
{"iteration":59,"score":83.7825370157623,"best":85.01792975256927,"gradient_rms":10.982558306640835,"update_rms":0.0025294055381786824,"accepted":true,"wall_s":1.725080732256174}
{"iteration":60,"score":83.65852312623363,"best":85.01792975256927,"gradient_rms":12.101332308541382,"update_rms":0.0018993673108044918,"accepted":true,"wall_s":1.9840494059026241}
{"iteration":61,"score":83.47361872607308,"best":85.01792975256927,"gradient_rms":18.542907396285536,"update_rms":0.001787935393857724,"accepted":true,"wall_s":1.7256207540631294}
{"iteration":62,"score":83.4882146287573,"best":85.01792975256927,"gradient_rms":24.24141095610839,"update_rms":0.001949499758202759,"accepted":true,"wall_s":1.9563750736415386}
{"iteration":63,"score":83.44297834315641,"best":85.01792975256927,"gradient_rms":25.206563204888234,"update_rms":0.0021076103945110447,"accepted":true,"wall_s":1.7285270914435387}
{"iteration":64,"score":83.58761961479773,"best":85.01792975256927,"gradient_rms":38.87651460664935,"update_rms":0.002661640339465307,"accepted":true,"wall_s":1.7270016595721245}
{"iteration":65,"score":83.91026978450724,"best":85.01792975256927,"gradient_rms":56.30249567143038,"update_rms":0.003923416208915171,"accepted":true,"wall_s":1.9606367126107216}
{"iteration":66,"score":83.9852964812072,"best":85.01792975256927,"gradient_rms":18.785924839090065,"update_rms":0.0031523985152044566,"accepted":true,"wall_s":1.9557992741465569}
{"iteration":67,"score":84.20003322905578,"best":85.01792975256927,"gradient_rms":43.57230271377253,"update_rms":0.0037968358318411473,"accepted":true,"wall_s":1.729211151599884}
{"iteration":68,"score":84.34806893877574,"best":85.01792975256927,"gradient_rms":66.18165249126086,"update_rms":0.004973731381690479,"accepted":true,"wall_s":1.953377403318882}
{"iteration":69,"score":84.44289949036367,"best":85.01792975256927,"gradient_rms":74.27500725252746,"update_rms":0.005603579891063794,"accepted":true,"wall_s":1.9629702977836132}
{"iteration":70,"score":84.03055182235062,"best":85.01792975256927,"gradient_rms":34.88892603235472,"update_rms":0.004609908829425793,"accepted":true,"wall_s":1.9569264724850655}
{"iteration":71,"score":84.21907875922106,"best":85.01792975256927,"gradient_rms":80.51842613976612,"update_rms":0.00586788096232228,"accepted":true,"wall_s":1.966090865433216}
{"iteration":72,"score":84.18445829482248,"best":85.01792975256927,"gradient_rms":5.436082354186408,"update_rms":0.00411166245420951,"accepted":true,"wall_s":1.9551367312669754}
{"iteration":73,"score":84.08339822090998,"best":85.01792975256927,"gradient_rms":57.467120357782235,"update_rms":0.004473904275048332,"accepted":true,"wall_s":1.9554329328238964}
{"iteration":74,"score":84.78677758407414,"best":85.01792975256927,"gradient_rms":113.93449638272182,"update_rms":0.007071012552051778,"accepted":true,"wall_s":1.9532797783613205}
{"iteration":75,"score":85.0654393689904,"best":85.0654393689904,"gradient_rms":79.43656622654684,"update_rms":0.006630483940661246,"accepted":true,"wall_s":1.9615052491426468}
{"iteration":76,"score":84.72764680227615,"best":85.0654393689904,"gradient_rms":38.62212759244561,"update_rms":0.005065795390338843,"accepted":true,"wall_s":1.9514283426105976}
{"iteration":77,"score":84.25899596931653,"best":85.0654393689904,"gradient_rms":23.86866063446571,"update_rms":0.0038112108427349736,"accepted":true,"wall_s":1.9525444097816944}
{"iteration":78,"score":84.6678017614785,"best":85.0654393689904,"gradient_rms":72.10936612455788,"update_rms":0.004864642986182132,"accepted":true,"wall_s":1.9580225124955177}
{"iteration":79,"score":85.1566814280092,"best":85.1566814280092,"gradient_rms":46.92266869399339,"update_rms":0.00450968752333836,"accepted":true,"wall_s":1.9652789384126663}
{"iteration":80,"score":85.18290059211661,"best":85.18290059211661,"gradient_rms":39.7742755766122,"update_rms":0.0039136655596707474,"accepted":true,"wall_s":1.8686688281595707}
{"iteration":81,"score":85.1922744612498,"best":85.1922744612498,"gradient_rms":62.465432451387365,"update_rms":0.004883700448910714,"accepted":true,"wall_s":1.9560584872961044}
{"iteration":82,"score":85.09261388271594,"best":85.1922744612498,"gradient_rms":8.663769460839298,"update_rms":0.0034399119418215577,"accepted":true,"wall_s":1.9549340680241585}
{"iteration":83,"score":85.11465693253986,"best":85.1922744612498,"gradient_rms":28.413797930950366,"update_rms":0.0031701993794138045,"accepted":true,"wall_s":1.9512236081063747}
{"iteration":84,"score":85.1740250505639,"best":85.1922744612498,"gradient_rms":38.274721996770225,"update_rms":0.003186798562951949,"accepted":true,"wall_s":1.9633171819150448}
{"iteration":85,"score":85.03620911390693,"best":85.1922744612498,"gradient_rms":10.835068989688112,"update_rms":0.002283802939599935,"accepted":true,"wall_s":1.9592049606144428}
{"iteration":86,"score":85.06021760344173,"best":85.1922744612498,"gradient_rms":40.840411748293725,"update_rms":0.002900614740988977,"accepted":true,"wall_s":1.9547613002359867}
{"iteration":87,"score":85.01452569278378,"best":85.1922744612498,"gradient_rms":28.08578699355824,"update_rms":0.0028140657012486704,"accepted":true,"wall_s":1.7345657981932163}
{"iteration":88,"score":85.19635844846371,"best":85.19635844846371,"gradient_rms":40.54968327037747,"update_rms":0.0031826802555608557,"accepted":true,"wall_s":1.9581795036792755}
{"iteration":89,"score":85.13805971277593,"best":85.19635844846371,"gradient_rms":18.158128912845974,"update_rms":0.0025269811221360185,"accepted":true,"wall_s":1.7471042089164257}
{"iteration":90,"score":85.00806476638016,"best":85.19635844846371,"gradient_rms":20.458916997861987,"update_rms":0.002129832061500732,"accepted":true,"wall_s":1.7330968640744686}
{"iteration":91,"score":85.35945233578607,"best":85.35945233578607,"gradient_rms":58.54529030419406,"update_rms":0.0037810541527031082,"accepted":true,"wall_s":1.9621305204927921}
{"iteration":92,"score":85.46127573223791,"best":85.46127573223791,"gradient_rms":58.362312736906006,"update_rms":0.004620817220279469,"accepted":true,"wall_s":1.8656179420650005}
{"iteration":93,"score":85.30243346463445,"best":85.46127573223791,"gradient_rms":3.4560408300549628,"update_rms":0.0032432014620348386,"accepted":true,"wall_s":1.8632734455168247}
{"iteration":94,"score":85.18645994623695,"best":85.46127573223791,"gradient_rms":32.90896659920002,"update_rms":0.0029527360850871674,"accepted":true,"wall_s":1.956471387296915}
{"iteration":95,"score":85.20897738815076,"best":85.46127573223791,"gradient_rms":55.907301205073516,"update_rms":0.003970999613158182,"accepted":true,"wall_s":1.9534882195293903}
{"iteration":96,"score":85.06597747100746,"best":85.46127573223791,"gradient_rms":19.25828457839075,"update_rms":0.003083534321071215,"accepted":true,"wall_s":1.7244885675609112}
{"iteration":97,"score":84.87972760878658,"best":85.46127573223791,"gradient_rms":22.976922020279083,"update_rms":0.002442569795308111,"accepted":true,"wall_s":1.625786155462265}
{"iteration":98,"score":84.66165059788996,"best":85.46127573223791,"gradient_rms":32.16530842064323,"update_rms":0.0027198638353404473,"accepted":true,"wall_s":1.7173231393098831}
{"iteration":99,"score":84.68951120302313,"best":85.46127573223791,"gradient_rms":7.540392005773149,"update_rms":0.0019545645956328328,"accepted":true,"wall_s":1.7167756855487823}
{"iteration":100,"score":84.69212841393056,"best":85.46127573223791,"gradient_rms":26.353482734545363,"update_rms":0.0021123149877153536,"accepted":true,"wall_s":1.9411650076508522}
{
  "status": "ok",
  "stop_reason": "completed_iterations",
  "initial_score": 71.36370155013167,
  "final_score": 84.69212841393056,
  "best_score": 85.46127573223791,
  "best_iteration": 92,
  "completed_iterations": 100,
  "completed_adam_steps": 100,
  "completed_optimizer_steps": 100,
  "total_wall_s": 190.3635244742036,
  "initial_decode_wall_s": 1.5047969818115234,
  "initial_score_wall_s": 0.7936256751418114,
  "mean_iteration_wall_s": 1.90276042599231,
  "manifest": {
    "algorithm": "adam_with_query_batched_local_gradient",
    "optimizer": "adam",
    "parameter_space": "data",
    "gradient_objective": "dynamic local full-density score with coordinate and maximum-surface-selection derivatives omitted",
    "formal_objective": "complete native QH score for every accepted center",
    "initial_case": "/home/scc/pb24511935/local_surface_evaluator/runs/summary1_review2_20260824/flow_pairs/cases/case_14.json",
    "initial_case_sha256": "b06413a109b8a7d6b5b2e0d6741d9516ea962ae746fc9960c7d21f505f7d0f8e",
    "checkpoint": "/home/scc/pb24511935/local_surface_evaluator/runs/qh_flow_physical_lr_longselect_20260729/lr_3em4/checkpoint_latest.pt",
    "checkpoint_sha256": "39a3293a459e248a0d1ec062607a1a467128b14d8ca973aadd82e113532ab99f",
    "native_lib": "/home/scc/pb24511935/local_surface_evaluator/runs/summary1_review2_20260824/build_native/libstellarator_gpu.so",
    "native_lib_sha256": "7d3784e02172f5c3130bcf085efa8120dc059d5007daa4b18680edd97b077f94",
    "nfp": 6,
    "n_base_coils": 2,
    "iterations": 100,
    "max_wall_s": 4200.0,
    "flow": {
      "method": "rk4",
      "steps": 128,
      "dtype": "fp32",
      "use": "initial latent-to-coil decode only"
    },
    "flow_pipeline": false,
    "coordinate_gradient": {
      "dimension": 200,
      "mode": "random-orthogonal",
      "random_directions": 2,
      "endpoint_count": 4,
      "perturbation": 0.0025,
      "difference": "centered",
      "psi_grid": 48,
      "psi_iterations": 4,
      "alpha_iterations": 4,
      "formal_surface_theta_count": 128,
      "local_surface_theta_count": 64
    },
    "adam": {
      "learning_rate": 0.01,
      "beta1": 0.7,
      "beta2": 0.999,
      "epsilon": 1e-08,
      "weight_decay": 0.0
    },
    "bfgs": {
      "initial_trust_rms": 0.01,
      "min_trust_rms": 1e-05,
      "max_trust_rms": 0.05,
      "trust_growth": 1.2,
      "trust_shrink": 0.5,
      "min_improvement": 0.0
    },
    "seed": 2026082514,
    "axis_policy": "initial global search, then strict mixed-precision continuation",
    "devices": {
      "flow": 0,
      "score": 0
    },
    "initial_metadata_keys": [
      "flow_prior_screening",
      "nfp",
      "raw"
    ],
    "data_parameterization": {
      "definition": "per-coordinate training-set standardization",
      "physical_mapping": "CoilNormalizer.inverse with canonical current L1/sign",
      "initial_clipped_fraction": 0.0,
      "initial_roundtrip_relative_rms": 2.982169548109021e-16,
      "flow_calls_after_initialization": 0
    }
  }
}
{"iteration":1,"score":66.56444226765933,"best":66.56444226765933,"gradient_rms":13.596532489152231,"update_rms":0.009999999905064257,"accepted":true,"wall_s":5.303849004209042}
{"iteration":2,"score":66.72511607195158,"best":66.72511607195158,"gradient_rms":14.75358661798184,"update_rms":0.007084850802713252,"accepted":true,"wall_s":4.199422389268875}
{"iteration":3,"score":66.90910884007188,"best":66.90910884007188,"gradient_rms":11.782480066793276,"update_rms":0.00571718088472804,"accepted":true,"wall_s":4.179579995572567}
{"iteration":4,"score":67.04987580673966,"best":67.04987580673966,"gradient_rms":7.289014012001946,"update_rms":0.00456130392384289,"accepted":true,"wall_s":4.185202293097973}
{"iteration":5,"score":67.09469298875125,"best":67.09469298875125,"gradient_rms":10.966127788020971,"update_rms":0.004482177499017439,"accepted":true,"wall_s":4.180633421987295}
{"iteration":6,"score":67.12488080864583,"best":67.12488080864583,"gradient_rms":6.339183304830483,"update_rms":0.0038359180942553637,"accepted":true,"wall_s":4.181157849729061}
{"iteration":7,"score":67.0662439382559,"best":67.12488080864583,"gradient_rms":4.563477953749084,"update_rms":0.003152846273790339,"accepted":true,"wall_s":4.18135916441679}
{"iteration":8,"score":67.15671871072186,"best":67.15671871072186,"gradient_rms":13.211722603074145,"update_rms":0.004363813625984462,"accepted":true,"wall_s":4.181892551481724}
{"iteration":9,"score":67.19826641786645,"best":67.19826641786645,"gradient_rms":2.1900129966695547,"update_rms":0.0032923526749593507,"accepted":true,"wall_s":4.179265704005957}
{"iteration":10,"score":67.16274698986314,"best":67.19826641786645,"gradient_rms":6.807798052965002,"update_rms":0.003306601101694704,"accepted":true,"wall_s":4.173513237386942}
{"iteration":11,"score":67.3837755459796,"best":67.3837755459796,"gradient_rms":14.760523896752385,"update_rms":0.004770565870785781,"accepted":true,"wall_s":4.1814060136675835}
{"iteration":12,"score":67.52891371110105,"best":67.52891371110105,"gradient_rms":3.7232536816524386,"update_rms":0.003690104193196303,"accepted":true,"wall_s":4.180411338806152}
{"iteration":13,"score":67.65269108525496,"best":67.65269108525496,"gradient_rms":19.603478134106773,"update_rms":0.005672407374017487,"accepted":true,"wall_s":4.177895925939083}
{"iteration":14,"score":67.71796603611818,"best":67.71796603611818,"gradient_rms":11.105351850767088,"update_rms":0.0049565839293495215,"accepted":true,"wall_s":4.178304351866245}
{"iteration":15,"score":67.70135217119505,"best":67.71796603611818,"gradient_rms":6.539325308086305,"update_rms":0.0039231620410370175,"accepted":true,"wall_s":4.188813280314207}
{"iteration":16,"score":67.69571723921838,"best":67.71796603611818,"gradient_rms":13.615996976410967,"update_rms":0.004709959411094508,"accepted":true,"wall_s":3.794050332158804}
{"iteration":17,"score":67.89328863129111,"best":67.89328863129111,"gradient_rms":5.693622026110874,"update_rms":0.003753537742970199,"accepted":true,"wall_s":4.183702971786261}
{"iteration":18,"score":67.81234406712205,"best":67.89328863129111,"gradient_rms":16.085193558027402,"update_rms":0.004981621486052236,"accepted":true,"wall_s":4.176524221897125}
{"iteration":19,"score":67.73652256490941,"best":67.89328863129111,"gradient_rms":10.458746532375025,"update_rms":0.004407322709660367,"accepted":true,"wall_s":4.17824712395668}
{"iteration":20,"score":66.67726274554073,"best":67.89328863129111,"gradient_rms":14.948482712918107,"update_rms":0.004940321954609149,"accepted":true,"wall_s":4.178728327155113}
{"iteration":21,"score":63.59832334567571,"best":67.89328863129111,"gradient_rms":11.126351338554162,"update_rms":0.004842760354450303,"accepted":true,"wall_s":4.186276763677597}
{"iteration":22,"score":64.15005329583082,"best":67.89328863129111,"gradient_rms":19.116699704946388,"update_rms":0.005868825117467174,"accepted":true,"wall_s":4.177003428339958}
{"iteration":23,"score":64.41218758727688,"best":67.89328863129111,"gradient_rms":22.81338163222713,"update_rms":0.006377981434135935,"accepted":true,"wall_s":4.183806881308556}
{"iteration":24,"score":64.87258666511958,"best":67.89328863129111,"gradient_rms":14.116802452819982,"update_rms":0.005576396001421042,"accepted":true,"wall_s":4.176740258932114}
{"iteration":25,"score":65.67480730760279,"best":67.89328863129111,"gradient_rms":9.692005930946198,"update_rms":0.004594259996955183,"accepted":true,"wall_s":4.180115986615419}
{"iteration":26,"score":66.69219618508625,"best":67.89328863129111,"gradient_rms":13.625588330572334,"update_rms":0.00462568052555667,"accepted":true,"wall_s":4.177608914673328}
{"iteration":27,"score":69.45877105930462,"best":69.45877105930462,"gradient_rms":8.452327290648078,"update_rms":0.003907631335455414,"accepted":true,"wall_s":4.185654051601887}
{"iteration":28,"score":67.81655362906561,"best":69.45877105930462,"gradient_rms":18.45947633797726,"update_rms":0.0050415100744585035,"accepted":true,"wall_s":4.180020306259394}
{"iteration":29,"score":66.29567278347987,"best":69.45877105930462,"gradient_rms":20.375412204406913,"update_rms":0.00587364081016367,"accepted":true,"wall_s":4.188907649368048}
{"iteration":30,"score":66.37403898690326,"best":69.45877105930462,"gradient_rms":12.845627312060635,"update_rms":0.005085929338961076,"accepted":true,"wall_s":3.796522159129381}
{"iteration":31,"score":66.53439328115661,"best":69.45877105930462,"gradient_rms":10.931887327585805,"update_rms":0.004398654692904433,"accepted":true,"wall_s":4.181357376277447}
{"iteration":32,"score":66.27779134631827,"best":69.45877105930462,"gradient_rms":9.833912229153627,"update_rms":0.0039036851296578422,"accepted":true,"wall_s":4.1774753630161285}
{"iteration":33,"score":66.40473906765747,"best":69.45877105930462,"gradient_rms":15.233631478148068,"update_rms":0.0042811013594042276,"accepted":true,"wall_s":3.793799377977848}
{"iteration":34,"score":66.09437840208643,"best":69.45877105930462,"gradient_rms":12.77616939389301,"update_rms":0.00417034300934098,"accepted":true,"wall_s":4.183589898049831}
{"iteration":35,"score":65.96740751104292,"best":69.45877105930462,"gradient_rms":11.441561032401525,"update_rms":0.0038966505924917937,"accepted":true,"wall_s":4.176674399524927}
{"iteration":36,"score":66.32511634355073,"best":69.45877105930462,"gradient_rms":9.804742685533835,"update_rms":0.00358165537034429,"accepted":true,"wall_s":4.1786993853747845}
{"iteration":37,"score":66.25185294694505,"best":69.45877105930462,"gradient_rms":11.802486489609159,"update_rms":0.0036463048570878395,"accepted":true,"wall_s":4.187028810381889}
{"iteration":38,"score":66.02370176693793,"best":69.45877105930462,"gradient_rms":19.067257913111824,"update_rms":0.00509639351350467,"accepted":true,"wall_s":4.177000127732754}
{"iteration":39,"score":66.44845552179844,"best":69.45877105930462,"gradient_rms":13.536296208425652,"update_rms":0.004831310959804005,"accepted":true,"wall_s":4.175369270145893}
{"iteration":40,"score":67.09549062635617,"best":69.45877105930462,"gradient_rms":13.587829754998197,"update_rms":0.004502764216566328,"accepted":true,"wall_s":4.175505209714174}
{"iteration":41,"score":67.69267992478089,"best":69.45877105930462,"gradient_rms":19.908438029166586,"update_rms":0.00538499309282215,"accepted":true,"wall_s":4.174752436578274}
{"iteration":42,"score":68.63492814555751,"best":69.45877105930462,"gradient_rms":15.248124219352585,"update_rms":0.005079851724858134,"accepted":true,"wall_s":4.172653552144766}
{"iteration":43,"score":69.31076134076217,"best":69.45877105930462,"gradient_rms":20.767895185404186,"update_rms":0.005855372256515673,"accepted":true,"wall_s":4.178498905152082}
{"iteration":44,"score":69.72180227283795,"best":69.72180227283795,"gradient_rms":7.124450615797887,"update_rms":0.004513364724466876,"accepted":true,"wall_s":4.188600044697523}
{"iteration":45,"score":69.9884045220147,"best":69.9884045220147,"gradient_rms":1.8039678530906207,"update_rms":0.003226062609459167,"accepted":true,"wall_s":4.179646924138069}
{"iteration":46,"score":70.22597844422798,"best":70.22597844422798,"gradient_rms":5.658040018200842,"update_rms":0.0026349836903419707,"accepted":true,"wall_s":4.169542234390974}
{"iteration":47,"score":69.98242068531546,"best":70.22597844422798,"gradient_rms":17.898950752301737,"update_rms":0.004503165491566686,"accepted":true,"wall_s":4.17162798345089}
{"iteration":48,"score":70.04396418316662,"best":70.22597844422798,"gradient_rms":4.18751825275247,"update_rms":0.0033021078000002213,"accepted":true,"wall_s":4.162629991769791}
{"iteration":49,"score":70.56828070853811,"best":70.56828070853811,"gradient_rms":14.779205648533392,"update_rms":0.004064230990013106,"accepted":true,"wall_s":4.170767728239298}
{"iteration":50,"score":70.8907736288734,"best":70.8907736288734,"gradient_rms":2.2632129072419223,"update_rms":0.002929093399057262,"accepted":true,"wall_s":3.813641034066677}
{"iteration":51,"score":71.2975667601575,"best":71.2975667601575,"gradient_rms":23.787762027103746,"update_rms":0.005460937279364008,"accepted":true,"wall_s":4.190665032714605}
{"iteration":52,"score":71.60509188953606,"best":71.60509188953606,"gradient_rms":10.760669184349826,"update_rms":0.004365642264425312,"accepted":true,"wall_s":4.178112741559744}
{"iteration":53,"score":71.76546371545864,"best":71.76546371545864,"gradient_rms":11.128007071341463,"update_rms":0.003859565516553528,"accepted":true,"wall_s":4.191544234752655}
{"iteration":54,"score":71.82197371474159,"best":71.82197371474159,"gradient_rms":1.4127318291317128,"update_rms":0.002761494593035267,"accepted":true,"wall_s":4.182665873318911}
{"iteration":55,"score":71.98322698915123,"best":71.98322698915123,"gradient_rms":9.902507460374434,"update_rms":0.003039678760218622,"accepted":true,"wall_s":3.7952508442103863}
{"iteration":56,"score":72.70025135724522,"best":72.70025135724522,"gradient_rms":16.682487409883397,"update_rms":0.004365993371398562,"accepted":true,"wall_s":4.188589233905077}
{"iteration":57,"score":73.18294864691879,"best":73.18294864691879,"gradient_rms":14.29423799271956,"update_rms":0.004451238124778785,"accepted":true,"wall_s":4.176894295960665}
{"iteration":58,"score":74.2816725435442,"best":74.2816725435442,"gradient_rms":17.4679004742395,"update_rms":0.004724439180503436,"accepted":true,"wall_s":4.180774889886379}
{"iteration":59,"score":74.4022670255165,"best":74.4022670255165,"gradient_rms":20.79157301819905,"update_rms":0.005659414157303135,"accepted":true,"wall_s":4.184163197875023}
{"iteration":60,"score":74.97222284125553,"best":74.97222284125553,"gradient_rms":6.821439512961503,"update_rms":0.004326453681272951,"accepted":true,"wall_s":4.188769616186619}
{"iteration":61,"score":75.28768698619373,"best":75.28768698619373,"gradient_rms":4.862671679271305,"update_rms":0.003293819212017912,"accepted":true,"wall_s":4.19341791421175}
{"iteration":62,"score":76.88865004780102,"best":76.88865004780102,"gradient_rms":21.432835314706253,"update_rms":0.005238250984586262,"accepted":true,"wall_s":3.8197380527853966}
{"iteration":63,"score":77.1244750728732,"best":77.1244750728732,"gradient_rms":14.576647660708945,"update_rms":0.004996118390264886,"accepted":true,"wall_s":4.183440919965506}
{"iteration":64,"score":77.31782115429075,"best":77.31782115429075,"gradient_rms":17.146390378109487,"update_rms":0.0051225963923786175,"accepted":true,"wall_s":4.253232263028622}
{"iteration":65,"score":77.55213305546573,"best":77.55213305546573,"gradient_rms":17.963103481611995,"update_rms":0.005412513663041782,"accepted":true,"wall_s":4.326621133834124}
{"iteration":66,"score":77.59197188693877,"best":77.59197188693877,"gradient_rms":19.474432466867118,"update_rms":0.005258580660438134,"accepted":true,"wall_s":4.319814797490835}
{"iteration":67,"score":77.63878964965255,"best":77.63878964965255,"gradient_rms":16.5971607739347,"update_rms":0.0050881732553560875,"accepted":true,"wall_s":4.31477914005518}
{"iteration":68,"score":78.1139219613805,"best":78.1139219613805,"gradient_rms":32.70391664708675,"update_rms":0.007444422009372512,"accepted":true,"wall_s":4.319697238504887}
{"iteration":69,"score":78.40752494729043,"best":78.40752494729043,"gradient_rms":18.151330412579902,"update_rms":0.006594146879342991,"accepted":true,"wall_s":4.315717048943043}
{"iteration":70,"score":78.53459359367939,"best":78.53459359367939,"gradient_rms":12.048093065054864,"update_rms":0.0053280232255670445,"accepted":true,"wall_s":4.313413515686989}
{"iteration":71,"score":78.84122187364285,"best":78.84122187364285,"gradient_rms":24.38319238797708,"update_rms":0.0062685804617498495,"accepted":true,"wall_s":4.318802583962679}
{"iteration":72,"score":79.00119390390641,"best":79.00119390390641,"gradient_rms":11.12716674575622,"update_rms":0.004797949569221093,"accepted":true,"wall_s":4.319796830415726}
{"iteration":73,"score":79.82934669259049,"best":79.82934669259049,"gradient_rms":51.445978490614124,"update_rms":0.009300972512946546,"accepted":true,"wall_s":4.639203581959009}
{"iteration":74,"score":79.60008960001912,"best":79.82934669259049,"gradient_rms":26.081452918106127,"update_rms":0.007960098986218266,"accepted":true,"wall_s":4.564382888376713}
{"iteration":75,"score":78.89685713826567,"best":79.82934669259049,"gradient_rms":12.870008925986802,"update_rms":0.00613951083752331,"accepted":true,"wall_s":4.558236215263605}
{"iteration":76,"score":78.9565127882615,"best":79.82934669259049,"gradient_rms":14.552434651417833,"update_rms":0.0049623105883650495,"accepted":true,"wall_s":4.242074806243181}
{"iteration":77,"score":78.62982566373327,"best":79.82934669259049,"gradient_rms":10.991755679971005,"update_rms":0.004063232162747513,"accepted":true,"wall_s":4.316597431898117}
{"iteration":78,"score":78.6301672475018,"best":79.82934669259049,"gradient_rms":40.48845955379407,"update_rms":0.007555711588589498,"accepted":true,"wall_s":4.312217269092798}
{"iteration":79,"score":78.9408935920997,"best":79.82934669259049,"gradient_rms":7.9198470053770755,"update_rms":0.005543652483495357,"accepted":true,"wall_s":4.3182306326925755}
{"iteration":80,"score":79.15925918020412,"best":79.82934669259049,"gradient_rms":30.911257542197813,"update_rms":0.006810094306177439,"accepted":true,"wall_s":3.931238878518343}
{"iteration":81,"score":79.39240596793753,"best":79.82934669259049,"gradient_rms":13.447408293154778,"update_rms":0.0054032307379709285,"accepted":true,"wall_s":4.320156503468752}
{"iteration":82,"score":79.407861970932,"best":79.82934669259049,"gradient_rms":22.455925012980515,"update_rms":0.005560209772867416,"accepted":true,"wall_s":4.306874006986618}
{"iteration":83,"score":79.61014543920292,"best":79.82934669259049,"gradient_rms":18.837441417345076,"update_rms":0.005149684665389075,"accepted":true,"wall_s":4.151752274483442}
{"iteration":84,"score":79.94921825421163,"best":79.94921825421163,"gradient_rms":14.218751164397737,"update_rms":0.004849404034113214,"accepted":true,"wall_s":4.303783901035786}
{"iteration":85,"score":80.30858690624622,"best":80.30858690624622,"gradient_rms":18.31100489439358,"update_rms":0.004694766665806874,"accepted":true,"wall_s":4.310895260423422}
{"iteration":86,"score":80.5863508526866,"best":80.5863508526866,"gradient_rms":18.711832820417296,"update_rms":0.004783306725654261,"accepted":true,"wall_s":3.9325073920190334}
{"iteration":87,"score":80.85617383770403,"best":80.85617383770403,"gradient_rms":15.370195556071094,"update_rms":0.004299662544332367,"accepted":true,"wall_s":4.313733778893948}
{"iteration":88,"score":81.21716167700059,"best":81.21716167700059,"gradient_rms":26.041189464901326,"update_rms":0.005550944271779483,"accepted":true,"wall_s":4.311185043305159}
{"iteration":89,"score":81.40874210144166,"best":81.40874210144166,"gradient_rms":13.85043214718581,"update_rms":0.00462034589333989,"accepted":true,"wall_s":4.318571578711271}
{"iteration":90,"score":81.41504149772645,"best":81.41504149772645,"gradient_rms":16.412584436406,"update_rms":0.004395365714156062,"accepted":true,"wall_s":4.3164526261389256}
{"iteration":91,"score":81.45424446579133,"best":81.45424446579133,"gradient_rms":10.104506126241118,"update_rms":0.0035342360255051757,"accepted":true,"wall_s":4.322224505245686}
{"iteration":92,"score":81.54604023187412,"best":81.54604023187412,"gradient_rms":10.858821120265977,"update_rms":0.003225460831596726,"accepted":true,"wall_s":4.31220955401659}
{"iteration":93,"score":81.670267471931,"best":81.670267471931,"gradient_rms":13.142412517366651,"update_rms":0.0032285569129474477,"accepted":true,"wall_s":4.338975019752979}
{"iteration":94,"score":81.99467977974243,"best":81.99467977974243,"gradient_rms":20.84020689529692,"update_rms":0.004488259924869424,"accepted":true,"wall_s":4.249664708971977}
{"iteration":95,"score":82.1911048003857,"best":82.1911048003857,"gradient_rms":7.8933554126589485,"update_rms":0.0033300642279955606,"accepted":true,"wall_s":4.183090277016163}
{"iteration":96,"score":82.32577980225976,"best":82.32577980225976,"gradient_rms":6.0858763940114535,"update_rms":0.002588775857310941,"accepted":true,"wall_s":4.184894286096096}
{"iteration":97,"score":82.40703248011545,"best":82.40703248011545,"gradient_rms":6.687207130875796,"update_rms":0.0022193489197227484,"accepted":true,"wall_s":4.18489807844162}
{"iteration":98,"score":82.4509361618677,"best":82.4509361618677,"gradient_rms":3.624382473532349,"update_rms":0.0017097299502605815,"accepted":true,"wall_s":4.1868881322443485}
{"iteration":99,"score":82.5356158488019,"best":82.5356158488019,"gradient_rms":11.371921374640236,"update_rms":0.002492740162146752,"accepted":true,"wall_s":4.18485789000988}
{"iteration":100,"score":82.58712790742098,"best":82.58712790742098,"gradient_rms":3.953074314014741,"update_rms":0.0018657888444744595,"accepted":true,"wall_s":4.102834265679121}
{
  "status": "ok",
  "stop_reason": "completed_iterations",
  "initial_score": 66.30021214628849,
  "final_score": 82.58712790742098,
  "best_score": 82.58712790742098,
  "best_iteration": 100,
  "completed_iterations": 100,
  "completed_adam_steps": 100,
  "completed_optimizer_steps": 100,
  "total_wall_s": 420.8503611423075,
  "initial_decode_wall_s": 1.502235732972622,
  "initial_score_wall_s": 1.1208432540297508,
  "mean_iteration_wall_s": 4.207600081376731,
  "manifest": {
    "algorithm": "adam_with_query_batched_local_gradient",
    "optimizer": "adam",
    "parameter_space": "latent",
    "gradient_objective": "dynamic local full-density score with coordinate and maximum-surface-selection derivatives omitted",
    "formal_objective": "complete native QH score for every accepted center",
    "initial_case": "/home/scc/pb24511935/local_surface_evaluator/runs/summary1_review2_20260824/flow_pairs/cases/case_18.json",
    "initial_case_sha256": "df974f5e0bbf6320e3679d768f6bc7e25c6ebd7c85d5b12c7b31af45bf9b541d",
    "checkpoint": "/home/scc/pb24511935/local_surface_evaluator/runs/qh_flow_physical_lr_longselect_20260729/lr_3em4/checkpoint_latest.pt",
    "checkpoint_sha256": "39a3293a459e248a0d1ec062607a1a467128b14d8ca973aadd82e113532ab99f",
    "native_lib": "/home/scc/pb24511935/local_surface_evaluator/runs/summary1_review2_20260824/build_native/libstellarator_gpu.so",
    "native_lib_sha256": "7d3784e02172f5c3130bcf085efa8120dc059d5007daa4b18680edd97b077f94",
    "nfp": 6,
    "n_base_coils": 4,
    "iterations": 100,
    "max_wall_s": 4200.0,
    "flow": {
      "method": "rk4",
      "steps": 128,
      "dtype": "fp32",
      "use": "every gradient endpoint and accepted center"
    },
    "flow_pipeline": true,
    "coordinate_gradient": {
      "dimension": 400,
      "mode": "random-orthogonal",
      "random_directions": 2,
      "endpoint_count": 4,
      "perturbation": 0.005,
      "difference": "centered",
      "psi_grid": 48,
      "psi_iterations": 4,
      "alpha_iterations": 4,
      "formal_surface_theta_count": 128,
      "local_surface_theta_count": 64
    },
    "adam": {
      "learning_rate": 0.01,
      "beta1": 0.7,
      "beta2": 0.999,
      "epsilon": 1e-08,
      "weight_decay": 0.0
    },
    "bfgs": {
      "initial_trust_rms": 0.01,
      "min_trust_rms": 1e-05,
      "max_trust_rms": 0.05,
      "trust_growth": 1.2,
      "trust_shrink": 0.5,
      "min_improvement": 0.0
    },
    "seed": 2026082518,
    "axis_policy": "initial global search, then strict mixed-precision continuation",
    "devices": {
      "flow": 0,
      "score": 0
    },
    "initial_metadata_keys": [
      "flow_prior_screening",
      "nfp",
      "raw"
    ]
  }
}
{"iteration":1,"score":67.20982206594863,"best":67.20982206594863,"gradient_rms":53.30178715273117,"update_rms":0.00999999998781827,"accepted":true,"wall_s":3.0240308605134487}
{"iteration":2,"score":67.60489621624286,"best":67.60489621624286,"gradient_rms":21.33378068909184,"update_rms":0.006760735867625358,"accepted":true,"wall_s":3.02597513794899}
{"iteration":3,"score":68.40330839613817,"best":68.40330839613817,"gradient_rms":56.75351252249063,"update_rms":0.005999907283112545,"accepted":true,"wall_s":3.003893379122019}
{"iteration":4,"score":69.52968798341851,"best":69.52968798341851,"gradient_rms":67.08004044489437,"update_rms":0.00580789471941707,"accepted":true,"wall_s":3.010542865842581}
{"iteration":5,"score":70.96257213185072,"best":70.96257213185072,"gradient_rms":70.62974273386722,"update_rms":0.005768136141113774,"accepted":true,"wall_s":3.0104234479367733}
{"iteration":6,"score":71.82576998708944,"best":71.82576998708944,"gradient_rms":10.505238086046223,"update_rms":0.004273065543230859,"accepted":true,"wall_s":2.6352939419448376}
{"iteration":7,"score":72.39851077160682,"best":72.39851077160682,"gradient_rms":23.309006293191825,"update_rms":0.003419055225360131,"accepted":true,"wall_s":2.639492481946945}
{"iteration":8,"score":73.35744540625834,"best":73.35744540625834,"gradient_rms":53.79025156174135,"update_rms":0.004195986234338356,"accepted":true,"wall_s":3.0071107260882854}
{"iteration":9,"score":74.0266106791964,"best":74.0266106791964,"gradient_rms":6.476251725603167,"update_rms":0.0031068608071992843,"accepted":true,"wall_s":3.0102351382374763}
{"iteration":10,"score":74.55215917329953,"best":74.55215917329953,"gradient_rms":37.930696357339976,"update_rms":0.0038055154306649275,"accepted":true,"wall_s":3.006531421095133}
{"iteration":11,"score":74.91714339514928,"best":74.91714339514928,"gradient_rms":16.39599602956679,"update_rms":0.003112787765994244,"accepted":true,"wall_s":3.005974765866995}
{"iteration":12,"score":75.55787737830686,"best":75.55787737830686,"gradient_rms":62.848078602136354,"update_rms":0.004535286754026803,"accepted":true,"wall_s":3.007098440080881}
{"iteration":13,"score":76.66381918752828,"best":76.66381918752828,"gradient_rms":102.2054427338522,"update_rms":0.0061165745441797885,"accepted":true,"wall_s":3.0062195621430874}
{"iteration":14,"score":78.15310009724529,"best":78.15310009724529,"gradient_rms":115.94218892884275,"update_rms":0.006792278356314455,"accepted":true,"wall_s":3.006171304732561}
{"iteration":15,"score":78.34482487884509,"best":78.34482487884509,"gradient_rms":37.51684000136905,"update_rms":0.005153827081551465,"accepted":true,"wall_s":3.005000129342079}
{"iteration":16,"score":78.27105373530397,"best":78.34482487884509,"gradient_rms":84.67603335699727,"update_rms":0.005709327985068792,"accepted":true,"wall_s":3.0222658663988113}
{"iteration":17,"score":77.97921017280309,"best":78.34482487884509,"gradient_rms":28.017847289399686,"update_rms":0.004290024666262687,"accepted":true,"wall_s":3.001961849629879}
{"iteration":18,"score":77.70173972640335,"best":78.34482487884509,"gradient_rms":48.71398927715622,"update_rms":0.003939435580847065,"accepted":true,"wall_s":3.0006016977131367}
{"iteration":19,"score":78.19462509630941,"best":78.34482487884509,"gradient_rms":92.7134527698442,"update_rms":0.005165319461692097,"accepted":true,"wall_s":3.0061866007745266}
{"iteration":20,"score":78.36530661746656,"best":78.36530661746656,"gradient_rms":37.138293524685295,"update_rms":0.0040527893184183275,"accepted":true,"wall_s":3.004643738269806}
{"iteration":21,"score":78.26680776797478,"best":78.36530661746656,"gradient_rms":41.10968923260604,"update_rms":0.0037283250076941446,"accepted":true,"wall_s":3.0026882626116276}
{"iteration":22,"score":78.17339780733855,"best":78.36530661746656,"gradient_rms":47.976184725393665,"update_rms":0.0036478686712716076,"accepted":true,"wall_s":3.0039531216025352}
{"iteration":23,"score":78.16196033295888,"best":78.36530661746656,"gradient_rms":55.67777430549007,"update_rms":0.0040932739452013405,"accepted":true,"wall_s":3.003209501504898}
{"iteration":24,"score":78.28312232679127,"best":78.36530661746656,"gradient_rms":57.546795457507095,"update_rms":0.004030630964224774,"accepted":true,"wall_s":2.6195647679269314}
{"iteration":25,"score":78.49369983424911,"best":78.49369983424911,"gradient_rms":43.32768324264297,"update_rms":0.003706174669571718,"accepted":true,"wall_s":3.0075125731527805}
{"iteration":26,"score":79.32434342127382,"best":79.32434342127382,"gradient_rms":119.04146089694929,"update_rms":0.006011968128789708,"accepted":true,"wall_s":3.0082360692322254}
{"iteration":27,"score":79.86970857869927,"best":79.86970857869927,"gradient_rms":89.32933750191229,"update_rms":0.005892124270154536,"accepted":true,"wall_s":3.00662674754858}
{"iteration":28,"score":80.12203443782003,"best":80.12203443782003,"gradient_rms":58.82822847605508,"update_rms":0.005173281201947023,"accepted":true,"wall_s":3.008304264396429}
{"iteration":29,"score":80.45033895450011,"best":80.45033895450011,"gradient_rms":61.781401517913935,"update_rms":0.004763516604974839,"accepted":true,"wall_s":3.0072080940008163}
{"iteration":30,"score":80.69540013353735,"best":80.69540013353735,"gradient_rms":49.06381368856774,"update_rms":0.004137236593862422,"accepted":true,"wall_s":3.0057060718536377}
{"iteration":31,"score":80.78586956317834,"best":80.78586956317834,"gradient_rms":62.60240522994424,"update_rms":0.004292983679281621,"accepted":true,"wall_s":3.0079600028693676}
{"iteration":32,"score":80.44084560030639,"best":80.78586956317834,"gradient_rms":25.311141457655292,"update_rms":0.0033104297790462,"accepted":true,"wall_s":3.0148181580007076}
{"iteration":33,"score":80.0347026793728,"best":80.78586956317834,"gradient_rms":41.334367817368346,"update_rms":0.0030489485625766442,"accepted":true,"wall_s":3.006344433873892}
{"iteration":34,"score":79.82847592967971,"best":80.78586956317834,"gradient_rms":35.812249748746396,"update_rms":0.0028060378149230123,"accepted":true,"wall_s":3.0066243335604668}
{"iteration":35,"score":81.23532042562947,"best":81.23532042562947,"gradient_rms":105.83607972090972,"update_rms":0.005318781314213807,"accepted":true,"wall_s":3.0737934671342373}
{"iteration":36,"score":82.0165922598732,"best":82.0165922598732,"gradient_rms":129.11518909218643,"update_rms":0.006849838482578793,"accepted":true,"wall_s":3.148901790380478}
{"iteration":37,"score":81.18382083328905,"best":82.0165922598732,"gradient_rms":24.914602873092477,"update_rms":0.0050715799985823476,"accepted":true,"wall_s":3.137653451412916}
{"iteration":38,"score":80.65441372445525,"best":82.0165922598732,"gradient_rms":56.45822525406426,"update_rms":0.004678293903480185,"accepted":true,"wall_s":3.1397454775869846}
{"iteration":39,"score":80.84638535277143,"best":82.0165922598732,"gradient_rms":83.35196254966439,"update_rms":0.0051216842243653445,"accepted":true,"wall_s":3.1435369849205017}
{"iteration":40,"score":81.69079239374972,"best":82.0165922598732,"gradient_rms":122.79516299619912,"update_rms":0.006748627067030562,"accepted":true,"wall_s":3.1367244124412537}
{"iteration":41,"score":82.16056406834663,"best":82.16056406834663,"gradient_rms":112.01602081967485,"update_rms":0.006665943042154123,"accepted":true,"wall_s":3.142928145825863}
{"iteration":42,"score":81.46520025654253,"best":82.16056406834663,"gradient_rms":26.911986717934393,"update_rms":0.004916715607941121,"accepted":true,"wall_s":3.1390160731971264}
{"iteration":43,"score":80.9956479899567,"best":82.16056406834663,"gradient_rms":69.85699770961564,"update_rms":0.004647258599657958,"accepted":true,"wall_s":3.1447612158954144}
{"iteration":44,"score":80.44119719260598,"best":82.16056406834663,"gradient_rms":38.745357199815075,"update_rms":0.003725082328771302,"accepted":true,"wall_s":3.139711033552885}
{"iteration":45,"score":80.0500274714802,"best":82.16056406834663,"gradient_rms":28.256040597625447,"update_rms":0.002911373589872464,"accepted":true,"wall_s":3.1834884621202946}
{"iteration":46,"score":79.6348729882205,"best":82.16056406834663,"gradient_rms":25.365460446851593,"update_rms":0.002337103023002925,"accepted":true,"wall_s":2.75563295930624}
{"iteration":47,"score":79.41218947454554,"best":82.16056406834663,"gradient_rms":52.00787496717814,"update_rms":0.0029575919734605247,"accepted":true,"wall_s":3.145165305584669}
{"iteration":48,"score":79.29329881515174,"best":82.16056406834663,"gradient_rms":73.54689920002362,"update_rms":0.003888344273127911,"accepted":true,"wall_s":3.1528917588293552}
{"iteration":49,"score":78.98008153727369,"best":82.16056406834663,"gradient_rms":7.537220307388426,"update_rms":0.0027741562867419304,"accepted":true,"wall_s":3.0680983513593674}
{"iteration":50,"score":78.85567900655856,"best":82.16056406834663,"gradient_rms":43.86838147587707,"update_rms":0.0028944302417520723,"accepted":true,"wall_s":3.004003196954727}
{"iteration":51,"score":79.53531765087844,"best":82.16056406834663,"gradient_rms":112.94142672637358,"update_rms":0.005485310840071115,"accepted":true,"wall_s":3.0042243264615536}
{"iteration":52,"score":79.89371124883695,"best":82.16056406834663,"gradient_rms":68.30281519581499,"update_rms":0.00518788163409684,"accepted":true,"wall_s":3.0695399083197117}
{"iteration":53,"score":79.94348324904588,"best":82.16056406834663,"gradient_rms":74.31626211846496,"update_rms":0.0052303253327283345,"accepted":true,"wall_s":3.1341754496097565}
{"iteration":54,"score":79.64480152494176,"best":82.16056406834663,"gradient_rms":37.856666682443816,"update_rms":0.003958125376219772,"accepted":true,"wall_s":3.1409910321235657}
{"iteration":55,"score":79.26643508950238,"best":82.16056406834663,"gradient_rms":18.020734765899284,"update_rms":0.0028127185393310916,"accepted":true,"wall_s":3.132647719234228}
{"iteration":56,"score":79.12769044090231,"best":82.16056406834663,"gradient_rms":32.11967733897797,"update_rms":0.00256455365587133,"accepted":true,"wall_s":3.134906031191349}
{"iteration":57,"score":78.98827225886856,"best":82.16056406834663,"gradient_rms":24.944775275597657,"update_rms":0.002051531767676307,"accepted":true,"wall_s":3.1414355039596558}
{"iteration":58,"score":78.9678765708634,"best":82.16056406834663,"gradient_rms":51.97488897409898,"update_rms":0.002939830689233781,"accepted":true,"wall_s":3.132567588239908}
{"iteration":59,"score":78.96034530856915,"best":82.16056406834663,"gradient_rms":33.40978543176166,"update_rms":0.002673219218931149,"accepted":true,"wall_s":3.1387032084167004}
{"iteration":60,"score":78.84291848602511,"best":82.16056406834663,"gradient_rms":36.674569803035844,"update_rms":0.0025885237997161537,"accepted":true,"wall_s":3.1349632889032364}
{"iteration":61,"score":78.70255277748215,"best":82.16056406834663,"gradient_rms":14.588337466098265,"update_rms":0.0020099065734966812,"accepted":true,"wall_s":3.139924380928278}
{"iteration":62,"score":78.60684323105346,"best":82.16056406834663,"gradient_rms":15.544536750279972,"update_rms":0.0015609321872494283,"accepted":true,"wall_s":3.1337367817759514}
{"iteration":63,"score":78.57513846391026,"best":82.16056406834663,"gradient_rms":28.374110185359296,"update_rms":0.0018734078125413843,"accepted":true,"wall_s":3.1364510469138622}
{"iteration":64,"score":78.53458993425996,"best":82.16056406834663,"gradient_rms":17.51188653245895,"update_rms":0.0015683664435945123,"accepted":true,"wall_s":3.1378349885344505}
{"iteration":65,"score":78.63481536657908,"best":82.16056406834663,"gradient_rms":41.101543284094554,"update_rms":0.002350647752653734,"accepted":true,"wall_s":3.135466855019331}
{"iteration":66,"score":78.62764921690818,"best":82.16056406834663,"gradient_rms":29.052618268746212,"update_rms":0.0023037195643655856,"accepted":true,"wall_s":2.75314399600029}
{"iteration":67,"score":78.64052038968919,"best":82.16056406834663,"gradient_rms":23.172397988195037,"update_rms":0.0020823223562477485,"accepted":true,"wall_s":3.143647376447916}
{"iteration":68,"score":78.55886800009425,"best":82.16056406834663,"gradient_rms":15.819012720572411,"update_rms":0.0017323987088292854,"accepted":true,"wall_s":2.753084596246481}
{"iteration":69,"score":78.55752579642123,"best":82.16056406834663,"gradient_rms":17.366928925415973,"update_rms":0.0015032795596879858,"accepted":true,"wall_s":3.147175882011652}
{"iteration":70,"score":78.4892653760506,"best":82.16056406834663,"gradient_rms":7.147257354017638,"update_rms":0.0011071681614503357,"accepted":true,"wall_s":3.1546883583068848}
{"iteration":71,"score":78.36275508596421,"best":82.16056406834663,"gradient_rms":29.344816712257604,"update_rms":0.0018032356679970314,"accepted":true,"wall_s":3.168723352253437}
{"iteration":72,"score":78.36688089285897,"best":82.16056406834663,"gradient_rms":32.33769893887203,"update_rms":0.0021149437634107367,"accepted":true,"wall_s":3.16326030343771}
{"iteration":73,"score":78.42130635792293,"best":82.16056406834663,"gradient_rms":50.821869958737935,"update_rms":0.00298658830332484,"accepted":true,"wall_s":3.157978128641844}
{"iteration":74,"score":78.3792496858445,"best":82.16056406834663,"gradient_rms":22.178102880706398,"update_rms":0.002427651755213406,"accepted":true,"wall_s":3.1602321304380894}
{"iteration":75,"score":78.23231958323626,"best":82.16056406834663,"gradient_rms":16.85666752416032,"update_rms":0.0019527305008911076,"accepted":true,"wall_s":2.773134633898735}
{"iteration":76,"score":78.40002917575094,"best":82.16056406834663,"gradient_rms":55.5617253184168,"update_rms":0.003207217012550724,"accepted":true,"wall_s":2.775164380669594}
{"iteration":77,"score":78.46754818513297,"best":82.16056406834663,"gradient_rms":21.108828615392763,"update_rms":0.002501600068921922,"accepted":true,"wall_s":2.7669265754520893}
{"iteration":78,"score":78.55680761833064,"best":82.16056406834663,"gradient_rms":18.596492419461804,"update_rms":0.0020026211488982427,"accepted":true,"wall_s":3.0753643587231636}
{"iteration":79,"score":78.52401390661365,"best":82.16056406834663,"gradient_rms":19.206635065042423,"update_rms":0.0017481811048382357,"accepted":true,"wall_s":2.6299137137830257}
{"iteration":80,"score":78.3560017854382,"best":82.16056406834663,"gradient_rms":25.692484843357406,"update_rms":0.0019441800110277462,"accepted":true,"wall_s":2.631781540811062}
{"iteration":81,"score":78.33449001726297,"best":82.16056406834663,"gradient_rms":25.86439687022013,"update_rms":0.0019469301492760212,"accepted":true,"wall_s":3.083569873124361}
{"iteration":82,"score":78.74178599386558,"best":82.16056406834663,"gradient_rms":63.419412899396264,"update_rms":0.0036644197853337598,"accepted":true,"wall_s":3.364321682602167}
{"iteration":83,"score":79.14561128143478,"best":82.16056406834663,"gradient_rms":35.530960445342714,"update_rms":0.003265785328815106,"accepted":true,"wall_s":3.0751876644790173}
{"iteration":84,"score":78.87179323459044,"best":82.16056406834663,"gradient_rms":14.683776145107727,"update_rms":0.0025061180053054404,"accepted":true,"wall_s":3.019209075719118}
{"iteration":85,"score":78.54308646457389,"best":82.16056406834663,"gradient_rms":13.496690751410034,"update_rms":0.001977690096812014,"accepted":true,"wall_s":3.083259206265211}
{"iteration":86,"score":78.9948436215477,"best":82.16056406834663,"gradient_rms":58.851400051596876,"update_rms":0.0035789847733761404,"accepted":true,"wall_s":3.07318576797843}
{"iteration":87,"score":79.29647522974207,"best":82.16056406834663,"gradient_rms":18.87600487045761,"update_rms":0.0027633431796863553,"accepted":true,"wall_s":3.016094408929348}
{"iteration":88,"score":79.5431932297817,"best":82.16056406834663,"gradient_rms":28.863749997748947,"update_rms":0.0025925577893761227,"accepted":true,"wall_s":3.0083805322647095}
{"iteration":89,"score":79.48154722205275,"best":82.16056406834663,"gradient_rms":5.265611028598418,"update_rms":0.0018433547178578113,"accepted":true,"wall_s":3.008982989937067}
{"iteration":90,"score":79.6823172381263,"best":82.16056406834663,"gradient_rms":77.88284736844638,"update_rms":0.004494636630502397,"accepted":true,"wall_s":3.0751865059137344}
{"iteration":91,"score":79.96660304995719,"best":82.16056406834663,"gradient_rms":20.9630738778614,"update_rms":0.003469294516730986,"accepted":true,"wall_s":3.1410169154405594}
{"iteration":92,"score":80.30405740179532,"best":82.16056406834663,"gradient_rms":19.015214616599543,"update_rms":0.002668369735078468,"accepted":true,"wall_s":3.1383678913116455}
{"iteration":93,"score":80.50547781882587,"best":82.16056406834663,"gradient_rms":24.90209019965732,"update_rms":0.0024683558640130943,"accepted":true,"wall_s":3.146766621619463}
{"iteration":94,"score":80.59137946031129,"best":82.16056406834663,"gradient_rms":17.492007677735433,"update_rms":0.002031627878433594,"accepted":true,"wall_s":3.138173658400774}
{"iteration":95,"score":80.77383689822864,"best":82.16056406834663,"gradient_rms":14.62803021280319,"update_rms":0.001698946672824211,"accepted":true,"wall_s":3.146927509456873}
{"iteration":96,"score":80.9197097917071,"best":82.16056406834663,"gradient_rms":25.842391039699326,"update_rms":0.001965369504947335,"accepted":true,"wall_s":2.7564227767288685}
{"iteration":97,"score":81.09166110635124,"best":82.16056406834663,"gradient_rms":36.7249608049743,"update_rms":0.0025637087209869594,"accepted":true,"wall_s":2.7617429718375206}
{"iteration":98,"score":81.19186434640474,"best":82.16056406834663,"gradient_rms":24.664921037302815,"update_rms":0.002406208011396473,"accepted":true,"wall_s":3.146689359098673}
{"iteration":99,"score":81.29512645165957,"best":82.16056406834663,"gradient_rms":21.264161991167143,"update_rms":0.0021400707024670225,"accepted":true,"wall_s":3.144899621605873}
{"iteration":100,"score":81.4975495540777,"best":82.16056406834663,"gradient_rms":33.748199097387015,"update_rms":0.0024719606870655347,"accepted":true,"wall_s":3.2423427924513817}
{
  "status": "ok",
  "stop_reason": "completed_iterations",
  "initial_score": 66.3081181895046,
  "final_score": 81.4975495540777,
  "best_score": 82.16056406834663,
  "best_iteration": 41,
  "completed_iterations": 100,
  "completed_adam_steps": 100,
  "completed_optimizer_steps": 100,
  "total_wall_s": 303.5700804181397,
  "initial_decode_wall_s": 1.5093383453786373,
  "initial_score_wall_s": 1.121794417500496,
  "mean_iteration_wall_s": 3.0347697710618378,
  "manifest": {
    "algorithm": "adam_with_query_batched_local_gradient",
    "optimizer": "adam",
    "parameter_space": "data",
    "gradient_objective": "dynamic local full-density score with coordinate and maximum-surface-selection derivatives omitted",
    "formal_objective": "complete native QH score for every accepted center",
    "initial_case": "/home/scc/pb24511935/local_surface_evaluator/runs/summary1_review2_20260824/flow_pairs/cases/case_18.json",
    "initial_case_sha256": "df974f5e0bbf6320e3679d768f6bc7e25c6ebd7c85d5b12c7b31af45bf9b541d",
    "checkpoint": "/home/scc/pb24511935/local_surface_evaluator/runs/qh_flow_physical_lr_longselect_20260729/lr_3em4/checkpoint_latest.pt",
    "checkpoint_sha256": "39a3293a459e248a0d1ec062607a1a467128b14d8ca973aadd82e113532ab99f",
    "native_lib": "/home/scc/pb24511935/local_surface_evaluator/runs/summary1_review2_20260824/build_native/libstellarator_gpu.so",
    "native_lib_sha256": "7d3784e02172f5c3130bcf085efa8120dc059d5007daa4b18680edd97b077f94",
    "nfp": 6,
    "n_base_coils": 4,
    "iterations": 100,
    "max_wall_s": 4200.0,
    "flow": {
      "method": "rk4",
      "steps": 128,
      "dtype": "fp32",
      "use": "initial latent-to-coil decode only"
    },
    "flow_pipeline": false,
    "coordinate_gradient": {
      "dimension": 400,
      "mode": "random-orthogonal",
      "random_directions": 2,
      "endpoint_count": 4,
      "perturbation": 0.0025,
      "difference": "centered",
      "psi_grid": 48,
      "psi_iterations": 4,
      "alpha_iterations": 4,
      "formal_surface_theta_count": 128,
      "local_surface_theta_count": 64
    },
    "adam": {
      "learning_rate": 0.01,
      "beta1": 0.7,
      "beta2": 0.999,
      "epsilon": 1e-08,
      "weight_decay": 0.0
    },
    "bfgs": {
      "initial_trust_rms": 0.01,
      "min_trust_rms": 1e-05,
      "max_trust_rms": 0.05,
      "trust_growth": 1.2,
      "trust_shrink": 0.5,
      "min_improvement": 0.0
    },
    "seed": 2026082518,
    "axis_policy": "initial global search, then strict mixed-precision continuation",
    "devices": {
      "flow": 0,
      "score": 0
    },
    "initial_metadata_keys": [
      "flow_prior_screening",
      "nfp",
      "raw"
    ],
    "data_parameterization": {
      "definition": "per-coordinate training-set standardization",
      "physical_mapping": "CoilNormalizer.inverse with canonical current L1/sign",
      "initial_clipped_fraction": 0.0,
      "initial_roundtrip_relative_rms": 1.0619073675599108e-07,
      "flow_calls_after_initialization": 0
    }
  }
}
{"iteration":1,"score":75.21563424914073,"best":75.21563424914073,"gradient_rms":12.197998932035073,"update_rms":0.009999999974272289,"accepted":true,"wall_s":3.5186398699879646}
{"iteration":2,"score":75.4566643006295,"best":75.4566643006295,"gradient_rms":21.35620199043917,"update_rms":0.007233189399701135,"accepted":true,"wall_s":2.588120523840189}
{"iteration":3,"score":75.85453194120625,"best":75.85453194120625,"gradient_rms":22.36493722262303,"update_rms":0.006491795471243451,"accepted":true,"wall_s":2.5724468752741814}
{"iteration":4,"score":76.16224222243139,"best":76.16224222243139,"gradient_rms":9.225764903839247,"update_rms":0.0052172528785495945,"accepted":true,"wall_s":2.594599399715662}
{"iteration":5,"score":76.52432877468571,"best":76.52432877468571,"gradient_rms":15.352501498055906,"update_rms":0.004989197645785029,"accepted":true,"wall_s":2.5792728029191494}
{"iteration":6,"score":76.88421300331343,"best":76.88421300331343,"gradient_rms":12.714026793213968,"update_rms":0.004438525945432976,"accepted":true,"wall_s":2.571575041860342}
{"iteration":7,"score":77.2035633637922,"best":77.2035633637922,"gradient_rms":7.870353314229225,"update_rms":0.0035412787321147917,"accepted":true,"wall_s":2.5709827691316605}
{"iteration":8,"score":77.64242248175196,"best":77.64242248175196,"gradient_rms":21.33017662413719,"update_rms":0.004617637307321484,"accepted":true,"wall_s":2.5655592158436775}
{"iteration":9,"score":78.08907452448395,"best":78.08907452448395,"gradient_rms":18.627634606781985,"update_rms":0.005134892169310608,"accepted":true,"wall_s":2.5605806037783623}
{"iteration":10,"score":78.44179705907466,"best":78.44179705907466,"gradient_rms":11.769470438361374,"update_rms":0.004525580758490246,"accepted":true,"wall_s":2.5621036887168884}
{"iteration":11,"score":78.89995626800687,"best":78.89995626800687,"gradient_rms":25.182511722211014,"update_rms":0.005084166857240772,"accepted":true,"wall_s":2.558039791882038}
{"iteration":12,"score":79.23161391566943,"best":79.23161391566943,"gradient_rms":9.057906756203819,"update_rms":0.004122638481310614,"accepted":true,"wall_s":2.557811077684164}
{"iteration":13,"score":79.53108267635409,"best":79.53108267635409,"gradient_rms":15.519913696970603,"update_rms":0.004229503034901824,"accepted":true,"wall_s":2.555354982614517}
{"iteration":14,"score":79.77164052534634,"best":79.77164052534634,"gradient_rms":9.49914970245571,"update_rms":0.0034988205116913513,"accepted":true,"wall_s":2.5435903891921043}
{"iteration":15,"score":79.944865305776,"best":79.944865305776,"gradient_rms":5.889769392794038,"update_rms":0.0028255678692107812,"accepted":true,"wall_s":2.545934647321701}
{"iteration":16,"score":80.34930370538058,"best":80.34930370538058,"gradient_rms":22.559382850380867,"update_rms":0.004518259859194443,"accepted":true,"wall_s":2.5424585789442062}
{"iteration":17,"score":80.6763352207654,"best":80.6763352207654,"gradient_rms":12.714118192712771,"update_rms":0.004176096914484126,"accepted":true,"wall_s":2.545004401355982}
{"iteration":18,"score":81.03613981033514,"best":81.03613981033514,"gradient_rms":14.955856781044412,"update_rms":0.0040066861236861505,"accepted":true,"wall_s":2.552259385585785}
{"iteration":19,"score":81.28776194876733,"best":81.28776194876733,"gradient_rms":5.2564506969561515,"update_rms":0.0029225884080565138,"accepted":true,"wall_s":2.555179603397846}
{"iteration":20,"score":81.5255020969783,"best":81.5255020969783,"gradient_rms":15.426204523060708,"update_rms":0.0038851367609302064,"accepted":true,"wall_s":2.558738723397255}
{"iteration":21,"score":81.69441558203623,"best":81.69441558203623,"gradient_rms":8.35452130029375,"update_rms":0.0031830908451716783,"accepted":true,"wall_s":2.68242259696126}
{"iteration":22,"score":81.88803603268664,"best":81.88803603268664,"gradient_rms":8.936722352405699,"update_rms":0.0028408243220424947,"accepted":true,"wall_s":2.5564245209097862}
{"iteration":23,"score":82.0189540926144,"best":82.0189540926144,"gradient_rms":12.004578265847464,"update_rms":0.0032746275044030475,"accepted":true,"wall_s":2.551492653787136}
{"iteration":24,"score":82.14390911347353,"best":82.14390911347353,"gradient_rms":7.808311299108661,"update_rms":0.0030653094156825283,"accepted":true,"wall_s":2.563464391976595}
{"iteration":25,"score":82.15779163620988,"best":82.15779163620988,"gradient_rms":1.1641288088102308,"update_rms":0.00216654320146859,"accepted":true,"wall_s":2.55860585719347}
{"iteration":26,"score":82.12603718039098,"best":82.15779163620988,"gradient_rms":18.1262627931105,"update_rms":0.00401020004235887,"accepted":true,"wall_s":2.5584386214613914}
{"iteration":27,"score":82.07715238795919,"best":82.15779163620988,"gradient_rms":12.365397689579888,"update_rms":0.004082550407074251,"accepted":true,"wall_s":2.3968723490834236}
{"iteration":28,"score":82.17042577039379,"best":82.17042577039379,"gradient_rms":25.769798641629393,"update_rms":0.0059041573098575105,"accepted":true,"wall_s":2.5587301179766655}
{"iteration":29,"score":82.09577349654461,"best":82.17042577039379,"gradient_rms":14.249958132173447,"update_rms":0.005124301674166861,"accepted":true,"wall_s":2.3926073722541332}
{"iteration":30,"score":82.09577349654455,"best":82.17042577039379,"gradient_rms":136.18036300279326,"update_rms":0.0,"accepted":false,"wall_s":1.8327869810163975}
{"iteration":31,"score":82.1625131533312,"best":82.17042577039379,"gradient_rms":9.441262512302792,"update_rms":0.004171051752996451,"accepted":true,"wall_s":2.5646462328732014}
{"iteration":32,"score":82.33722544284801,"best":82.33722544284801,"gradient_rms":88.54302549021781,"update_rms":0.010969481369582017,"accepted":true,"wall_s":2.557273205369711}
{"iteration":33,"score":82.59638002079873,"best":82.59638002079873,"gradient_rms":72.11642189752496,"update_rms":0.010093910303443431,"accepted":true,"wall_s":2.5603077188134193}
{"iteration":34,"score":82.81277916900632,"best":82.81277916900632,"gradient_rms":19.281051211349993,"update_rms":0.00721607646407951,"accepted":true,"wall_s":4.935551676899195}
{"iteration":35,"score":83.02380030601712,"best":83.02380030601712,"gradient_rms":2.689978784538204,"update_rms":0.005145581281977295,"accepted":true,"wall_s":2.3943307287991047}
{"iteration":36,"score":83.11068540790099,"best":83.11068540790099,"gradient_rms":10.26487101024604,"update_rms":0.003777301588635749,"accepted":true,"wall_s":2.3859615959227085}
{"iteration":37,"score":83.26528024993992,"best":83.26528024993992,"gradient_rms":12.121435944653633,"update_rms":0.0032532550570597398,"accepted":true,"wall_s":2.5600790195167065}
{"iteration":38,"score":83.41581059084598,"best":83.41581059084598,"gradient_rms":67.96723674255864,"update_rms":0.0076579068969987755,"accepted":true,"wall_s":2.558999814093113}
{"iteration":39,"score":83.52171311311301,"best":83.52171311311301,"gradient_rms":6.865223733696636,"update_rms":0.005466734480775642,"accepted":true,"wall_s":2.5600700564682484}
{"iteration":40,"score":83.60063060579367,"best":83.60063060579367,"gradient_rms":40.80486365697392,"update_rms":0.006557762214397569,"accepted":true,"wall_s":2.569525074213743}
{"iteration":41,"score":83.70047225072608,"best":83.70047225072608,"gradient_rms":68.0807287581389,"update_rms":0.008334507524317943,"accepted":true,"wall_s":2.5868836231529713}
{"iteration":42,"score":83.62395143447326,"best":83.70047225072608,"gradient_rms":46.3771726319868,"update_rms":0.007539426253056709,"accepted":true,"wall_s":2.5517569854855537}
{"iteration":43,"score":83.5448427636112,"best":83.70047225072608,"gradient_rms":5.916291419160784,"update_rms":0.005545958705697252,"accepted":true,"wall_s":2.545078307390213}
{"iteration":44,"score":83.58093737955218,"best":83.70047225072608,"gradient_rms":79.77990935561498,"update_rms":0.008387166393993556,"accepted":true,"wall_s":2.546439006924629}
{"iteration":45,"score":83.67693296170623,"best":83.70047225072608,"gradient_rms":71.64191623245085,"update_rms":0.009038526391086996,"accepted":true,"wall_s":2.548335000872612}
{"iteration":46,"score":83.54592041702276,"best":83.70047225072608,"gradient_rms":32.0732187147876,"update_rms":0.007019422256189798,"accepted":true,"wall_s":2.5472706519067287}
{"iteration":47,"score":83.39672788234283,"best":83.70047225072608,"gradient_rms":64.24236272236057,"update_rms":0.007863679039895918,"accepted":true,"wall_s":2.550271462649107}
{"iteration":48,"score":83.27017040134291,"best":83.70047225072608,"gradient_rms":51.12396178738403,"update_rms":0.00665537985012682,"accepted":true,"wall_s":2.5499606989324093}
{"iteration":49,"score":83.17605950950039,"best":83.70047225072608,"gradient_rms":8.237678696924037,"update_rms":0.004791908972151022,"accepted":true,"wall_s":2.5453510992228985}
{"iteration":50,"score":83.11472398424696,"best":83.70047225072608,"gradient_rms":3.3104473627904567,"update_rms":0.003455118324536606,"accepted":true,"wall_s":2.5759254470467567}
{"iteration":51,"score":83.02054365369736,"best":83.70047225072608,"gradient_rms":61.7461881151966,"update_rms":0.005996574521846195,"accepted":true,"wall_s":2.488577224314213}
{"iteration":52,"score":82.80229451411418,"best":83.70047225072608,"gradient_rms":88.72692271244634,"update_rms":0.008101184832822865,"accepted":true,"wall_s":2.5528865940868855}
{"iteration":53,"score":82.6460632305534,"best":83.70047225072608,"gradient_rms":16.65622189439856,"update_rms":0.0057074965057561065,"accepted":true,"wall_s":2.5553469732403755}
{"iteration":54,"score":82.53788279614038,"best":83.70047225072608,"gradient_rms":16.717200912488757,"update_rms":0.004016524892439343,"accepted":true,"wall_s":2.5670835860073566}
{"iteration":55,"score":82.5764617425724,"best":83.70047225072608,"gradient_rms":76.15884573592135,"update_rms":0.007124801167426953,"accepted":true,"wall_s":2.5636440441012383}
{"iteration":56,"score":82.47941058140181,"best":83.70047225072608,"gradient_rms":147.89132421278424,"update_rms":0.010151814163162624,"accepted":true,"wall_s":2.400391522794962}
{"iteration":57,"score":82.63910813454952,"best":83.70047225072608,"gradient_rms":41.35904211805729,"update_rms":0.007897743155759819,"accepted":true,"wall_s":2.574020493775606}
{"iteration":58,"score":82.79273277335942,"best":83.70047225072608,"gradient_rms":82.20034179841363,"update_rms":0.008349525678623095,"accepted":true,"wall_s":2.5579355359077454}
{"iteration":59,"score":82.84999073609902,"best":83.70047225072608,"gradient_rms":169.77277428364567,"update_rms":0.011227222481458392,"accepted":true,"wall_s":2.5577936843037605}
{"iteration":60,"score":82.83169493347006,"best":83.70047225072608,"gradient_rms":6.0726389651428905,"update_rms":0.007977934610577797,"accepted":true,"wall_s":2.5595000348985195}
{"iteration":61,"score":82.70656811839086,"best":83.70047225072608,"gradient_rms":30.354884249901303,"update_rms":0.005978903388242615,"accepted":true,"wall_s":2.4020564667880535}
{"iteration":62,"score":82.54238828832433,"best":83.70047225072608,"gradient_rms":10.580955802986699,"update_rms":0.004302704293447057,"accepted":true,"wall_s":2.399495355784893}
{"iteration":63,"score":82.4654901274017,"best":83.70047225072608,"gradient_rms":10.050818291637233,"update_rms":0.0031258150959732364,"accepted":true,"wall_s":2.3997613042593002}
{"iteration":64,"score":82.41746218392707,"best":83.70047225072608,"gradient_rms":38.86671473428728,"update_rms":0.003358856956564395,"accepted":true,"wall_s":2.399788349866867}
{"iteration":65,"score":82.42442243952199,"best":83.70047225072608,"gradient_rms":5.906505173872156,"update_rms":0.002392208957903629,"accepted":true,"wall_s":2.401101615279913}
{"iteration":66,"score":82.55840570613866,"best":83.70047225072608,"gradient_rms":27.1505281694449,"update_rms":0.0025467054519232295,"accepted":true,"wall_s":2.554393231868744}
{"iteration":67,"score":82.57180084764138,"best":83.70047225072608,"gradient_rms":15.823722439675022,"update_rms":0.0021107451343749853,"accepted":true,"wall_s":2.5558062829077244}
{"iteration":68,"score":82.56981702943887,"best":83.70047225072608,"gradient_rms":25.533290245163208,"update_rms":0.0022601384317151646,"accepted":true,"wall_s":2.5559179186820984}
{"iteration":69,"score":82.56516167975197,"best":83.70047225072608,"gradient_rms":165.1277028657986,"update_rms":0.009618589703172092,"accepted":true,"wall_s":2.5544258877635}
{"iteration":70,"score":82.5694293700936,"best":83.70047225072608,"gradient_rms":12.482694596004574,"update_rms":0.006979261087988319,"accepted":true,"wall_s":2.5568612590432167}
{"iteration":71,"score":82.5753533322949,"best":83.70047225072608,"gradient_rms":8.618085717873354,"update_rms":0.004894628975354145,"accepted":true,"wall_s":2.55394684150815}
{"iteration":72,"score":82.60926699840908,"best":83.70047225072608,"gradient_rms":21.63088135475134,"update_rms":0.003772327325281486,"accepted":true,"wall_s":2.555343423038721}
{"iteration":73,"score":82.64066809789522,"best":83.70047225072608,"gradient_rms":5.915747310735262,"update_rms":0.0026993046533856854,"accepted":true,"wall_s":2.559003569185734}
{"iteration":74,"score":82.71467314936389,"best":83.70047225072608,"gradient_rms":15.187941927836606,"update_rms":0.002123270225297734,"accepted":true,"wall_s":2.567399263381958}
{"iteration":75,"score":82.73785858318818,"best":83.70047225072608,"gradient_rms":8.160807028950554,"update_rms":0.001621580463851617,"accepted":true,"wall_s":2.5580457970499992}
{"iteration":76,"score":82.57667007370351,"best":83.70047225072608,"gradient_rms":43.07012349296734,"update_rms":0.0030353131869241185,"accepted":true,"wall_s":2.397734198719263}
{"iteration":77,"score":82.3996906991618,"best":83.70047225072608,"gradient_rms":26.521680979799402,"update_rms":0.002908850799890164,"accepted":true,"wall_s":2.395615480840206}
{"iteration":78,"score":82.27903494796216,"best":83.70047225072608,"gradient_rms":2.772411854520146,"update_rms":0.002093339623986745,"accepted":true,"wall_s":2.391007572412491}
{"iteration":79,"score":82.17735677215843,"best":83.70047225072608,"gradient_rms":5.521621585990129,"update_rms":0.0014787716259993952,"accepted":true,"wall_s":2.3977257572114468}
{"iteration":80,"score":82.12682057699419,"best":83.70047225072608,"gradient_rms":9.321093847944791,"update_rms":0.0011867101992613651,"accepted":true,"wall_s":2.3973417207598686}
{"iteration":81,"score":82.10462731325508,"best":83.70047225072608,"gradient_rms":7.386121881008534,"update_rms":0.0009224342702917197,"accepted":true,"wall_s":2.330570124089718}
{"iteration":82,"score":82.08256793295364,"best":83.70047225072608,"gradient_rms":5.824678632785196,"update_rms":0.0007547057001971549,"accepted":true,"wall_s":2.403033919632435}
{"iteration":83,"score":82.07604142585888,"best":83.70047225072608,"gradient_rms":6.258198509062629,"update_rms":0.0007032153588366478,"accepted":true,"wall_s":2.3974385857582092}
{"iteration":84,"score":82.09895565503746,"best":83.70047225072608,"gradient_rms":16.262485825243168,"update_rms":0.0013091865720756093,"accepted":true,"wall_s":2.398954149335623}
{"iteration":85,"score":82.17098068680812,"best":83.70047225072608,"gradient_rms":20.492416978243714,"update_rms":0.001736379899967765,"accepted":true,"wall_s":2.397489920258522}
{"iteration":86,"score":82.32158630491541,"best":83.70047225072608,"gradient_rms":11.916780084648892,"update_rms":0.0014255341092178188,"accepted":true,"wall_s":2.5591464079916477}
{"iteration":87,"score":82.31537953251804,"best":83.70047225072608,"gradient_rms":10.32980101261458,"update_rms":0.0012871960123826186,"accepted":true,"wall_s":2.4043152444064617}
{"iteration":88,"score":82.29540839691268,"best":83.70047225072608,"gradient_rms":9.627186977372812,"update_rms":0.0011442601055990465,"accepted":true,"wall_s":2.3979735262691975}
{"iteration":89,"score":82.60168575128236,"best":83.70047225072608,"gradient_rms":24.318038014583706,"update_rms":0.001895579858843762,"accepted":true,"wall_s":2.551185954362154}
{"iteration":90,"score":82.71040422930666,"best":83.70047225072608,"gradient_rms":8.649074761518765,"update_rms":0.0015387439374599963,"accepted":true,"wall_s":2.5516594387590885}
{"iteration":91,"score":82.64004178106387,"best":83.70047225072608,"gradient_rms":9.02025018101434,"update_rms":0.001395164012774059,"accepted":true,"wall_s":2.397760797291994}
{"iteration":92,"score":82.77284171895437,"best":83.70047225072608,"gradient_rms":7.227463576634047,"update_rms":0.0011488215963592137,"accepted":true,"wall_s":2.393839094787836}
{"iteration":93,"score":82.850650965407,"best":83.70047225072608,"gradient_rms":4.098038342712685,"update_rms":0.0008249570056948313,"accepted":true,"wall_s":2.3928719870746136}
{"iteration":94,"score":82.9352638181787,"best":83.70047225072608,"gradient_rms":12.84314500333491,"update_rms":0.001145997541800551,"accepted":true,"wall_s":2.3962734192609787}
{"iteration":95,"score":82.95207602367361,"best":83.70047225072608,"gradient_rms":5.670361910194803,"update_rms":0.0009603447144800986,"accepted":true,"wall_s":2.398049719631672}
{"iteration":96,"score":82.97483918283065,"best":83.70047225072608,"gradient_rms":6.535983482699515,"update_rms":0.0008078042548335848,"accepted":true,"wall_s":2.3956394605338573}
{"iteration":97,"score":83.03821877640154,"best":83.70047225072608,"gradient_rms":10.879357588054049,"update_rms":0.0010652791227411585,"accepted":true,"wall_s":2.556160233914852}
{"iteration":98,"score":83.09177892403846,"best":83.70047225072608,"gradient_rms":9.324414759986313,"update_rms":0.0011039895369251457,"accepted":true,"wall_s":2.573868475854397}
{"iteration":99,"score":83.17201816142747,"best":83.70047225072608,"gradient_rms":15.053726606157506,"update_rms":0.001557779299300884,"accepted":true,"wall_s":2.567158628255129}
{"iteration":100,"score":83.27571956353087,"best":83.70047225072608,"gradient_rms":26.9899257154707,"update_rms":0.002506841088546314,"accepted":true,"wall_s":2.554682847112417}
{
  "status": "ok",
  "stop_reason": "completed_iterations",
  "initial_score": 75.13541435453787,
  "final_score": 83.27571956353087,
  "best_score": 83.70047225072608,
  "best_iteration": 41,
  "completed_iterations": 100,
  "completed_adam_steps": 99,
  "completed_optimizer_steps": 99,
  "total_wall_s": 254.07600362598896,
  "initial_decode_wall_s": 1.48197365924716,
  "initial_score_wall_s": 0.6260098293423653,
  "mean_iteration_wall_s": 2.5399213816598056,
  "manifest": {
    "algorithm": "adam_with_query_batched_local_gradient",
    "optimizer": "adam",
    "parameter_space": "latent",
    "gradient_objective": "dynamic local full-density score with coordinate and maximum-surface-selection derivatives omitted",
    "formal_objective": "complete native QH score for every accepted center",
    "initial_case": "/home/scc/pb24511935/local_surface_evaluator/runs/summary1_review2_20260824/flow_pairs/cases/case_22.json",
    "initial_case_sha256": "6b4b5777e64136402ebca36b027e70f4f32ac4c4e537fcca42444b39ccfbfc09",
    "checkpoint": "/home/scc/pb24511935/local_surface_evaluator/runs/qh_flow_physical_lr_longselect_20260729/lr_3em4/checkpoint_latest.pt",
    "checkpoint_sha256": "39a3293a459e248a0d1ec062607a1a467128b14d8ca973aadd82e113532ab99f",
    "native_lib": "/home/scc/pb24511935/local_surface_evaluator/runs/summary1_review2_20260824/build_native/libstellarator_gpu.so",
    "native_lib_sha256": "7d3784e02172f5c3130bcf085efa8120dc059d5007daa4b18680edd97b077f94",
    "nfp": 7,
    "n_base_coils": 1,
    "iterations": 100,
    "max_wall_s": 4200.0,
    "flow": {
      "method": "rk4",
      "steps": 128,
      "dtype": "fp32",
      "use": "every gradient endpoint and accepted center"
    },
    "flow_pipeline": true,
    "coordinate_gradient": {
      "dimension": 100,
      "mode": "random-orthogonal",
      "random_directions": 2,
      "endpoint_count": 4,
      "perturbation": 0.005,
      "difference": "centered",
      "psi_grid": 48,
      "psi_iterations": 4,
      "alpha_iterations": 4,
      "formal_surface_theta_count": 128,
      "local_surface_theta_count": 64
    },
    "adam": {
      "learning_rate": 0.01,
      "beta1": 0.7,
      "beta2": 0.999,
      "epsilon": 1e-08,
      "weight_decay": 0.0
    },
    "bfgs": {
      "initial_trust_rms": 0.01,
      "min_trust_rms": 1e-05,
      "max_trust_rms": 0.05,
      "trust_growth": 1.2,
      "trust_shrink": 0.5,
      "min_improvement": 0.0
    },
    "seed": 2026082522,
    "axis_policy": "initial global search, then strict mixed-precision continuation",
    "devices": {
      "flow": 0,
      "score": 0
    },
    "initial_metadata_keys": [
      "flow_prior_screening",
      "nfp",
      "raw"
    ]
  }
}
{"iteration":1,"score":73.80402672292846,"best":75.13541435453793,"gradient_rms":21.656408883594764,"update_rms":0.009999999977396833,"accepted":true,"wall_s":1.490286611020565}
{"iteration":2,"score":74.7417816779299,"best":75.13541435453793,"gradient_rms":56.602598239146545,"update_rms":0.007820163507488466,"accepted":true,"wall_s":1.6467735804617405}
{"iteration":3,"score":75.95581825885913,"best":75.95581825885913,"gradient_rms":52.03981094473805,"update_rms":0.006719151341042875,"accepted":true,"wall_s":1.4732372649013996}
{"iteration":4,"score":77.3152725533206,"best":77.3152725533206,"gradient_rms":47.57117444535617,"update_rms":0.005935666044200844,"accepted":true,"wall_s":1.469087429344654}
{"iteration":5,"score":78.8435639423603,"best":78.8435639423603,"gradient_rms":41.082015044840674,"update_rms":0.005213390664491368,"accepted":true,"wall_s":1.4648212864995003}
{"iteration":6,"score":80.10349069253672,"best":80.10349069253672,"gradient_rms":43.76392441557317,"update_rms":0.005033560163458773,"accepted":true,"wall_s":1.4664780013263226}
{"iteration":7,"score":81.22433415052122,"best":81.22433415052122,"gradient_rms":56.98121346187102,"update_rms":0.004852015436100584,"accepted":true,"wall_s":1.4699972607195377}
{"iteration":8,"score":82.25749776978066,"best":82.25749776978066,"gradient_rms":80.05377954639401,"update_rms":0.005359098515825132,"accepted":true,"wall_s":1.6399065516889095}
{"iteration":9,"score":81.74573812225556,"best":82.25749776978066,"gradient_rms":117.46381770550488,"update_rms":0.005673964601881553,"accepted":true,"wall_s":1.47077327221632}
{"iteration":10,"score":80.00674166774469,"best":82.25749776978066,"gradient_rms":117.64151497172206,"update_rms":0.00605873937688319,"accepted":true,"wall_s":1.4704870879650116}
{"iteration":11,"score":78.81362909986098,"best":82.25749776978066,"gradient_rms":30.133846718837525,"update_rms":0.004596972903568256,"accepted":true,"wall_s":1.485441867262125}
{"iteration":12,"score":79.13802992076458,"best":82.25749776978066,"gradient_rms":67.7282602244848,"update_rms":0.004512456496804938,"accepted":true,"wall_s":1.4683405049145222}
{"iteration":13,"score":80.56733142230316,"best":82.25749776978066,"gradient_rms":114.92832735861145,"update_rms":0.005344742941697804,"accepted":true,"wall_s":1.6265670470893383}
{"iteration":14,"score":81.729348795833,"best":82.25749776978066,"gradient_rms":59.018740932036906,"update_rms":0.004726643900442374,"accepted":true,"wall_s":1.4699122235178947}
{"iteration":15,"score":82.37537727741733,"best":82.37537727741733,"gradient_rms":50.21283039866967,"update_rms":0.004246478780698232,"accepted":true,"wall_s":1.468349028378725}
{"iteration":16,"score":82.94631056083489,"best":82.94631056083489,"gradient_rms":295.9255102108988,"update_rms":0.007567918360218013,"accepted":true,"wall_s":1.4665610007941723}
{"iteration":17,"score":83.26991506271948,"best":83.26991506271948,"gradient_rms":25.534981867932384,"update_rms":0.0053876161952189135,"accepted":true,"wall_s":1.4669012501835823}
{"iteration":18,"score":82.85785989600203,"best":83.26991506271948,"gradient_rms":149.37447894052727,"update_rms":0.005565387658736054,"accepted":true,"wall_s":1.4723033495247364}
{"iteration":19,"score":82.69770148383755,"best":83.26991506271948,"gradient_rms":130.24467410182388,"update_rms":0.005094291680820139,"accepted":true,"wall_s":1.464458603411913}
{"iteration":20,"score":81.78577423403053,"best":83.26991506271948,"gradient_rms":88.02916507701045,"update_rms":0.004851516905165145,"accepted":true,"wall_s":1.4659533239901066}
{"iteration":21,"score":81.25589742971155,"best":83.26991506271948,"gradient_rms":84.33578416471619,"update_rms":0.00439000234224865,"accepted":true,"wall_s":1.465116549283266}
{"iteration":22,"score":81.31489438180387,"best":83.26991506271948,"gradient_rms":268.10250767862084,"update_rms":0.007534369716279063,"accepted":true,"wall_s":1.4651057608425617}
{"iteration":23,"score":80.84119891802203,"best":83.26991506271948,"gradient_rms":254.99258127640394,"update_rms":0.007385496334422201,"accepted":true,"wall_s":1.4654039330780506}
{"iteration":24,"score":80.34198557739708,"best":83.26991506271948,"gradient_rms":16.555307744409056,"update_rms":0.005250065373328634,"accepted":true,"wall_s":1.4692799374461174}
{"iteration":25,"score":80.04506152172142,"best":83.26991506271948,"gradient_rms":52.37398895870603,"update_rms":0.004058459551619229,"accepted":true,"wall_s":1.473622564226389}
{"iteration":26,"score":80.31262380238998,"best":83.26991506271948,"gradient_rms":91.86682467538975,"update_rms":0.003627895463139264,"accepted":true,"wall_s":1.4717717804014683}
{"iteration":27,"score":80.06964144997839,"best":83.26991506271948,"gradient_rms":99.87345077274263,"update_rms":0.0035230606182013774,"accepted":true,"wall_s":1.4711606204509735}
{"iteration":28,"score":80.05289985067253,"best":83.26991506271948,"gradient_rms":29.835417960992984,"update_rms":0.002586671447778231,"accepted":true,"wall_s":1.4725555442273617}
{"iteration":29,"score":80.21004073120642,"best":83.26991506271948,"gradient_rms":122.55358652731753,"update_rms":0.004011185062626968,"accepted":true,"wall_s":1.4706434160470963}
{"iteration":30,"score":80.23973308519668,"best":83.26991506271948,"gradient_rms":40.73833518423894,"update_rms":0.0030576600087102272,"accepted":true,"wall_s":1.4657344296574593}
{"iteration":31,"score":80.35228109347008,"best":83.26991506271948,"gradient_rms":52.9177693971402,"update_rms":0.002904702227199041,"accepted":true,"wall_s":1.4687920659780502}
{"iteration":32,"score":80.69182140615696,"best":83.26991506271948,"gradient_rms":75.91974128725387,"update_rms":0.0032346861864707742,"accepted":true,"wall_s":1.4695021323859692}
{"iteration":33,"score":81.48006024533983,"best":83.26991506271948,"gradient_rms":143.3998632611405,"update_rms":0.004327786187270679,"accepted":true,"wall_s":1.484541080892086}
{"iteration":34,"score":81.31179514543456,"best":83.26991506271948,"gradient_rms":24.743077292709508,"update_rms":0.003168875604757164,"accepted":true,"wall_s":1.4662312306463718}
{"iteration":35,"score":81.13435188792772,"best":83.26991506271948,"gradient_rms":48.672420395417895,"update_rms":0.0026559115600349793,"accepted":true,"wall_s":1.4657681584358215}
{"iteration":36,"score":80.99239355091623,"best":83.26991506271948,"gradient_rms":17.07626167694579,"update_rms":0.0020720611990074408,"accepted":true,"wall_s":1.4663451947271824}
{"iteration":37,"score":80.89494878595515,"best":83.26991506271948,"gradient_rms":24.088142164138475,"update_rms":0.001548623947209539,"accepted":true,"wall_s":1.4658256508409977}
{"iteration":38,"score":80.96300910755723,"best":83.26991506271948,"gradient_rms":31.810690324626016,"update_rms":0.0015039969693447302,"accepted":true,"wall_s":1.4662492386996746}
{"iteration":39,"score":81.17039645572761,"best":83.26991506271948,"gradient_rms":41.736813012698605,"update_rms":0.0017246049097613633,"accepted":true,"wall_s":1.469984982162714}
{"iteration":40,"score":81.26873430497774,"best":83.26991506271948,"gradient_rms":27.401602365092153,"update_rms":0.0014277984743095106,"accepted":true,"wall_s":1.4667788371443748}
{"iteration":41,"score":81.46021793514258,"best":83.26991506271948,"gradient_rms":30.821250126869717,"update_rms":0.0013745153258495364,"accepted":true,"wall_s":1.400506041944027}
{"iteration":42,"score":81.7921279182669,"best":83.26991506271948,"gradient_rms":63.73297955386922,"update_rms":0.0022406365649868245,"accepted":true,"wall_s":1.470941137522459}
{"iteration":43,"score":82.229659536413,"best":83.26991506271948,"gradient_rms":32.09617329374927,"update_rms":0.0020236677567941194,"accepted":true,"wall_s":1.4692869298160076}
{"iteration":44,"score":82.4956732656942,"best":83.26991506271948,"gradient_rms":10.173269460627406,"update_rms":0.00147776926001023,"accepted":true,"wall_s":1.4723656065762043}
{"iteration":45,"score":82.73822692180588,"best":83.26991506271948,"gradient_rms":35.83703020983409,"update_rms":0.001606479548316944,"accepted":true,"wall_s":1.4730433858931065}
{"iteration":46,"score":82.98316029527797,"best":83.26991506271948,"gradient_rms":23.536839309972965,"update_rms":0.0014315179968103287,"accepted":true,"wall_s":1.4730996303260326}
{"iteration":47,"score":83.09636463387342,"best":83.26991506271948,"gradient_rms":30.4395697592148,"update_rms":0.0014809322463111927,"accepted":true,"wall_s":1.473794136196375}
{"iteration":48,"score":83.21666970294609,"best":83.26991506271948,"gradient_rms":26.916251552511543,"update_rms":0.0013841839340766454,"accepted":true,"wall_s":1.474013701081276}
{"iteration":49,"score":83.37995989301207,"best":83.37995989301207,"gradient_rms":30.546654987331436,"update_rms":0.001522594624505723,"accepted":true,"wall_s":1.476576093584299}
{"iteration":50,"score":83.41895002656413,"best":83.41895002656413,"gradient_rms":23.048445255482623,"update_rms":0.0013604645890610164,"accepted":true,"wall_s":1.4755441583693027}
{"iteration":51,"score":83.40521548870063,"best":83.41895002656413,"gradient_rms":60.63319689647172,"update_rms":0.0025527068463252517,"accepted":true,"wall_s":1.4732832051813602}
{"iteration":52,"score":83.41351295554239,"best":83.41895002656413,"gradient_rms":4.0991645078412144,"update_rms":0.0017972681091506456,"accepted":true,"wall_s":1.4752809777855873}
{"iteration":53,"score":83.56799806114468,"best":83.56799806114468,"gradient_rms":29.88154307707602,"update_rms":0.0017872335943271034,"accepted":true,"wall_s":1.4757935665547848}
{"iteration":54,"score":83.67360830220198,"best":83.67360830220198,"gradient_rms":38.44642481210541,"update_rms":0.0019504181942744771,"accepted":true,"wall_s":1.4833825379610062}
{"iteration":55,"score":83.84872340027783,"best":83.84872340027783,"gradient_rms":79.13770424077217,"update_rms":0.002841809734712924,"accepted":true,"wall_s":1.474518995732069}
{"iteration":56,"score":83.95076821905491,"best":83.95076821905491,"gradient_rms":12.43178542493447,"update_rms":0.0020919232952772595,"accepted":true,"wall_s":1.4752130024135113}
{"iteration":57,"score":84.20965963343104,"best":84.20965963343104,"gradient_rms":92.5554307998002,"update_rms":0.0038116795944658334,"accepted":true,"wall_s":1.4790380895137787}
{"iteration":58,"score":84.33170540603072,"best":84.33170540603072,"gradient_rms":49.45300730135108,"update_rms":0.0032351671758648914,"accepted":true,"wall_s":1.4111685380339622}
{"iteration":59,"score":82.94554181655258,"best":84.33170540603072,"gradient_rms":108.85907034470081,"update_rms":0.00420082922573284,"accepted":true,"wall_s":1.4772390276193619}
{"iteration":60,"score":81.72384587295987,"best":84.33170540603072,"gradient_rms":81.51347667779623,"update_rms":0.004113270189259962,"accepted":true,"wall_s":1.4753446504473686}
{"iteration":61,"score":81.72384587295988,"best":84.33170540603072,"gradient_rms":383.2513843012073,"update_rms":0.0,"accepted":false,"wall_s":0.7418993599712849}
{"iteration":62,"score":80.69258795800795,"best":84.33170540603072,"gradient_rms":149.85206533564264,"update_rms":0.006143985279494597,"accepted":true,"wall_s":1.4702826105058193}
{"iteration":63,"score":80.00891880413616,"best":84.33170540603072,"gradient_rms":41.511143819586216,"update_rms":0.004446144456238971,"accepted":true,"wall_s":1.468366838991642}
{"iteration":64,"score":79.41846048755997,"best":84.33170540603072,"gradient_rms":153.25162998541313,"update_rms":0.00615378906336308,"accepted":true,"wall_s":1.4766311272978783}
{"iteration":65,"score":79.35949517648423,"best":84.33170540603072,"gradient_rms":138.1612062978,"update_rms":0.006488859126491104,"accepted":true,"wall_s":1.4661868698894978}
{"iteration":66,"score":79.28535989487504,"best":84.33170540603072,"gradient_rms":55.614160054830535,"update_rms":0.00505285767833385,"accepted":true,"wall_s":1.4667824544012547}
{"iteration":67,"score":79.23804383905289,"best":84.33170540603072,"gradient_rms":45.12187061313376,"update_rms":0.003995792256375991,"accepted":true,"wall_s":1.4663741998374462}
{"iteration":68,"score":77.29951725088185,"best":84.33170540603072,"gradient_rms":186.4877480453815,"update_rms":0.006739760513841737,"accepted":true,"wall_s":1.4443470500409603}
{"iteration":69,"score":80.01665169569736,"best":84.33170540603072,"gradient_rms":62.56896492295609,"update_rms":0.005165179537694433,"accepted":true,"wall_s":1.4398535527288914}
{"iteration":70,"score":81.32386022939647,"best":84.33170540603072,"gradient_rms":24.482091121493355,"update_rms":0.003637229718576223,"accepted":true,"wall_s":1.464449182152748}
{"iteration":71,"score":82.16254676384808,"best":84.33170540603072,"gradient_rms":157.8645240400156,"update_rms":0.005657518762509043,"accepted":true,"wall_s":1.4708594381809235}
{"iteration":72,"score":82.34849782020655,"best":84.33170540603072,"gradient_rms":173.85239544757852,"update_rms":0.006722779310857401,"accepted":true,"wall_s":1.5119087174534798}
{"iteration":73,"score":82.30685553889671,"best":84.33170540603072,"gradient_rms":174.79544184137725,"update_rms":0.007754882765130872,"accepted":true,"wall_s":1.4618620797991753}
{"iteration":74,"score":81.83250609920604,"best":84.33170540603072,"gradient_rms":254.26014099013483,"update_rms":0.00914935682665416,"accepted":true,"wall_s":1.47786146402359}
{"iteration":75,"score":81.18306788356118,"best":84.33170540603072,"gradient_rms":86.59255429395495,"update_rms":0.007000410062401053,"accepted":true,"wall_s":1.4625555016100407}
{"iteration":76,"score":81.51115815979956,"best":84.33170540603072,"gradient_rms":168.1316713136476,"update_rms":0.0070340301304939274,"accepted":true,"wall_s":1.4604125656187534}
{"iteration":77,"score":81.12981648787347,"best":84.33170540603072,"gradient_rms":415.8308191710147,"update_rms":0.010332590369070945,"accepted":true,"wall_s":1.6217772737145424}
{"iteration":78,"score":80.62693941987021,"best":84.33170540603072,"gradient_rms":258.52362720191957,"update_rms":0.008982460720877637,"accepted":true,"wall_s":1.4600743539631367}
{"iteration":79,"score":80.34085356994598,"best":84.33170540603072,"gradient_rms":38.278426670525384,"update_rms":0.006228784600542672,"accepted":true,"wall_s":1.4610829576849937}
{"iteration":80,"score":79.79666180280644,"best":84.33170540603072,"gradient_rms":172.16586250231543,"update_rms":0.006023744843239805,"accepted":true,"wall_s":1.4387394189834595}
{"iteration":81,"score":79.43135628048175,"best":84.33170540603072,"gradient_rms":156.20872775866835,"update_rms":0.005583152428558857,"accepted":true,"wall_s":1.42995023727417}
{"iteration":82,"score":78.72293554450451,"best":84.33170540603072,"gradient_rms":175.85048697171527,"update_rms":0.00568128529068206,"accepted":true,"wall_s":1.416579619050026}
{"iteration":83,"score":78.95117388524379,"best":84.33170540603072,"gradient_rms":321.8472920613652,"update_rms":0.008736770889659523,"accepted":true,"wall_s":1.4157987833023071}
{"iteration":84,"score":79.10904803824569,"best":84.33170540603072,"gradient_rms":16.357270035065074,"update_rms":0.00618453855066073,"accepted":true,"wall_s":1.4158096946775913}
{"iteration":85,"score":78.5645521437522,"best":84.33170540603072,"gradient_rms":380.39755716644004,"update_rms":0.009232289693281617,"accepted":true,"wall_s":1.4157209657132626}
{"iteration":86,"score":78.15006289273256,"best":84.33170540603072,"gradient_rms":71.10609720283617,"update_rms":0.006789079750567038,"accepted":true,"wall_s":1.4382436349987984}
{"iteration":87,"score":77.38122333142219,"best":84.33170540603072,"gradient_rms":180.70819508759686,"update_rms":0.006595381807652573,"accepted":true,"wall_s":1.4608880206942558}
{"iteration":88,"score":76.89562749381533,"best":84.33170540603072,"gradient_rms":113.99444861318466,"update_rms":0.005366665608675956,"accepted":true,"wall_s":1.463758159428835}
{"iteration":89,"score":76.52663209104142,"best":84.33170540603072,"gradient_rms":65.54534926360833,"update_rms":0.004150455489954132,"accepted":true,"wall_s":1.440286684781313}
{"iteration":90,"score":76.02495283060551,"best":84.33170540603072,"gradient_rms":99.93446736750003,"update_rms":0.0036265849737297877,"accepted":true,"wall_s":1.3499701768159866}
{"iteration":91,"score":75.75015044947278,"best":84.33170540603072,"gradient_rms":81.66187021899884,"update_rms":0.003074500007201621,"accepted":true,"wall_s":1.4163241498172283}
{"iteration":92,"score":75.65698938056214,"best":84.33170540603072,"gradient_rms":35.760755759629426,"update_rms":0.0023140138000720175,"accepted":true,"wall_s":1.4183069504797459}
{"iteration":93,"score":75.53634474978774,"best":84.33170540603072,"gradient_rms":51.33877666309711,"update_rms":0.0019804241630271367,"accepted":true,"wall_s":1.2544180117547512}
{"iteration":94,"score":75.71519703264835,"best":84.33170540603072,"gradient_rms":127.51168051806057,"update_rms":0.003556627540580704,"accepted":true,"wall_s":1.415648903697729}
{"iteration":95,"score":75.56696653157466,"best":84.33170540603072,"gradient_rms":169.09100689039045,"update_rms":0.004883489196285349,"accepted":true,"wall_s":1.4159477390348911}
{"iteration":96,"score":75.60866392795825,"best":84.33170540603072,"gradient_rms":112.43702010783535,"update_rms":0.004658696209818341,"accepted":true,"wall_s":1.4155975729227066}
{"iteration":97,"score":75.80855450625785,"best":84.33170540603072,"gradient_rms":582.0674041838896,"update_rms":0.011941841068345895,"accepted":true,"wall_s":1.416447065770626}
{"iteration":98,"score":75.96793178074392,"best":84.33170540603072,"gradient_rms":82.01329252197864,"update_rms":0.008729603236567057,"accepted":true,"wall_s":1.3610972613096237}
{"iteration":99,"score":75.96775258940175,"best":84.33170540603072,"gradient_rms":23.45121602657936,"update_rms":0.006138830903390288,"accepted":true,"wall_s":1.4171601198613644}
{"iteration":100,"score":75.98280111572309,"best":84.33170540603072,"gradient_rms":14.383626636236356,"update_rms":0.004322085319946696,"accepted":true,"wall_s":1.254713773727417}
{
  "status": "ok",
  "stop_reason": "completed_iterations",
  "initial_score": 75.13541435453793,
  "final_score": 75.98280111572309,
  "best_score": 84.33170540603072,
  "best_iteration": 58,
  "completed_iterations": 100,
  "completed_adam_steps": 99,
  "completed_optimizer_steps": 99,
  "total_wall_s": 145.50767327100039,
  "initial_decode_wall_s": 1.4958201684057713,
  "initial_score_wall_s": 0.6262144073843956,
  "mean_iteration_wall_s": 1.454214576072991,
  "manifest": {
    "algorithm": "adam_with_query_batched_local_gradient",
    "optimizer": "adam",
    "parameter_space": "data",
    "gradient_objective": "dynamic local full-density score with coordinate and maximum-surface-selection derivatives omitted",
    "formal_objective": "complete native QH score for every accepted center",
    "initial_case": "/home/scc/pb24511935/local_surface_evaluator/runs/summary1_review2_20260824/flow_pairs/cases/case_22.json",
    "initial_case_sha256": "6b4b5777e64136402ebca36b027e70f4f32ac4c4e537fcca42444b39ccfbfc09",
    "checkpoint": "/home/scc/pb24511935/local_surface_evaluator/runs/qh_flow_physical_lr_longselect_20260729/lr_3em4/checkpoint_latest.pt",
    "checkpoint_sha256": "39a3293a459e248a0d1ec062607a1a467128b14d8ca973aadd82e113532ab99f",
    "native_lib": "/home/scc/pb24511935/local_surface_evaluator/runs/summary1_review2_20260824/build_native/libstellarator_gpu.so",
    "native_lib_sha256": "7d3784e02172f5c3130bcf085efa8120dc059d5007daa4b18680edd97b077f94",
    "nfp": 7,
    "n_base_coils": 1,
    "iterations": 100,
    "max_wall_s": 4200.0,
    "flow": {
      "method": "rk4",
      "steps": 128,
      "dtype": "fp32",
      "use": "initial latent-to-coil decode only"
    },
    "flow_pipeline": false,
    "coordinate_gradient": {
      "dimension": 100,
      "mode": "random-orthogonal",
      "random_directions": 2,
      "endpoint_count": 4,
      "perturbation": 0.0025,
      "difference": "centered",
      "psi_grid": 48,
      "psi_iterations": 4,
      "alpha_iterations": 4,
      "formal_surface_theta_count": 128,
      "local_surface_theta_count": 64
    },
    "adam": {
      "learning_rate": 0.01,
      "beta1": 0.7,
      "beta2": 0.999,
      "epsilon": 1e-08,
      "weight_decay": 0.0
    },
    "bfgs": {
      "initial_trust_rms": 0.01,
      "min_trust_rms": 1e-05,
      "max_trust_rms": 0.05,
      "trust_growth": 1.2,
      "trust_shrink": 0.5,
      "min_improvement": 0.0
    },
    "seed": 2026082522,
    "axis_policy": "initial global search, then strict mixed-precision continuation",
    "devices": {
      "flow": 0,
      "score": 0
    },
    "initial_metadata_keys": [
      "flow_prior_screening",
      "nfp",
      "raw"
    ],
    "data_parameterization": {
      "definition": "per-coordinate training-set standardization",
      "physical_mapping": "CoilNormalizer.inverse with canonical current L1/sign",
      "initial_clipped_fraction": 0.0,
      "initial_roundtrip_relative_rms": 0.0,
      "flow_calls_after_initialization": 0
    }
  }
}
{"iteration":1,"score":67.28802592614971,"best":67.28802592614971,"gradient_rms":113.094477156567,"update_rms":0.009999999981739413,"accepted":true,"wall_s":5.3612542897462845}
{"iteration":2,"score":67.6985419034948,"best":67.6985419034948,"gradient_rms":16.881122972836046,"update_rms":0.00626905672866535,"accepted":true,"wall_s":4.263150557875633}
{"iteration":3,"score":68.07444795854232,"best":68.07444795854232,"gradient_rms":43.53004967872632,"update_rms":0.005084810347657848,"accepted":true,"wall_s":4.24900758266449}
{"iteration":4,"score":68.55849196292347,"best":68.55849196292347,"gradient_rms":54.06503384276394,"update_rms":0.004881752943035704,"accepted":true,"wall_s":4.237433735281229}
{"iteration":5,"score":69.036368804313,"best":69.036368804313,"gradient_rms":81.82795475541582,"update_rms":0.005405958482505906,"accepted":true,"wall_s":4.234586447477341}
{"iteration":6,"score":69.3684777776912,"best":69.3684777776912,"gradient_rms":13.42872651843533,"update_rms":0.003958054802132939,"accepted":true,"wall_s":4.289340648800135}
{"iteration":7,"score":69.65494881403035,"best":69.65494881403035,"gradient_rms":45.977461487877264,"update_rms":0.003943189627413404,"accepted":true,"wall_s":4.229258440434933}
{"iteration":8,"score":69.87108317612137,"best":69.87108317612137,"gradient_rms":12.152639821810595,"update_rms":0.0029280428552031527,"accepted":true,"wall_s":4.227673903107643}
{"iteration":9,"score":70.16979006577095,"best":70.16979006577095,"gradient_rms":24.482221784792667,"update_rms":0.002723271703361216,"accepted":true,"wall_s":4.222103156149387}
{"iteration":10,"score":70.37736221929781,"best":70.37736221929781,"gradient_rms":4.4011196458041155,"update_rms":0.0020188862249812855,"accepted":true,"wall_s":4.223032403737307}
{"iteration":11,"score":70.46371738031517,"best":70.46371738031517,"gradient_rms":14.984573317739402,"update_rms":0.00190383648826923,"accepted":true,"wall_s":3.8487254679203033}
{"iteration":12,"score":70.58938703954242,"best":70.58938703954242,"gradient_rms":2.2521033166664157,"update_rms":0.0014156718017062637,"accepted":true,"wall_s":3.837377678602934}
{"iteration":13,"score":70.6333742333562,"best":70.6333742333562,"gradient_rms":16.10761688224259,"update_rms":0.0017190918067657376,"accepted":true,"wall_s":3.846966851502657}
{"iteration":14,"score":70.71037242436071,"best":70.71037242436071,"gradient_rms":16.59229497180441,"update_rms":0.001711752300442548,"accepted":true,"wall_s":3.840663604438305}
{"iteration":15,"score":70.75367942883928,"best":70.75367942883928,"gradient_rms":31.577147458303223,"update_rms":0.0027494927194236605,"accepted":true,"wall_s":3.8494526855647564}
{"iteration":16,"score":70.88691967637796,"best":70.88691967637796,"gradient_rms":12.3956767576627,"update_rms":0.0023072907931770506,"accepted":true,"wall_s":3.8391010984778404}
{"iteration":17,"score":70.93682559733986,"best":70.93682559733986,"gradient_rms":19.387971273331864,"update_rms":0.0024814792662736385,"accepted":true,"wall_s":3.8520946502685547}
{"iteration":18,"score":71.08701767224309,"best":71.08701767224309,"gradient_rms":31.48526178616836,"update_rms":0.0031338104114815024,"accepted":true,"wall_s":3.841225117444992}
{"iteration":19,"score":71.25376428438216,"best":71.25376428438216,"gradient_rms":16.74691288328404,"update_rms":0.0026524158836097856,"accepted":true,"wall_s":3.8520292043685913}
{"iteration":20,"score":71.54312601158816,"best":71.54312601158816,"gradient_rms":21.821498879392536,"update_rms":0.0027805264705694633,"accepted":true,"wall_s":4.225360538810492}
{"iteration":21,"score":71.76501812075944,"best":71.76501812075944,"gradient_rms":11.028371825595702,"update_rms":0.002272310889459427,"accepted":true,"wall_s":4.234026048332453}
{"iteration":22,"score":71.92926262747773,"best":71.92926262747773,"gradient_rms":4.894681128024224,"update_rms":0.0016894877373994151,"accepted":true,"wall_s":4.240369558334351}
{"iteration":23,"score":72.12338420387154,"best":72.12338420387154,"gradient_rms":27.97451127126857,"update_rms":0.002754180037509875,"accepted":true,"wall_s":4.243204418569803}
{"iteration":24,"score":72.07671017112855,"best":72.12338420387154,"gradient_rms":1.8188095667205848,"update_rms":0.0019778741321509314,"accepted":true,"wall_s":3.862512707710266}
{"iteration":25,"score":72.41863128924142,"best":72.41863128924142,"gradient_rms":22.46444979366383,"update_rms":0.0025803662063340125,"accepted":true,"wall_s":4.248390588909388}
{"iteration":26,"score":72.60817560698773,"best":72.60817560698773,"gradient_rms":25.267364898774893,"update_rms":0.003062367379550233,"accepted":true,"wall_s":4.241351172327995}
{"iteration":27,"score":72.7735298279871,"best":72.7735298279871,"gradient_rms":13.901213231178403,"update_rms":0.002456274763648596,"accepted":true,"wall_s":4.240220494568348}
{"iteration":28,"score":72.86977069734999,"best":72.86977069734999,"gradient_rms":12.166527490893952,"update_rms":0.0021572483054349803,"accepted":true,"wall_s":4.240082792937756}
{"iteration":29,"score":72.9253699942671,"best":72.9253699942671,"gradient_rms":9.742339994570496,"update_rms":0.0019114674163880827,"accepted":true,"wall_s":4.245158072561026}
{"iteration":30,"score":72.98187452974086,"best":72.98187452974086,"gradient_rms":0.27055866377342164,"update_rms":0.0013601470355351316,"accepted":true,"wall_s":4.243774797767401}
{"iteration":31,"score":73.0136704230005,"best":73.0136704230005,"gradient_rms":5.588163291687753,"update_rms":0.0011555849984932756,"accepted":true,"wall_s":4.2473574467003345}
{"iteration":32,"score":73.07470895280689,"best":73.07470895280689,"gradient_rms":14.909934780179723,"update_rms":0.0017891418234373007,"accepted":true,"wall_s":4.243458200246096}
{"iteration":33,"score":72.96353877152403,"best":73.07470895280689,"gradient_rms":5.220081562733274,"update_rms":0.0013689857321737447,"accepted":true,"wall_s":3.8584454879164696}
{"iteration":34,"score":73.13963655781151,"best":73.13963655781151,"gradient_rms":3.3168272694023058,"update_rms":0.0010204540951039278,"accepted":true,"wall_s":3.8386748395860195}
{"iteration":35,"score":73.17575600678634,"best":73.17575600678634,"gradient_rms":27.272809840224305,"update_rms":0.0030383553261899942,"accepted":true,"wall_s":4.232286226004362}
{"iteration":36,"score":73.21763087553911,"best":73.21763087553911,"gradient_rms":10.317979258689206,"update_rms":0.002440037418786381,"accepted":true,"wall_s":4.246831737458706}
{"iteration":37,"score":73.15230309529478,"best":73.21763087553911,"gradient_rms":8.050446999163757,"update_rms":0.0019983242062169794,"accepted":true,"wall_s":3.854203414171934}
{"iteration":38,"score":73.28517450727233,"best":73.28517450727233,"gradient_rms":10.63416419622701,"update_rms":0.0018844309083605863,"accepted":true,"wall_s":3.8617350682616234}
{"iteration":39,"score":73.23123338000724,"best":73.28517450727233,"gradient_rms":12.21511398750399,"update_rms":0.0019336927534712035,"accepted":true,"wall_s":3.699722394347191}
{"iteration":40,"score":73.28056656672632,"best":73.28517450727233,"gradient_rms":1.1296618607018099,"update_rms":0.001373568590114451,"accepted":true,"wall_s":3.851467188447714}
{"iteration":41,"score":73.42359654434878,"best":73.42359654434878,"gradient_rms":19.6544503354703,"update_rms":0.002496967932934641,"accepted":true,"wall_s":4.23248740285635}
{"iteration":42,"score":73.46939244477448,"best":73.46939244477448,"gradient_rms":23.578448032801628,"update_rms":0.003288491984142125,"accepted":true,"wall_s":4.24359005689621}
{"iteration":43,"score":73.48510127033279,"best":73.48510127033279,"gradient_rms":6.263393535445587,"update_rms":0.002493881367414285,"accepted":true,"wall_s":4.243464075028896}
{"iteration":44,"score":73.5276093965268,"best":73.5276093965268,"gradient_rms":10.912472739666125,"update_rms":0.002163017328296364,"accepted":true,"wall_s":4.239240325987339}
{"iteration":45,"score":73.48548164614425,"best":73.5276093965268,"gradient_rms":16.650589517783825,"update_rms":0.002600782220600263,"accepted":true,"wall_s":3.8621682412922382}
{"iteration":46,"score":73.62963083385351,"best":73.62963083385351,"gradient_rms":11.430745089822095,"update_rms":0.002355661869105339,"accepted":true,"wall_s":3.85978439822793}
{"iteration":47,"score":73.69281575967095,"best":73.69281575967095,"gradient_rms":12.866463565531063,"update_rms":0.002229070751083782,"accepted":true,"wall_s":3.701053824275732}
{"iteration":48,"score":73.88569347121168,"best":73.88569347121168,"gradient_rms":10.878797718786053,"update_rms":0.001994033697305732,"accepted":true,"wall_s":4.244381535798311}
{"iteration":49,"score":73.8738115761868,"best":73.88569347121168,"gradient_rms":0.9969567198048896,"update_rms":0.0014054870866978498,"accepted":true,"wall_s":3.8585281632840633}
{"iteration":50,"score":74.1130743140078,"best":74.1130743140078,"gradient_rms":14.062928655433685,"update_rms":0.0020062842564518434,"accepted":true,"wall_s":4.241893395781517}
{"iteration":51,"score":74.04829035209225,"best":74.1130743140078,"gradient_rms":6.395481542849755,"update_rms":0.0016039294644509662,"accepted":true,"wall_s":3.8627675361931324}
{"iteration":52,"score":74.33683001227318,"best":74.33683001227318,"gradient_rms":26.713903169854824,"update_rms":0.0035326342052463557,"accepted":true,"wall_s":4.240925241261721}
{"iteration":53,"score":74.40814790555312,"best":74.40814790555312,"gradient_rms":8.126784074633557,"update_rms":0.0026774273194782295,"accepted":true,"wall_s":4.24189293757081}
{"iteration":54,"score":74.46164131338506,"best":74.46164131338506,"gradient_rms":6.998403730479873,"update_rms":0.0021535626464929255,"accepted":true,"wall_s":4.2522310949862}
{"iteration":55,"score":74.5010967660646,"best":74.5010967660646,"gradient_rms":0.48949457725679774,"update_rms":0.0015295040596837335,"accepted":true,"wall_s":4.223170772194862}
{"iteration":56,"score":74.55461584525752,"best":74.55461584525752,"gradient_rms":7.285288620444643,"update_rms":0.0014262890094943958,"accepted":true,"wall_s":4.2497483640909195}
{"iteration":57,"score":74.56326231054764,"best":74.56326231054764,"gradient_rms":4.287764520152993,"update_rms":0.0011455333672944136,"accepted":true,"wall_s":4.226236052811146}
{"iteration":58,"score":74.46564149804965,"best":74.56326231054764,"gradient_rms":11.051762946372891,"update_rms":0.0016663414228201127,"accepted":true,"wall_s":3.837691340595484}
{"iteration":59,"score":74.51350074373065,"best":74.56326231054764,"gradient_rms":1.881004285248847,"update_rms":0.0011904734418280894,"accepted":true,"wall_s":3.838883511722088}
{"iteration":60,"score":74.53731994004744,"best":74.56326231054764,"gradient_rms":14.48259946153855,"update_rms":0.0021121819232240847,"accepted":true,"wall_s":3.8949601091444492}
{"iteration":61,"score":74.57991970978566,"best":74.57991970978566,"gradient_rms":14.283246193578387,"update_rms":0.0024453469964435563,"accepted":true,"wall_s":4.231055323034525}
{"iteration":62,"score":74.6003256983709,"best":74.6003256983709,"gradient_rms":13.92751720250707,"update_rms":0.0025909358079312587,"accepted":true,"wall_s":4.227120831608772}
{"iteration":63,"score":74.621792679764,"best":74.621792679764,"gradient_rms":14.081867665221703,"update_rms":0.0026438247539184436,"accepted":true,"wall_s":4.225410122424364}
{"iteration":64,"score":74.61359986798357,"best":74.621792679764,"gradient_rms":11.203427907067196,"update_rms":0.002428825962289936,"accepted":true,"wall_s":4.237269438803196}
{"iteration":65,"score":74.69161939874053,"best":74.69161939874053,"gradient_rms":11.871261590935344,"update_rms":0.002277582871650288,"accepted":true,"wall_s":4.227464776486158}
{"iteration":66,"score":74.77818321759555,"best":74.77818321759555,"gradient_rms":8.611616399071893,"update_rms":0.0020084352290109424,"accepted":true,"wall_s":4.227147132158279}
{"iteration":67,"score":74.81076622109163,"best":74.81076622109163,"gradient_rms":8.07247214619048,"update_rms":0.0017580653482486542,"accepted":true,"wall_s":4.2214041873812675}
{"iteration":68,"score":74.86319777422491,"best":74.86319777422491,"gradient_rms":4.5170157538046,"update_rms":0.0014528779467043792,"accepted":true,"wall_s":4.2543380707502365}
{"iteration":69,"score":74.8931006439604,"best":74.8931006439604,"gradient_rms":10.416198248207566,"update_rms":0.0018219890401191944,"accepted":true,"wall_s":3.8476073294878006}
{"iteration":70,"score":75.03971195142245,"best":75.03971195142245,"gradient_rms":10.267140556631814,"update_rms":0.0019681473393394133,"accepted":true,"wall_s":3.6816703006625175}
{"iteration":71,"score":75.13291394587222,"best":75.13291394587222,"gradient_rms":21.428893548399547,"update_rms":0.0033250708139966638,"accepted":true,"wall_s":4.2286314852535725}
{"iteration":72,"score":75.21180049190386,"best":75.21180049190386,"gradient_rms":14.075949166038663,"update_rms":0.0029543235579965314,"accepted":true,"wall_s":4.070705868303776}
{"iteration":73,"score":75.25166676947516,"best":75.25166676947516,"gradient_rms":4.561607109065511,"update_rms":0.002191470643077268,"accepted":true,"wall_s":4.069981869310141}
{"iteration":74,"score":75.22828462157746,"best":75.25166676947516,"gradient_rms":4.64724869982608,"update_rms":0.0016886102606552798,"accepted":true,"wall_s":3.8381981141865253}
{"iteration":75,"score":75.29275275894224,"best":75.29275275894224,"gradient_rms":2.0975287032290866,"update_rms":0.001226887674362336,"accepted":true,"wall_s":3.8457124270498753}
{"iteration":76,"score":75.35565967711611,"best":75.35565967711611,"gradient_rms":4.173772304220361,"update_rms":0.0010578268480084436,"accepted":true,"wall_s":3.920566637068987}
{"iteration":77,"score":75.46140894837448,"best":75.46140894837448,"gradient_rms":16.179701080001955,"update_rms":0.002383099094851138,"accepted":true,"wall_s":3.6894841976463795}
{"iteration":78,"score":75.5491125124928,"best":75.5491125124928,"gradient_rms":21.102492488920593,"update_rms":0.00333191795955154,"accepted":true,"wall_s":4.229691047221422}
{"iteration":79,"score":75.5605035655468,"best":75.5605035655468,"gradient_rms":24.085538447752118,"update_rms":0.0040978977076787685,"accepted":true,"wall_s":4.067768592387438}
{"iteration":80,"score":75.39672965097152,"best":75.5605035655468,"gradient_rms":14.390222074938615,"update_rms":0.0035379083494301725,"accepted":true,"wall_s":3.842502236366272}
{"iteration":81,"score":75.54816590598297,"best":75.5605035655468,"gradient_rms":18.2832612917595,"update_rms":0.0036436856020052163,"accepted":true,"wall_s":4.220377746969461}
{"iteration":82,"score":75.52640850653381,"best":75.5605035655468,"gradient_rms":7.280943102482168,"update_rms":0.0027595155916780587,"accepted":true,"wall_s":4.219214458018541}
{"iteration":83,"score":75.50867201103654,"best":75.5605035655468,"gradient_rms":9.925511209158984,"update_rms":0.002499245388258669,"accepted":true,"wall_s":4.2198591232299805}
{"iteration":84,"score":75.49942690560992,"best":75.5605035655468,"gradient_rms":25.56796716258271,"update_rms":0.003996063271951963,"accepted":true,"wall_s":3.847405720502138}
{"iteration":85,"score":75.40147689452222,"best":75.5605035655468,"gradient_rms":9.27291095999091,"update_rms":0.0031546154116954997,"accepted":true,"wall_s":3.8410654179751873}
{"iteration":86,"score":75.35101191458806,"best":75.5605035655468,"gradient_rms":4.416672940160475,"update_rms":0.0023251595658170766,"accepted":true,"wall_s":3.858796499669552}
{"iteration":87,"score":75.30993179339403,"best":75.5605035655468,"gradient_rms":5.0114720577580885,"update_rms":0.001848088982166844,"accepted":true,"wall_s":3.684785071760416}
{"iteration":88,"score":75.42082502045544,"best":75.5605035655468,"gradient_rms":9.859131307284345,"update_rms":0.0020195313028241874,"accepted":true,"wall_s":3.8433057740330696}
{"iteration":89,"score":75.37774665720752,"best":75.5605035655468,"gradient_rms":12.977336510333965,"update_rms":0.002519395498286348,"accepted":true,"wall_s":3.8420519791543484}
{"iteration":90,"score":75.44254913435441,"best":75.5605035655468,"gradient_rms":19.114796915173287,"update_rms":0.003360718853182875,"accepted":true,"wall_s":4.218430250883102}
{"iteration":91,"score":75.50796312825054,"best":75.5605035655468,"gradient_rms":26.89070282976898,"update_rms":0.004413275250543777,"accepted":true,"wall_s":4.267492581158876}
{"iteration":92,"score":75.56389805077511,"best":75.56389805077511,"gradient_rms":29.581621031342426,"update_rms":0.005232143933605969,"accepted":true,"wall_s":4.168819449841976}
{"iteration":93,"score":75.68925926951582,"best":75.68925926951582,"gradient_rms":43.10421069116567,"update_rms":0.006904728926643171,"accepted":true,"wall_s":4.233840063214302}
{"iteration":94,"score":75.69915974068999,"best":75.69915974068999,"gradient_rms":6.0626846500133675,"update_rms":0.005027715907960397,"accepted":true,"wall_s":4.2578627578914165}
{"iteration":95,"score":75.72674288943301,"best":75.72674288943301,"gradient_rms":12.442002570369732,"update_rms":0.004106302301599676,"accepted":true,"wall_s":4.229440499097109}
{"iteration":96,"score":75.73309787721529,"best":75.73309787721529,"gradient_rms":18.01547459411279,"update_rms":0.0038259570616777775,"accepted":true,"wall_s":4.232140671461821}
{"iteration":97,"score":75.75434930138402,"best":75.75434930138402,"gradient_rms":4.244070619337974,"update_rms":0.0027150711019818994,"accepted":true,"wall_s":4.227463234215975}
{"iteration":98,"score":75.74979655442388,"best":75.75434930138402,"gradient_rms":24.384892693408258,"update_rms":0.003984989546267462,"accepted":true,"wall_s":4.22983031347394}
{"iteration":99,"score":75.62564303273925,"best":75.75434930138402,"gradient_rms":25.894534351511812,"update_rms":0.004736355908230105,"accepted":true,"wall_s":4.228224236518145}
{"iteration":100,"score":75.55618865683107,"best":75.75434930138402,"gradient_rms":3.618547326619085,"update_rms":0.0034035009672827997,"accepted":true,"wall_s":4.232074897736311}
{
  "status": "ok",
  "stop_reason": "completed_iterations",
  "initial_score": 66.03180179930854,
  "final_score": 75.55618865683107,
  "best_score": 75.75434930138402,
  "best_iteration": 97,
  "completed_iterations": 100,
  "completed_adam_steps": 100,
  "completed_optimizer_steps": 100,
  "total_wall_s": 409.3082497641444,
  "initial_decode_wall_s": 1.516040563583374,
  "initial_score_wall_s": 1.184255801141262,
  "mean_iteration_wall_s": 4.092244198322296,
  "manifest": {
    "algorithm": "adam_with_query_batched_local_gradient",
    "optimizer": "adam",
    "parameter_space": "latent",
    "gradient_objective": "dynamic local full-density score with coordinate and maximum-surface-selection derivatives omitted",
    "formal_objective": "complete native QH score for every accepted center",
    "initial_case": "/home/scc/pb24511935/local_surface_evaluator/runs/summary1_review2_20260824/flow_pairs/cases/case_26.json",
    "initial_case_sha256": "ce41df447d824d89d28748aaff3a1aff3df56c56b3636edeebf543da9bf18959",
    "checkpoint": "/home/scc/pb24511935/local_surface_evaluator/runs/qh_flow_physical_lr_longselect_20260729/lr_3em4/checkpoint_latest.pt",
    "checkpoint_sha256": "39a3293a459e248a0d1ec062607a1a467128b14d8ca973aadd82e113532ab99f",
    "native_lib": "/home/scc/pb24511935/local_surface_evaluator/runs/summary1_review2_20260824/build_native/libstellarator_gpu.so",
    "native_lib_sha256": "7d3784e02172f5c3130bcf085efa8120dc059d5007daa4b18680edd97b077f94",
    "nfp": 8,
    "n_base_coils": 3,
    "iterations": 100,
    "max_wall_s": 4200.0,
    "flow": {
      "method": "rk4",
      "steps": 128,
      "dtype": "fp32",
      "use": "every gradient endpoint and accepted center"
    },
    "flow_pipeline": true,
    "coordinate_gradient": {
      "dimension": 300,
      "mode": "random-orthogonal",
      "random_directions": 2,
      "endpoint_count": 4,
      "perturbation": 0.005,
      "difference": "centered",
      "psi_grid": 48,
      "psi_iterations": 4,
      "alpha_iterations": 4,
      "formal_surface_theta_count": 128,
      "local_surface_theta_count": 64
    },
    "adam": {
      "learning_rate": 0.01,
      "beta1": 0.7,
      "beta2": 0.999,
      "epsilon": 1e-08,
      "weight_decay": 0.0
    },
    "bfgs": {
      "initial_trust_rms": 0.01,
      "min_trust_rms": 1e-05,
      "max_trust_rms": 0.05,
      "trust_growth": 1.2,
      "trust_shrink": 0.5,
      "min_improvement": 0.0
    },
    "seed": 2026082526,
    "axis_policy": "initial global search, then strict mixed-precision continuation",
    "devices": {
      "flow": 0,
      "score": 0
    },
    "initial_metadata_keys": [
      "flow_prior_screening",
      "nfp",
      "raw"
    ]
  }
}
{"iteration":1,"score":67.53486666680602,"best":67.53486666680602,"gradient_rms":101.6555108614612,"update_rms":0.009999999992844738,"accepted":true,"wall_s":3.1723065860569477}
{"iteration":2,"score":68.28896202325697,"best":68.28896202325697,"gradient_rms":10.807659145398665,"update_rms":0.006163170762771649,"accepted":true,"wall_s":3.1666006930172443}
{"iteration":3,"score":68.97548047801499,"best":68.97548047801499,"gradient_rms":25.42806595366933,"update_rms":0.004967253373261284,"accepted":true,"wall_s":3.1549579985439777}
{"iteration":4,"score":69.4321836790812,"best":69.4321836790812,"gradient_rms":24.158281048971197,"update_rms":0.0043340864781346985,"accepted":true,"wall_s":3.151784434914589}
{"iteration":5,"score":69.79319043704749,"best":69.79319043704749,"gradient_rms":14.067706444774217,"update_rms":0.003429564661938445,"accepted":true,"wall_s":3.155300237238407}
{"iteration":6,"score":70.66847291913471,"best":70.66847291913471,"gradient_rms":75.48780700854053,"update_rms":0.00528647008823209,"accepted":true,"wall_s":3.166470542550087}
{"iteration":7,"score":71.39382644362286,"best":71.39382644362286,"gradient_rms":41.17878908566482,"update_rms":0.004848082925469814,"accepted":true,"wall_s":3.1548968367278576}
{"iteration":8,"score":71.89331404868756,"best":71.89331404868756,"gradient_rms":32.314447025739604,"update_rms":0.00427653623343854,"accepted":true,"wall_s":3.157079119235277}
{"iteration":9,"score":72.10453542688369,"best":72.10453542688369,"gradient_rms":11.263491328793242,"update_rms":0.0033462320478806784,"accepted":true,"wall_s":3.1540903970599174}
{"iteration":10,"score":72.26755343387123,"best":72.26755343387123,"gradient_rms":15.397111360184951,"update_rms":0.002861749010827204,"accepted":true,"wall_s":3.156818848103285}
{"iteration":11,"score":72.44930326161321,"best":72.44930326161321,"gradient_rms":39.98667985149566,"update_rms":0.0035970478627542694,"accepted":true,"wall_s":3.1413448341190815}
{"iteration":12,"score":72.62284349966723,"best":72.62284349966723,"gradient_rms":73.62940029387995,"update_rms":0.005214859785020102,"accepted":true,"wall_s":3.1389047726988792}
{"iteration":13,"score":72.49742091119455,"best":72.62284349966723,"gradient_rms":11.568464304379615,"update_rms":0.003835065574176665,"accepted":true,"wall_s":3.142831537872553}
{"iteration":14,"score":72.58208130938613,"best":72.62284349966723,"gradient_rms":35.8883007578805,"update_rms":0.003776478820190193,"accepted":true,"wall_s":3.163423828780651}
{"iteration":15,"score":72.62527226207258,"best":72.62527226207258,"gradient_rms":16.111901777136566,"update_rms":0.0032207439381330195,"accepted":true,"wall_s":3.163443971425295}
{"iteration":16,"score":72.62887876492212,"best":72.62887876492212,"gradient_rms":6.407400869062625,"update_rms":0.002407445448270181,"accepted":true,"wall_s":3.1607274748384953}
{"iteration":17,"score":72.64301900250555,"best":72.64301900250555,"gradient_rms":10.974835443804876,"update_rms":0.00190206055400053,"accepted":true,"wall_s":2.773338995873928}
{"iteration":18,"score":72.5183186996758,"best":72.64301900250555,"gradient_rms":8.022391931633896,"update_rms":0.0014980528318602189,"accepted":true,"wall_s":2.7697653882205486}
{"iteration":19,"score":72.92350327907404,"best":72.92350327907404,"gradient_rms":31.791227068998086,"update_rms":0.002809806002530101,"accepted":true,"wall_s":2.7746023423969746}
{"iteration":20,"score":73.2611239762904,"best":73.2611239762904,"gradient_rms":39.62329373674528,"update_rms":0.003832720461131823,"accepted":true,"wall_s":3.164783477783203}
{"iteration":21,"score":73.40499369681164,"best":73.40499369681164,"gradient_rms":24.498901080232734,"update_rms":0.0033238493373503007,"accepted":true,"wall_s":3.1621266044676304}
{"iteration":22,"score":73.55469702126037,"best":73.55469702126037,"gradient_rms":60.70614484737485,"update_rms":0.005076426331208304,"accepted":true,"wall_s":3.1556663885712624}
{"iteration":23,"score":73.72151856687384,"best":73.72151856687384,"gradient_rms":4.32709833207356,"update_rms":0.003629555045140509,"accepted":true,"wall_s":3.0810950994491577}
{"iteration":24,"score":73.87412220919957,"best":73.87412220919957,"gradient_rms":29.70297766083932,"update_rms":0.003579347962171605,"accepted":true,"wall_s":3.0076956935226917}
{"iteration":25,"score":73.85991889581419,"best":73.87412220919957,"gradient_rms":18.426040389802484,"update_rms":0.0029552906879237563,"accepted":true,"wall_s":2.850134216248989}
{"iteration":26,"score":73.87487060475922,"best":73.87487060475922,"gradient_rms":37.092720788246424,"update_rms":0.0036958045524182878,"accepted":true,"wall_s":3.009022857993841}
{"iteration":27,"score":73.85533915920269,"best":73.87487060475922,"gradient_rms":19.602542004371543,"update_rms":0.003019134203655486,"accepted":true,"wall_s":3.069085955619812}
{"iteration":28,"score":73.97659010445133,"best":73.97659010445133,"gradient_rms":21.913924447220367,"update_rms":0.0028864482060945275,"accepted":true,"wall_s":3.140548672527075}
{"iteration":29,"score":74.01974649892817,"best":74.01974649892817,"gradient_rms":1.678764799512753,"update_rms":0.0020445289389959104,"accepted":true,"wall_s":3.134459514170885}
{"iteration":30,"score":74.28352824895904,"best":74.28352824895904,"gradient_rms":28.564726915652162,"update_rms":0.0029016335224533855,"accepted":true,"wall_s":3.1400683484971523}
{"iteration":31,"score":74.34907991889729,"best":74.34907991889729,"gradient_rms":12.142059373922985,"update_rms":0.002344876825862198,"accepted":true,"wall_s":2.6926932856440544}
{"iteration":32,"score":74.66372694802084,"best":74.66372694802084,"gradient_rms":16.146024682213405,"update_rms":0.0022883681285276822,"accepted":true,"wall_s":2.622902948409319}
{"iteration":33,"score":74.84577818788676,"best":74.84577818788676,"gradient_rms":8.597627922448648,"update_rms":0.0017891597134744959,"accepted":true,"wall_s":3.006534770131111}
{"iteration":34,"score":75.0080002426407,"best":75.0080002426407,"gradient_rms":12.560476483844974,"update_rms":0.0017795501529175957,"accepted":true,"wall_s":3.0096831060945988}
{"iteration":35,"score":75.13760416047306,"best":75.13760416047306,"gradient_rms":9.221449552720172,"update_rms":0.0015266533138360322,"accepted":true,"wall_s":2.6222846023738384}
{"iteration":36,"score":75.1557214599775,"best":75.1557214599775,"gradient_rms":29.75175210190785,"update_rms":0.0030226306759232836,"accepted":true,"wall_s":3.0056104250252247}
{"iteration":37,"score":75.07465584641402,"best":75.1557214599775,"gradient_rms":15.360949673716252,"update_rms":0.0024366114865719034,"accepted":true,"wall_s":3.004972245544195}
{"iteration":38,"score":74.99705093799341,"best":75.1557214599775,"gradient_rms":23.47505321116118,"update_rms":0.0029361507695279477,"accepted":true,"wall_s":3.07501458004117}
{"iteration":39,"score":74.85025956258136,"best":75.1557214599775,"gradient_rms":11.023793274204428,"update_rms":0.002356416084592116,"accepted":true,"wall_s":3.1362092047929764}
{"iteration":40,"score":74.66971854412006,"best":75.1557214599775,"gradient_rms":5.97871683390099,"update_rms":0.001729421206197542,"accepted":true,"wall_s":2.9783974699676037}
{"iteration":41,"score":74.8369738822612,"best":75.1557214599775,"gradient_rms":18.544801014239034,"update_rms":0.0021428034347837806,"accepted":true,"wall_s":3.135455172508955}
{"iteration":42,"score":74.88174699366117,"best":75.1557214599775,"gradient_rms":11.614272818163913,"update_rms":0.001916439934220483,"accepted":true,"wall_s":3.1407362930476665}
{"iteration":43,"score":74.91546703002363,"best":75.1557214599775,"gradient_rms":16.520418725769666,"update_rms":0.0021718198383747136,"accepted":true,"wall_s":2.750025190412998}
{"iteration":44,"score":74.99266399489596,"best":75.1557214599775,"gradient_rms":9.125567566706499,"update_rms":0.0017630984975281856,"accepted":true,"wall_s":3.132661510258913}
{"iteration":45,"score":74.87885463002469,"best":75.1557214599775,"gradient_rms":18.153235255094025,"update_rms":0.002361182161688352,"accepted":true,"wall_s":2.7626575008034706}
{"iteration":46,"score":75.0347015040839,"best":75.1557214599775,"gradient_rms":13.18130016840448,"update_rms":0.0021937178185384115,"accepted":true,"wall_s":3.26606360450387}
{"iteration":47,"score":75.19466860746279,"best":75.19466860746279,"gradient_rms":42.45151514355444,"update_rms":0.004372928764247005,"accepted":true,"wall_s":3.077605679631233}
{"iteration":48,"score":75.17579230317125,"best":75.19466860746279,"gradient_rms":27.621985690985323,"update_rms":0.004141973488909439,"accepted":true,"wall_s":3.1339707858860493}
{"iteration":49,"score":75.0196423108712,"best":75.19466860746279,"gradient_rms":14.947700537966847,"update_rms":0.0032177638982090807,"accepted":true,"wall_s":2.7543949261307716}
{"iteration":50,"score":74.89169403181143,"best":75.19466860746279,"gradient_rms":16.1092815818415,"update_rms":0.0026393488971140568,"accepted":true,"wall_s":2.752233136445284}
{"iteration":51,"score":74.75324231822692,"best":75.19466860746279,"gradient_rms":18.026187328303266,"update_rms":0.002547533552875265,"accepted":true,"wall_s":2.8190242014825344}
{"iteration":52,"score":74.50252780208695,"best":75.19466860746279,"gradient_rms":43.44098772113947,"update_rms":0.004859181471718064,"accepted":true,"wall_s":3.13842798396945}
{"iteration":53,"score":74.7133945929762,"best":75.19466860746279,"gradient_rms":44.079363066924735,"update_rms":0.005412115844154874,"accepted":true,"wall_s":3.1366112753748894}
{"iteration":54,"score":74.81654187653642,"best":75.19466860746279,"gradient_rms":30.922103009209543,"update_rms":0.005075252578003773,"accepted":true,"wall_s":3.1350218690931797}
{"iteration":55,"score":74.79480239136348,"best":75.19466860746279,"gradient_rms":15.724071725475028,"update_rms":0.004046442971092654,"accepted":true,"wall_s":3.137558665126562}
{"iteration":56,"score":74.51363060371419,"best":75.19466860746279,"gradient_rms":64.24070585114022,"update_rms":0.006757264137068482,"accepted":true,"wall_s":3.1977183744311333}
{"iteration":57,"score":74.32273444030544,"best":75.19466860746279,"gradient_rms":18.911782973883806,"update_rms":0.00504788968672077,"accepted":true,"wall_s":3.139439795166254}
{"iteration":58,"score":74.2890024017486,"best":75.19466860746279,"gradient_rms":71.92977701489397,"update_rms":0.007267332073135494,"accepted":true,"wall_s":3.035485442727804}
{"iteration":59,"score":74.20540215937328,"best":75.19466860746279,"gradient_rms":15.638709818287404,"update_rms":0.00539578539855485,"accepted":true,"wall_s":3.0183653384447098}
{"iteration":60,"score":74.09331001206482,"best":75.19466860746279,"gradient_rms":2.3807830165308834,"update_rms":0.00380618313586808,"accepted":true,"wall_s":3.0061725303530693}
{"iteration":61,"score":74.25455258668465,"best":75.19466860746279,"gradient_rms":29.444442906415464,"update_rms":0.0040995627182724885,"accepted":true,"wall_s":3.0088890306651592}
{"iteration":62,"score":74.48822794995145,"best":75.19466860746279,"gradient_rms":39.85549293149102,"update_rms":0.004806213535482839,"accepted":true,"wall_s":3.0081244111061096}
{"iteration":63,"score":74.58482594435105,"best":75.19466860746279,"gradient_rms":26.412343201978313,"update_rms":0.004314593953550248,"accepted":true,"wall_s":3.0068888403475285}
{"iteration":64,"score":74.71117171851205,"best":75.19466860746279,"gradient_rms":17.47130280237817,"update_rms":0.003452402301697208,"accepted":true,"wall_s":3.075413264334202}
{"iteration":65,"score":74.78657140995499,"best":75.19466860746279,"gradient_rms":31.42318012553313,"update_rms":0.0038403252219758872,"accepted":true,"wall_s":3.1358522549271584}
{"iteration":66,"score":74.83999321739425,"best":75.19466860746279,"gradient_rms":27.701639057313777,"update_rms":0.0037228110371763006,"accepted":true,"wall_s":3.1413127221167088}
{"iteration":67,"score":74.40632365158942,"best":75.19466860746279,"gradient_rms":53.70231998262838,"update_rms":0.00574244367683701,"accepted":true,"wall_s":3.133989978581667}
{"iteration":68,"score":73.97652170113842,"best":75.19466860746279,"gradient_rms":8.36853384961554,"update_rms":0.004130459050778413,"accepted":true,"wall_s":3.1359897814691067}
{"iteration":69,"score":74.33873549866809,"best":75.19466860746279,"gradient_rms":52.51180078582064,"update_rms":0.0056415725357686795,"accepted":true,"wall_s":3.1388616859912872}
{"iteration":70,"score":74.54827295954536,"best":75.19466860746279,"gradient_rms":32.94319533622463,"update_rms":0.004972846445609928,"accepted":true,"wall_s":3.1403077617287636}
{"iteration":71,"score":74.44570611811247,"best":75.19466860746279,"gradient_rms":13.710512474545158,"update_rms":0.00361074265660354,"accepted":true,"wall_s":3.137730874121189}
{"iteration":72,"score":73.96050385207693,"best":75.19466860746279,"gradient_rms":34.98935661364764,"update_rms":0.004038503876044145,"accepted":true,"wall_s":3.1358686573803425}
{"iteration":73,"score":73.84428769267832,"best":75.19466860746279,"gradient_rms":39.7876210532818,"update_rms":0.004709021846607017,"accepted":true,"wall_s":3.1384009830653667}
{"iteration":74,"score":73.7524192172906,"best":75.19466860746279,"gradient_rms":8.19880438033982,"update_rms":0.0034218722099097114,"accepted":true,"wall_s":3.135062661021948}
{"iteration":75,"score":73.80425826402944,"best":75.19466860746279,"gradient_rms":18.069869119110646,"update_rms":0.003119666665930609,"accepted":true,"wall_s":3.1369297578930855}
{"iteration":76,"score":73.85516100991498,"best":75.19466860746279,"gradient_rms":15.981124147578102,"update_rms":0.0026054978635107477,"accepted":true,"wall_s":3.1352668926119804}
{"iteration":77,"score":73.91615581834407,"best":75.19466860746279,"gradient_rms":12.679994957000556,"update_rms":0.0021400475095641283,"accepted":true,"wall_s":2.751848567277193}
{"iteration":78,"score":74.7386126204928,"best":75.19466860746279,"gradient_rms":55.92534004356641,"update_rms":0.005325253502822024,"accepted":true,"wall_s":3.137784879654646}
{"iteration":79,"score":75.1496881459511,"best":75.19466860746279,"gradient_rms":32.44681590140832,"update_rms":0.004869437259516214,"accepted":true,"wall_s":3.517561450600624}
{"iteration":80,"score":75.66822326897947,"best":75.66822326897947,"gradient_rms":29.272348601104298,"update_rms":0.004457563465658025,"accepted":true,"wall_s":3.6196813695132732}
{"iteration":81,"score":75.7268042878232,"best":75.7268042878232,"gradient_rms":27.07897821244756,"update_rms":0.003960289131393175,"accepted":true,"wall_s":3.1458273753523827}
{"iteration":82,"score":75.73020762746259,"best":75.73020762746259,"gradient_rms":18.566210816643586,"update_rms":0.003372377830482157,"accepted":true,"wall_s":3.141038965433836}
{"iteration":83,"score":75.70172251570162,"best":75.73020762746259,"gradient_rms":7.112751251819748,"update_rms":0.0024869493513498945,"accepted":true,"wall_s":3.1365294568240643}
{"iteration":84,"score":75.48723405163385,"best":75.73020762746259,"gradient_rms":28.441846466190277,"update_rms":0.0032025213900772407,"accepted":true,"wall_s":3.1399683505296707}
{"iteration":85,"score":75.43506846866028,"best":75.73020762746259,"gradient_rms":72.84644727131372,"update_rms":0.006658148794018131,"accepted":true,"wall_s":3.134053025394678}
{"iteration":86,"score":75.4882338604717,"best":75.73020762746259,"gradient_rms":44.156753614036525,"update_rms":0.006119175091387819,"accepted":true,"wall_s":3.1368675641715527}
{"iteration":87,"score":75.38758197667522,"best":75.73020762746259,"gradient_rms":3.759150129883118,"update_rms":0.00432781356123071,"accepted":true,"wall_s":3.1373762413859367}
{"iteration":88,"score":75.40958287447684,"best":75.73020762746259,"gradient_rms":34.72151103450971,"update_rms":0.004388475546208174,"accepted":true,"wall_s":3.1374600008130074}
{"iteration":89,"score":75.34581688327654,"best":75.73020762746259,"gradient_rms":12.152834545738907,"update_rms":0.0032549559527678567,"accepted":true,"wall_s":3.136656019836664}
{"iteration":90,"score":75.19779015154724,"best":75.73020762746259,"gradient_rms":38.38567939677507,"update_rms":0.004210136725200583,"accepted":true,"wall_s":3.1364648826420307}
{"iteration":91,"score":75.40583915827723,"best":75.73020762746259,"gradient_rms":34.43630232333509,"update_rms":0.004264029026415897,"accepted":true,"wall_s":3.1422130912542343}
{"iteration":92,"score":75.62121952879566,"best":75.73020762746259,"gradient_rms":31.159385384484697,"update_rms":0.004136243860363484,"accepted":true,"wall_s":3.1362375766038895}
{"iteration":93,"score":75.9239062313752,"best":75.9239062313752,"gradient_rms":31.979715747843034,"update_rms":0.004141011132550721,"accepted":true,"wall_s":2.9812084063887596}
{"iteration":94,"score":76.09715693916101,"best":76.09715693916101,"gradient_rms":44.34444170696563,"update_rms":0.004714895316414539,"accepted":true,"wall_s":3.1378160640597343}
{"iteration":95,"score":76.33668858949268,"best":76.33668858949268,"gradient_rms":55.0211884187726,"update_rms":0.006053466845393401,"accepted":true,"wall_s":3.143194083124399}
{"iteration":96,"score":76.28702368699325,"best":76.33668858949268,"gradient_rms":11.267498624454625,"update_rms":0.004473426951087443,"accepted":true,"wall_s":3.0707795955240726}
{"iteration":97,"score":76.07714067036463,"best":76.33668858949268,"gradient_rms":11.653993877605938,"update_rms":0.0033303649012096747,"accepted":true,"wall_s":3.0043173618614674}
{"iteration":98,"score":75.83550047673677,"best":76.33668858949268,"gradient_rms":25.646808420570377,"update_rms":0.003382882382652263,"accepted":true,"wall_s":3.0031692683696747}
{"iteration":99,"score":76.4147616978728,"best":76.4147616978728,"gradient_rms":60.5870855624037,"update_rms":0.00592689119739648,"accepted":true,"wall_s":3.0065012015402317}
{"iteration":100,"score":76.90421014730588,"best":76.90421014730588,"gradient_rms":37.01642208941493,"update_rms":0.005419550736201434,"accepted":true,"wall_s":3.056242249906063}
{
  "status": "ok",
  "stop_reason": "completed_iterations",
  "initial_score": 66.03180179930855,
  "final_score": 76.90421014730588,
  "best_score": 76.90421014730588,
  "best_iteration": 100,
  "completed_iterations": 100,
  "completed_adam_steps": 100,
  "completed_optimizer_steps": 100,
  "total_wall_s": 307.5318236909807,
  "initial_decode_wall_s": 1.494509406387806,
  "initial_score_wall_s": 1.187768116593361,
  "mean_iteration_wall_s": 3.0739299418777226,
  "manifest": {
    "algorithm": "adam_with_query_batched_local_gradient",
    "optimizer": "adam",
    "parameter_space": "data",
    "gradient_objective": "dynamic local full-density score with coordinate and maximum-surface-selection derivatives omitted",
    "formal_objective": "complete native QH score for every accepted center",
    "initial_case": "/home/scc/pb24511935/local_surface_evaluator/runs/summary1_review2_20260824/flow_pairs/cases/case_26.json",
    "initial_case_sha256": "ce41df447d824d89d28748aaff3a1aff3df56c56b3636edeebf543da9bf18959",
    "checkpoint": "/home/scc/pb24511935/local_surface_evaluator/runs/qh_flow_physical_lr_longselect_20260729/lr_3em4/checkpoint_latest.pt",
    "checkpoint_sha256": "39a3293a459e248a0d1ec062607a1a467128b14d8ca973aadd82e113532ab99f",
    "native_lib": "/home/scc/pb24511935/local_surface_evaluator/runs/summary1_review2_20260824/build_native/libstellarator_gpu.so",
    "native_lib_sha256": "7d3784e02172f5c3130bcf085efa8120dc059d5007daa4b18680edd97b077f94",
    "nfp": 8,
    "n_base_coils": 3,
    "iterations": 100,
    "max_wall_s": 4200.0,
    "flow": {
      "method": "rk4",
      "steps": 128,
      "dtype": "fp32",
      "use": "initial latent-to-coil decode only"
    },
    "flow_pipeline": false,
    "coordinate_gradient": {
      "dimension": 300,
      "mode": "random-orthogonal",
      "random_directions": 2,
      "endpoint_count": 4,
      "perturbation": 0.0025,
      "difference": "centered",
      "psi_grid": 48,
      "psi_iterations": 4,
      "alpha_iterations": 4,
      "formal_surface_theta_count": 128,
      "local_surface_theta_count": 64
    },
    "adam": {
      "learning_rate": 0.01,
      "beta1": 0.7,
      "beta2": 0.999,
      "epsilon": 1e-08,
      "weight_decay": 0.0
    },
    "bfgs": {
      "initial_trust_rms": 0.01,
      "min_trust_rms": 1e-05,
      "max_trust_rms": 0.05,
      "trust_growth": 1.2,
      "trust_shrink": 0.5,
      "min_improvement": 0.0
    },
    "seed": 2026082526,
    "axis_policy": "initial global search, then strict mixed-precision continuation",
    "devices": {
      "flow": 0,
      "score": 0
    },
    "initial_metadata_keys": [
      "flow_prior_screening",
      "nfp",
      "raw"
    ],
    "data_parameterization": {
      "definition": "per-coordinate training-set standardization",
      "physical_mapping": "CoilNormalizer.inverse with canonical current L1/sign",
      "initial_clipped_fraction": 0.0,
      "initial_roundtrip_relative_rms": 0.0,
      "flow_calls_after_initialization": 0
    }
  }
}
{"iteration":1,"score":74.55847351553975,"best":74.55847351553975,"gradient_rms":8.130685579996474,"update_rms":0.009999999943681732,"accepted":true,"wall_s":4.628780823200941}
{"iteration":2,"score":74.6772083412968,"best":74.6772083412968,"gradient_rms":2.068919395450616,"update_rms":0.00650363353376273,"accepted":true,"wall_s":3.5143365301191807}
{"iteration":3,"score":74.79891030711079,"best":74.79891030711079,"gradient_rms":6.907415094298471,"update_rms":0.0061912914370024,"accepted":true,"wall_s":3.5032985508441925}
{"iteration":4,"score":75.03530278323142,"best":75.03530278323142,"gradient_rms":18.133479682255555,"update_rms":0.006523157714910097,"accepted":true,"wall_s":3.375812854617834}
{"iteration":5,"score":75.13228193357467,"best":75.13228193357467,"gradient_rms":1.7117704537550147,"update_rms":0.004746168911866154,"accepted":true,"wall_s":3.171314399689436}
{"iteration":6,"score":75.3513482764407,"best":75.3513482764407,"gradient_rms":7.220903180617385,"update_rms":0.004415405896716423,"accepted":true,"wall_s":3.410354260355234}
{"iteration":7,"score":75.4891113008334,"best":75.4891113008334,"gradient_rms":4.2793734503902785,"update_rms":0.00367779919234752,"accepted":true,"wall_s":3.4033827111124992}
{"iteration":8,"score":75.63260300387594,"best":75.63260300387594,"gradient_rms":5.672288528947847,"update_rms":0.003710814741055895,"accepted":true,"wall_s":3.3923248052597046}
{"iteration":9,"score":75.77454524596351,"best":75.77454524596351,"gradient_rms":7.836630124723568,"update_rms":0.004217274700372479,"accepted":true,"wall_s":3.3919415920972824}
{"iteration":10,"score":75.94699116218675,"best":75.94699116218675,"gradient_rms":7.260648055967257,"update_rms":0.00416905079028144,"accepted":true,"wall_s":3.3873224146664143}
{"iteration":11,"score":76.1312224806982,"best":76.1312224806982,"gradient_rms":9.150589125176701,"update_rms":0.0045096570987131525,"accepted":true,"wall_s":3.3858275152742863}
{"iteration":12,"score":76.29925868828506,"best":76.29925868828506,"gradient_rms":4.940260000112617,"update_rms":0.00378746450525353,"accepted":true,"wall_s":3.3861225806176662}
{"iteration":13,"score":76.45796838553994,"best":76.45796838553994,"gradient_rms":4.2348721073288225,"update_rms":0.003222301466693799,"accepted":true,"wall_s":3.434893950819969}
{"iteration":14,"score":76.57982634860885,"best":76.57982634860885,"gradient_rms":3.7041022561865113,"update_rms":0.002921079342413116,"accepted":true,"wall_s":3.478601850569248}
{"iteration":15,"score":76.69532106429813,"best":76.69532106429813,"gradient_rms":1.1335348627191666,"update_rms":0.0021517376220115,"accepted":true,"wall_s":3.481370460242033}
{"iteration":16,"score":76.84706515679608,"best":76.84706515679608,"gradient_rms":10.164350016768656,"update_rms":0.004422004682521528,"accepted":true,"wall_s":3.3753765001893044}
{"iteration":17,"score":76.93844849766148,"best":76.93844849766148,"gradient_rms":7.639644960613556,"update_rms":0.004241584375217509,"accepted":true,"wall_s":3.501010037958622}
{"iteration":18,"score":77.00191147768824,"best":77.00191147768824,"gradient_rms":1.8579068968299983,"update_rms":0.0031085327654202352,"accepted":true,"wall_s":3.496321525424719}
{"iteration":19,"score":77.14382930192762,"best":77.14382930192762,"gradient_rms":9.07875671091775,"update_rms":0.004407892976814005,"accepted":true,"wall_s":3.4933083094656467}
{"iteration":20,"score":77.25127098657268,"best":77.25127098657268,"gradient_rms":3.8166495321288694,"update_rms":0.003605832358417546,"accepted":true,"wall_s":3.4889855161309242}
{"iteration":21,"score":77.39376766547186,"best":77.39376766547186,"gradient_rms":8.402151567856565,"update_rms":0.00437331311242315,"accepted":true,"wall_s":3.4997865706682205}
{"iteration":22,"score":77.52036483067384,"best":77.52036483067384,"gradient_rms":4.4181521965036685,"update_rms":0.0037689554030780554,"accepted":true,"wall_s":3.4985112696886063}
{"iteration":23,"score":77.67473029012154,"best":77.67473029012154,"gradient_rms":7.602769082902099,"update_rms":0.004228812688429544,"accepted":true,"wall_s":3.4926175884902477}
{"iteration":24,"score":77.80692540537622,"best":77.80692540537622,"gradient_rms":6.26501575842146,"update_rms":0.0040177263334648435,"accepted":true,"wall_s":3.481555886566639}
{"iteration":25,"score":77.98524173332017,"best":77.98524173332017,"gradient_rms":11.215452740304437,"update_rms":0.005307131389267933,"accepted":true,"wall_s":3.487299632281065}
{"iteration":26,"score":78.12356714612628,"best":78.12356714612628,"gradient_rms":6.045199400816904,"update_rms":0.004553452892228352,"accepted":true,"wall_s":3.488374650478363}
{"iteration":27,"score":78.3591857041084,"best":78.3591857041084,"gradient_rms":10.57955780086111,"update_rms":0.0051549446820516424,"accepted":true,"wall_s":3.488171976059675}
{"iteration":28,"score":78.49739193180001,"best":78.49739193180001,"gradient_rms":5.200958522153288,"update_rms":0.004339612804103201,"accepted":true,"wall_s":3.490176122635603}
{"iteration":29,"score":78.63135741063928,"best":78.63135741063928,"gradient_rms":2.5654180220336356,"update_rms":0.00324050674251207,"accepted":true,"wall_s":3.3809856176376343}
{"iteration":30,"score":78.74992940352848,"best":78.74992940352848,"gradient_rms":3.0063148618936566,"update_rms":0.00267795874040984,"accepted":true,"wall_s":3.4921489655971527}
{"iteration":31,"score":78.86401629880147,"best":78.86401629880147,"gradient_rms":3.169862060233268,"update_rms":0.00231768817664103,"accepted":true,"wall_s":4.94348756596446}
{"iteration":32,"score":79.0142203891823,"best":79.0142203891823,"gradient_rms":9.114026072686446,"update_rms":0.0041690064628931885,"accepted":true,"wall_s":3.4898916855454445}
{"iteration":33,"score":79.16722016921082,"best":79.16722016921082,"gradient_rms":4.130300183912472,"update_rms":0.0034980136198410118,"accepted":true,"wall_s":3.3809267729520798}
{"iteration":34,"score":79.25793567574209,"best":79.25793567574209,"gradient_rms":1.852502379821966,"update_rms":0.0026417038315931186,"accepted":true,"wall_s":3.377916757017374}
{"iteration":35,"score":79.36317108429951,"best":79.36317108429951,"gradient_rms":10.943778122218147,"update_rms":0.004823192358792526,"accepted":true,"wall_s":3.4969312697649}
{"iteration":36,"score":79.4899899299669,"best":79.4899899299669,"gradient_rms":6.366026804082332,"update_rms":0.004457282552309057,"accepted":true,"wall_s":3.486854989081621}
{"iteration":37,"score":79.56566225348843,"best":79.56566225348843,"gradient_rms":2.719032464339897,"update_rms":0.0033863987303436845,"accepted":true,"wall_s":3.5070573277771473}
{"iteration":38,"score":79.70683512737105,"best":79.70683512737105,"gradient_rms":8.429505686711272,"update_rms":0.004330898288941493,"accepted":true,"wall_s":3.4998959340155125}
{"iteration":39,"score":79.8254669858653,"best":79.8254669858653,"gradient_rms":2.9126609866266286,"update_rms":0.0032232311469194068,"accepted":true,"wall_s":3.502846170216799}
{"iteration":40,"score":79.95160544857852,"best":79.95160544857852,"gradient_rms":6.672619779999276,"update_rms":0.003654467635170801,"accepted":true,"wall_s":3.5084316171705723}
{"iteration":41,"score":80.08861884267166,"best":80.08861884267166,"gradient_rms":4.811798859967044,"update_rms":0.0033822010801277964,"accepted":true,"wall_s":3.5091898776590824}
{"iteration":42,"score":80.28305234836414,"best":80.28305234836414,"gradient_rms":10.387380662058368,"update_rms":0.0049282885363006726,"accepted":true,"wall_s":3.586408507078886}
{"iteration":43,"score":80.50984466735248,"best":80.50984466735248,"gradient_rms":12.11645456137236,"update_rms":0.005964356080816388,"accepted":true,"wall_s":3.596183057874441}
{"iteration":44,"score":80.70561077741823,"best":80.70561077741823,"gradient_rms":4.698357862345111,"update_rms":0.004790345907199484,"accepted":true,"wall_s":3.4971532486379147}
{"iteration":45,"score":80.89736490911625,"best":80.89736490911625,"gradient_rms":8.206104235475317,"update_rms":0.004684737526594888,"accepted":true,"wall_s":3.499038401991129}
{"iteration":46,"score":81.06885612640396,"best":81.06885612640396,"gradient_rms":3.2767394102256975,"update_rms":0.0036054688261604336,"accepted":true,"wall_s":3.507344264537096}
{"iteration":47,"score":81.24673640427316,"best":81.24673640427316,"gradient_rms":9.052668664070383,"update_rms":0.004441077106576098,"accepted":true,"wall_s":3.5034030713140965}
{"iteration":48,"score":81.43264797939398,"best":81.43264797939398,"gradient_rms":9.822117672155839,"update_rms":0.005056606817634106,"accepted":true,"wall_s":3.5098283775150776}
{"iteration":49,"score":81.6451641238599,"best":81.6451641238599,"gradient_rms":11.259814151013414,"update_rms":0.005629966728081064,"accepted":true,"wall_s":3.501262079924345}
{"iteration":50,"score":81.78731529220528,"best":81.78731529220528,"gradient_rms":0.7693711960729506,"update_rms":0.003987053278915272,"accepted":true,"wall_s":3.4972579553723335}
{"iteration":51,"score":81.90581548346087,"best":81.90581548346087,"gradient_rms":3.946928333215566,"update_rms":0.0032952873845351455,"accepted":true,"wall_s":3.5017737075686455}
{"iteration":52,"score":82.00067085420113,"best":82.00067085420113,"gradient_rms":4.915317396209003,"update_rms":0.0031287206751291203,"accepted":true,"wall_s":3.5094416178762913}
{"iteration":53,"score":82.14808154887832,"best":82.14808154887832,"gradient_rms":11.034221017548298,"update_rms":0.004955931921668387,"accepted":true,"wall_s":3.539380446076393}
{"iteration":54,"score":82.27874908154558,"best":82.27874908154558,"gradient_rms":6.857287151325801,"update_rms":0.004707351740243644,"accepted":true,"wall_s":3.5863534286618233}
{"iteration":55,"score":82.41233560052555,"best":82.41233560052555,"gradient_rms":9.930711742431663,"update_rms":0.005361217055219706,"accepted":true,"wall_s":3.500600181519985}
{"iteration":56,"score":82.49308992091154,"best":82.49308992091154,"gradient_rms":3.0813063554747466,"update_rms":0.004055045298529007,"accepted":true,"wall_s":3.860139526426792}
{"iteration":57,"score":82.56871508997952,"best":82.56871508997952,"gradient_rms":2.2840373247704027,"update_rms":0.0031312891371471723,"accepted":true,"wall_s":3.5044997930526733}
{"iteration":58,"score":82.61650440351207,"best":82.61650440351207,"gradient_rms":3.6257929510290614,"update_rms":0.0027279680869470744,"accepted":true,"wall_s":3.5005950070917606}
{"iteration":59,"score":82.71366699448294,"best":82.71366699448294,"gradient_rms":5.871103270739254,"update_rms":0.003221820945101518,"accepted":true,"wall_s":4.085164450109005}
{"iteration":60,"score":82.79093498306969,"best":82.79093498306969,"gradient_rms":5.897732732270807,"update_rms":0.0034623943691048497,"accepted":true,"wall_s":3.5001283176243305}
{"iteration":61,"score":82.91939264608749,"best":82.91939264608749,"gradient_rms":7.921005741212813,"update_rms":0.004279912786763471,"accepted":true,"wall_s":3.5017447136342525}
{"iteration":62,"score":83.03437379326925,"best":83.03437379326925,"gradient_rms":7.043615136710257,"update_rms":0.0040010515135273745,"accepted":true,"wall_s":3.50128211453557}
{"iteration":63,"score":83.17457483346962,"best":83.17457483346962,"gradient_rms":7.469018539651703,"update_rms":0.0043230940446812895,"accepted":true,"wall_s":3.502763547003269}
{"iteration":64,"score":83.27856673770607,"best":83.27856673770607,"gradient_rms":4.301676933691745,"update_rms":0.003685937054886846,"accepted":true,"wall_s":3.503461915999651}
{"iteration":65,"score":83.36147787180278,"best":83.36147787180278,"gradient_rms":1.9718097952176812,"update_rms":0.002709084980063757,"accepted":true,"wall_s":3.501540534198284}
{"iteration":66,"score":83.42494539864587,"best":83.42494539864587,"gradient_rms":4.832645040931565,"update_rms":0.0028637804438652143,"accepted":true,"wall_s":3.501968678086996}
{"iteration":67,"score":83.49292583043477,"best":83.49292583043477,"gradient_rms":3.6689526655101288,"update_rms":0.002574293037116913,"accepted":true,"wall_s":3.498486563563347}
{"iteration":68,"score":83.57735769025723,"best":83.57735769025723,"gradient_rms":5.586570117322185,"update_rms":0.003140172795584177,"accepted":true,"wall_s":3.5037470012903214}
{"iteration":69,"score":83.64847237097425,"best":83.64847237097425,"gradient_rms":4.594070551607033,"update_rms":0.002833557450590538,"accepted":true,"wall_s":3.5015171132981777}
{"iteration":70,"score":83.69758959664352,"best":83.69758959664352,"gradient_rms":6.8214736921752905,"update_rms":0.0034972363698030965,"accepted":true,"wall_s":3.5023203007876873}
{"iteration":71,"score":83.73105107193484,"best":83.73105107193484,"gradient_rms":3.337802035600235,"update_rms":0.002840218249733972,"accepted":true,"wall_s":3.5005012080073357}
{"iteration":72,"score":83.8942746794518,"best":83.8942746794518,"gradient_rms":9.59879494660792,"update_rms":0.004515660850368538,"accepted":true,"wall_s":3.506912000477314}
{"iteration":73,"score":84.01405778904336,"best":84.01405778904336,"gradient_rms":6.549061684088022,"update_rms":0.0044905643787304245,"accepted":true,"wall_s":3.524695634841919}
{"iteration":74,"score":84.14530735980986,"best":84.14530735980986,"gradient_rms":5.903938629385256,"update_rms":0.004070411908938607,"accepted":true,"wall_s":3.6565961688756943}
{"iteration":75,"score":84.2079470288541,"best":84.2079470288541,"gradient_rms":2.7536323177384703,"update_rms":0.003093249824151625,"accepted":true,"wall_s":3.4985671266913414}
{"iteration":76,"score":84.26604382093005,"best":84.26604382093005,"gradient_rms":4.237083564379017,"update_rms":0.0029322484511518617,"accepted":true,"wall_s":3.494417581707239}
{"iteration":77,"score":84.43172039481277,"best":84.43172039481277,"gradient_rms":10.916978239435913,"update_rms":0.005034772665960751,"accepted":true,"wall_s":3.375584065914154}
{"iteration":78,"score":84.60337634934919,"best":84.60337634934919,"gradient_rms":8.371344489413262,"update_rms":0.005162237160915502,"accepted":true,"wall_s":3.4946277625858784}
{"iteration":79,"score":84.78117794807632,"best":84.78117794807632,"gradient_rms":7.502349319188643,"update_rms":0.00479061485184783,"accepted":true,"wall_s":3.504523228853941}
{"iteration":80,"score":84.97097917691718,"best":84.97097917691718,"gradient_rms":9.040239000361106,"update_rms":0.005140353873781914,"accepted":true,"wall_s":3.510980535298586}
{"iteration":81,"score":85.1306399862783,"best":85.1306399862783,"gradient_rms":5.663300000372757,"update_rms":0.004472283262538892,"accepted":true,"wall_s":3.500183317810297}
{"iteration":82,"score":85.30242884980217,"best":85.30242884980217,"gradient_rms":7.610824586810091,"update_rms":0.004666596255231652,"accepted":true,"wall_s":3.5192295983433723}
{"iteration":83,"score":85.4005949494354,"best":85.4005949494354,"gradient_rms":3.5340259611053377,"update_rms":0.0035723712003709494,"accepted":true,"wall_s":3.501928612589836}
{"iteration":84,"score":85.47892271210559,"best":85.47892271210559,"gradient_rms":0.8257580374002621,"update_rms":0.002550412591684225,"accepted":true,"wall_s":3.5710088312625885}
{"iteration":85,"score":85.59255128843395,"best":85.59255128843395,"gradient_rms":7.00172158164317,"update_rms":0.0035546800781042546,"accepted":true,"wall_s":3.504074864089489}
{"iteration":86,"score":85.74083585020337,"best":85.74083585020337,"gradient_rms":9.734494712219742,"update_rms":0.0050684427808111165,"accepted":true,"wall_s":3.5066368840634823}
{"iteration":87,"score":85.95777209693085,"best":85.95777209693085,"gradient_rms":10.41332665391707,"update_rms":0.005771343271022478,"accepted":true,"wall_s":3.504303466528654}
{"iteration":88,"score":86.1557364779249,"best":86.1557364779249,"gradient_rms":6.628749782581642,"update_rms":0.004761442931833149,"accepted":true,"wall_s":3.4998461082577705}
{"iteration":89,"score":86.33076989042853,"best":86.33076989042853,"gradient_rms":7.821984988905861,"update_rms":0.004842096134556331,"accepted":true,"wall_s":3.500928543508053}
{"iteration":90,"score":86.49647224175048,"best":86.49647224175048,"gradient_rms":5.517523517134159,"update_rms":0.004301968180042562,"accepted":true,"wall_s":3.502006445080042}
{"iteration":91,"score":86.71500819556059,"best":86.71500819556059,"gradient_rms":8.397376044803215,"update_rms":0.004688460292306684,"accepted":true,"wall_s":3.5057998970150948}
{"iteration":92,"score":86.84105452243338,"best":86.84105452243338,"gradient_rms":6.550793227388662,"update_rms":0.004428138452896278,"accepted":true,"wall_s":3.4967467337846756}
{"iteration":93,"score":86.93481051018038,"best":86.93481051018038,"gradient_rms":5.653316586070011,"update_rms":0.0040507148317144815,"accepted":true,"wall_s":3.3895063139498234}
{"iteration":94,"score":87.01548355917357,"best":87.01548355917357,"gradient_rms":2.995800682211415,"update_rms":0.003111322362101266,"accepted":true,"wall_s":3.5000693015754223}
{"iteration":95,"score":87.07433866597337,"best":87.07433866597337,"gradient_rms":3.868969296427846,"update_rms":0.002816573747720913,"accepted":true,"wall_s":3.4969764575362206}
{"iteration":96,"score":87.10195469002859,"best":87.10195469002859,"gradient_rms":0.48300228605531,"update_rms":0.00199443249556193,"accepted":true,"wall_s":3.5017049908638}
{"iteration":97,"score":87.13508919299869,"best":87.13508919299869,"gradient_rms":1.8020042753648489,"update_rms":0.0016313709937921246,"accepted":true,"wall_s":3.5068581625819206}
{"iteration":98,"score":87.2082097823055,"best":87.2082097823055,"gradient_rms":5.389455171692214,"update_rms":0.0026227441791503536,"accepted":true,"wall_s":3.4947893992066383}
{"iteration":99,"score":87.27325511798169,"best":87.27325511798169,"gradient_rms":5.529047941054677,"update_rms":0.0031050526061692438,"accepted":true,"wall_s":3.495326768606901}
{"iteration":100,"score":87.1619193902558,"best":87.27325511798169,"gradient_rms":2.423355016846583,"update_rms":0.002410375320786718,"accepted":true,"wall_s":3.1253940612077713}
{
  "status": "ok",
  "stop_reason": "completed_iterations",
  "initial_score": 74.34586643762485,
  "final_score": 87.1619193902558,
  "best_score": 87.27325511798169,
  "best_iteration": 99,
  "completed_iterations": 100,
  "completed_adam_steps": 100,
  "completed_optimizer_steps": 100,
  "total_wall_s": 351.86720989272,
  "initial_decode_wall_s": 2.3079396076500416,
  "initial_score_wall_s": 1.0928685441613197,
  "mean_iteration_wall_s": 3.5169925742968915,
  "manifest": {
    "algorithm": "adam_with_query_batched_local_gradient",
    "optimizer": "adam",
    "parameter_space": "latent",
    "gradient_objective": "dynamic local full-density score with coordinate and maximum-surface-selection derivatives omitted",
    "formal_objective": "complete native QH score for every accepted center",
    "initial_case": "/home/scc/pb24511935/local_surface_evaluator/runs/summary1_review2_20260824/flow_pairs/cases/case_30.json",
    "initial_case_sha256": "040abc8690aa2761f3820c82a176e85f8d9dd3808922165e0a385bdeb9916373",
    "checkpoint": "/home/scc/pb24511935/local_surface_evaluator/runs/qh_flow_physical_lr_longselect_20260729/lr_3em4/checkpoint_latest.pt",
    "checkpoint_sha256": "39a3293a459e248a0d1ec062607a1a467128b14d8ca973aadd82e113532ab99f",
    "native_lib": "/home/scc/pb24511935/local_surface_evaluator/runs/summary1_review2_20260824/build_native/libstellarator_gpu.so",
    "native_lib_sha256": "7d3784e02172f5c3130bcf085efa8120dc059d5007daa4b18680edd97b077f94",
    "nfp": 4,
    "n_base_coils": 4,
    "iterations": 100,
    "max_wall_s": 4200.0,
    "flow": {
      "method": "rk4",
      "steps": 128,
      "dtype": "fp32",
      "use": "every gradient endpoint and accepted center"
    },
    "flow_pipeline": true,
    "coordinate_gradient": {
      "dimension": 400,
      "mode": "random-orthogonal",
      "random_directions": 2,
      "endpoint_count": 4,
      "perturbation": 0.005,
      "difference": "centered",
      "psi_grid": 48,
      "psi_iterations": 4,
      "alpha_iterations": 4,
      "formal_surface_theta_count": 128,
      "local_surface_theta_count": 64
    },
    "adam": {
      "learning_rate": 0.01,
      "beta1": 0.7,
      "beta2": 0.999,
      "epsilon": 1e-08,
      "weight_decay": 0.0
    },
    "bfgs": {
      "initial_trust_rms": 0.01,
      "min_trust_rms": 1e-05,
      "max_trust_rms": 0.05,
      "trust_growth": 1.2,
      "trust_shrink": 0.5,
      "min_improvement": 0.0
    },
    "seed": 2026082530,
    "axis_policy": "initial global search, then strict mixed-precision continuation",
    "devices": {
      "flow": 0,
      "score": 0
    },
    "initial_metadata_keys": [
      "flow_prior_screening",
      "nfp",
      "raw"
    ]
  }
}
{"iteration":1,"score":75.19602211010279,"best":75.19602211010279,"gradient_rms":151.44698695134403,"update_rms":0.009999999996762269,"accepted":true,"wall_s":2.6173872500658035}
{"iteration":2,"score":73.02051095542245,"best":75.19602211010279,"gradient_rms":92.14967506564372,"update_rms":0.006945151407701415,"accepted":true,"wall_s":2.3346296846866608}
{"iteration":3,"score":72.02199022298564,"best":75.19602211010279,"gradient_rms":143.01425656705715,"update_rms":0.0058316084828182865,"accepted":true,"wall_s":2.2691469192504883}
{"iteration":4,"score":73.33717738300004,"best":75.19602211010279,"gradient_rms":59.53906743821948,"update_rms":0.004571742496604172,"accepted":true,"wall_s":2.236073136329651}
{"iteration":5,"score":74.06430229397793,"best":75.19602211010279,"gradient_rms":79.81613551029899,"update_rms":0.004318836098515449,"accepted":true,"wall_s":2.2202494852244854}
{"iteration":6,"score":74.10792664708201,"best":75.19602211010279,"gradient_rms":34.60915244661675,"update_rms":0.0033042674660446266,"accepted":true,"wall_s":2.220618464052677}
{"iteration":7,"score":73.59038008535984,"best":75.19602211010279,"gradient_rms":64.58821169454802,"update_rms":0.0033375391204215395,"accepted":true,"wall_s":2.264748778194189}
{"iteration":8,"score":74.7598029260383,"best":75.19602211010279,"gradient_rms":54.975933593584735,"update_rms":0.0031990752441596543,"accepted":true,"wall_s":2.266844417899847}
{"iteration":9,"score":75.91486563420824,"best":75.91486563420824,"gradient_rms":43.27412329966435,"update_rms":0.002782444692108658,"accepted":true,"wall_s":2.234291508793831}
{"iteration":10,"score":76.56165638388501,"best":76.56165638388501,"gradient_rms":88.63665402479957,"update_rms":0.00384199875158645,"accepted":true,"wall_s":2.2220461517572403}
{"iteration":11,"score":76.70646593001999,"best":76.70646593001999,"gradient_rms":1.501894736663417,"update_rms":0.002796830190772826,"accepted":true,"wall_s":2.2221856340765953}
{"iteration":12,"score":77.0880201033434,"best":77.0880201033434,"gradient_rms":41.42163747254614,"update_rms":0.002560521995983687,"accepted":true,"wall_s":2.2222398966550827}
{"iteration":13,"score":78.0471407756323,"best":78.0471407756323,"gradient_rms":74.42489747876887,"update_rms":0.0033342905820627376,"accepted":true,"wall_s":2.264602079987526}
{"iteration":14,"score":78.96704693792415,"best":78.96704693792415,"gradient_rms":85.28867512351742,"update_rms":0.004157306808135904,"accepted":true,"wall_s":2.309097569435835}
{"iteration":15,"score":79.66133189312868,"best":79.66133189312868,"gradient_rms":70.74383491778877,"update_rms":0.004179368658082568,"accepted":true,"wall_s":2.2682663910090923}
{"iteration":16,"score":80.9290080680223,"best":80.9290080680223,"gradient_rms":126.25491520356323,"update_rms":0.005159871578347585,"accepted":true,"wall_s":2.2728649713099003}
{"iteration":17,"score":80.4550913347891,"best":80.9290080680223,"gradient_rms":10.633137124600184,"update_rms":0.003731440920008071,"accepted":true,"wall_s":2.3148784153163433}
{"iteration":18,"score":80.14950691076318,"best":80.9290080680223,"gradient_rms":324.987794282517,"update_rms":0.007648026455004714,"accepted":true,"wall_s":2.3102549128234386}
{"iteration":19,"score":79.55213544973434,"best":80.9290080680223,"gradient_rms":333.425800522757,"update_rms":0.008307764037991189,"accepted":true,"wall_s":2.308107204735279}
{"iteration":20,"score":78.50870667857183,"best":80.9290080680223,"gradient_rms":54.017909404610954,"update_rms":0.006102324767660375,"accepted":true,"wall_s":2.3105292804539204}
{"iteration":21,"score":77.54070350672778,"best":80.9290080680223,"gradient_rms":52.67005095807681,"update_rms":0.0045712191276354045,"accepted":true,"wall_s":2.3221573755145073}
{"iteration":22,"score":77.06920845207544,"best":80.9290080680223,"gradient_rms":74.24062402946964,"update_rms":0.0037029423883526164,"accepted":true,"wall_s":2.310993529856205}
{"iteration":23,"score":76.8152285635777,"best":80.9290080680223,"gradient_rms":47.51469492717966,"update_rms":0.0029020758971135797,"accepted":true,"wall_s":2.309165447950363}
{"iteration":24,"score":76.55170001372859,"best":80.9290080680223,"gradient_rms":33.42516898606714,"update_rms":0.0023254577576957937,"accepted":true,"wall_s":2.0293038226664066}
{"iteration":25,"score":77.0188764595921,"best":80.9290080680223,"gradient_rms":103.39652505946076,"update_rms":0.0033825431686647553,"accepted":true,"wall_s":2.308888543397188}
{"iteration":26,"score":77.60257218254533,"best":80.9290080680223,"gradient_rms":85.08345209679528,"update_rms":0.0033908844134283205,"accepted":true,"wall_s":2.314032431691885}
{"iteration":27,"score":78.88391196447533,"best":80.9290080680223,"gradient_rms":138.21508957753747,"update_rms":0.004540853169620952,"accepted":true,"wall_s":2.3119032755494118}
{"iteration":28,"score":79.32906918290435,"best":80.9290080680223,"gradient_rms":7.987032744935119,"update_rms":0.003248744121874367,"accepted":true,"wall_s":2.3164085373282433}
{"iteration":29,"score":79.41774599136902,"best":80.9290080680223,"gradient_rms":57.3826968958154,"update_rms":0.002869291787122309,"accepted":true,"wall_s":2.3199579529464245}
{"iteration":30,"score":79.2777023605884,"best":80.9290080680223,"gradient_rms":59.694674331694316,"update_rms":0.002729343574159718,"accepted":true,"wall_s":2.319232553243637}
{"iteration":31,"score":79.4012940359539,"best":80.9290080680223,"gradient_rms":148.85867863957418,"update_rms":0.004592501954176333,"accepted":true,"wall_s":2.3205949142575264}
{"iteration":32,"score":78.86278975974031,"best":80.9290080680223,"gradient_rms":52.54891676425834,"update_rms":0.003486338250627933,"accepted":true,"wall_s":2.3155220858752728}
{"iteration":33,"score":78.5902765745747,"best":80.9290080680223,"gradient_rms":66.5771957540239,"update_rms":0.003089761075875525,"accepted":true,"wall_s":2.308179933577776}
{"iteration":34,"score":79.3188900458465,"best":80.9290080680223,"gradient_rms":143.25895056163873,"update_rms":0.004590890406540881,"accepted":true,"wall_s":2.3081787191331387}
{"iteration":35,"score":80.17543192614941,"best":80.9290080680223,"gradient_rms":106.74409295903072,"update_rms":0.0043280114017817,"accepted":true,"wall_s":2.30818147957325}
{"iteration":36,"score":81.15305600364462,"best":81.15305600364462,"gradient_rms":100.9932652707901,"update_rms":0.004284711304753669,"accepted":true,"wall_s":2.312059249728918}
{"iteration":37,"score":81.83889729161065,"best":81.83889729161065,"gradient_rms":85.16560583029876,"update_rms":0.0038722487086458946,"accepted":true,"wall_s":2.3187890872359276}
{"iteration":38,"score":81.96241769724689,"best":81.96241769724689,"gradient_rms":22.350938710733864,"update_rms":0.0027482542129892004,"accepted":true,"wall_s":2.322744134813547}
{"iteration":39,"score":82.03577216833159,"best":82.03577216833159,"gradient_rms":59.740948838201504,"update_rms":0.002687724748661925,"accepted":true,"wall_s":2.3688206784427166}
{"iteration":40,"score":81.97584910385376,"best":82.03577216833159,"gradient_rms":43.590212243052626,"update_rms":0.0023472671704384534,"accepted":true,"wall_s":2.3211422078311443}
{"iteration":41,"score":81.94681721042804,"best":82.03577216833159,"gradient_rms":37.78183916247851,"update_rms":0.0020148560724047937,"accepted":true,"wall_s":2.0661699511110783}
{"iteration":42,"score":82.11252962204763,"best":82.11252962204763,"gradient_rms":64.95557623534077,"update_rms":0.00249951099254649,"accepted":true,"wall_s":2.3110957592725754}
{"iteration":43,"score":82.02948344224572,"best":82.11252962204763,"gradient_rms":22.608220773056097,"update_rms":0.001897776561335957,"accepted":true,"wall_s":2.0355015732347965}
{"iteration":44,"score":81.96000130950894,"best":82.11252962204763,"gradient_rms":40.7685133255718,"update_rms":0.001889630145770339,"accepted":true,"wall_s":2.317808087915182}
{"iteration":45,"score":82.48209965918815,"best":82.48209965918815,"gradient_rms":166.49397106399513,"update_rms":0.004927293663247493,"accepted":true,"wall_s":2.3223926909267902}
{"iteration":46,"score":81.43753206851291,"best":82.48209965918815,"gradient_rms":19.55324781676041,"update_rms":0.0035498663294285184,"accepted":true,"wall_s":2.322433639317751}
{"iteration":47,"score":80.50135091574586,"best":82.48209965918815,"gradient_rms":62.70715551493003,"update_rms":0.0031803007926406134,"accepted":true,"wall_s":2.329621534794569}
{"iteration":48,"score":79.89683230379647,"best":82.48209965918815,"gradient_rms":55.3634085118627,"update_rms":0.0029374324148010245,"accepted":true,"wall_s":2.335172686725855}
{"iteration":49,"score":81.16283187430652,"best":82.48209965918815,"gradient_rms":174.56148297562723,"update_rms":0.005415328375601314,"accepted":true,"wall_s":2.321710579097271}
{"iteration":50,"score":81.80583684277451,"best":82.48209965918815,"gradient_rms":121.14856885607158,"update_rms":0.005229007805111911,"accepted":true,"wall_s":2.3196694292128086}
{"iteration":51,"score":80.98512692767146,"best":82.48209965918815,"gradient_rms":51.33027562974989,"update_rms":0.003906582904040113,"accepted":true,"wall_s":2.3206878527998924}
{"iteration":52,"score":80.2225006638203,"best":82.48209965918815,"gradient_rms":50.592420242421426,"update_rms":0.0031544813413967275,"accepted":true,"wall_s":2.3212584294378757}
{"iteration":53,"score":79.84654116124533,"best":82.48209965918815,"gradient_rms":61.04859305970269,"update_rms":0.0029247169623505035,"accepted":true,"wall_s":2.3156100027263165}
{"iteration":54,"score":79.63310178132865,"best":82.48209965918815,"gradient_rms":47.145666599336145,"update_rms":0.002554985643580611,"accepted":true,"wall_s":2.3093172162771225}
{"iteration":55,"score":79.53946943234611,"best":82.48209965918815,"gradient_rms":28.622182180088018,"update_rms":0.0020298190214967644,"accepted":true,"wall_s":2.3092089518904686}
{"iteration":56,"score":79.74230465612294,"best":82.48209965918815,"gradient_rms":64.51775305589823,"update_rms":0.0024678223418008573,"accepted":true,"wall_s":2.3178687021136284}
{"iteration":57,"score":80.92228935392994,"best":82.48209965918815,"gradient_rms":108.09890055430394,"update_rms":0.003656738338516328,"accepted":true,"wall_s":2.30693843588233}
{"iteration":58,"score":81.22374233790755,"best":82.48209965918815,"gradient_rms":80.77674947877559,"update_rms":0.0035965555490182544,"accepted":true,"wall_s":2.307484120130539}
{"iteration":59,"score":80.86023088320812,"best":82.48209965918815,"gradient_rms":21.49126636062737,"update_rms":0.0025980864453030495,"accepted":true,"wall_s":2.311612233519554}
{"iteration":60,"score":80.76724644792645,"best":82.48209965918815,"gradient_rms":73.68844546199426,"update_rms":0.0028489031310293114,"accepted":true,"wall_s":2.308080915361643}
{"iteration":61,"score":80.70860937553624,"best":82.48209965918815,"gradient_rms":27.435844242692852,"update_rms":0.002134633124713934,"accepted":true,"wall_s":2.306873347610235}
{"iteration":62,"score":80.79495955644535,"best":82.48209965918815,"gradient_rms":53.67135401834303,"update_rms":0.0023478689450926933,"accepted":true,"wall_s":2.306178081780672}
{"iteration":63,"score":80.8964430713831,"best":82.48209965918815,"gradient_rms":51.9902218956065,"update_rms":0.002371534098464023,"accepted":true,"wall_s":2.310226671397686}
{"iteration":64,"score":81.11881070353189,"best":82.48209965918815,"gradient_rms":56.08459206809725,"update_rms":0.002527211349754154,"accepted":true,"wall_s":2.4020374342799187}
{"iteration":65,"score":81.22102660477245,"best":82.48209965918815,"gradient_rms":35.36891651282658,"update_rms":0.002185258318921028,"accepted":true,"wall_s":2.315377250313759}
{"iteration":66,"score":81.1961728840356,"best":82.48209965918815,"gradient_rms":7.945480028613343,"update_rms":0.0015669326460959726,"accepted":true,"wall_s":2.3205278143286705}
{"iteration":67,"score":81.25283401166713,"best":82.48209965918815,"gradient_rms":50.16674630162974,"update_rms":0.0020888743642880755,"accepted":true,"wall_s":2.319680254906416}
{"iteration":68,"score":81.27838223151016,"best":82.48209965918815,"gradient_rms":29.750677035779702,"update_rms":0.0018256690862830812,"accepted":true,"wall_s":2.31924319639802}
{"iteration":69,"score":81.45964462233012,"best":82.48209965918815,"gradient_rms":58.39698051754259,"update_rms":0.0023761053233031753,"accepted":true,"wall_s":2.3204961642622948}
{"iteration":70,"score":81.54626611220127,"best":82.48209965918815,"gradient_rms":20.979597923272784,"update_rms":0.0018032177973101343,"accepted":true,"wall_s":2.321259967982769}
{"iteration":71,"score":81.57879312238744,"best":82.48209965918815,"gradient_rms":24.77631435664324,"update_rms":0.0015192646577427728,"accepted":true,"wall_s":2.3205981701612473}
{"iteration":72,"score":81.59518779167948,"best":82.48209965918815,"gradient_rms":19.729904890938634,"update_rms":0.0012982800788976581,"accepted":true,"wall_s":2.3202810883522034}
{"iteration":73,"score":81.66924898916537,"best":82.48209965918815,"gradient_rms":54.92684678541735,"update_rms":0.0022300206169236342,"accepted":true,"wall_s":2.3222166933119297}
{"iteration":74,"score":81.72133780636977,"best":82.48209965918815,"gradient_rms":44.841299441705594,"update_rms":0.0022189356871429285,"accepted":true,"wall_s":2.321620464324951}
{"iteration":75,"score":81.80723236740567,"best":82.48209965918815,"gradient_rms":48.711639578096346,"update_rms":0.0023978157026840826,"accepted":true,"wall_s":2.3218272738158703}
{"iteration":76,"score":81.80251073365679,"best":82.48209965918815,"gradient_rms":37.01223902701185,"update_rms":0.0020977484551709478,"accepted":true,"wall_s":2.3217909894883633}
{"iteration":77,"score":81.77380701404942,"best":82.48209965918815,"gradient_rms":30.77340656014016,"update_rms":0.0018768517301238842,"accepted":true,"wall_s":2.3402986899018288}
{"iteration":78,"score":81.71301354077835,"best":82.48209965918815,"gradient_rms":18.89013752612953,"update_rms":0.001509940324122525,"accepted":true,"wall_s":2.3204894587397575}
{"iteration":79,"score":81.70527930757196,"best":82.48209965918815,"gradient_rms":20.219443249231478,"update_rms":0.001278264278476572,"accepted":true,"wall_s":2.321348637342453}
{"iteration":80,"score":81.22266375945634,"best":82.48209965918815,"gradient_rms":89.16978399410327,"update_rms":0.0031872463120489938,"accepted":true,"wall_s":2.319348055869341}
{"iteration":81,"score":80.4361472858048,"best":82.48209965918815,"gradient_rms":13.538518906361844,"update_rms":0.0023000514342516585,"accepted":true,"wall_s":2.3214048705995083}
{"iteration":82,"score":79.64661759603077,"best":82.48209965918815,"gradient_rms":29.715419014385773,"update_rms":0.001942007257906778,"accepted":true,"wall_s":2.3225102238357067}
{"iteration":83,"score":79.57279783307997,"best":82.48209965918815,"gradient_rms":81.25559965487314,"update_rms":0.0031995817654526908,"accepted":true,"wall_s":2.3219379261136055}
{"iteration":84,"score":79.49112852716945,"best":82.48209965918815,"gradient_rms":19.77156280949399,"update_rms":0.002326447695158368,"accepted":true,"wall_s":2.320805102586746}
{"iteration":85,"score":80.19769708513951,"best":82.48209965918815,"gradient_rms":116.8015390741544,"update_rms":0.004465465317471399,"accepted":true,"wall_s":2.313547655940056}
{"iteration":86,"score":80.2567993880401,"best":82.48209965918815,"gradient_rms":21.277368180634372,"update_rms":0.0032292739048222596,"accepted":true,"wall_s":2.3093356415629387}
{"iteration":87,"score":80.48797237360259,"best":82.48209965918815,"gradient_rms":59.20927374993236,"update_rms":0.0030971625212710763,"accepted":true,"wall_s":2.308595687150955}
{"iteration":88,"score":80.52102840761737,"best":82.48209965918815,"gradient_rms":33.693944904515284,"update_rms":0.002501251090190788,"accepted":true,"wall_s":2.3161545284092426}
{"iteration":89,"score":80.51799166421472,"best":82.48209965918815,"gradient_rms":20.648095300411747,"update_rms":0.0019067598027176869,"accepted":true,"wall_s":2.402289003133774}
{"iteration":90,"score":80.30451333486302,"best":82.48209965918815,"gradient_rms":27.182328476269458,"update_rms":0.0017344574946995296,"accepted":true,"wall_s":2.3212456181645393}
{"iteration":91,"score":80.4273578900643,"best":82.48209965918815,"gradient_rms":67.07912041092449,"update_rms":0.002819643296501936,"accepted":true,"wall_s":2.321562860161066}
{"iteration":92,"score":80.62863633301964,"best":82.48209965918815,"gradient_rms":61.45446609595017,"update_rms":0.0031123541166809365,"accepted":true,"wall_s":2.331096388399601}
{"iteration":93,"score":80.6815011747265,"best":82.48209965918815,"gradient_rms":58.9978993439575,"update_rms":0.003092929491379914,"accepted":true,"wall_s":2.3207754716277122}
{"iteration":94,"score":80.50701552851149,"best":82.48209965918815,"gradient_rms":58.463705218472924,"update_rms":0.0031629134186295467,"accepted":true,"wall_s":2.313724186271429}
{"iteration":95,"score":80.17498186314079,"best":82.48209965918815,"gradient_rms":6.605872506113791,"update_rms":0.002223703599587597,"accepted":true,"wall_s":2.3099568895995617}
{"iteration":96,"score":79.88246544387404,"best":82.48209965918815,"gradient_rms":31.598315241627617,"update_rms":0.0019069205379327406,"accepted":true,"wall_s":2.3085693791508675}
{"iteration":97,"score":79.88367734856126,"best":82.48209965918815,"gradient_rms":57.158122131381404,"update_rms":0.0023654195261285085,"accepted":true,"wall_s":2.3069231994450092}
{"iteration":98,"score":79.81899653150278,"best":82.48209965918815,"gradient_rms":19.31650558744332,"update_rms":0.001808445545314338,"accepted":true,"wall_s":2.3685852885246277}
{"iteration":99,"score":79.73084721107962,"best":82.48209965918815,"gradient_rms":5.857065946978458,"update_rms":0.0012851935778439773,"accepted":true,"wall_s":2.30736718326807}
{"iteration":100,"score":79.77367929448457,"best":82.48209965918815,"gradient_rms":63.238083554298434,"update_rms":0.0026410366141185436,"accepted":true,"wall_s":2.307913087308407}
{
  "status": "ok",
  "stop_reason": "completed_iterations",
  "initial_score": 74.36494252752179,
  "final_score": 79.77367929448457,
  "best_score": 82.48209965918815,
  "best_iteration": 45,
  "completed_iterations": 100,
  "completed_adam_steps": 100,
  "completed_optimizer_steps": 100,
  "total_wall_s": 230.68900437653065,
  "initial_decode_wall_s": 1.5095096752047539,
  "initial_score_wall_s": 0.9084822870790958,
  "mean_iteration_wall_s": 2.3049098080024124,
  "manifest": {
    "algorithm": "adam_with_query_batched_local_gradient",
    "optimizer": "adam",
    "parameter_space": "data",
    "gradient_objective": "dynamic local full-density score with coordinate and maximum-surface-selection derivatives omitted",
    "formal_objective": "complete native QH score for every accepted center",
    "initial_case": "/home/scc/pb24511935/local_surface_evaluator/runs/summary1_review2_20260824/flow_pairs/cases/case_30.json",
    "initial_case_sha256": "040abc8690aa2761f3820c82a176e85f8d9dd3808922165e0a385bdeb9916373",
    "checkpoint": "/home/scc/pb24511935/local_surface_evaluator/runs/qh_flow_physical_lr_longselect_20260729/lr_3em4/checkpoint_latest.pt",
    "checkpoint_sha256": "39a3293a459e248a0d1ec062607a1a467128b14d8ca973aadd82e113532ab99f",
    "native_lib": "/home/scc/pb24511935/local_surface_evaluator/runs/summary1_review2_20260824/build_native/libstellarator_gpu.so",
    "native_lib_sha256": "7d3784e02172f5c3130bcf085efa8120dc059d5007daa4b18680edd97b077f94",
    "nfp": 4,
    "n_base_coils": 4,
    "iterations": 100,
    "max_wall_s": 4200.0,
    "flow": {
      "method": "rk4",
      "steps": 128,
      "dtype": "fp32",
      "use": "initial latent-to-coil decode only"
    },
    "flow_pipeline": false,
    "coordinate_gradient": {
      "dimension": 400,
      "mode": "random-orthogonal",
      "random_directions": 2,
      "endpoint_count": 4,
      "perturbation": 0.0025,
      "difference": "centered",
      "psi_grid": 48,
      "psi_iterations": 4,
      "alpha_iterations": 4,
      "formal_surface_theta_count": 128,
      "local_surface_theta_count": 64
    },
    "adam": {
      "learning_rate": 0.01,
      "beta1": 0.7,
      "beta2": 0.999,
      "epsilon": 1e-08,
      "weight_decay": 0.0
    },
    "bfgs": {
      "initial_trust_rms": 0.01,
      "min_trust_rms": 1e-05,
      "max_trust_rms": 0.05,
      "trust_growth": 1.2,
      "trust_shrink": 0.5,
      "min_improvement": 0.0
    },
    "seed": 2026082530,
    "axis_policy": "initial global search, then strict mixed-precision continuation",
    "devices": {
      "flow": 0,
      "score": 0
    },
    "initial_metadata_keys": [
      "flow_prior_screening",
      "nfp",
      "raw"
    ],
    "data_parameterization": {
      "definition": "per-coordinate training-set standardization",
      "physical_mapping": "CoilNormalizer.inverse with canonical current L1/sign",
      "initial_clipped_fraction": 0.0,
      "initial_roundtrip_relative_rms": 1.0197819554794849e-07,
      "flow_calls_after_initialization": 0
    }
  }
}
