{"iteration":1,"score":80.42217267784748,"best":80.42217267784748,"gradient_rms":4.636314004681386,"update_rms":0.009999999883716708,"accepted":true,"wall_s":4.576944824308157}
{"iteration":2,"score":80.25584691993275,"best":80.42217267784748,"gradient_rms":109.26543937783775,"update_rms":0.008214203275994671,"accepted":true,"wall_s":3.4633471593260765}
{"iteration":3,"score":80.09742066003773,"best":80.42217267784748,"gradient_rms":5.673403291824297,"update_rms":0.005509846868060836,"accepted":true,"wall_s":3.4494172781705856}
{"iteration":4,"score":80.13523160496084,"best":80.42217267784748,"gradient_rms":8.364597329531064,"update_rms":0.004261611841744861,"accepted":true,"wall_s":3.4324146658182144}
{"iteration":5,"score":80.15959166699602,"best":80.42217267784748,"gradient_rms":4.272530724013764,"update_rms":0.0032166513021977764,"accepted":true,"wall_s":3.4500703997910023}
{"iteration":6,"score":80.06040818674663,"best":80.42217267784748,"gradient_rms":3.0762781046771113,"update_rms":0.00244755444747374,"accepted":true,"wall_s":3.1704821065068245}
{"iteration":7,"score":80.17091494645763,"best":80.42217267784748,"gradient_rms":2.2599552843703536,"update_rms":0.0018469545401713964,"accepted":true,"wall_s":3.158869504928589}
{"iteration":8,"score":80.4319029655051,"best":80.4319029655051,"gradient_rms":15.588443653110081,"update_rms":0.0027872740463081554,"accepted":true,"wall_s":3.4330742843449116}
{"iteration":9,"score":80.61454751322363,"best":80.61454751322363,"gradient_rms":10.807065751971669,"update_rms":0.0027251119411615793,"accepted":true,"wall_s":3.448829013854265}
{"iteration":10,"score":80.72674794212813,"best":80.72674794212813,"gradient_rms":1.9489513515729882,"update_rms":0.0020326173616187363,"accepted":true,"wall_s":3.4582601189613342}
{"iteration":11,"score":80.76393005037286,"best":80.76393005037286,"gradient_rms":2.856941696082002,"update_rms":0.001576237374863342,"accepted":true,"wall_s":3.4543607644736767}
{"iteration":12,"score":80.79595952131739,"best":80.79595952131739,"gradient_rms":5.7875205133187775,"update_rms":0.0017384314725748969,"accepted":true,"wall_s":3.1712698861956596}
{"iteration":13,"score":80.72979753701883,"best":80.79595952131739,"gradient_rms":6.793623817681995,"update_rms":0.002117721206480029,"accepted":true,"wall_s":3.1695925183594227}
{"iteration":14,"score":80.88272910609597,"best":80.88272910609597,"gradient_rms":5.761004119776747,"update_rms":0.0019547039674004904,"accepted":true,"wall_s":3.4619820527732372}
{"iteration":15,"score":80.87431920841414,"best":80.88272910609597,"gradient_rms":7.308723029475891,"update_rms":0.002122707338439861,"accepted":true,"wall_s":3.1719277985394}
{"iteration":16,"score":80.99152181127407,"best":80.99152181127407,"gradient_rms":5.751353469391774,"update_rms":0.0019382827789896741,"accepted":true,"wall_s":3.336053252220154}
{"iteration":17,"score":80.9846666811065,"best":80.99152181127407,"gradient_rms":18.8915423707461,"update_rms":0.003610537174748124,"accepted":true,"wall_s":3.169714502990246}
{"iteration":18,"score":81.1933400237596,"best":81.1933400237596,"gradient_rms":5.959588200444778,"update_rms":0.0027585429861949856,"accepted":true,"wall_s":3.4518231488764286}
{"iteration":19,"score":81.17204612163951,"best":81.1933400237596,"gradient_rms":18.002204919838796,"update_rms":0.0036709423687064746,"accepted":true,"wall_s":3.448102433234453}
{"iteration":20,"score":81.06522009713971,"best":81.1933400237596,"gradient_rms":8.093806004766815,"update_rms":0.00305548353841757,"accepted":true,"wall_s":3.4559500478208065}
{"iteration":21,"score":81.07617202388292,"best":81.1933400237596,"gradient_rms":7.160292718609708,"update_rms":0.0025414497641502365,"accepted":true,"wall_s":3.1639950424432755}
{"iteration":22,"score":81.11617776323654,"best":81.1933400237596,"gradient_rms":9.926944558912153,"update_rms":0.0027339555398772867,"accepted":true,"wall_s":3.166509225964546}
{"iteration":23,"score":81.08793890844628,"best":81.1933400237596,"gradient_rms":3.6329413125768775,"update_rms":0.002185526211105866,"accepted":true,"wall_s":3.169914584606886}
{"iteration":24,"score":81.15306517478876,"best":81.1933400237596,"gradient_rms":5.883977174024611,"update_rms":0.001906508769423951,"accepted":true,"wall_s":3.1725957579910755}
{"iteration":25,"score":81.15741268424111,"best":81.1933400237596,"gradient_rms":3.1840236811227887,"update_rms":0.0014142976896598955,"accepted":true,"wall_s":3.1769201196730137}
{"iteration":26,"score":81.20676392935779,"best":81.20676392935779,"gradient_rms":8.45132412944224,"update_rms":0.002200987046279183,"accepted":true,"wall_s":3.4705288894474506}
{"iteration":27,"score":81.22705724826044,"best":81.22705724826044,"gradient_rms":3.42325520245806,"update_rms":0.0016383742519878704,"accepted":true,"wall_s":3.4767460487782955}
{"iteration":28,"score":81.23225414019846,"best":81.23225414019846,"gradient_rms":4.259028052027545,"update_rms":0.001554180290472922,"accepted":true,"wall_s":3.464287970215082}
{"iteration":29,"score":81.21747704790408,"best":81.23225414019846,"gradient_rms":2.747138526264113,"update_rms":0.0012545399641550614,"accepted":true,"wall_s":3.191441833972931}
{"iteration":30,"score":81.18779884850376,"best":81.23225414019846,"gradient_rms":7.987890272911751,"update_rms":0.0019889560569351437,"accepted":true,"wall_s":3.1856739707291126}
{"iteration":31,"score":81.3227192324942,"best":81.3227192324942,"gradient_rms":10.637479740784993,"update_rms":0.0026418826023575323,"accepted":true,"wall_s":3.1915767043828964}
{"iteration":32,"score":81.36402890609548,"best":81.36402890609548,"gradient_rms":6.4454100394883405,"update_rms":0.0024720141019788306,"accepted":true,"wall_s":3.47007617354393}
{"iteration":33,"score":81.45978304892309,"best":81.45978304892309,"gradient_rms":10.321643786320314,"update_rms":0.0029493759141007215,"accepted":true,"wall_s":3.470393557101488}
{"iteration":34,"score":81.51616532170226,"best":81.51616532170226,"gradient_rms":5.289198800688046,"update_rms":0.0023896061089197377,"accepted":true,"wall_s":3.463023129850626}
{"iteration":35,"score":81.65176371534854,"best":81.65176371534854,"gradient_rms":13.860953269529569,"update_rms":0.0035217019932847803,"accepted":true,"wall_s":3.4656819440424442}
{"iteration":36,"score":81.78056752922245,"best":81.78056752922245,"gradient_rms":7.973833165939362,"update_rms":0.0031237073722936424,"accepted":true,"wall_s":3.4645540080964565}
{"iteration":37,"score":81.83971521122972,"best":81.83971521122972,"gradient_rms":6.854726801542605,"update_rms":0.0027195272487851307,"accepted":true,"wall_s":3.4722538329660892}
{"iteration":38,"score":81.9212799523392,"best":81.9212799523392,"gradient_rms":8.99796558694415,"update_rms":0.0029047390000735865,"accepted":true,"wall_s":3.467089030891657}
{"iteration":39,"score":81.99012372226376,"best":81.99012372226376,"gradient_rms":7.6031876316398375,"update_rms":0.0027038927154416294,"accepted":true,"wall_s":3.4710079953074455}
{"iteration":40,"score":81.91169034815476,"best":81.99012372226376,"gradient_rms":9.258019489658672,"update_rms":0.002988113749309693,"accepted":true,"wall_s":3.184856493026018}
{"iteration":41,"score":82.15579617823163,"best":82.15579617823163,"gradient_rms":3.7879913553649294,"update_rms":0.0023136268554055676,"accepted":true,"wall_s":3.187734391540289}
{"iteration":42,"score":82.20932831645018,"best":82.20932831645018,"gradient_rms":5.372784271990062,"update_rms":0.001983003438926668,"accepted":true,"wall_s":3.4663561917841434}
{"iteration":43,"score":82.2776544851415,"best":82.2776544851415,"gradient_rms":8.54572850645767,"update_rms":0.0024564349581940796,"accepted":true,"wall_s":3.192468125373125}
{"iteration":44,"score":82.46827055173118,"best":82.46827055173118,"gradient_rms":14.63585066489235,"update_rms":0.004056847230867606,"accepted":true,"wall_s":3.475330237299204}
{"iteration":45,"score":82.61863039032718,"best":82.61863039032718,"gradient_rms":9.215184917576373,"update_rms":0.0035529952342098297,"accepted":true,"wall_s":3.481519438326359}
{"iteration":46,"score":82.76342659434545,"best":82.76342659434545,"gradient_rms":9.332703141425085,"update_rms":0.0032959042564679004,"accepted":true,"wall_s":3.4754154570400715}
{"iteration":47,"score":82.86740161654811,"best":82.86740161654811,"gradient_rms":3.6710669085822287,"update_rms":0.0024781950381787383,"accepted":true,"wall_s":3.469422247260809}
{"iteration":48,"score":82.97540557198312,"best":82.97540557198312,"gradient_rms":10.281097302796864,"update_rms":0.0030621733389971303,"accepted":true,"wall_s":3.4736737944185734}
{"iteration":49,"score":83.09433904316991,"best":83.09433904316991,"gradient_rms":12.821578289935738,"update_rms":0.0038858522552749973,"accepted":true,"wall_s":3.4694133289158344}
{"iteration":50,"score":83.18451864408217,"best":83.18451864408217,"gradient_rms":4.80727351010956,"update_rms":0.003046191218275348,"accepted":true,"wall_s":3.1901412792503834}
{"iteration":51,"score":83.29594790087418,"best":83.29594790087418,"gradient_rms":11.483845431327978,"update_rms":0.0032891443874476663,"accepted":true,"wall_s":3.4653052277863026}
{"iteration":52,"score":83.43524218852833,"best":83.43524218852833,"gradient_rms":6.296612582828575,"update_rms":0.0028825012617245595,"accepted":true,"wall_s":3.4640979059040546}
{"iteration":53,"score":83.61184702083418,"best":83.61184702083418,"gradient_rms":14.381718904972455,"update_rms":0.00394657732517804,"accepted":true,"wall_s":3.4690542928874493}
{"iteration":54,"score":83.83959402706733,"best":83.83959402706733,"gradient_rms":14.041527572168562,"update_rms":0.004161343767726674,"accepted":true,"wall_s":3.185281828045845}
{"iteration":55,"score":83.93083850904272,"best":83.93083850904272,"gradient_rms":3.3978390198105632,"update_rms":0.003108555625682963,"accepted":true,"wall_s":3.1809126771986485}
{"iteration":56,"score":84.11713628787359,"best":84.11713628787359,"gradient_rms":9.58288502366403,"update_rms":0.0031837718715812,"accepted":true,"wall_s":3.176357999444008}
{"iteration":57,"score":84.44768098034591,"best":84.44768098034591,"gradient_rms":8.906723625259481,"update_rms":0.0031047869766012643,"accepted":true,"wall_s":3.1789539270102978}
{"iteration":58,"score":84.46368357718737,"best":84.46368357718737,"gradient_rms":7.276820120741096,"update_rms":0.002794511910554729,"accepted":true,"wall_s":3.1752555705606937}
{"iteration":59,"score":84.55589498705615,"best":84.55589498705615,"gradient_rms":17.927149547298765,"update_rms":0.004670555623848529,"accepted":true,"wall_s":3.066244162619114}
{"iteration":60,"score":84.8295416124813,"best":84.8295416124813,"gradient_rms":18.85435987789882,"update_rms":0.005591531263081593,"accepted":true,"wall_s":3.456499394029379}
{"iteration":61,"score":84.94236212458065,"best":84.94236212458065,"gradient_rms":12.064577612769934,"update_rms":0.004781333551440342,"accepted":true,"wall_s":3.17953360080719}
{"iteration":62,"score":85.03164265335707,"best":85.03164265335707,"gradient_rms":9.578171412354166,"update_rms":0.004146577356086139,"accepted":true,"wall_s":3.174390021711588}
{"iteration":63,"score":85.01708810078343,"best":85.03164265335707,"gradient_rms":13.709874670875884,"update_rms":0.004136259818039498,"accepted":true,"wall_s":3.1784294955432415}
{"iteration":64,"score":85.07658524795981,"best":85.07658524795981,"gradient_rms":5.939678401945362,"update_rms":0.0032709903339870477,"accepted":true,"wall_s":3.4583288952708244}
{"iteration":65,"score":85.0765852479598,"best":85.07658524795981,"gradient_rms":89.0949002395326,"update_rms":0.0,"accepted":false,"wall_s":2.2482465878129005}
{"iteration":66,"score":85.13347719852996,"best":85.13347719852996,"gradient_rms":6.6078404720447,"update_rms":0.0027855749998147348,"accepted":true,"wall_s":3.178147941827774}
{"iteration":67,"score":85.22590151182536,"best":85.22590151182536,"gradient_rms":9.258773878417129,"update_rms":0.002878695373322763,"accepted":true,"wall_s":3.177539337426424}
{"iteration":68,"score":85.28080453347376,"best":85.28080453347376,"gradient_rms":40.68612189304937,"update_rms":0.008109465900497154,"accepted":true,"wall_s":3.463194355368614}
{"iteration":69,"score":85.36321046896225,"best":85.36321046896225,"gradient_rms":9.178546980029417,"update_rms":0.006137043627644688,"accepted":true,"wall_s":3.4559878036379814}
{"iteration":70,"score":85.38192543192497,"best":85.38192543192497,"gradient_rms":15.457605801225231,"update_rms":0.005577637776069097,"accepted":true,"wall_s":3.4460919313132763}
{"iteration":71,"score":85.3546520949235,"best":85.38192543192497,"gradient_rms":3.990776974823815,"update_rms":0.0040203247004495495,"accepted":true,"wall_s":3.448101684451103}
{"iteration":72,"score":85.3715227042199,"best":85.38192543192497,"gradient_rms":9.118920253839915,"update_rms":0.0035239296679645533,"accepted":true,"wall_s":3.4522822611033916}
{"iteration":73,"score":85.37116119903251,"best":85.38192543192497,"gradient_rms":8.412460460075277,"update_rms":0.0031191622263835573,"accepted":true,"wall_s":3.447416353970766}
{"iteration":74,"score":85.29643840972636,"best":85.38192543192497,"gradient_rms":7.229446630503961,"update_rms":0.0026596417258794485,"accepted":true,"wall_s":3.1653303056955338}
{"iteration":75,"score":85.40242128520119,"best":85.40242128520119,"gradient_rms":5.2567808538442335,"update_rms":0.0021773562208777628,"accepted":true,"wall_s":3.1788203828036785}
{"iteration":76,"score":85.38519486178976,"best":85.40242128520119,"gradient_rms":2.679005632047329,"update_rms":0.0016595995520658619,"accepted":true,"wall_s":3.1722514629364014}
{"iteration":77,"score":85.31911792204505,"best":85.40242128520119,"gradient_rms":6.893933599264757,"update_rms":0.0019221625491660703,"accepted":true,"wall_s":3.176824424415827}
{"iteration":78,"score":85.49359203315102,"best":85.49359203315102,"gradient_rms":12.166153555787595,"update_rms":0.003069220556049721,"accepted":true,"wall_s":3.456637494266033}
{"iteration":79,"score":85.55736447823753,"best":85.55736447823753,"gradient_rms":1.758886833725031,"update_rms":0.0021544298297106706,"accepted":true,"wall_s":3.4575683921575546}
{"iteration":80,"score":85.6558949065489,"best":85.6558949065489,"gradient_rms":9.603294849341653,"update_rms":0.002656890331770313,"accepted":true,"wall_s":3.4568688087165356}
{"iteration":81,"score":85.68397057051564,"best":85.68397057051564,"gradient_rms":8.330850573203533,"update_rms":0.002727922064304078,"accepted":true,"wall_s":3.1768657602369785}
{"iteration":82,"score":85.63231460075077,"best":85.68397057051564,"gradient_rms":4.342311264578174,"update_rms":0.002067204283143742,"accepted":true,"wall_s":3.1835604198276997}
{"iteration":83,"score":85.67850207845854,"best":85.68397057051564,"gradient_rms":6.52796885579338,"update_rms":0.0020986972076484263,"accepted":true,"wall_s":3.0863063782453537}
{"iteration":84,"score":85.77351388024178,"best":85.77351388024178,"gradient_rms":7.1365378005860345,"update_rms":0.002271801630806423,"accepted":true,"wall_s":3.1985053569078445}
{"iteration":85,"score":85.80199332822525,"best":85.80199332822525,"gradient_rms":1.9794844408847196,"update_rms":0.0016717599707744577,"accepted":true,"wall_s":3.2351906560361385}
{"iteration":86,"score":85.80696070479135,"best":85.80696070479135,"gradient_rms":4.055911645625625,"update_rms":0.0014874422602789746,"accepted":true,"wall_s":3.2306516841053963}
{"iteration":87,"score":85.83875376082433,"best":85.83875376082433,"gradient_rms":6.4770966896332,"update_rms":0.001880794207480719,"accepted":true,"wall_s":3.190808977931738}
{"iteration":88,"score":85.8615827835307,"best":85.8615827835307,"gradient_rms":5.713136662631445,"update_rms":0.0019690407612059794,"accepted":true,"wall_s":3.1828030087053776}
{"iteration":89,"score":85.91181197942822,"best":85.91181197942822,"gradient_rms":22.318226523287755,"update_rms":0.005238562129377704,"accepted":true,"wall_s":3.5375048629939556}
{"iteration":90,"score":85.89840213506926,"best":85.91181197942822,"gradient_rms":5.230883094001747,"update_rms":0.003863990666245487,"accepted":true,"wall_s":3.4795033633708954}
{"iteration":91,"score":85.84381291263297,"best":85.91181197942822,"gradient_rms":0.9292510321518461,"update_rms":0.0027265794917520785,"accepted":true,"wall_s":3.1902856342494488}
{"iteration":92,"score":85.92721279143674,"best":85.92721279143674,"gradient_rms":12.559107988369734,"update_rms":0.0036453717895417598,"accepted":true,"wall_s":3.468785773962736}
{"iteration":93,"score":86.00255032945321,"best":86.00255032945321,"gradient_rms":6.0451232356999425,"update_rms":0.0028418488011916158,"accepted":true,"wall_s":3.4604864232242107}
{"iteration":94,"score":86.034803431824,"best":86.034803431824,"gradient_rms":7.553683719779794,"update_rms":0.0027090493349140564,"accepted":true,"wall_s":3.4671541079878807}
{"iteration":95,"score":85.99105134096186,"best":86.034803431824,"gradient_rms":5.633729494483064,"update_rms":0.0022421195713621172,"accepted":true,"wall_s":3.192955832928419}
{"iteration":96,"score":86.0417482950193,"best":86.0417482950193,"gradient_rms":2.411028437309118,"update_rms":0.0016946427854023182,"accepted":true,"wall_s":3.0865581557154655}
{"iteration":97,"score":86.0721637664979,"best":86.0721637664979,"gradient_rms":3.158398860135953,"update_rms":0.0014432395546297272,"accepted":true,"wall_s":3.078993644565344}
{"iteration":98,"score":86.09566857258041,"best":86.09566857258041,"gradient_rms":9.015547810242055,"update_rms":0.0022978469844115047,"accepted":true,"wall_s":3.1945008151233196}
{"iteration":99,"score":86.0984993869769,"best":86.0984993869769,"gradient_rms":4.224976021615454,"update_rms":0.0018490379849462437,"accepted":true,"wall_s":3.0818470157682896}
{"iteration":100,"score":86.17472924388525,"best":86.17472924388525,"gradient_rms":3.924402126559342,"update_rms":0.0015982505207007974,"accepted":true,"wall_s":3.114606559276581}
{
  "status": "ok",
  "stop_reason": "completed_iterations",
  "initial_score": 80.38668301743232,
  "final_score": 86.17472924388525,
  "best_score": 86.17472924388525,
  "best_iteration": 100,
  "completed_iterations": 100,
  "completed_adam_steps": 99,
  "completed_optimizer_steps": 99,
  "total_wall_s": 332.0882844887674,
  "initial_decode_wall_s": 2.3234870806336403,
  "initial_score_wall_s": 1.133883710950613,
  "mean_iteration_wall_s": 3.3200091552361846,
  "manifest": {
    "algorithm": "adam_with_query_batched_local_gradient",
    "optimizer": "adam",
    "parameter_space": "latent",
    "gradient_objective": "dynamic local full-density score with coordinate and maximum-surface-selection derivatives omitted",
    "formal_objective": "complete native QH score for every accepted center",
    "initial_case": "/home/scc/pb24511935/local_surface_evaluator/runs/summary1_review2_20260824/flow_pairs/cases/case_03.json",
    "initial_case_sha256": "52255e4b62755da1060072f244c9b30cf55826b3f4a6fb13ed1067edbe4f0178",
    "checkpoint": "/home/scc/pb24511935/local_surface_evaluator/runs/qh_flow_physical_lr_longselect_20260729/lr_3em4/checkpoint_latest.pt",
    "checkpoint_sha256": "39a3293a459e248a0d1ec062607a1a467128b14d8ca973aadd82e113532ab99f",
    "native_lib": "/home/scc/pb24511935/local_surface_evaluator/runs/summary1_review2_20260824/build_native/libstellarator_gpu.so",
    "native_lib_sha256": "7d3784e02172f5c3130bcf085efa8120dc059d5007daa4b18680edd97b077f94",
    "nfp": 4,
    "n_base_coils": 4,
    "iterations": 100,
    "max_wall_s": 4200.0,
    "flow": {
      "method": "rk4",
      "steps": 128,
      "dtype": "fp32",
      "use": "every gradient endpoint and accepted center"
    },
    "flow_pipeline": true,
    "coordinate_gradient": {
      "dimension": 400,
      "mode": "random-orthogonal",
      "random_directions": 2,
      "endpoint_count": 4,
      "perturbation": 0.005,
      "difference": "centered",
      "psi_grid": 48,
      "psi_iterations": 4,
      "alpha_iterations": 4,
      "formal_surface_theta_count": 128,
      "local_surface_theta_count": 64
    },
    "adam": {
      "learning_rate": 0.01,
      "beta1": 0.7,
      "beta2": 0.999,
      "epsilon": 1e-08,
      "weight_decay": 0.0
    },
    "bfgs": {
      "initial_trust_rms": 0.01,
      "min_trust_rms": 1e-05,
      "max_trust_rms": 0.05,
      "trust_growth": 1.2,
      "trust_shrink": 0.5,
      "min_improvement": 0.0
    },
    "seed": 2026082503,
    "axis_policy": "initial global search, then strict mixed-precision continuation",
    "devices": {
      "flow": 0,
      "score": 0
    },
    "initial_metadata_keys": [
      "flow_prior_screening",
      "nfp",
      "raw"
    ]
  }
}
{"iteration":1,"score":81.21367567656436,"best":81.21367567656436,"gradient_rms":52.268512829743216,"update_rms":0.009999999988039077,"accepted":true,"wall_s":2.3147013410925865}
{"iteration":2,"score":81.62182310449072,"best":81.62182310449072,"gradient_rms":24.174330691445963,"update_rms":0.0069016090877021515,"accepted":true,"wall_s":2.3118599355220795}
{"iteration":3,"score":81.84389329646406,"best":81.84389329646406,"gradient_rms":8.912678717723052,"update_rms":0.004966323518845624,"accepted":true,"wall_s":2.4339130520820618}
{"iteration":4,"score":83.18664795366826,"best":83.18664795366826,"gradient_rms":72.70696100404761,"update_rms":0.006130284445294445,"accepted":true,"wall_s":2.295720651745796}
{"iteration":5,"score":84.3339089693827,"best":84.3339089693827,"gradient_rms":76.61749344092584,"update_rms":0.006046302960348948,"accepted":true,"wall_s":2.293269619345665}
{"iteration":6,"score":85.20708744315341,"best":85.20708744315341,"gradient_rms":36.1201711910227,"update_rms":0.005117979332989338,"accepted":true,"wall_s":2.2927195094525814}
{"iteration":7,"score":85.8404832836616,"best":85.8404832836616,"gradient_rms":66.62694370410149,"update_rms":0.005048765334981243,"accepted":true,"wall_s":2.294171240180731}
{"iteration":8,"score":86.32386611010409,"best":86.32386611010409,"gradient_rms":54.71854343142368,"update_rms":0.0049760199114281456,"accepted":true,"wall_s":2.3050547093153}
{"iteration":9,"score":86.89182542115473,"best":86.89182542115473,"gradient_rms":86.52621155182176,"update_rms":0.005259968535072354,"accepted":true,"wall_s":2.2964346297085285}
{"iteration":10,"score":86.87700326553775,"best":86.89182542115473,"gradient_rms":112.71243977803874,"update_rms":0.005857698040421786,"accepted":true,"wall_s":2.2914015762507915}
{"iteration":11,"score":85.64040454736532,"best":86.89182542115473,"gradient_rms":34.111789676084804,"update_rms":0.004550995938902564,"accepted":true,"wall_s":2.291329614818096}
{"iteration":12,"score":84.36903540711464,"best":86.89182542115473,"gradient_rms":42.00465992721087,"update_rms":0.003869238489007246,"accepted":true,"wall_s":2.289964571595192}
{"iteration":13,"score":83.52960171478337,"best":86.89182542115473,"gradient_rms":46.46495908202174,"update_rms":0.0036935654677972642,"accepted":true,"wall_s":2.2921732924878597}
{"iteration":14,"score":83.38830269161629,"best":86.89182542115473,"gradient_rms":77.87858575447555,"update_rms":0.004474345978288608,"accepted":true,"wall_s":2.0145087242126465}
{"iteration":15,"score":83.49781607382187,"best":86.89182542115473,"gradient_rms":39.115711769989666,"update_rms":0.003917397652340722,"accepted":true,"wall_s":2.293205924332142}
{"iteration":16,"score":84.51666499550568,"best":86.89182542115473,"gradient_rms":130.60404118231278,"update_rms":0.005968073417529141,"accepted":true,"wall_s":2.292166255414486}
{"iteration":17,"score":85.19435381883463,"best":86.89182542115473,"gradient_rms":117.93328393663985,"update_rms":0.006329234507272796,"accepted":true,"wall_s":2.2930006571114063}
{"iteration":18,"score":85.63394850258514,"best":86.89182542115473,"gradient_rms":49.282292542722075,"update_rms":0.005000231727144238,"accepted":true,"wall_s":2.2918794713914394}
{"iteration":19,"score":86.44847932963819,"best":86.89182542115473,"gradient_rms":110.89733669170406,"update_rms":0.005579125570555484,"accepted":true,"wall_s":2.2928121238946915}
{"iteration":20,"score":86.27657417276332,"best":86.89182542115473,"gradient_rms":66.52502752483208,"update_rms":0.004873541109293607,"accepted":true,"wall_s":2.293393239378929}
{"iteration":21,"score":85.39263707206463,"best":86.89182542115473,"gradient_rms":44.438664159838204,"update_rms":0.004044150629075037,"accepted":true,"wall_s":2.2478312887251377}
{"iteration":22,"score":84.05398022369094,"best":86.89182542115473,"gradient_rms":18.056635608749936,"update_rms":0.003090452856503102,"accepted":true,"wall_s":1.926192283630371}
{"iteration":23,"score":83.75066713010622,"best":86.89182542115473,"gradient_rms":55.4221893468809,"update_rms":0.00329649145100525,"accepted":true,"wall_s":2.2039357237517834}
{"iteration":24,"score":83.93544653283578,"best":86.89182542115473,"gradient_rms":93.01134317576059,"update_rms":0.004487793058654456,"accepted":true,"wall_s":2.202892679721117}
{"iteration":25,"score":85.00609012597538,"best":86.89182542115473,"gradient_rms":107.87179990681852,"update_rms":0.005294296298000218,"accepted":true,"wall_s":2.202880386263132}
{"iteration":26,"score":86.2216705533128,"best":86.89182542115473,"gradient_rms":107.14402018447092,"update_rms":0.005572282114700332,"accepted":true,"wall_s":2.2552870884537697}
{"iteration":27,"score":86.53541608475788,"best":86.89182542115473,"gradient_rms":94.97126944437824,"update_rms":0.005463028655962136,"accepted":true,"wall_s":2.2992046363651752}
{"iteration":28,"score":86.35030695303789,"best":86.89182542115473,"gradient_rms":96.21261031538636,"update_rms":0.005422130773215497,"accepted":true,"wall_s":2.2926399931311607}
{"iteration":29,"score":85.9328936000144,"best":86.89182542115473,"gradient_rms":57.712178233576395,"update_rms":0.004456330600327638,"accepted":true,"wall_s":2.2929937802255154}
{"iteration":30,"score":85.55119170324355,"best":86.89182542115473,"gradient_rms":56.57156223273415,"update_rms":0.003826860917215665,"accepted":true,"wall_s":2.293051790446043}
{"iteration":31,"score":85.02577556632546,"best":86.89182542115473,"gradient_rms":2.4465272384189665,"update_rms":0.002733711813321589,"accepted":true,"wall_s":2.0159322395920753}
{"iteration":32,"score":84.88237558259733,"best":86.89182542115473,"gradient_rms":32.832179497052536,"update_rms":0.002372743014723182,"accepted":true,"wall_s":2.2941212505102158}
{"iteration":33,"score":84.71693816789306,"best":86.89182542115473,"gradient_rms":25.508578936879324,"update_rms":0.002007511653402607,"accepted":true,"wall_s":2.2936402037739754}
{"iteration":34,"score":84.68615504580774,"best":86.89182542115473,"gradient_rms":39.245756615497186,"update_rms":0.0021806686441886046,"accepted":true,"wall_s":2.2953905798494816}
{"iteration":35,"score":84.90092534356373,"best":86.89182542115473,"gradient_rms":39.7355101668972,"update_rms":0.002338955378666247,"accepted":true,"wall_s":2.293115720152855}
{"iteration":36,"score":85.48826309911892,"best":86.89182542115473,"gradient_rms":78.09132226962515,"update_rms":0.003768248890587242,"accepted":true,"wall_s":2.292685065418482}
{"iteration":37,"score":85.78603946517852,"best":86.89182542115473,"gradient_rms":34.704086866616386,"update_rms":0.0031325046728351708,"accepted":true,"wall_s":2.2956774309277534}
{"iteration":38,"score":85.83001838401339,"best":86.89182542115473,"gradient_rms":10.166951538849744,"update_rms":0.0022578070066875196,"accepted":true,"wall_s":2.4072209522128105}
{"iteration":39,"score":85.97704641796656,"best":86.89182542115473,"gradient_rms":61.218486580633055,"update_rms":0.003071810134335535,"accepted":true,"wall_s":2.2943463288247585}
{"iteration":40,"score":85.80596424720652,"best":86.89182542115473,"gradient_rms":28.067496322741587,"update_rms":0.0025985462152932565,"accepted":true,"wall_s":2.296043537557125}
{"iteration":41,"score":86.3929522379606,"best":86.89182542115473,"gradient_rms":70.42101725341765,"update_rms":0.0035613473754805658,"accepted":true,"wall_s":2.2500226125121117}
{"iteration":42,"score":86.69327750406444,"best":86.89182542115473,"gradient_rms":22.31724184069486,"update_rms":0.0027326994657086603,"accepted":true,"wall_s":2.2050531022250652}
{"iteration":43,"score":86.87897817944088,"best":86.89182542115473,"gradient_rms":19.898551608473305,"update_rms":0.0021398426169047875,"accepted":true,"wall_s":2.2058775760233402}
{"iteration":44,"score":87.03661158842736,"best":87.03661158842736,"gradient_rms":29.280713093156933,"update_rms":0.0020431557105504315,"accepted":true,"wall_s":2.2077190466225147}
{"iteration":45,"score":87.17050237089744,"best":87.17050237089744,"gradient_rms":36.22432191690762,"update_rms":0.0020774926555114257,"accepted":true,"wall_s":2.2199054695665836}
{"iteration":46,"score":87.27543492764707,"best":87.27543492764707,"gradient_rms":50.80742803143015,"update_rms":0.002823583205107576,"accepted":true,"wall_s":2.206409513950348}
{"iteration":47,"score":87.33518472992667,"best":87.33518472992667,"gradient_rms":38.5458917290761,"update_rms":0.0027007250004429263,"accepted":true,"wall_s":2.2067291289567947}
{"iteration":48,"score":87.83865358087492,"best":87.83865358087492,"gradient_rms":77.41177412651304,"update_rms":0.004043464735738801,"accepted":true,"wall_s":2.206181649118662}
{"iteration":49,"score":88.1730893855214,"best":88.1730893855214,"gradient_rms":53.66574543765321,"update_rms":0.003947663095713009,"accepted":true,"wall_s":2.21105744689703}
{"iteration":50,"score":87.98751566567753,"best":88.1730893855214,"gradient_rms":28.002628938600086,"update_rms":0.0032250352354127754,"accepted":true,"wall_s":2.2032106146216393}
{"iteration":51,"score":87.80703542690775,"best":88.1730893855214,"gradient_rms":35.265868315822246,"update_rms":0.0027745583855708802,"accepted":true,"wall_s":1.9328117929399014}
{"iteration":52,"score":88.24114592005397,"best":88.24114592005397,"gradient_rms":96.12833799484508,"update_rms":0.004922681034362306,"accepted":true,"wall_s":2.211660049855709}
{"iteration":53,"score":88.10616738017227,"best":88.24114592005397,"gradient_rms":7.457388279692886,"update_rms":0.00351295476172607,"accepted":true,"wall_s":2.203055314719677}
{"iteration":54,"score":87.79669736413561,"best":88.24114592005397,"gradient_rms":12.192958105293416,"update_rms":0.0026013164096934755,"accepted":true,"wall_s":2.2048403546214104}
{"iteration":55,"score":87.50535788653087,"best":88.24114592005397,"gradient_rms":16.61386030922409,"update_rms":0.002019850239433615,"accepted":true,"wall_s":2.202613204717636}
{"iteration":56,"score":87.43893677795695,"best":88.24114592005397,"gradient_rms":46.847675546378326,"update_rms":0.0026184160843383203,"accepted":true,"wall_s":2.204608552157879}
{"iteration":57,"score":87.74764689021248,"best":88.24114592005397,"gradient_rms":93.99211680889071,"update_rms":0.004894812912980189,"accepted":true,"wall_s":2.2372821904718876}
{"iteration":58,"score":87.46987663399561,"best":88.24114592005397,"gradient_rms":19.268302117130773,"update_rms":0.003661672292709258,"accepted":true,"wall_s":2.203369241207838}
{"iteration":59,"score":87.61786849584857,"best":88.24114592005397,"gradient_rms":73.23127055610293,"update_rms":0.0043481202666339714,"accepted":true,"wall_s":2.024957340210676}
{"iteration":60,"score":87.93222626358244,"best":88.24114592005397,"gradient_rms":52.630303508333526,"update_rms":0.003970703934123878,"accepted":true,"wall_s":2.2025536075234413}
{"iteration":61,"score":87.91878764805429,"best":88.24114592005397,"gradient_rms":10.549139489974046,"update_rms":0.002845199309241375,"accepted":true,"wall_s":2.202357195317745}
{"iteration":62,"score":87.97178189362717,"best":88.24114592005397,"gradient_rms":24.136949298561532,"update_rms":0.002351677365375928,"accepted":true,"wall_s":2.2015417739748955}
{"iteration":63,"score":88.10871478939589,"best":88.24114592005397,"gradient_rms":42.66966214486593,"update_rms":0.0027909533763495723,"accepted":true,"wall_s":2.2030095495283604}
{"iteration":64,"score":88.2589874495393,"best":88.2589874495393,"gradient_rms":30.40270995228612,"update_rms":0.0023983843988576344,"accepted":true,"wall_s":2.2486551217734814}
{"iteration":65,"score":88.29541935575995,"best":88.29541935575995,"gradient_rms":5.294421614763923,"update_rms":0.0017203709591869618,"accepted":true,"wall_s":2.292670451104641}
{"iteration":66,"score":88.28320695914375,"best":88.29541935575995,"gradient_rms":12.768758839279718,"update_rms":0.0013814966576805839,"accepted":true,"wall_s":2.294491235166788}
{"iteration":67,"score":88.2972140403718,"best":88.2972140403718,"gradient_rms":3.9103663657530583,"update_rms":0.0009904080634004987,"accepted":true,"wall_s":2.3587633445858955}
{"iteration":68,"score":88.0909333659885,"best":88.2972140403718,"gradient_rms":41.87940777683833,"update_rms":0.002333061361957217,"accepted":true,"wall_s":2.303372085094452}
{"iteration":69,"score":87.8343420093398,"best":88.2972140403718,"gradient_rms":27.28358969381932,"update_rms":0.00219381199454726,"accepted":true,"wall_s":2.257848273962736}
{"iteration":70,"score":87.7248492647099,"best":88.2972140403718,"gradient_rms":12.11269130084843,"update_rms":0.001658032066927294,"accepted":true,"wall_s":2.0892330445349216}
{"iteration":71,"score":87.68826442804227,"best":88.2972140403718,"gradient_rms":19.84306870642196,"update_rms":0.001623641782148126,"accepted":true,"wall_s":2.204165194183588}
{"iteration":72,"score":87.80276206162004,"best":88.2972140403718,"gradient_rms":38.356385753094834,"update_rms":0.002349142924317249,"accepted":true,"wall_s":2.204074501991272}
{"iteration":73,"score":87.96277001153825,"best":88.2972140403718,"gradient_rms":45.433115499539475,"update_rms":0.0029715818777722256,"accepted":true,"wall_s":2.2026816308498383}
{"iteration":74,"score":87.90444800965997,"best":88.2972140403718,"gradient_rms":11.943514495410097,"update_rms":0.002225370044877491,"accepted":true,"wall_s":2.2014038413763046}
{"iteration":75,"score":87.81121411829075,"best":88.2972140403718,"gradient_rms":19.79261738424648,"update_rms":0.0018578587052462024,"accepted":true,"wall_s":2.203115325421095}
{"iteration":76,"score":87.74137222491882,"best":88.2972140403718,"gradient_rms":14.9502201927397,"update_rms":0.0015906170787048863,"accepted":true,"wall_s":2.202039711177349}
{"iteration":77,"score":88.0126438451542,"best":88.2972140403718,"gradient_rms":68.06143550124587,"update_rms":0.0038522500068140235,"accepted":true,"wall_s":1.9241839572787285}
{"iteration":78,"score":88.07958738118506,"best":88.2972140403718,"gradient_rms":49.99208066605017,"update_rms":0.0039003936866823193,"accepted":true,"wall_s":2.2032394036650658}
{"iteration":79,"score":87.82951079077701,"best":88.2972140403718,"gradient_rms":39.121315486296695,"update_rms":0.0033444523966548343,"accepted":true,"wall_s":2.438425701111555}
{"iteration":80,"score":87.86557181482341,"best":88.2972140403718,"gradient_rms":88.69912687070487,"update_rms":0.005121009423617477,"accepted":true,"wall_s":2.201451387256384}
{"iteration":81,"score":87.058944272571,"best":88.2972140403718,"gradient_rms":16.49379513136758,"update_rms":0.003739577645174794,"accepted":true,"wall_s":2.2028930969536304}
{"iteration":82,"score":86.44718381093895,"best":88.2972140403718,"gradient_rms":47.97957668353359,"update_rms":0.0038330098974654727,"accepted":true,"wall_s":2.2015683837234974}
{"iteration":83,"score":85.96777626091418,"best":88.2972140403718,"gradient_rms":45.34203808663576,"update_rms":0.003776195066818134,"accepted":true,"wall_s":1.9242293499410152}
{"iteration":84,"score":86.64404850594192,"best":88.2972140403718,"gradient_rms":106.90912198359707,"update_rms":0.006018281941749682,"accepted":true,"wall_s":2.0880819112062454}
{"iteration":85,"score":86.75832728178449,"best":88.2972140403718,"gradient_rms":124.11578704470887,"update_rms":0.007488197546890614,"accepted":true,"wall_s":2.2017068341374397}
{"iteration":86,"score":85.19510267683395,"best":88.2972140403718,"gradient_rms":21.519503798860292,"update_rms":0.005406014156184357,"accepted":true,"wall_s":2.202156223356724}
{"iteration":87,"score":84.74491508793795,"best":88.2972140403718,"gradient_rms":114.48539615608472,"update_rms":0.006712358909312118,"accepted":true,"wall_s":2.2014445774257183}
{"iteration":88,"score":84.35942101569125,"best":88.2972140403718,"gradient_rms":89.20123714467118,"update_rms":0.006672578820645929,"accepted":true,"wall_s":2.2021774873137474}
{"iteration":89,"score":83.69866305481662,"best":88.2972140403718,"gradient_rms":34.87417318236694,"update_rms":0.0050442501482815235,"accepted":true,"wall_s":2.2016278728842735}
{"iteration":90,"score":84.62249650602391,"best":88.2972140403718,"gradient_rms":124.78621640485343,"update_rms":0.007008219055658928,"accepted":true,"wall_s":2.201540794223547}
{"iteration":91,"score":84.99166649874772,"best":88.2972140403718,"gradient_rms":58.366309139272325,"update_rms":0.005786420995733955,"accepted":true,"wall_s":2.2029662430286407}
{"iteration":92,"score":85.08136578524419,"best":88.2972140403718,"gradient_rms":24.79169230220428,"update_rms":0.004277600029722328,"accepted":true,"wall_s":2.2014211006462574}
{"iteration":93,"score":85.09086737092946,"best":88.2972140403718,"gradient_rms":24.792126864876288,"update_rms":0.00326151446204948,"accepted":true,"wall_s":2.202521041035652}
{"iteration":94,"score":85.39629155798866,"best":88.2972140403718,"gradient_rms":68.74900348970563,"update_rms":0.004173176756254473,"accepted":true,"wall_s":2.2026336938142776}
{"iteration":95,"score":85.53389355514702,"best":88.2972140403718,"gradient_rms":23.016304872481143,"update_rms":0.0031682106116808838,"accepted":true,"wall_s":2.201888535171747}
{"iteration":96,"score":85.59489330706447,"best":88.2972140403718,"gradient_rms":27.726235530990984,"update_rms":0.0026653900273623738,"accepted":true,"wall_s":2.2462767735123634}
{"iteration":97,"score":85.83408950121544,"best":88.2972140403718,"gradient_rms":50.1351191255339,"update_rms":0.0031608463148192346,"accepted":true,"wall_s":2.2907138876616955}
{"iteration":98,"score":86.0309193003213,"best":88.2972140403718,"gradient_rms":27.9269032248524,"update_rms":0.0025980078294395937,"accepted":true,"wall_s":2.2911725752055645}
{"iteration":99,"score":86.13702314329792,"best":88.2972140403718,"gradient_rms":21.822745129821886,"update_rms":0.002235745323680135,"accepted":true,"wall_s":2.016259290277958}
{"iteration":100,"score":86.65197349326866,"best":88.2972140403718,"gradient_rms":77.64812478733482,"update_rms":0.004266444092260226,"accepted":true,"wall_s":2.247410550713539}
{
  "status": "ok",
  "stop_reason": "completed_iterations",
  "initial_score": 80.39825892319097,
  "final_score": 86.65197349326866,
  "best_score": 88.2972140403718,
  "best_iteration": 67,
  "completed_iterations": 100,
  "completed_adam_steps": 100,
  "completed_optimizer_steps": 100,
  "total_wall_s": 222.78160395100713,
  "initial_decode_wall_s": 1.4924654476344585,
  "initial_score_wall_s": 0.9020691625773907,
  "mean_iteration_wall_s": 2.2268609385937452,
  "manifest": {
    "algorithm": "adam_with_query_batched_local_gradient",
    "optimizer": "adam",
    "parameter_space": "data",
    "gradient_objective": "dynamic local full-density score with coordinate and maximum-surface-selection derivatives omitted",
    "formal_objective": "complete native QH score for every accepted center",
    "initial_case": "/home/scc/pb24511935/local_surface_evaluator/runs/summary1_review2_20260824/flow_pairs/cases/case_03.json",
    "initial_case_sha256": "52255e4b62755da1060072f244c9b30cf55826b3f4a6fb13ed1067edbe4f0178",
    "checkpoint": "/home/scc/pb24511935/local_surface_evaluator/runs/qh_flow_physical_lr_longselect_20260729/lr_3em4/checkpoint_latest.pt",
    "checkpoint_sha256": "39a3293a459e248a0d1ec062607a1a467128b14d8ca973aadd82e113532ab99f",
    "native_lib": "/home/scc/pb24511935/local_surface_evaluator/runs/summary1_review2_20260824/build_native/libstellarator_gpu.so",
    "native_lib_sha256": "7d3784e02172f5c3130bcf085efa8120dc059d5007daa4b18680edd97b077f94",
    "nfp": 4,
    "n_base_coils": 4,
    "iterations": 100,
    "max_wall_s": 4200.0,
    "flow": {
      "method": "rk4",
      "steps": 128,
      "dtype": "fp32",
      "use": "initial latent-to-coil decode only"
    },
    "flow_pipeline": false,
    "coordinate_gradient": {
      "dimension": 400,
      "mode": "random-orthogonal",
      "random_directions": 2,
      "endpoint_count": 4,
      "perturbation": 0.0025,
      "difference": "centered",
      "psi_grid": 48,
      "psi_iterations": 4,
      "alpha_iterations": 4,
      "formal_surface_theta_count": 128,
      "local_surface_theta_count": 64
    },
    "adam": {
      "learning_rate": 0.01,
      "beta1": 0.7,
      "beta2": 0.999,
      "epsilon": 1e-08,
      "weight_decay": 0.0
    },
    "bfgs": {
      "initial_trust_rms": 0.01,
      "min_trust_rms": 1e-05,
      "max_trust_rms": 0.05,
      "trust_growth": 1.2,
      "trust_shrink": 0.5,
      "min_improvement": 0.0
    },
    "seed": 2026082503,
    "axis_policy": "initial global search, then strict mixed-precision continuation",
    "devices": {
      "flow": 0,
      "score": 0
    },
    "initial_metadata_keys": [
      "flow_prior_screening",
      "nfp",
      "raw"
    ],
    "data_parameterization": {
      "definition": "per-coordinate training-set standardization",
      "physical_mapping": "CoilNormalizer.inverse with canonical current L1/sign",
      "initial_clipped_fraction": 0.0,
      "initial_roundtrip_relative_rms": 8.722992692199965e-14,
      "flow_calls_after_initialization": 0
    }
  }
}
{"iteration":1,"score":75.54602810922259,"best":75.54602810922259,"gradient_rms":4.9000136322044066,"update_rms":0.009999999885341422,"accepted":true,"wall_s":8.72860511019826}
{"iteration":2,"score":75.69652227632011,"best":75.69652227632011,"gradient_rms":16.18647593804035,"update_rms":0.007709572197051771,"accepted":true,"wall_s":3.370879463851452}
{"iteration":3,"score":75.68890988164554,"best":75.69652227632011,"gradient_rms":5.2188811933497075,"update_rms":0.005720014412792095,"accepted":true,"wall_s":3.173234649002552}
{"iteration":4,"score":76.01776989685295,"best":76.01776989685295,"gradient_rms":18.416367549791758,"update_rms":0.005977119487309662,"accepted":true,"wall_s":3.3661390990018845}
{"iteration":5,"score":76.2347318002361,"best":76.2347318002361,"gradient_rms":13.112916983242286,"update_rms":0.005339112953071207,"accepted":true,"wall_s":3.1084826178848743}
{"iteration":6,"score":76.45195981236425,"best":76.45195981236425,"gradient_rms":17.456198819453405,"update_rms":0.005438538046630044,"accepted":true,"wall_s":3.3764965906739235}
{"iteration":7,"score":76.65133376835831,"best":76.65133376835831,"gradient_rms":8.38862067902051,"update_rms":0.004555974842677818,"accepted":true,"wall_s":3.3815597146749496}
{"iteration":8,"score":76.78562327967985,"best":76.78562327967985,"gradient_rms":9.048791444831952,"update_rms":0.003917583803791614,"accepted":true,"wall_s":3.371239934116602}
{"iteration":9,"score":76.95795829558918,"best":76.95795829558918,"gradient_rms":4.3275219863469125,"update_rms":0.003119580376756894,"accepted":true,"wall_s":3.3500579595565796}
{"iteration":10,"score":77.14862501448246,"best":77.14862501448246,"gradient_rms":16.557863961406596,"update_rms":0.0045894103143106916,"accepted":true,"wall_s":3.36373683065176}
{"iteration":11,"score":77.3528316293538,"best":77.3528316293538,"gradient_rms":8.66484041688838,"update_rms":0.004074194095174118,"accepted":true,"wall_s":3.3672123216092587}
{"iteration":12,"score":77.4358060219468,"best":77.4358060219468,"gradient_rms":9.750714151510847,"update_rms":0.004034032439531425,"accepted":true,"wall_s":3.364342112094164}
{"iteration":13,"score":77.56815344105132,"best":77.56815344105132,"gradient_rms":8.313622557449628,"update_rms":0.0036269660867512244,"accepted":true,"wall_s":3.36391768977046}
{"iteration":14,"score":77.67359855670114,"best":77.67359855670114,"gradient_rms":16.318819475676445,"update_rms":0.004638693147399997,"accepted":true,"wall_s":3.368119414895773}
{"iteration":15,"score":77.77560990079067,"best":77.77560990079067,"gradient_rms":2.0923763735051595,"update_rms":0.0033805045382834676,"accepted":true,"wall_s":3.3676560074090958}
{"iteration":16,"score":77.88616172467042,"best":77.88616172467042,"gradient_rms":14.614216933027198,"update_rms":0.0042538825587242896,"accepted":true,"wall_s":3.363254137337208}
{"iteration":17,"score":77.99966735446006,"best":77.99966735446006,"gradient_rms":5.606460287352825,"update_rms":0.0034028264887731763,"accepted":true,"wall_s":3.3623668774962425}
{"iteration":18,"score":78.11760608165673,"best":78.11760608165673,"gradient_rms":14.024862250166128,"update_rms":0.004395367982466759,"accepted":true,"wall_s":3.434224158525467}
{"iteration":19,"score":78.35059136393933,"best":78.35059136393933,"gradient_rms":14.383884768983389,"update_rms":0.004707397823042512,"accepted":true,"wall_s":3.360151294618845}
{"iteration":20,"score":78.52844678239444,"best":78.52844678239444,"gradient_rms":15.781642614093874,"update_rms":0.004898184865478245,"accepted":true,"wall_s":3.364613901823759}
{"iteration":21,"score":78.66571368791026,"best":78.66571368791026,"gradient_rms":8.238199523154142,"update_rms":0.003978337574908582,"accepted":true,"wall_s":3.375306125730276}
{"iteration":22,"score":78.80881896728174,"best":78.80881896728174,"gradient_rms":16.508828481766933,"update_rms":0.004854743870930131,"accepted":true,"wall_s":3.372189223766327}
{"iteration":23,"score":78.94406985405777,"best":78.94406985405777,"gradient_rms":1.7081221073437718,"update_rms":0.003505930819925235,"accepted":true,"wall_s":3.3672655262053013}
{"iteration":24,"score":79.13855139040623,"best":79.13855139040623,"gradient_rms":10.345692393720665,"update_rms":0.0036831176099531883,"accepted":true,"wall_s":3.3716373182833195}
{"iteration":25,"score":79.29866245325313,"best":79.29866245325313,"gradient_rms":12.613071109736804,"update_rms":0.004314346459500471,"accepted":true,"wall_s":3.3645966835319996}
{"iteration":26,"score":79.63281950976055,"best":79.63281950976055,"gradient_rms":26.63460468046239,"update_rms":0.006490206237518509,"accepted":true,"wall_s":3.365453828126192}
{"iteration":27,"score":80.05058678189528,"best":80.05058678189528,"gradient_rms":17.22385375290991,"update_rms":0.005895901725622628,"accepted":true,"wall_s":3.3618710711598396}
{"iteration":28,"score":80.56335461878028,"best":80.56335461878028,"gradient_rms":21.848174135375036,"update_rms":0.0061876358504657164,"accepted":true,"wall_s":3.3621178828179836}
{"iteration":29,"score":81.03414128443538,"best":81.03414128443538,"gradient_rms":8.693480022110537,"update_rms":0.0049076793670825855,"accepted":true,"wall_s":3.3702581971883774}
{"iteration":30,"score":81.30471850801489,"best":81.30471850801489,"gradient_rms":8.751748136923574,"update_rms":0.0042040222803149205,"accepted":true,"wall_s":3.369301423430443}
{"iteration":31,"score":81.65258708714128,"best":81.65258708714128,"gradient_rms":17.139743043603847,"update_rms":0.004897831920205046,"accepted":true,"wall_s":3.3640288077294827}
{"iteration":32,"score":81.97534845396127,"best":81.97534845396127,"gradient_rms":10.914697885858994,"update_rms":0.004293690343848802,"accepted":true,"wall_s":3.360767338424921}
{"iteration":33,"score":82.25128570704669,"best":82.25128570704669,"gradient_rms":14.000013711602096,"update_rms":0.004447184251080872,"accepted":true,"wall_s":3.3540788628160954}
{"iteration":34,"score":82.45411192616561,"best":82.45411192616561,"gradient_rms":6.500737145081506,"update_rms":0.003565474574691205,"accepted":true,"wall_s":3.3580290526151657}
{"iteration":35,"score":82.67650693618837,"best":82.67650693618837,"gradient_rms":10.065203589591963,"update_rms":0.003468653622150409,"accepted":true,"wall_s":3.3515676110982895}
{"iteration":36,"score":82.8280670422004,"best":82.8280670422004,"gradient_rms":2.9923447608806164,"update_rms":0.0026090101958319914,"accepted":true,"wall_s":3.3487919121980667}
{"iteration":37,"score":82.94294802673157,"best":82.94294802673157,"gradient_rms":4.0273388790090605,"update_rms":0.002097287836849908,"accepted":true,"wall_s":3.3511496298015118}
{"iteration":38,"score":83.0190448302384,"best":83.0190448302384,"gradient_rms":3.889424234566961,"update_rms":0.0017983341932650849,"accepted":true,"wall_s":3.3366566225886345}
{"iteration":39,"score":83.04519047091901,"best":83.04519047091901,"gradient_rms":6.619586440204104,"update_rms":0.002069235136162481,"accepted":true,"wall_s":3.337609253823757}
{"iteration":40,"score":83.07747183119143,"best":83.07747183119143,"gradient_rms":2.4030860332759367,"update_rms":0.0015605322211684417,"accepted":true,"wall_s":3.340051542967558}
{"iteration":41,"score":83.08017341199077,"best":83.08017341199077,"gradient_rms":8.148493103962204,"update_rms":0.0023676919014169245,"accepted":true,"wall_s":3.0768122114241123}
{"iteration":42,"score":83.14898086102951,"best":83.14898086102951,"gradient_rms":15.24130178152435,"update_rms":0.004056784780924212,"accepted":true,"wall_s":3.342633917927742}
{"iteration":43,"score":83.15855623577775,"best":83.15855623577775,"gradient_rms":17.027524973253634,"update_rms":0.004957897568829937,"accepted":true,"wall_s":3.353451978415251}
{"iteration":44,"score":83.20106908107884,"best":83.20106908107884,"gradient_rms":4.104970380096704,"update_rms":0.003699118798207068,"accepted":true,"wall_s":3.376649931073189}
{"iteration":45,"score":83.27893447989663,"best":83.27893447989663,"gradient_rms":13.864387133738465,"update_rms":0.0041948856734002,"accepted":true,"wall_s":3.3649083860218525}
{"iteration":46,"score":83.375886073894,"best":83.375886073894,"gradient_rms":13.184980396829692,"update_rms":0.004368139537156253,"accepted":true,"wall_s":3.368331778794527}
{"iteration":47,"score":83.38774750702322,"best":83.38774750702322,"gradient_rms":1.3040095940186704,"update_rms":0.003125695878520465,"accepted":true,"wall_s":3.3663619942963123}
{"iteration":48,"score":83.31553459042563,"best":83.38774750702322,"gradient_rms":7.706522933846035,"update_rms":0.0029909548439441096,"accepted":true,"wall_s":3.3607090078294277}
{"iteration":49,"score":83.26814962652678,"best":83.38774750702322,"gradient_rms":9.410602957376401,"update_rms":0.003291530309609601,"accepted":true,"wall_s":3.3602126203477383}
{"iteration":50,"score":83.08879843285433,"best":83.38774750702322,"gradient_rms":7.581934853077935,"update_rms":0.0029991443383361473,"accepted":true,"wall_s":3.357073962688446}
{"iteration":51,"score":82.88398891338346,"best":83.38774750702322,"gradient_rms":7.705665198282995,"update_rms":0.002846283850530399,"accepted":true,"wall_s":3.102680053561926}
{"iteration":52,"score":82.79235074509982,"best":83.38774750702322,"gradient_rms":4.036189957532533,"update_rms":0.0022499901892451915,"accepted":true,"wall_s":3.3632503785192966}
{"iteration":53,"score":82.65067375189128,"best":83.38774750702322,"gradient_rms":8.064041346670775,"update_rms":0.0028570124842847945,"accepted":true,"wall_s":3.366115029901266}
{"iteration":54,"score":82.45560286874698,"best":83.38774750702322,"gradient_rms":2.451452299920836,"update_rms":0.002102856081665687,"accepted":true,"wall_s":3.3563117124140263}
{"iteration":55,"score":82.47700241409069,"best":83.38774750702322,"gradient_rms":4.031109959949316,"update_rms":0.0017952525821199306,"accepted":true,"wall_s":3.425440449267626}
{"iteration":56,"score":82.47491378540096,"best":83.38774750702322,"gradient_rms":15.342028590347223,"update_rms":0.004138758577624848,"accepted":true,"wall_s":3.0877165719866753}
{"iteration":57,"score":82.4721865250545,"best":83.38774750702322,"gradient_rms":11.21152271129466,"update_rms":0.00415301094072863,"accepted":true,"wall_s":3.0816985331475735}
{"iteration":58,"score":82.48311779389876,"best":83.38774750702322,"gradient_rms":3.780783364923101,"update_rms":0.0031900057346111307,"accepted":true,"wall_s":3.3606168180704117}
{"iteration":59,"score":82.32134336960254,"best":83.38774750702322,"gradient_rms":17.415660468549223,"update_rms":0.004915053783715823,"accepted":true,"wall_s":3.3563148081302643}
{"iteration":60,"score":82.17720294788613,"best":83.38774750702322,"gradient_rms":8.97282087981032,"update_rms":0.0041702177524688315,"accepted":true,"wall_s":3.347231037914753}
{"iteration":61,"score":82.24140398761115,"best":83.38774750702322,"gradient_rms":11.136726435373328,"update_rms":0.004291678806801123,"accepted":true,"wall_s":3.3393841721117496}
{"iteration":62,"score":82.39377078806352,"best":83.38774750702322,"gradient_rms":10.483991399672508,"update_rms":0.004034019938386697,"accepted":true,"wall_s":3.4167059138417244}
{"iteration":63,"score":82.48721411931615,"best":83.38774750702322,"gradient_rms":2.582305524769042,"update_rms":0.0028918533845440123,"accepted":true,"wall_s":3.340012364089489}
{"iteration":64,"score":82.60197446295975,"best":83.38774750702322,"gradient_rms":2.723443291079078,"update_rms":0.0021836416105127892,"accepted":true,"wall_s":3.354878518730402}
{"iteration":65,"score":82.62802741689416,"best":83.38774750702322,"gradient_rms":6.16942621834364,"update_rms":0.0023033007359970622,"accepted":true,"wall_s":3.3676224760711193}
{"iteration":66,"score":82.8056785968627,"best":83.38774750702322,"gradient_rms":12.129304167861862,"update_rms":0.003586778626985059,"accepted":true,"wall_s":3.4324508495628834}
{"iteration":67,"score":82.85413364648333,"best":83.38774750702322,"gradient_rms":4.5260165116105595,"update_rms":0.002802390859489129,"accepted":true,"wall_s":3.3711042255163193}
{"iteration":68,"score":82.99089360201616,"best":83.38774750702322,"gradient_rms":8.752353168159248,"update_rms":0.0031261465668355505,"accepted":true,"wall_s":3.366709977388382}
{"iteration":69,"score":83.0976294394646,"best":83.38774750702322,"gradient_rms":5.601546967834229,"update_rms":0.0026677905475893035,"accepted":true,"wall_s":3.359514180570841}
{"iteration":70,"score":83.4665297704302,"best":83.4665297704302,"gradient_rms":11.608095219388588,"update_rms":0.0036694486935418915,"accepted":true,"wall_s":3.3626753091812134}
{"iteration":71,"score":83.66446119513836,"best":83.66446119513836,"gradient_rms":4.129607150681773,"update_rms":0.0027661127265472627,"accepted":true,"wall_s":3.2562804147601128}
{"iteration":72,"score":83.64958634121945,"best":83.66446119513836,"gradient_rms":7.485779378688305,"update_rms":0.0027566290794811166,"accepted":true,"wall_s":3.36629680916667}
{"iteration":73,"score":83.70354069143517,"best":83.70354069143517,"gradient_rms":2.8095350064025464,"update_rms":0.002086178420040311,"accepted":true,"wall_s":3.3740441501140594}
{"iteration":74,"score":83.7786939439761,"best":83.7786939439761,"gradient_rms":7.050518393600933,"update_rms":0.002519447489121485,"accepted":true,"wall_s":3.370878756046295}
{"iteration":75,"score":83.83605862765663,"best":83.83605862765663,"gradient_rms":5.107920610193782,"update_rms":0.002230154157122453,"accepted":true,"wall_s":3.368360187858343}
{"iteration":76,"score":83.87664863250181,"best":83.87664863250181,"gradient_rms":6.020823882698852,"update_rms":0.0023099476033955806,"accepted":true,"wall_s":3.3696784004569054}
{"iteration":77,"score":83.83683685266091,"best":83.87664863250181,"gradient_rms":0.5631912198134053,"update_rms":0.0016305443018651263,"accepted":true,"wall_s":3.3639688044786453}
{"iteration":78,"score":83.75338200063436,"best":83.87664863250181,"gradient_rms":1.2178518319638254,"update_rms":0.0011970681096687868,"accepted":true,"wall_s":3.3646338284015656}
{"iteration":79,"score":83.64806009805196,"best":83.87664863250181,"gradient_rms":0.39990361637909094,"update_rms":0.000849177825171791,"accepted":true,"wall_s":3.105512522161007}
{"iteration":80,"score":83.72131157010422,"best":83.87664863250181,"gradient_rms":0.3649971161679148,"update_rms":0.0006135242792186939,"accepted":true,"wall_s":3.11117634922266}
{"iteration":81,"score":83.73319442076993,"best":83.87664863250181,"gradient_rms":6.656012528601754,"update_rms":0.002009974034764204,"accepted":true,"wall_s":3.365211568772793}
{"iteration":82,"score":83.64795882155524,"best":83.87664863250181,"gradient_rms":4.359926032115837,"update_rms":0.0018438362893617526,"accepted":true,"wall_s":3.364379070699215}
{"iteration":83,"score":83.6776180716343,"best":83.87664863250181,"gradient_rms":1.2772996705559214,"update_rms":0.0013594752307058405,"accepted":true,"wall_s":3.3686033114790916}
{"iteration":84,"score":83.55124594837092,"best":83.87664863250181,"gradient_rms":4.062970866545631,"update_rms":0.0015382281999039376,"accepted":true,"wall_s":3.100110452622175}
{"iteration":85,"score":83.62508299023222,"best":83.87664863250181,"gradient_rms":2.4923248140704004,"update_rms":0.0012753996212319363,"accepted":true,"wall_s":3.3662133403122425}
{"iteration":86,"score":83.56311291675672,"best":83.87664863250181,"gradient_rms":2.2178840611061514,"update_rms":0.001096933484990107,"accepted":true,"wall_s":3.09975653514266}
{"iteration":87,"score":83.57409346133309,"best":83.87664863250181,"gradient_rms":1.4947023948556744,"update_rms":0.0008831864258863129,"accepted":true,"wall_s":3.1002382524311543}
{"iteration":88,"score":83.68629138009497,"best":83.87664863250181,"gradient_rms":3.2010477224244096,"update_rms":0.0011643171190187053,"accepted":true,"wall_s":3.366769701242447}
{"iteration":89,"score":83.69004147417124,"best":83.87664863250181,"gradient_rms":4.050919649264444,"update_rms":0.0014498854079016195,"accepted":true,"wall_s":3.0995153449475765}
{"iteration":90,"score":83.77562630157112,"best":83.87664863250181,"gradient_rms":6.027105465373808,"update_rms":0.002084345541809337,"accepted":true,"wall_s":3.145162083208561}
{"iteration":91,"score":83.93813142336866,"best":83.93813142336866,"gradient_rms":8.185805387679697,"update_rms":0.002944202457355717,"accepted":true,"wall_s":3.364484451711178}
{"iteration":92,"score":84.04301974346802,"best":84.04301974346802,"gradient_rms":2.732151289949518,"update_rms":0.0021871433808481663,"accepted":true,"wall_s":3.3743095733225346}
{"iteration":93,"score":83.9738400482534,"best":84.04301974346802,"gradient_rms":4.863298301277801,"update_rms":0.0021848223236172752,"accepted":true,"wall_s":3.3660946041345596}
{"iteration":94,"score":83.86138870490959,"best":84.04301974346802,"gradient_rms":3.070419064623754,"update_rms":0.0018105600321954803,"accepted":true,"wall_s":3.35931596159935}
{"iteration":95,"score":83.54707574980156,"best":84.04301974346802,"gradient_rms":6.109685217202691,"update_rms":0.002207325264989013,"accepted":true,"wall_s":3.0969864688813686}
{"iteration":96,"score":83.45011929691265,"best":84.04301974346802,"gradient_rms":7.835533205473442,"update_rms":0.0028118949058932134,"accepted":true,"wall_s":3.0004739202558994}
{"iteration":97,"score":83.29096102524316,"best":84.04301974346802,"gradient_rms":4.3367486571466465,"update_rms":0.002402827738650154,"accepted":true,"wall_s":3.1027695536613464}
{"iteration":98,"score":83.04371786378272,"best":84.04301974346802,"gradient_rms":4.504684728954893,"update_rms":0.002288306301645877,"accepted":true,"wall_s":3.3737852200865746}
{"iteration":99,"score":82.85842781492113,"best":84.04301974346802,"gradient_rms":5.488836315871519,"update_rms":0.0023187019940413165,"accepted":true,"wall_s":3.375509090721607}
{"iteration":100,"score":82.68087558033945,"best":84.04301974346802,"gradient_rms":2.597046914520936,"update_rms":0.0017711007037028686,"accepted":true,"wall_s":3.2973519936203957}
{
  "status": "ok",
  "stop_reason": "completed_iterations",
  "initial_score": 75.51824077701568,
  "final_score": 82.68087558033945,
  "best_score": 84.04301974346802,
  "best_iteration": 92,
  "completed_iterations": 100,
  "completed_adam_steps": 100,
  "completed_optimizer_steps": 100,
  "total_wall_s": 337.6050090827048,
  "initial_decode_wall_s": 1.4877416118979454,
  "initial_score_wall_s": 0.870801854878664,
  "mean_iteration_wall_s": 3.375124676898122,
  "manifest": {
    "algorithm": "adam_with_query_batched_local_gradient",
    "optimizer": "adam",
    "parameter_space": "latent",
    "gradient_objective": "dynamic local full-density score with coordinate and maximum-surface-selection derivatives omitted",
    "formal_objective": "complete native QH score for every accepted center",
    "initial_case": "/home/scc/pb24511935/local_surface_evaluator/runs/summary1_review2_20260824/flow_pairs/cases/case_07.json",
    "initial_case_sha256": "8472aadd5e842f2699ffe186bb3d52cea6a86834af7231e84f26b28ee8d4aa80",
    "checkpoint": "/home/scc/pb24511935/local_surface_evaluator/runs/qh_flow_physical_lr_longselect_20260729/lr_3em4/checkpoint_latest.pt",
    "checkpoint_sha256": "39a3293a459e248a0d1ec062607a1a467128b14d8ca973aadd82e113532ab99f",
    "native_lib": "/home/scc/pb24511935/local_surface_evaluator/runs/summary1_review2_20260824/build_native/libstellarator_gpu.so",
    "native_lib_sha256": "7d3784e02172f5c3130bcf085efa8120dc059d5007daa4b18680edd97b077f94",
    "nfp": 3,
    "n_base_coils": 5,
    "iterations": 100,
    "max_wall_s": 4200.0,
    "flow": {
      "method": "rk4",
      "steps": 128,
      "dtype": "fp32",
      "use": "every gradient endpoint and accepted center"
    },
    "flow_pipeline": true,
    "coordinate_gradient": {
      "dimension": 500,
      "mode": "random-orthogonal",
      "random_directions": 2,
      "endpoint_count": 4,
      "perturbation": 0.005,
      "difference": "centered",
      "psi_grid": 48,
      "psi_iterations": 4,
      "alpha_iterations": 4,
      "formal_surface_theta_count": 128,
      "local_surface_theta_count": 64
    },
    "adam": {
      "learning_rate": 0.01,
      "beta1": 0.7,
      "beta2": 0.999,
      "epsilon": 1e-08,
      "weight_decay": 0.0
    },
    "bfgs": {
      "initial_trust_rms": 0.01,
      "min_trust_rms": 1e-05,
      "max_trust_rms": 0.05,
      "trust_growth": 1.2,
      "trust_shrink": 0.5,
      "min_improvement": 0.0
    },
    "seed": 2026082507,
    "axis_policy": "initial global search, then strict mixed-precision continuation",
    "devices": {
      "flow": 0,
      "score": 0
    },
    "initial_metadata_keys": [
      "flow_prior_screening",
      "nfp",
      "raw"
    ]
  }
}
{"iteration":1,"score":75.14922493829262,"best":75.52360711038283,"gradient_rms":44.84464333461094,"update_rms":0.009999999980964295,"accepted":true,"wall_s":2.2975339479744434}
{"iteration":2,"score":75.05936479849565,"best":75.52360711038283,"gradient_rms":31.900006436032015,"update_rms":0.007008176408960621,"accepted":true,"wall_s":2.2449334412813187}
{"iteration":3,"score":75.62232882696472,"best":75.62232882696472,"gradient_rms":140.57558177860957,"update_rms":0.007085523181882498,"accepted":true,"wall_s":2.233190633356571}
{"iteration":4,"score":76.10517807229775,"best":76.10517807229775,"gradient_rms":73.38594803553268,"update_rms":0.006013984046556033,"accepted":true,"wall_s":2.2192967981100082}
{"iteration":5,"score":76.6221248665404,"best":76.6221248665404,"gradient_rms":43.09970274838439,"update_rms":0.004774282377231886,"accepted":true,"wall_s":2.2268249727785587}
{"iteration":6,"score":76.96782348615203,"best":76.96782348615203,"gradient_rms":25.91968686376745,"update_rms":0.0036699813291896405,"accepted":true,"wall_s":2.2318093702197075}
{"iteration":7,"score":77.2511030053146,"best":77.2511030053146,"gradient_rms":23.218656522627466,"update_rms":0.0029616371470385337,"accepted":true,"wall_s":2.2336161471903324}
{"iteration":8,"score":77.45882113221693,"best":77.45882113221693,"gradient_rms":25.654690089583966,"update_rms":0.002656094717090596,"accepted":true,"wall_s":2.243088271468878}
{"iteration":9,"score":77.6302767646974,"best":77.6302767646974,"gradient_rms":22.699354921537953,"update_rms":0.0024954335878710292,"accepted":true,"wall_s":2.2321583554148674}
{"iteration":10,"score":77.71320046843489,"best":77.71320046843489,"gradient_rms":6.060610466170484,"update_rms":0.0018785351863755736,"accepted":true,"wall_s":2.232196182012558}
{"iteration":11,"score":78.13723332531708,"best":78.13723332531708,"gradient_rms":58.96944928399616,"update_rms":0.003837579356019696,"accepted":true,"wall_s":2.2332993634045124}
{"iteration":12,"score":78.74167835243367,"best":78.74167835243367,"gradient_rms":64.12949664887395,"update_rms":0.004278326550959885,"accepted":true,"wall_s":2.230950638651848}
{"iteration":13,"score":79.20403725959774,"best":79.20403725959774,"gradient_rms":49.7137098675175,"update_rms":0.004292465510509472,"accepted":true,"wall_s":2.2166845463216305}
{"iteration":14,"score":79.42324938254322,"best":79.42324938254322,"gradient_rms":26.80197116738476,"update_rms":0.00356097580688942,"accepted":true,"wall_s":2.2061057053506374}
{"iteration":15,"score":79.52771614582838,"best":79.52771614582838,"gradient_rms":23.780583275016063,"update_rms":0.0030033145300817146,"accepted":true,"wall_s":2.2585309259593487}
{"iteration":16,"score":79.63786964590255,"best":79.63786964590255,"gradient_rms":22.206138498442773,"update_rms":0.002580093012497503,"accepted":true,"wall_s":2.206662703305483}
{"iteration":17,"score":80.34381354045495,"best":80.34381354045495,"gradient_rms":81.6420114976598,"update_rms":0.00471774247835496,"accepted":true,"wall_s":2.076791003346443}
{"iteration":18,"score":80.71995425052802,"best":80.71995425052802,"gradient_rms":34.71267955959232,"update_rms":0.003986617521159375,"accepted":true,"wall_s":2.2111986503005028}
{"iteration":19,"score":81.10150222699674,"best":81.10150222699674,"gradient_rms":53.65689566029102,"update_rms":0.004122290132027356,"accepted":true,"wall_s":2.2147978730499744}
{"iteration":20,"score":81.35507076688107,"best":81.35507076688107,"gradient_rms":32.682060577235056,"update_rms":0.0034827103386939075,"accepted":true,"wall_s":2.2210647128522396}
{"iteration":21,"score":81.4694930564373,"best":81.4694930564373,"gradient_rms":42.31277814935153,"update_rms":0.00361845254637884,"accepted":true,"wall_s":2.218887645751238}
{"iteration":22,"score":81.29023256779442,"best":81.4694930564373,"gradient_rms":42.00939596339284,"update_rms":0.003706407987686609,"accepted":true,"wall_s":2.218104086816311}
{"iteration":23,"score":81.84730969167889,"best":81.84730969167889,"gradient_rms":103.56846004713464,"update_rms":0.0059040308927684245,"accepted":true,"wall_s":2.222716696560383}
{"iteration":24,"score":81.78339371668898,"best":81.84730969167889,"gradient_rms":29.94046462746138,"update_rms":0.004766843918319293,"accepted":true,"wall_s":2.2197064720094204}
{"iteration":25,"score":81.70671941545082,"best":81.84730969167889,"gradient_rms":47.431542164347306,"update_rms":0.004221077807223434,"accepted":true,"wall_s":2.2183064445853233}
{"iteration":26,"score":81.85567155775924,"best":81.85567155775924,"gradient_rms":66.04150293820052,"update_rms":0.004745483020912104,"accepted":true,"wall_s":2.221042677760124}
{"iteration":27,"score":81.66583199652428,"best":81.85567155775924,"gradient_rms":65.65955010929152,"update_rms":0.004822664236337481,"accepted":true,"wall_s":2.2179461754858494}
{"iteration":28,"score":80.95266692885235,"best":81.85567155775924,"gradient_rms":9.444682370801607,"update_rms":0.0034791767278546768,"accepted":true,"wall_s":2.2172076143324375}
{"iteration":29,"score":81.19338439523098,"best":81.85567155775924,"gradient_rms":108.26419333114765,"update_rms":0.005857472939801659,"accepted":true,"wall_s":2.223683375865221}
{"iteration":30,"score":81.17478205758017,"best":81.85567155775924,"gradient_rms":56.025576376674266,"update_rms":0.005223914846607438,"accepted":true,"wall_s":2.228036392480135}
{"iteration":31,"score":80.93805984051151,"best":81.85567155775924,"gradient_rms":22.66244670194684,"update_rms":0.00386599252179938,"accepted":true,"wall_s":2.2410207390785217}
{"iteration":32,"score":80.84734755393993,"best":81.85567155775924,"gradient_rms":41.96834493354868,"update_rms":0.0036112632265434827,"accepted":true,"wall_s":2.2309867553412914}
{"iteration":33,"score":80.752471520131,"best":81.85567155775924,"gradient_rms":78.1421903558047,"update_rms":0.004916749899765233,"accepted":true,"wall_s":2.222417749464512}
{"iteration":34,"score":80.27457801635664,"best":81.85567155775924,"gradient_rms":12.031335837893353,"update_rms":0.003550678699501538,"accepted":true,"wall_s":2.241035532206297}
{"iteration":35,"score":79.59100517723962,"best":81.85567155775924,"gradient_rms":10.502871713645504,"update_rms":0.002552187439975917,"accepted":true,"wall_s":1.9535667896270752}
{"iteration":36,"score":78.95672878680476,"best":81.85567155775924,"gradient_rms":32.88505602942843,"update_rms":0.0027312484841447663,"accepted":true,"wall_s":2.2197836078703403}
{"iteration":37,"score":78.2921558699338,"best":81.85567155775924,"gradient_rms":43.43599445814126,"update_rms":0.002925590938368134,"accepted":true,"wall_s":2.2733786031603813}
{"iteration":38,"score":77.4863890833511,"best":81.85567155775924,"gradient_rms":78.29842169116853,"update_rms":0.004838100191316524,"accepted":true,"wall_s":2.220484223216772}
{"iteration":39,"score":76.33424177943144,"best":81.85567155775924,"gradient_rms":32.53004139305349,"update_rms":0.0039609136606300575,"accepted":true,"wall_s":2.475560389459133}
{"iteration":40,"score":73.50446194493779,"best":81.85567155775924,"gradient_rms":68.61143687388741,"update_rms":0.0047583822403979605,"accepted":true,"wall_s":2.2306880094110966}
{"iteration":41,"score":68.72293397908294,"best":81.85567155775924,"gradient_rms":107.6593844207145,"update_rms":0.0032045145007248885,"accepted":true,"wall_s":3.187212821096182}
{"iteration":42,"score":68.12430686110784,"best":81.85567155775924,"gradient_rms":62.15071601376149,"update_rms":0.0014565621183346795,"accepted":true,"wall_s":3.5431788712739944}
{"iteration":43,"score":67.20535196202951,"best":81.85567155775924,"gradient_rms":39.637078791879354,"update_rms":0.001139070427210444,"accepted":true,"wall_s":3.4534453451633453}
{"iteration":44,"score":67.20535196202954,"best":81.85567155775924,"gradient_rms":34.74047401401962,"update_rms":0.0,"accepted":false,"wall_s":4.094049073755741}
{"iteration":45,"score":67.88521735602907,"best":81.85567155775924,"gradient_rms":79.37863261296428,"update_rms":0.005153969945124146,"accepted":true,"wall_s":2.227511003613472}
{"iteration":46,"score":67.51500419088917,"best":81.85567155775924,"gradient_rms":48.539841297835665,"update_rms":0.0022446713053110444,"accepted":true,"wall_s":2.7763592824339867}
{"iteration":47,"score":68.75437475033468,"best":81.85567155775924,"gradient_rms":116.4680096402035,"update_rms":0.006546018551763264,"accepted":true,"wall_s":2.258632928133011}
{"iteration":48,"score":72.72653687227302,"best":81.85567155775924,"gradient_rms":48.3572177051909,"update_rms":0.005434395954560883,"accepted":true,"wall_s":2.16482762247324}
{"iteration":49,"score":72.95862478760905,"best":81.85567155775924,"gradient_rms":92.23092218079168,"update_rms":0.005942412424083067,"accepted":true,"wall_s":2.2074684761464596}
{"iteration":50,"score":67.26003300054197,"best":81.85567155775924,"gradient_rms":135.89379969226692,"update_rms":0.0077547921236356095,"accepted":true,"wall_s":2.0642522498965263}
{"iteration":51,"score":66.63065239247966,"best":81.85567155775924,"gradient_rms":58.12087192384529,"update_rms":0.0007904298349090305,"accepted":true,"wall_s":4.53455601260066}
{"iteration":52,"score":68.40720563776898,"best":81.85567155775924,"gradient_rms":214.07522190531466,"update_rms":0.009265144081255228,"accepted":true,"wall_s":2.1228790059685707}
{"iteration":53,"score":68.7424130429278,"best":81.85567155775924,"gradient_rms":139.2198822943837,"update_rms":0.008365698426684564,"accepted":true,"wall_s":2.1220528930425644}
{"iteration":54,"score":68.92379214481127,"best":81.85567155775924,"gradient_rms":43.860373704184774,"update_rms":0.0061661026832523095,"accepted":true,"wall_s":2.120511043816805}
{"iteration":55,"score":68.0223645911681,"best":81.85567155775924,"gradient_rms":48.253630581455475,"update_rms":0.004990949191950295,"accepted":true,"wall_s":2.162327356636524}
{"iteration":56,"score":67.09753673549385,"best":81.85567155775924,"gradient_rms":57.68538447343398,"update_rms":0.004166424763332691,"accepted":true,"wall_s":2.2055156230926514}
{"iteration":57,"score":62.92581997152734,"best":81.85567155775924,"gradient_rms":104.44480677740245,"update_rms":0.005395735134608106,"accepted":true,"wall_s":1.9384003691375256}
{"iteration":58,"score":61.15338925399063,"best":81.85567155775924,"gradient_rms":75.8966368612092,"update_rms":0.0006361654413943704,"accepted":true,"wall_s":4.510857250541449}
{"iteration":59,"score":61.15338925399062,"best":81.85567155775924,"gradient_rms":115.8860384608275,"update_rms":0.0,"accepted":false,"wall_s":5.095701854676008}
{"iteration":60,"score":61.15338925399064,"best":81.85567155775924,"gradient_rms":552.6755075946884,"update_rms":0.0,"accepted":false,"wall_s":4.4271023236215115}
{"iteration":61,"score":61.15338925399061,"best":81.85567155775924,"gradient_rms":61.81147480116121,"update_rms":0.0,"accepted":false,"wall_s":4.771960217505693}
{"iteration":62,"score":61.15338925399064,"best":81.85567155775924,"gradient_rms":31.48394701600916,"update_rms":0.0,"accepted":false,"wall_s":4.502302851527929}
{"iteration":63,"score":61.15338925399063,"best":81.85567155775924,"gradient_rms":279.2205239379373,"update_rms":0.0,"accepted":false,"wall_s":3.78443156927824}
{"iteration":64,"score":61.15338925399063,"best":81.85567155775924,"gradient_rms":157.6200759689965,"update_rms":0.0,"accepted":false,"wall_s":3.042068999260664}
{"iteration":65,"score":61.15338925399064,"best":81.85567155775924,"gradient_rms":395.54436652927944,"update_rms":0.0,"accepted":false,"wall_s":4.827101953327656}
{"iteration":66,"score":61.15338925399063,"best":81.85567155775924,"gradient_rms":197.48427756605054,"update_rms":0.0,"accepted":false,"wall_s":4.753936540335417}
{"iteration":67,"score":61.15338925399064,"best":81.85567155775924,"gradient_rms":170.11897679759886,"update_rms":0.0,"accepted":false,"wall_s":4.098428826779127}
{"iteration":68,"score":61.15338925399064,"best":81.85567155775924,"gradient_rms":404.7244679717131,"update_rms":0.0,"accepted":false,"wall_s":5.3408402763307095}
{"iteration":69,"score":61.15338925399063,"best":81.85567155775924,"gradient_rms":163.8891179904293,"update_rms":0.0,"accepted":false,"wall_s":4.425723016262054}
{"iteration":70,"score":61.15338925399064,"best":81.85567155775924,"gradient_rms":290.8107600060558,"update_rms":0.0,"accepted":false,"wall_s":4.09803194180131}
{"iteration":71,"score":61.15338925399064,"best":81.85567155775924,"gradient_rms":554.1933696569693,"update_rms":0.0,"accepted":false,"wall_s":4.099571954458952}
{"iteration":72,"score":61.15338925399062,"best":81.85567155775924,"gradient_rms":47.699209944056165,"update_rms":0.0,"accepted":false,"wall_s":4.747329812496901}
{"iteration":73,"score":61.15338925399063,"best":81.85567155775924,"gradient_rms":36.69357977749883,"update_rms":0.0,"accepted":false,"wall_s":3.896486435085535}
{"iteration":74,"score":61.15338925399064,"best":81.85567155775924,"gradient_rms":267.4774294465473,"update_rms":0.0,"accepted":false,"wall_s":3.8388367667794228}
{"iteration":75,"score":61.15338925399063,"best":81.85567155775924,"gradient_rms":726.2574392081675,"update_rms":0.0,"accepted":false,"wall_s":1.0776714831590652}
{"iteration":76,"score":61.15338925399063,"best":81.85567155775924,"gradient_rms":89.69256823900848,"update_rms":0.0,"accepted":false,"wall_s":4.550512466579676}
{"iteration":77,"score":61.15338925399064,"best":81.85567155775924,"gradient_rms":191.40396866671605,"update_rms":0.0,"accepted":false,"wall_s":4.014333821833134}
{"iteration":78,"score":61.15338925399064,"best":81.85567155775924,"gradient_rms":124.47259577191343,"update_rms":0.0,"accepted":false,"wall_s":4.019934952259064}
{"iteration":79,"score":61.15338925399063,"best":81.85567155775924,"gradient_rms":22.217613823994604,"update_rms":0.0,"accepted":false,"wall_s":4.4259516298770905}
{"iteration":80,"score":61.15338925399064,"best":81.85567155775924,"gradient_rms":111.6645499240108,"update_rms":0.0,"accepted":false,"wall_s":4.217430654913187}
{"iteration":81,"score":61.15338925399064,"best":81.85567155775924,"gradient_rms":52.52400008364413,"update_rms":0.0,"accepted":false,"wall_s":4.425158746540546}
{"iteration":82,"score":61.153389253990674,"best":81.85567155775924,"gradient_rms":126.75368327245874,"update_rms":0.0,"accepted":false,"wall_s":4.0993808805942535}
{"iteration":83,"score":61.15338925399063,"best":81.85567155775924,"gradient_rms":88.87161416042862,"update_rms":0.0,"accepted":false,"wall_s":3.3693472035229206}
{"iteration":84,"score":61.15338925399063,"best":81.85567155775924,"gradient_rms":48.388813537393254,"update_rms":0.0,"accepted":false,"wall_s":4.161942288279533}
{"iteration":85,"score":61.15338925399064,"best":81.85567155775924,"gradient_rms":163.22622066665514,"update_rms":0.0,"accepted":false,"wall_s":3.0348019152879715}
{"iteration":86,"score":61.15338925399063,"best":81.85567155775924,"gradient_rms":416.88436702935155,"update_rms":0.0,"accepted":false,"wall_s":3.2425332330167294}
{"iteration":87,"score":61.15338925399064,"best":81.85567155775924,"gradient_rms":230.25550810693449,"update_rms":0.0,"accepted":false,"wall_s":4.149157118052244}
{"iteration":88,"score":68.21698397453446,"best":81.85567155775924,"gradient_rms":143.7114628712926,"update_rms":0.0067315652345250445,"accepted":true,"wall_s":2.1661785319447517}
{"iteration":89,"score":65.54620418776254,"best":81.85567155775924,"gradient_rms":100.26247049301071,"update_rms":0.006106675332104506,"accepted":true,"wall_s":2.1681460328400135}
{"iteration":90,"score":65.60369229277414,"best":81.85567155775924,"gradient_rms":35.112495712583424,"update_rms":0.004483294401008904,"accepted":true,"wall_s":2.118918839842081}
{"iteration":91,"score":65.4330788268065,"best":81.85567155775924,"gradient_rms":51.648605488134336,"update_rms":0.0038295085919115438,"accepted":true,"wall_s":2.1640018671751022}
{"iteration":92,"score":68.47590788631578,"best":81.85567155775924,"gradient_rms":105.64890053104432,"update_rms":0.005170830383180677,"accepted":true,"wall_s":2.2190114073455334}
{"iteration":93,"score":67.92730235542014,"best":81.85567155775924,"gradient_rms":108.41038793919624,"update_rms":0.005889812193639993,"accepted":true,"wall_s":2.2151875011622906}
{"iteration":94,"score":61.0583321056825,"best":81.85567155775924,"gradient_rms":158.30499721129445,"update_rms":0.00751171991897425,"accepted":true,"wall_s":2.170395739376545}
{"iteration":95,"score":61.0583321056825,"best":81.85567155775924,"gradient_rms":100.84165454841734,"update_rms":0.0,"accepted":false,"wall_s":4.288689378648996}
{"iteration":96,"score":61.0583321056825,"best":81.85567155775924,"gradient_rms":65.9978335673098,"update_rms":0.0,"accepted":false,"wall_s":5.0798069685697556}
{"iteration":97,"score":61.0583321056825,"best":81.85567155775924,"gradient_rms":78.23877111678459,"update_rms":0.0,"accepted":false,"wall_s":4.751215223222971}
{"iteration":98,"score":61.0583321056825,"best":81.85567155775924,"gradient_rms":233.2078914299405,"update_rms":0.0,"accepted":false,"wall_s":5.078916169703007}
{"iteration":99,"score":61.0583321056825,"best":81.85567155775924,"gradient_rms":592.7318731260423,"update_rms":0.0,"accepted":false,"wall_s":4.0991647988557816}
{"iteration":100,"score":61.0583321056825,"best":81.85567155775924,"gradient_rms":135.79202296959443,"update_rms":0.0,"accepted":false,"wall_s":4.490575011819601}
{
  "status": "ok",
  "stop_reason": "completed_iterations",
  "initial_score": 75.52360711038283,
  "final_score": 61.0583321056825,
  "best_score": 81.85567155775924,
  "best_iteration": 26,
  "completed_iterations": 100,
  "completed_adam_steps": 64,
  "completed_optimizer_steps": 64,
  "total_wall_s": 300.3400727510452,
  "initial_decode_wall_s": 1.5048111453652382,
  "initial_score_wall_s": 0.873630877584219,
  "mean_iteration_wall_s": 3.002275506556034,
  "manifest": {
    "algorithm": "adam_with_query_batched_local_gradient",
    "optimizer": "adam",
    "parameter_space": "data",
    "gradient_objective": "dynamic local full-density score with coordinate and maximum-surface-selection derivatives omitted",
    "formal_objective": "complete native QH score for every accepted center",
    "initial_case": "/home/scc/pb24511935/local_surface_evaluator/runs/summary1_review2_20260824/flow_pairs/cases/case_07.json",
    "initial_case_sha256": "8472aadd5e842f2699ffe186bb3d52cea6a86834af7231e84f26b28ee8d4aa80",
    "checkpoint": "/home/scc/pb24511935/local_surface_evaluator/runs/qh_flow_physical_lr_longselect_20260729/lr_3em4/checkpoint_latest.pt",
    "checkpoint_sha256": "39a3293a459e248a0d1ec062607a1a467128b14d8ca973aadd82e113532ab99f",
    "native_lib": "/home/scc/pb24511935/local_surface_evaluator/runs/summary1_review2_20260824/build_native/libstellarator_gpu.so",
    "native_lib_sha256": "7d3784e02172f5c3130bcf085efa8120dc059d5007daa4b18680edd97b077f94",
    "nfp": 3,
    "n_base_coils": 5,
    "iterations": 100,
    "max_wall_s": 4200.0,
    "flow": {
      "method": "rk4",
      "steps": 128,
      "dtype": "fp32",
      "use": "initial latent-to-coil decode only"
    },
    "flow_pipeline": false,
    "coordinate_gradient": {
      "dimension": 500,
      "mode": "random-orthogonal",
      "random_directions": 2,
      "endpoint_count": 4,
      "perturbation": 0.0025,
      "difference": "centered",
      "psi_grid": 48,
      "psi_iterations": 4,
      "alpha_iterations": 4,
      "formal_surface_theta_count": 128,
      "local_surface_theta_count": 64
    },
    "adam": {
      "learning_rate": 0.01,
      "beta1": 0.7,
      "beta2": 0.999,
      "epsilon": 1e-08,
      "weight_decay": 0.0
    },
    "bfgs": {
      "initial_trust_rms": 0.01,
      "min_trust_rms": 1e-05,
      "max_trust_rms": 0.05,
      "trust_growth": 1.2,
      "trust_shrink": 0.5,
      "min_improvement": 0.0
    },
    "seed": 2026082507,
    "axis_policy": "initial global search, then strict mixed-precision continuation",
    "devices": {
      "flow": 0,
      "score": 0
    },
    "initial_metadata_keys": [
      "flow_prior_screening",
      "nfp",
      "raw"
    ],
    "data_parameterization": {
      "definition": "per-coordinate training-set standardization",
      "physical_mapping": "CoilNormalizer.inverse with canonical current L1/sign",
      "initial_clipped_fraction": 0.0,
      "initial_roundtrip_relative_rms": 1.8210967710300134e-08,
      "flow_calls_after_initialization": 0
    }
  }
}
{"iteration":1,"score":28.548779494724467,"best":28.548779494724467,"gradient_rms":1180.1155109576282,"update_rms":0.00999999999954545,"accepted":true,"wall_s":3.818734832108021}
{"iteration":2,"score":28.888155288501594,"best":28.888155288501594,"gradient_rms":141.7756237204965,"update_rms":0.006185686911176085,"accepted":true,"wall_s":2.726095736026764}
{"iteration":3,"score":27.337776639772997,"best":28.888155288501594,"gradient_rms":344.04362671484097,"update_rms":0.0025614014598328064,"accepted":true,"wall_s":4.139492820948362}
{"iteration":4,"score":12.854964294418487,"best":28.888155288501594,"gradient_rms":1358.3570469274061,"update_rms":0.006123955430278595,"accepted":true,"wall_s":2.6836957298219204}
{"iteration":5,"score":12.922561056367876,"best":28.888155288501594,"gradient_rms":45.81417166885358,"update_rms":0.0021942784370881556,"accepted":true,"wall_s":4.50783060118556}
{"iteration":6,"score":12.922561056367789,"best":28.888155288501594,"gradient_rms":33.307298215970945,"update_rms":0.0,"accepted":false,"wall_s":8.71760692447424}
{"iteration":7,"score":12.922561056368005,"best":28.888155288501594,"gradient_rms":127.77477298351323,"update_rms":0.0,"accepted":false,"wall_s":8.640346143394709}
{"iteration":8,"score":12.922561056367881,"best":28.888155288501594,"gradient_rms":102.95203117179973,"update_rms":0.0,"accepted":false,"wall_s":8.710341475903988}
{"iteration":9,"score":12.922561056367813,"best":28.888155288501594,"gradient_rms":346.68948358034,"update_rms":0.0,"accepted":false,"wall_s":8.708577372133732}
{"iteration":10,"score":12.922561056367856,"best":28.888155288501594,"gradient_rms":424.7257850540273,"update_rms":0.0,"accepted":false,"wall_s":8.705417517572641}
{"iteration":11,"score":12.98476764082439,"best":28.888155288501594,"gradient_rms":26.6960568833575,"update_rms":0.0003978754726693155,"accepted":true,"wall_s":7.667002078145742}
{"iteration":12,"score":12.98476764082434,"best":28.888155288501594,"gradient_rms":163.36409396459794,"update_rms":0.0,"accepted":false,"wall_s":8.660305231809616}
{"iteration":13,"score":12.984767640824453,"best":28.888155288501594,"gradient_rms":133.863324570068,"update_rms":0.0,"accepted":false,"wall_s":8.72455681860447}
{"iteration":14,"score":12.984767640824378,"best":28.888155288501594,"gradient_rms":194.75963429939748,"update_rms":0.0,"accepted":false,"wall_s":8.505287293344736}
{"iteration":15,"score":12.984767640824407,"best":28.888155288501594,"gradient_rms":138.3380821438211,"update_rms":0.0,"accepted":false,"wall_s":8.663899663835764}
{"iteration":16,"score":12.984767640824401,"best":28.888155288501594,"gradient_rms":69.76654092868404,"update_rms":0.0,"accepted":false,"wall_s":8.668803174048662}
{"iteration":17,"score":12.98476764082437,"best":28.888155288501594,"gradient_rms":74.29595651760422,"update_rms":0.0,"accepted":false,"wall_s":8.640844698995352}
{"iteration":18,"score":12.984767640824451,"best":28.888155288501594,"gradient_rms":213.85442440403273,"update_rms":0.0,"accepted":false,"wall_s":8.65063976496458}
{"iteration":19,"score":12.984767640824309,"best":28.888155288501594,"gradient_rms":69.03296139504177,"update_rms":0.0,"accepted":false,"wall_s":8.671875778585672}
{"iteration":20,"score":12.984767640824346,"best":28.888155288501594,"gradient_rms":133.59361559754947,"update_rms":0.0,"accepted":false,"wall_s":8.686281215399504}
{"iteration":21,"score":12.984767640824328,"best":28.888155288501594,"gradient_rms":204.7283562805059,"update_rms":0.0,"accepted":false,"wall_s":8.517384231090546}
{"iteration":22,"score":12.98476764082429,"best":28.888155288501594,"gradient_rms":40.16073199259094,"update_rms":0.0,"accepted":false,"wall_s":8.627207640558481}
{"iteration":23,"score":12.984767640824337,"best":28.888155288501594,"gradient_rms":128.95493178183324,"update_rms":0.0,"accepted":false,"wall_s":8.699713688343763}
{"iteration":24,"score":12.984767640824263,"best":28.888155288501594,"gradient_rms":126.09848809207101,"update_rms":0.0,"accepted":false,"wall_s":8.700809709727764}
{"iteration":25,"score":12.984767640824309,"best":28.888155288501594,"gradient_rms":89.56003963358373,"update_rms":0.0,"accepted":false,"wall_s":8.551783442497253}
{"iteration":26,"score":12.98476764082445,"best":28.888155288501594,"gradient_rms":186.54704201061523,"update_rms":0.0,"accepted":false,"wall_s":8.54585400223732}
{"iteration":27,"score":12.984767640824451,"best":28.888155288501594,"gradient_rms":90.95933409505788,"update_rms":0.0,"accepted":false,"wall_s":8.720815885812044}
{"iteration":28,"score":12.984767640824472,"best":28.888155288501594,"gradient_rms":183.01455424839958,"update_rms":0.0,"accepted":false,"wall_s":8.528078339993954}
{"iteration":29,"score":12.984767640824385,"best":28.888155288501594,"gradient_rms":91.10876257323228,"update_rms":0.0,"accepted":false,"wall_s":8.691674765199423}
{"iteration":30,"score":12.984767640824254,"best":28.888155288501594,"gradient_rms":235.86280298958584,"update_rms":0.0,"accepted":false,"wall_s":8.521661963313818}
{"iteration":31,"score":13.292183580533912,"best":28.888155288501594,"gradient_rms":345.5427410590587,"update_rms":0.000793562118739929,"accepted":true,"wall_s":5.8268856182694435}
{"iteration":32,"score":13.615963936657641,"best":28.888155288501594,"gradient_rms":37.27112574685055,"update_rms":0.0005868291124747611,"accepted":true,"wall_s":5.81358402967453}
{"iteration":33,"score":13.615963936657497,"best":28.888155288501594,"gradient_rms":121.71421149736233,"update_rms":0.0,"accepted":false,"wall_s":8.503298167139292}
{"iteration":34,"score":13.615963936657545,"best":28.888155288501594,"gradient_rms":260.6478302250554,"update_rms":0.0,"accepted":false,"wall_s":8.484639454632998}
{"iteration":35,"score":13.615963936657526,"best":28.888155288501594,"gradient_rms":43.2009384984295,"update_rms":0.0,"accepted":false,"wall_s":8.479080598801374}
{"iteration":36,"score":13.615963936657696,"best":28.888155288501594,"gradient_rms":106.08200768952211,"update_rms":0.0,"accepted":false,"wall_s":8.535014159977436}
{"iteration":37,"score":13.615963936657602,"best":28.888155288501594,"gradient_rms":212.8875768029556,"update_rms":0.0,"accepted":false,"wall_s":8.500023171305656}
{"iteration":38,"score":13.61596393665738,"best":28.888155288501594,"gradient_rms":175.69658814491115,"update_rms":0.0,"accepted":false,"wall_s":8.495563674718142}
{"iteration":39,"score":13.615963936657687,"best":28.888155288501594,"gradient_rms":85.30461995468707,"update_rms":0.0,"accepted":false,"wall_s":8.505182299762964}
{"iteration":40,"score":13.615963936657518,"best":28.888155288501594,"gradient_rms":67.56272238749587,"update_rms":0.0,"accepted":false,"wall_s":8.497620820999146}
{"iteration":41,"score":13.615963936657444,"best":28.888155288501594,"gradient_rms":9.200337131523508,"update_rms":0.0,"accepted":false,"wall_s":8.524422615766525}
{"iteration":42,"score":13.615963936657533,"best":28.888155288501594,"gradient_rms":56.169137986687964,"update_rms":0.0,"accepted":false,"wall_s":8.50077310204506}
{"iteration":43,"score":13.615963936657629,"best":28.888155288501594,"gradient_rms":85.62318000089235,"update_rms":0.0,"accepted":false,"wall_s":8.500617533922195}
{"iteration":44,"score":13.615963936657671,"best":28.888155288501594,"gradient_rms":92.77040196672915,"update_rms":0.0,"accepted":false,"wall_s":8.51849989965558}
{"iteration":45,"score":13.615963936657494,"best":28.888155288501594,"gradient_rms":60.937671437458505,"update_rms":0.0,"accepted":false,"wall_s":8.52588776126504}
{"iteration":46,"score":13.61596393665756,"best":28.888155288501594,"gradient_rms":124.1779447153446,"update_rms":0.0,"accepted":false,"wall_s":8.44142647087574}
{"iteration":47,"score":13.615963936657522,"best":28.888155288501594,"gradient_rms":22.073010519548355,"update_rms":0.0,"accepted":false,"wall_s":8.51406716927886}
{"iteration":48,"score":13.615963936657653,"best":28.888155288501594,"gradient_rms":58.89177573994942,"update_rms":0.0,"accepted":false,"wall_s":8.508580561727285}
{"iteration":49,"score":13.615963936657534,"best":28.888155288501594,"gradient_rms":28.12737017800731,"update_rms":0.0,"accepted":false,"wall_s":8.519060656428337}
{"iteration":50,"score":13.615963936657637,"best":28.888155288501594,"gradient_rms":66.11839248157976,"update_rms":0.0,"accepted":false,"wall_s":8.515524540096521}
{"iteration":51,"score":13.615963936657467,"best":28.888155288501594,"gradient_rms":79.54961861084632,"update_rms":0.0,"accepted":false,"wall_s":8.511383529752493}
{"iteration":52,"score":13.615963936657595,"best":28.888155288501594,"gradient_rms":564.031311151412,"update_rms":0.0,"accepted":false,"wall_s":8.520942572504282}
{"iteration":53,"score":13.615963936657545,"best":28.888155288501594,"gradient_rms":122.62876858024487,"update_rms":0.0,"accepted":false,"wall_s":8.519997347146273}
{"iteration":54,"score":13.61596393665777,"best":28.888155288501594,"gradient_rms":108.82229150288721,"update_rms":0.0,"accepted":false,"wall_s":8.52678283303976}
{"iteration":55,"score":13.61596393665763,"best":28.888155288501594,"gradient_rms":274.9317036703462,"update_rms":0.0,"accepted":false,"wall_s":8.531956005841494}
{"iteration":56,"score":13.615963936657625,"best":28.888155288501594,"gradient_rms":27.945471572775944,"update_rms":0.0,"accepted":false,"wall_s":8.549433581531048}
{"iteration":57,"score":13.615963936657558,"best":28.888155288501594,"gradient_rms":35.42600488206268,"update_rms":0.0,"accepted":false,"wall_s":8.45645184442401}
{"iteration":58,"score":13.615963936657643,"best":28.888155288501594,"gradient_rms":106.66009380834298,"update_rms":0.0,"accepted":false,"wall_s":8.458435032516718}
{"iteration":59,"score":13.615963936657504,"best":28.888155288501594,"gradient_rms":264.47572382698854,"update_rms":0.0,"accepted":false,"wall_s":8.695851471275091}
{"iteration":60,"score":13.615963936657497,"best":28.888155288501594,"gradient_rms":157.30049877269687,"update_rms":0.0,"accepted":false,"wall_s":8.518828183412552}
{"iteration":61,"score":13.615963936657582,"best":28.888155288501594,"gradient_rms":193.19282083733518,"update_rms":0.0,"accepted":false,"wall_s":8.53373845666647}
{"iteration":62,"score":13.615963936657602,"best":28.888155288501594,"gradient_rms":70.91282433770881,"update_rms":0.0,"accepted":false,"wall_s":8.529463287442923}
{"iteration":63,"score":13.615963936657547,"best":28.888155288501594,"gradient_rms":267.9807366384679,"update_rms":0.0,"accepted":false,"wall_s":8.56129577383399}
{"iteration":64,"score":13.615963936657693,"best":28.888155288501594,"gradient_rms":109.21786334136762,"update_rms":0.0,"accepted":false,"wall_s":8.52269073203206}
{"iteration":65,"score":13.61596393665763,"best":28.888155288501594,"gradient_rms":38.25705764643776,"update_rms":0.0,"accepted":false,"wall_s":8.52820048853755}
{"iteration":66,"score":13.615963936657613,"best":28.888155288501594,"gradient_rms":64.007034080914,"update_rms":0.0,"accepted":false,"wall_s":8.528509583324194}
{"iteration":67,"score":13.615963936657595,"best":28.888155288501594,"gradient_rms":191.91435140973175,"update_rms":0.0,"accepted":false,"wall_s":8.531766969710588}
{"iteration":68,"score":13.615963936657613,"best":28.888155288501594,"gradient_rms":47.519493685096194,"update_rms":0.0,"accepted":false,"wall_s":8.540521740913391}
{"iteration":69,"score":13.615963936657527,"best":28.888155288501594,"gradient_rms":169.73119651725997,"update_rms":0.0,"accepted":false,"wall_s":8.494174595922232}
{"iteration":70,"score":13.615963936657394,"best":28.888155288501594,"gradient_rms":29.6862697662602,"update_rms":0.0,"accepted":false,"wall_s":8.488705527037382}
{"iteration":71,"score":13.615963936657648,"best":28.888155288501594,"gradient_rms":45.71972556782092,"update_rms":0.0,"accepted":false,"wall_s":8.496989160776138}
{"iteration":72,"score":13.615963936657622,"best":28.888155288501594,"gradient_rms":12.74625691702505,"update_rms":0.0,"accepted":false,"wall_s":8.481174502521753}
{"iteration":73,"score":13.615963936657574,"best":28.888155288501594,"gradient_rms":217.48635211251153,"update_rms":0.0,"accepted":false,"wall_s":8.455318324267864}
{"iteration":74,"score":13.615963936657579,"best":28.888155288501594,"gradient_rms":12.755173915669745,"update_rms":0.0,"accepted":false,"wall_s":8.491925302892923}
{"iteration":75,"score":13.752999066249394,"best":28.888155288501594,"gradient_rms":69.49479396338853,"update_rms":0.0002260991518260801,"accepted":true,"wall_s":7.495267242193222}
{"iteration":76,"score":13.752999066249357,"best":28.888155288501594,"gradient_rms":251.18648862776902,"update_rms":0.0,"accepted":false,"wall_s":8.425076439976692}
{"iteration":77,"score":13.752999066249343,"best":28.888155288501594,"gradient_rms":149.20820080325953,"update_rms":0.0,"accepted":false,"wall_s":8.510534461587667}
{"iteration":78,"score":13.752999066249433,"best":28.888155288501594,"gradient_rms":166.31225292847478,"update_rms":0.0,"accepted":false,"wall_s":8.498842641711235}
{"iteration":79,"score":13.752999066249545,"best":28.888155288501594,"gradient_rms":278.09523625341427,"update_rms":0.0,"accepted":false,"wall_s":8.498263776302338}
{"iteration":80,"score":13.752999066249236,"best":28.888155288501594,"gradient_rms":93.12483364936725,"update_rms":0.0,"accepted":false,"wall_s":8.448474865406752}
{"iteration":81,"score":13.752999066249394,"best":28.888155288501594,"gradient_rms":246.46805346867632,"update_rms":0.0,"accepted":false,"wall_s":8.505825899541378}
{"iteration":82,"score":13.752999066249222,"best":28.888155288501594,"gradient_rms":285.07404230526095,"update_rms":0.0,"accepted":false,"wall_s":8.52071387320757}
{"iteration":83,"score":13.75299906624919,"best":28.888155288501594,"gradient_rms":41.13355445358522,"update_rms":0.0,"accepted":false,"wall_s":8.515152052044868}
{"iteration":84,"score":13.752999066249238,"best":28.888155288501594,"gradient_rms":292.774033584524,"update_rms":0.0,"accepted":false,"wall_s":8.508607622236013}
{"iteration":85,"score":13.752999066249435,"best":28.888155288501594,"gradient_rms":133.79984575708,"update_rms":0.0,"accepted":false,"wall_s":8.499483320862055}
{"iteration":86,"score":13.75299906624933,"best":28.888155288501594,"gradient_rms":567.9087637784934,"update_rms":0.0,"accepted":false,"wall_s":8.239145155996084}
{"iteration":87,"score":13.752999066249197,"best":28.888155288501594,"gradient_rms":113.20814172635521,"update_rms":0.0,"accepted":false,"wall_s":8.511259522289038}
{"iteration":88,"score":13.752999066249147,"best":28.888155288501594,"gradient_rms":114.68688669118715,"update_rms":0.0,"accepted":false,"wall_s":8.518130909651518}
{"iteration":89,"score":13.752999066249407,"best":28.888155288501594,"gradient_rms":523.9725702245652,"update_rms":0.0,"accepted":false,"wall_s":8.184019144624472}
{"iteration":90,"score":13.752999066249375,"best":28.888155288501594,"gradient_rms":30.45570784666345,"update_rms":0.0,"accepted":false,"wall_s":8.47951640933752}
{"iteration":91,"score":13.75299906624934,"best":28.888155288501594,"gradient_rms":63.59419070770329,"update_rms":0.0,"accepted":false,"wall_s":8.438883002847433}
{"iteration":92,"score":13.752999066249323,"best":28.888155288501594,"gradient_rms":123.76215793762951,"update_rms":0.0,"accepted":false,"wall_s":8.456632729619741}
{"iteration":93,"score":13.752999066249343,"best":28.888155288501594,"gradient_rms":412.39914654425417,"update_rms":0.0,"accepted":false,"wall_s":8.401484061032534}
{"iteration":94,"score":13.752999066249336,"best":28.888155288501594,"gradient_rms":203.5015791575277,"update_rms":0.0,"accepted":false,"wall_s":8.480511423200369}
{"iteration":95,"score":13.75299906624922,"best":28.888155288501594,"gradient_rms":349.50131281001165,"update_rms":0.0,"accepted":false,"wall_s":8.567993480712175}
{"iteration":96,"score":13.752999066249197,"best":28.888155288501594,"gradient_rms":625.214108758934,"update_rms":0.0,"accepted":false,"wall_s":8.460868407040834}
{"iteration":97,"score":13.7529990662494,"best":28.888155288501594,"gradient_rms":139.76339364173975,"update_rms":0.0,"accepted":false,"wall_s":8.494974199682474}
{"iteration":98,"score":13.752999066249194,"best":28.888155288501594,"gradient_rms":61.771553882483005,"update_rms":0.0,"accepted":false,"wall_s":8.52753733843565}
{"iteration":99,"score":13.752999066249194,"best":28.888155288501594,"gradient_rms":61.25307492967681,"update_rms":0.0,"accepted":false,"wall_s":8.49496291205287}
{"iteration":100,"score":13.752999066249254,"best":28.888155288501594,"gradient_rms":402.82790383985537,"update_rms":0.0,"accepted":false,"wall_s":7.1302084401249886}
{
  "status": "ok",
  "stop_reason": "completed_iterations",
  "initial_score": 27.345575677661703,
  "final_score": 13.752999066249254,
  "best_score": 28.888155288501594,
  "best_iteration": 2,
  "completed_iterations": 100,
  "completed_adam_steps": 9,
  "completed_optimizer_steps": 9,
  "total_wall_s": 820.102655544877,
  "initial_decode_wall_s": 1.483018420636654,
  "initial_score_wall_s": 0.6462253071367741,
  "mean_iteration_wall_s": 8.199992770254612,
  "manifest": {
    "algorithm": "adam_with_query_batched_local_gradient",
    "optimizer": "adam",
    "parameter_space": "latent",
    "gradient_objective": "dynamic local full-density score with coordinate and maximum-surface-selection derivatives omitted",
    "formal_objective": "complete native QH score for every accepted center",
    "initial_case": "/home/scc/pb24511935/local_surface_evaluator/runs/summary1_review2_20260824/flow_pairs/cases/case_11.json",
    "initial_case_sha256": "061212a48d5619dc5859d915211da5d14e7f8d81813169ca272afa3060a0544b",
    "checkpoint": "/home/scc/pb24511935/local_surface_evaluator/runs/qh_flow_physical_lr_longselect_20260729/lr_3em4/checkpoint_latest.pt",
    "checkpoint_sha256": "39a3293a459e248a0d1ec062607a1a467128b14d8ca973aadd82e113532ab99f",
    "native_lib": "/home/scc/pb24511935/local_surface_evaluator/runs/summary1_review2_20260824/build_native/libstellarator_gpu.so",
    "native_lib_sha256": "7d3784e02172f5c3130bcf085efa8120dc059d5007daa4b18680edd97b077f94",
    "nfp": 2,
    "n_base_coils": 4,
    "iterations": 100,
    "max_wall_s": 4200.0,
    "flow": {
      "method": "rk4",
      "steps": 128,
      "dtype": "fp32",
      "use": "every gradient endpoint and accepted center"
    },
    "flow_pipeline": true,
    "coordinate_gradient": {
      "dimension": 400,
      "mode": "random-orthogonal",
      "random_directions": 2,
      "endpoint_count": 4,
      "perturbation": 0.005,
      "difference": "centered",
      "psi_grid": 48,
      "psi_iterations": 4,
      "alpha_iterations": 4,
      "formal_surface_theta_count": 128,
      "local_surface_theta_count": 64
    },
    "adam": {
      "learning_rate": 0.01,
      "beta1": 0.7,
      "beta2": 0.999,
      "epsilon": 1e-08,
      "weight_decay": 0.0
    },
    "bfgs": {
      "initial_trust_rms": 0.01,
      "min_trust_rms": 1e-05,
      "max_trust_rms": 0.05,
      "trust_growth": 1.2,
      "trust_shrink": 0.5,
      "min_improvement": 0.0
    },
    "seed": 2026082511,
    "axis_policy": "initial global search, then strict mixed-precision continuation",
    "devices": {
      "flow": 0,
      "score": 0
    },
    "initial_metadata_keys": [
      "flow_prior_screening",
      "nfp",
      "raw"
    ]
  }
}
{"iteration":1,"score":25.076159129609604,"best":27.34264443132327,"gradient_rms":299.6080535278795,"update_rms":0.004999999998438384,"accepted":true,"wall_s":1.9168579392135143}
{"iteration":2,"score":25.076159129609596,"best":27.34264443132327,"gradient_rms":1235.9967967786852,"update_rms":0.0,"accepted":false,"wall_s":3.0434167087078094}
{"iteration":3,"score":25.076159129609586,"best":27.34264443132327,"gradient_rms":231.2726760774254,"update_rms":0.0,"accepted":false,"wall_s":2.685310695320368}
{"iteration":4,"score":25.165541082763504,"best":27.34264443132327,"gradient_rms":1023.3865536179276,"update_rms":0.007923458767497473,"accepted":true,"wall_s":1.5494846664369106}
{"iteration":5,"score":15.198995421360008,"best":27.34264443132327,"gradient_rms":333.59310277590293,"update_rms":0.002848540209608567,"accepted":true,"wall_s":2.2177571319043636}
{"iteration":6,"score":12.80814100475067,"best":27.34264443132327,"gradient_rms":830.6433188957277,"update_rms":0.0006973757397619303,"accepted":true,"wall_s":3.138789292424917}
{"iteration":7,"score":12.811860113585011,"best":27.34264443132327,"gradient_rms":71.74817236524237,"update_rms":0.0005048899713085299,"accepted":true,"wall_s":3.1338119246065617}
{"iteration":8,"score":12.811860113585098,"best":27.34264443132327,"gradient_rms":1128.4647224993212,"update_rms":0.0,"accepted":false,"wall_s":2.833918996155262}
{"iteration":9,"score":12.811860113584993,"best":27.34264443132327,"gradient_rms":238.80685838580447,"update_rms":0.0,"accepted":false,"wall_s":2.823353338986635}
{"iteration":10,"score":12.811860113585102,"best":27.34264443132327,"gradient_rms":138.62337808100042,"update_rms":0.0,"accepted":false,"wall_s":2.907053679227829}
{"iteration":11,"score":12.811860113584922,"best":27.34264443132327,"gradient_rms":249.2773516027165,"update_rms":0.0,"accepted":false,"wall_s":3.0021723993122578}
{"iteration":12,"score":12.81186011358525,"best":27.34264443132327,"gradient_rms":408.06267198736197,"update_rms":0.0,"accepted":false,"wall_s":2.5927641429007053}
{"iteration":13,"score":12.811860113585059,"best":27.34264443132327,"gradient_rms":473.6856376583146,"update_rms":0.0,"accepted":false,"wall_s":2.764836620539427}
{"iteration":14,"score":12.81186011358525,"best":27.34264443132327,"gradient_rms":267.04580938403876,"update_rms":0.0,"accepted":false,"wall_s":2.8249676153063774}
{"iteration":15,"score":12.811860113585087,"best":27.34264443132327,"gradient_rms":217.40827228202716,"update_rms":0.0,"accepted":false,"wall_s":2.82738109305501}
{"iteration":16,"score":12.811860113584927,"best":27.34264443132327,"gradient_rms":150.80914629066618,"update_rms":0.0,"accepted":false,"wall_s":3.0849407613277435}
{"iteration":17,"score":12.811860113585128,"best":27.34264443132327,"gradient_rms":783.5525772132472,"update_rms":0.0,"accepted":false,"wall_s":2.8246571086347103}
{"iteration":18,"score":12.811860113585107,"best":27.34264443132327,"gradient_rms":208.22862108815485,"update_rms":0.0,"accepted":false,"wall_s":2.6546240970492363}
{"iteration":19,"score":12.811860113585087,"best":27.34264443132327,"gradient_rms":1040.1917557457732,"update_rms":0.0,"accepted":false,"wall_s":2.7394318617880344}
{"iteration":20,"score":12.811860113585164,"best":27.34264443132327,"gradient_rms":207.92618472318813,"update_rms":0.0,"accepted":false,"wall_s":2.829090040177107}
{"iteration":21,"score":12.811860113585126,"best":27.34264443132327,"gradient_rms":312.13556203826454,"update_rms":0.0,"accepted":false,"wall_s":2.8271115832030773}
{"iteration":22,"score":12.811860113584936,"best":27.34264443132327,"gradient_rms":72.30234845340067,"update_rms":0.0,"accepted":false,"wall_s":3.0873835869133472}
{"iteration":23,"score":12.811860113585084,"best":27.34264443132327,"gradient_rms":315.624654710067,"update_rms":0.0,"accepted":false,"wall_s":2.9081160612404346}
{"iteration":24,"score":12.811860113585114,"best":27.34264443132327,"gradient_rms":54.87657115559515,"update_rms":0.0,"accepted":false,"wall_s":2.9113851003348827}
{"iteration":25,"score":12.811860113585189,"best":27.34264443132327,"gradient_rms":704.8932312058462,"update_rms":0.0,"accepted":false,"wall_s":2.3916790932416916}
{"iteration":26,"score":12.811860113585107,"best":27.34264443132327,"gradient_rms":860.7078532820226,"update_rms":0.0,"accepted":false,"wall_s":2.8219517581164837}
{"iteration":27,"score":12.811860113585007,"best":27.34264443132327,"gradient_rms":521.004853650724,"update_rms":0.0,"accepted":false,"wall_s":2.6509622894227505}
{"iteration":28,"score":12.811860113585142,"best":27.34264443132327,"gradient_rms":329.37525687990103,"update_rms":0.0,"accepted":false,"wall_s":3.0020008981227875}
{"iteration":29,"score":12.81186011358509,"best":27.34264443132327,"gradient_rms":658.2828479823143,"update_rms":0.0,"accepted":false,"wall_s":3.0006852969527245}
{"iteration":30,"score":12.811860113585215,"best":27.34264443132327,"gradient_rms":521.3539334372186,"update_rms":0.0,"accepted":false,"wall_s":2.654381111264229}
{"iteration":31,"score":12.811860113585178,"best":27.34264443132327,"gradient_rms":367.77547403209337,"update_rms":0.0,"accepted":false,"wall_s":2.8221213966608047}
{"iteration":32,"score":12.811860113585015,"best":27.34264443132327,"gradient_rms":1119.2634418326481,"update_rms":0.0,"accepted":false,"wall_s":2.742810405790806}
{"iteration":33,"score":12.81186011358503,"best":27.34264443132327,"gradient_rms":709.9639536277424,"update_rms":0.0,"accepted":false,"wall_s":2.6546321101486683}
{"iteration":34,"score":12.811860113585082,"best":27.34264443132327,"gradient_rms":870.2260436277153,"update_rms":0.0,"accepted":false,"wall_s":2.3991054072976112}
{"iteration":35,"score":12.811860113585164,"best":27.34264443132327,"gradient_rms":183.9358220328081,"update_rms":0.0,"accepted":false,"wall_s":3.0973556600511074}
{"iteration":36,"score":12.811860113584947,"best":27.34264443132327,"gradient_rms":147.11404054797185,"update_rms":0.0,"accepted":false,"wall_s":2.9987078942358494}
{"iteration":37,"score":12.81186011358508,"best":27.34264443132327,"gradient_rms":349.600259740844,"update_rms":0.0,"accepted":false,"wall_s":2.917739365249872}
{"iteration":38,"score":12.81186011358503,"best":27.34264443132327,"gradient_rms":889.0429327777755,"update_rms":0.0,"accepted":false,"wall_s":2.651174061000347}
{"iteration":39,"score":12.811860113585263,"best":27.34264443132327,"gradient_rms":126.12641110670442,"update_rms":0.0,"accepted":false,"wall_s":2.8314199782907963}
{"iteration":40,"score":12.811860113585242,"best":27.34264443132327,"gradient_rms":115.86198726864913,"update_rms":0.0,"accepted":false,"wall_s":2.82711536064744}
{"iteration":41,"score":12.811860113585206,"best":27.34264443132327,"gradient_rms":149.3875314263967,"update_rms":0.0,"accepted":false,"wall_s":2.651954047381878}
{"iteration":42,"score":12.81186011358499,"best":27.34264443132327,"gradient_rms":1127.4117290538675,"update_rms":0.0,"accepted":false,"wall_s":2.6520596593618393}
{"iteration":43,"score":12.811860113585126,"best":27.34264443132327,"gradient_rms":310.61366976773894,"update_rms":0.0,"accepted":false,"wall_s":2.8310141898691654}
{"iteration":44,"score":12.811860113585144,"best":27.34264443132327,"gradient_rms":221.84987279270644,"update_rms":0.0,"accepted":false,"wall_s":2.8259315714240074}
{"iteration":45,"score":12.811860113585093,"best":27.34264443132327,"gradient_rms":673.5499847487217,"update_rms":0.0,"accepted":false,"wall_s":2.8262711726129055}
{"iteration":46,"score":12.81186011358505,"best":27.34264443132327,"gradient_rms":1070.1404982159677,"update_rms":0.0,"accepted":false,"wall_s":3.090714819729328}
{"iteration":47,"score":12.811860113585112,"best":27.34264443132327,"gradient_rms":461.3236784992671,"update_rms":0.0,"accepted":false,"wall_s":2.6519520841538906}
{"iteration":48,"score":12.811860113584952,"best":27.34264443132327,"gradient_rms":262.7349542544058,"update_rms":0.0,"accepted":false,"wall_s":2.826546933501959}
{"iteration":49,"score":12.811860113585018,"best":27.34264443132327,"gradient_rms":435.78891499260595,"update_rms":0.0,"accepted":false,"wall_s":2.841429803520441}
{"iteration":50,"score":12.811860113584867,"best":27.34264443132327,"gradient_rms":83.95723351186484,"update_rms":0.0,"accepted":false,"wall_s":2.8254695869982243}
{"iteration":51,"score":12.811860113585084,"best":27.34264443132327,"gradient_rms":248.26062710897997,"update_rms":0.0,"accepted":false,"wall_s":3.1237533316016197}
{"iteration":52,"score":12.811860113585137,"best":27.34264443132327,"gradient_rms":800.0236121673133,"update_rms":0.0,"accepted":false,"wall_s":2.584290862083435}
{"iteration":53,"score":12.81186011358503,"best":27.34264443132327,"gradient_rms":876.6829540968733,"update_rms":0.0,"accepted":false,"wall_s":2.832313373684883}
{"iteration":54,"score":12.811860113585071,"best":27.34264443132327,"gradient_rms":186.32735640866963,"update_rms":0.0,"accepted":false,"wall_s":2.8267360404133797}
{"iteration":55,"score":12.811860113585038,"best":27.34264443132327,"gradient_rms":236.52188181506983,"update_rms":0.0,"accepted":false,"wall_s":2.654189147055149}
{"iteration":56,"score":12.81186011358509,"best":27.34264443132327,"gradient_rms":150.2452244754371,"update_rms":0.0,"accepted":false,"wall_s":2.828184027224779}
{"iteration":57,"score":12.811860113585125,"best":27.34264443132327,"gradient_rms":532.241922441838,"update_rms":0.0,"accepted":false,"wall_s":2.482606701552868}
{"iteration":58,"score":12.811860113585123,"best":27.34264443132327,"gradient_rms":124.56339757646174,"update_rms":0.0,"accepted":false,"wall_s":2.8331974148750305}
{"iteration":59,"score":12.81186011358507,"best":27.34264443132327,"gradient_rms":146.6338226640358,"update_rms":0.0,"accepted":false,"wall_s":3.082628048956394}
{"iteration":60,"score":12.811860113585112,"best":27.34264443132327,"gradient_rms":776.6944081943319,"update_rms":0.0,"accepted":false,"wall_s":2.9999232590198517}
{"iteration":61,"score":12.811860113585103,"best":27.34264443132327,"gradient_rms":920.5203299516754,"update_rms":0.0,"accepted":false,"wall_s":2.56928151845932}
{"iteration":62,"score":12.811860113585363,"best":27.34264443132327,"gradient_rms":273.8358387381922,"update_rms":0.0,"accepted":false,"wall_s":2.826499119400978}
{"iteration":63,"score":12.811860113585203,"best":27.34264443132327,"gradient_rms":114.46863011310849,"update_rms":0.0,"accepted":false,"wall_s":3.0852281786501408}
{"iteration":64,"score":12.81186011358497,"best":27.34264443132327,"gradient_rms":167.0132326502673,"update_rms":0.0,"accepted":false,"wall_s":3.082435917109251}
{"iteration":65,"score":12.811860113585432,"best":27.34264443132327,"gradient_rms":543.1335074695892,"update_rms":0.0,"accepted":false,"wall_s":2.6532059609889984}
{"iteration":66,"score":12.811860113585071,"best":27.34264443132327,"gradient_rms":374.9433260571493,"update_rms":0.0,"accepted":false,"wall_s":2.8268237374722958}
{"iteration":67,"score":12.811860113585075,"best":27.34264443132327,"gradient_rms":909.077567660514,"update_rms":0.0,"accepted":false,"wall_s":2.4046805277466774}
{"iteration":68,"score":12.81186011358501,"best":27.34264443132327,"gradient_rms":96.35253066672965,"update_rms":0.0,"accepted":false,"wall_s":2.826392661780119}
{"iteration":69,"score":12.811860113585146,"best":27.34264443132327,"gradient_rms":1003.5889309384253,"update_rms":0.0,"accepted":false,"wall_s":3.526587650179863}
{"iteration":70,"score":12.811860113585002,"best":27.34264443132327,"gradient_rms":145.5442289213263,"update_rms":0.0,"accepted":false,"wall_s":3.082906808704138}
{"iteration":71,"score":12.811860113585265,"best":27.34264443132327,"gradient_rms":45.20227632247735,"update_rms":0.0,"accepted":false,"wall_s":3.085533980280161}
{"iteration":72,"score":12.8118601135851,"best":27.34264443132327,"gradient_rms":73.24914459155512,"update_rms":0.0,"accepted":false,"wall_s":3.081400141119957}
{"iteration":73,"score":12.811860113585043,"best":27.34264443132327,"gradient_rms":322.17224864481983,"update_rms":0.0,"accepted":false,"wall_s":2.8256430849432945}
{"iteration":74,"score":12.811860113585148,"best":27.34264443132327,"gradient_rms":144.4521882262727,"update_rms":0.0,"accepted":false,"wall_s":2.8285448849201202}
{"iteration":75,"score":12.811860113584965,"best":27.34264443132327,"gradient_rms":915.4368036298425,"update_rms":0.0,"accepted":false,"wall_s":2.9112461656332016}
{"iteration":76,"score":12.81186011358499,"best":27.34264443132327,"gradient_rms":1145.721954322085,"update_rms":0.0,"accepted":false,"wall_s":2.8253631815314293}
{"iteration":77,"score":12.811860113585029,"best":27.34264443132327,"gradient_rms":256.5222188605302,"update_rms":0.0,"accepted":false,"wall_s":2.8286066353321075}
{"iteration":78,"score":12.81186011358496,"best":27.34264443132327,"gradient_rms":341.1786560007445,"update_rms":0.0,"accepted":false,"wall_s":2.826073933392763}
{"iteration":79,"score":12.811860113585197,"best":27.34264443132327,"gradient_rms":298.60835093141344,"update_rms":0.0,"accepted":false,"wall_s":2.8254154212772846}
{"iteration":80,"score":12.811860113585094,"best":27.34264443132327,"gradient_rms":118.53324129592482,"update_rms":0.0,"accepted":false,"wall_s":3.087333295494318}
{"iteration":81,"score":12.811860113584967,"best":27.34264443132327,"gradient_rms":290.4101198566712,"update_rms":0.0,"accepted":false,"wall_s":3.0024670846760273}
{"iteration":82,"score":12.811860113585201,"best":27.34264443132327,"gradient_rms":72.17377581228997,"update_rms":0.0,"accepted":false,"wall_s":2.938180550932884}
{"iteration":83,"score":12.811860113585114,"best":27.34264443132327,"gradient_rms":107.1927732621732,"update_rms":0.0,"accepted":false,"wall_s":2.923847071826458}
{"iteration":84,"score":12.81186011358523,"best":27.34264443132327,"gradient_rms":182.32198987310937,"update_rms":0.0,"accepted":false,"wall_s":2.8294895254075527}
{"iteration":85,"score":12.811860113585064,"best":27.34264443132327,"gradient_rms":1136.870183426486,"update_rms":0.0,"accepted":false,"wall_s":2.308351792395115}
{"iteration":86,"score":12.81186011358506,"best":27.34264443132327,"gradient_rms":1015.2503118627109,"update_rms":0.0,"accepted":false,"wall_s":2.3897278867661953}
{"iteration":87,"score":12.811860113584936,"best":27.34264443132327,"gradient_rms":177.6190320860123,"update_rms":0.0,"accepted":false,"wall_s":3.0873198620975018}
{"iteration":88,"score":12.811860113585041,"best":27.34264443132327,"gradient_rms":124.66903158168859,"update_rms":0.0,"accepted":false,"wall_s":2.8259385339915752}
{"iteration":89,"score":12.811860113585059,"best":27.34264443132327,"gradient_rms":854.7388934493725,"update_rms":0.0,"accepted":false,"wall_s":2.5684140361845493}
{"iteration":90,"score":12.811860113585075,"best":27.34264443132327,"gradient_rms":895.8209753303194,"update_rms":0.0,"accepted":false,"wall_s":2.3928394950926304}
{"iteration":91,"score":12.811860113585084,"best":27.34264443132327,"gradient_rms":215.91657629633897,"update_rms":0.0,"accepted":false,"wall_s":2.827100083231926}
{"iteration":92,"score":12.811860113585054,"best":27.34264443132327,"gradient_rms":106.82966900149272,"update_rms":0.0,"accepted":false,"wall_s":2.92382687702775}
{"iteration":93,"score":12.811860113584991,"best":27.34264443132327,"gradient_rms":513.1933551354921,"update_rms":0.0,"accepted":false,"wall_s":2.825390223413706}
{"iteration":94,"score":12.811860113585105,"best":27.34264443132327,"gradient_rms":222.81052851780188,"update_rms":0.0,"accepted":false,"wall_s":2.658725928515196}
{"iteration":95,"score":12.811860113585178,"best":27.34264443132327,"gradient_rms":479.19102262115376,"update_rms":0.0,"accepted":false,"wall_s":2.832614414393902}
{"iteration":96,"score":12.811860113584961,"best":27.34264443132327,"gradient_rms":505.89386663596275,"update_rms":0.0,"accepted":false,"wall_s":2.9289341010153294}
{"iteration":97,"score":12.811860113585132,"best":27.34264443132327,"gradient_rms":401.4878913291166,"update_rms":0.0,"accepted":false,"wall_s":2.9117710553109646}
{"iteration":98,"score":12.81186011358506,"best":27.34264443132327,"gradient_rms":325.4441166958471,"update_rms":0.0,"accepted":false,"wall_s":2.828413538634777}
{"iteration":99,"score":12.811860113584887,"best":27.34264443132327,"gradient_rms":1100.470401447706,"update_rms":0.0,"accepted":false,"wall_s":2.392694354057312}
{"iteration":100,"score":12.811860113585176,"best":27.34264443132327,"gradient_rms":1064.2062888595083,"update_rms":0.0,"accepted":false,"wall_s":2.6549095027148724}
{
  "status": "ok",
  "stop_reason": "completed_iterations",
  "initial_score": 27.34264443132327,
  "final_score": 12.811860113585176,
  "best_score": 27.34264443132327,
  "best_iteration": 0,
  "completed_iterations": 100,
  "completed_adam_steps": 5,
  "completed_optimizer_steps": 5,
  "total_wall_s": 280.0271013006568,
  "initial_decode_wall_s": 1.473379697650671,
  "initial_score_wall_s": 0.6468338966369629,
  "mean_iteration_wall_s": 2.7992378332838417,
  "manifest": {
    "algorithm": "adam_with_query_batched_local_gradient",
    "optimizer": "adam",
    "parameter_space": "data",
    "gradient_objective": "dynamic local full-density score with coordinate and maximum-surface-selection derivatives omitted",
    "formal_objective": "complete native QH score for every accepted center",
    "initial_case": "/home/scc/pb24511935/local_surface_evaluator/runs/summary1_review2_20260824/flow_pairs/cases/case_11.json",
    "initial_case_sha256": "061212a48d5619dc5859d915211da5d14e7f8d81813169ca272afa3060a0544b",
    "checkpoint": "/home/scc/pb24511935/local_surface_evaluator/runs/qh_flow_physical_lr_longselect_20260729/lr_3em4/checkpoint_latest.pt",
    "checkpoint_sha256": "39a3293a459e248a0d1ec062607a1a467128b14d8ca973aadd82e113532ab99f",
    "native_lib": "/home/scc/pb24511935/local_surface_evaluator/runs/summary1_review2_20260824/build_native/libstellarator_gpu.so",
    "native_lib_sha256": "7d3784e02172f5c3130bcf085efa8120dc059d5007daa4b18680edd97b077f94",
    "nfp": 2,
    "n_base_coils": 4,
    "iterations": 100,
    "max_wall_s": 4200.0,
    "flow": {
      "method": "rk4",
      "steps": 128,
      "dtype": "fp32",
      "use": "initial latent-to-coil decode only"
    },
    "flow_pipeline": false,
    "coordinate_gradient": {
      "dimension": 400,
      "mode": "random-orthogonal",
      "random_directions": 2,
      "endpoint_count": 4,
      "perturbation": 0.0025,
      "difference": "centered",
      "psi_grid": 48,
      "psi_iterations": 4,
      "alpha_iterations": 4,
      "formal_surface_theta_count": 128,
      "local_surface_theta_count": 64
    },
    "adam": {
      "learning_rate": 0.01,
      "beta1": 0.7,
      "beta2": 0.999,
      "epsilon": 1e-08,
      "weight_decay": 0.0
    },
    "bfgs": {
      "initial_trust_rms": 0.01,
      "min_trust_rms": 1e-05,
      "max_trust_rms": 0.05,
      "trust_growth": 1.2,
      "trust_shrink": 0.5,
      "min_improvement": 0.0
    },
    "seed": 2026082511,
    "axis_policy": "initial global search, then strict mixed-precision continuation",
    "devices": {
      "flow": 0,
      "score": 0
    },
    "initial_metadata_keys": [
      "flow_prior_screening",
      "nfp",
      "raw"
    ],
    "data_parameterization": {
      "definition": "per-coordinate training-set standardization",
      "physical_mapping": "CoilNormalizer.inverse with canonical current L1/sign",
      "initial_clipped_fraction": 0.0,
      "initial_roundtrip_relative_rms": 8.647352576026114e-14,
      "flow_calls_after_initialization": 0
    }
  }
}
{"iteration":1,"score":22.99975608225323,"best":22.99975608225323,"gradient_rms":37.77168494192124,"update_rms":0.009999999989551587,"accepted":true,"wall_s":3.570592850446701}
{"iteration":2,"score":23.42032372360613,"best":23.42032372360613,"gradient_rms":22.934718309535068,"update_rms":0.0066737716938453,"accepted":true,"wall_s":2.467700369656086}
{"iteration":3,"score":23.91069559947825,"best":23.91069559947825,"gradient_rms":34.23756574506974,"update_rms":0.006146872502430318,"accepted":true,"wall_s":2.4534219466149807}
{"iteration":4,"score":24.20990729645504,"best":24.20990729645504,"gradient_rms":18.012580265027747,"update_rms":0.004861064578767117,"accepted":true,"wall_s":2.4523875787854195}
{"iteration":5,"score":24.31293409176599,"best":24.31293409176599,"gradient_rms":38.212161231994905,"update_rms":0.005172308842758256,"accepted":true,"wall_s":2.4571225866675377}
{"iteration":6,"score":25.26742145026792,"best":25.26742145026792,"gradient_rms":34.4669621474661,"update_rms":0.004979756406213646,"accepted":true,"wall_s":2.4585332833230495}
{"iteration":7,"score":26.103401471068548,"best":26.103401471068548,"gradient_rms":43.69215906672883,"update_rms":0.005216769095239032,"accepted":true,"wall_s":2.4593554586172104}
{"iteration":8,"score":27.337091459907555,"best":27.337091459907555,"gradient_rms":33.71419544393728,"update_rms":0.004798256695533371,"accepted":true,"wall_s":2.454793017357588}
{"iteration":9,"score":28.46204360707609,"best":28.46204360707609,"gradient_rms":26.425457190883257,"update_rms":0.004228287474086071,"accepted":true,"wall_s":2.4614692963659763}
{"iteration":10,"score":29.181890385775684,"best":29.181890385775684,"gradient_rms":47.82336650042788,"update_rms":0.004838506867836076,"accepted":true,"wall_s":2.452994555234909}
{"iteration":11,"score":29.556063647923033,"best":29.556063647923033,"gradient_rms":31.553139792471605,"update_rms":0.004485931635616978,"accepted":true,"wall_s":2.459384508430958}
{"iteration":12,"score":30.308122884368416,"best":30.308122884368416,"gradient_rms":18.801465113161548,"update_rms":0.003759487813972745,"accepted":true,"wall_s":2.454052697867155}
{"iteration":13,"score":30.457798416087854,"best":30.457798416087854,"gradient_rms":47.16525455336294,"update_rms":0.0047836013191311175,"accepted":true,"wall_s":2.4999120719730854}
{"iteration":14,"score":26.193266676121677,"best":30.457798416087854,"gradient_rms":46.61585082261136,"update_rms":0.005210291259402919,"accepted":true,"wall_s":2.414462238550186}
{"iteration":15,"score":23.029136108821024,"best":30.457798416087854,"gradient_rms":12.33320398961736,"update_rms":0.003899758129129135,"accepted":true,"wall_s":2.403410464525223}
{"iteration":16,"score":21.255503448992105,"best":30.457798416087854,"gradient_rms":33.45504288451022,"update_rms":0.004022720341704131,"accepted":true,"wall_s":2.406124334782362}
{"iteration":17,"score":19.363518566956532,"best":30.457798416087854,"gradient_rms":23.32175581978787,"update_rms":0.003552819657312008,"accepted":true,"wall_s":2.403991959989071}
{"iteration":18,"score":13.872501023579867,"best":30.457798416087854,"gradient_rms":45.02354605653629,"update_rms":0.004642457705502548,"accepted":true,"wall_s":2.4140141122043133}
{"iteration":19,"score":13.303810807859687,"best":30.457798416087854,"gradient_rms":19.49367736159196,"update_rms":0.0004897903611377716,"accepted":true,"wall_s":7.464938141405582}
{"iteration":20,"score":13.303810807859572,"best":30.457798416087854,"gradient_rms":19.023715560176512,"update_rms":0.0,"accepted":false,"wall_s":8.381740342825651}
{"iteration":21,"score":13.30381080785947,"best":30.457798416087854,"gradient_rms":13.793573013987237,"update_rms":0.0,"accepted":false,"wall_s":8.469866212457418}
{"iteration":22,"score":13.303810807859563,"best":30.457798416087854,"gradient_rms":16.566351490611183,"update_rms":0.0,"accepted":false,"wall_s":8.482245411723852}
{"iteration":23,"score":13.303810807859318,"best":30.457798416087854,"gradient_rms":5.050505849373739,"update_rms":0.0,"accepted":false,"wall_s":8.463604234158993}
{"iteration":24,"score":13.30381080785942,"best":30.457798416087854,"gradient_rms":13.057070557325178,"update_rms":0.0,"accepted":false,"wall_s":8.499294087290764}
{"iteration":25,"score":13.169768526338707,"best":30.457798416087854,"gradient_rms":34.332861541552305,"update_rms":0.0010495371151325063,"accepted":true,"wall_s":5.5050624795258045}
{"iteration":26,"score":13.169768526338718,"best":30.457798416087854,"gradient_rms":12.01429222407835,"update_rms":0.0,"accepted":false,"wall_s":8.230898279696703}
{"iteration":27,"score":13.169768526338778,"best":30.457798416087854,"gradient_rms":14.006587604325908,"update_rms":0.0,"accepted":false,"wall_s":8.067798811942339}
{"iteration":28,"score":13.662691812777693,"best":30.457798416087854,"gradient_rms":16.834887554149972,"update_rms":0.0033411065047830803,"accepted":true,"wall_s":2.40427627786994}
{"iteration":29,"score":14.760307176614933,"best":30.457798416087854,"gradient_rms":20.871352346263183,"update_rms":0.0030261937818800346,"accepted":true,"wall_s":2.4025229774415493}
{"iteration":30,"score":14.965375903549008,"best":30.457798416087854,"gradient_rms":13.695290539961277,"update_rms":0.002453620452053033,"accepted":true,"wall_s":2.256312381476164}
{"iteration":31,"score":15.33970843285121,"best":30.457798416087854,"gradient_rms":21.96352860605966,"update_rms":0.00273480339124042,"accepted":true,"wall_s":2.263360358774662}
{"iteration":32,"score":19.04655688382745,"best":30.457798416087854,"gradient_rms":32.98500495800053,"update_rms":0.0036401267032484742,"accepted":true,"wall_s":2.405920412391424}
{"iteration":33,"score":19.13362933528893,"best":30.457798416087854,"gradient_rms":38.70909050541945,"update_rms":0.004229027552531924,"accepted":true,"wall_s":2.404934987425804}
{"iteration":34,"score":17.604627728778944,"best":30.457798416087854,"gradient_rms":38.58805629388741,"update_rms":0.0044309068394481664,"accepted":true,"wall_s":2.406886614859104}
{"iteration":35,"score":14.870471239243637,"best":30.457798416087854,"gradient_rms":20.081493521916165,"update_rms":0.0036598805677640323,"accepted":true,"wall_s":2.4055255129933357}
{"iteration":36,"score":14.619469045208486,"best":30.457798416087854,"gradient_rms":5.096906265205439,"update_rms":0.00032971257324507,"accepted":true,"wall_s":7.27940209582448}
{"iteration":37,"score":14.619469045208685,"best":30.457798416087854,"gradient_rms":46.254191433282514,"update_rms":0.0,"accepted":false,"wall_s":8.50175503641367}
{"iteration":38,"score":14.619469045208493,"best":30.457798416087854,"gradient_rms":14.362979908235351,"update_rms":0.0,"accepted":false,"wall_s":8.374978192150593}
{"iteration":39,"score":14.518788350619781,"best":30.457798416087854,"gradient_rms":8.457693434210565,"update_rms":0.00024976441997104126,"accepted":true,"wall_s":7.206029433757067}
{"iteration":40,"score":14.518788350620026,"best":30.457798416087854,"gradient_rms":29.455818459426645,"update_rms":0.0,"accepted":false,"wall_s":8.524171084165573}
{"iteration":41,"score":14.518788350619744,"best":30.457798416087854,"gradient_rms":22.132842508787185,"update_rms":0.0,"accepted":false,"wall_s":8.341568239033222}
{"iteration":42,"score":14.518788350619896,"best":30.457798416087854,"gradient_rms":31.85359347915885,"update_rms":0.0,"accepted":false,"wall_s":8.470769386738539}
{"iteration":43,"score":14.51878835061998,"best":30.457798416087854,"gradient_rms":30.383462455998586,"update_rms":0.0,"accepted":false,"wall_s":8.486547190696001}
{"iteration":44,"score":14.518788350619973,"best":30.457798416087854,"gradient_rms":24.269015328898117,"update_rms":0.0,"accepted":false,"wall_s":8.318787898868322}
{"iteration":45,"score":15.731584594769682,"best":30.457798416087854,"gradient_rms":34.04406648406367,"update_rms":0.003479341132699202,"accepted":true,"wall_s":2.4254208505153656}
{"iteration":46,"score":15.133818482317217,"best":30.457798416087854,"gradient_rms":22.645897811846567,"update_rms":0.0016881086555013947,"accepted":true,"wall_s":4.099653270095587}
{"iteration":47,"score":14.663101948004057,"best":30.457798416087854,"gradient_rms":6.486238283413732,"update_rms":0.001232865181590027,"accepted":true,"wall_s":3.948063090443611}
{"iteration":48,"score":14.66310194800411,"best":30.457798416087854,"gradient_rms":50.090773989172014,"update_rms":0.0,"accepted":false,"wall_s":8.501187108457088}
{"iteration":49,"score":14.663101948003934,"best":30.457798416087854,"gradient_rms":34.127106727082854,"update_rms":0.0,"accepted":false,"wall_s":8.474128656089306}
{"iteration":50,"score":14.663101948003943,"best":30.457798416087854,"gradient_rms":40.438217454582116,"update_rms":0.0,"accepted":false,"wall_s":8.467090014368296}
{"iteration":51,"score":14.6631019480039,"best":30.457798416087854,"gradient_rms":49.50274542458438,"update_rms":0.0,"accepted":false,"wall_s":8.108008302748203}
{"iteration":52,"score":14.663101948003966,"best":30.457798416087854,"gradient_rms":15.515707884563595,"update_rms":0.0,"accepted":false,"wall_s":8.168114926666021}
{"iteration":53,"score":14.66310194800426,"best":30.457798416087854,"gradient_rms":25.963138335299274,"update_rms":0.0,"accepted":false,"wall_s":8.746955078095198}
{"iteration":54,"score":14.663101948003908,"best":30.457798416087854,"gradient_rms":27.134366084700652,"update_rms":0.0,"accepted":false,"wall_s":8.564765635877848}
{"iteration":55,"score":14.663101948003916,"best":30.457798416087854,"gradient_rms":21.212832124604503,"update_rms":0.0,"accepted":false,"wall_s":8.490190915763378}
{"iteration":56,"score":14.559835825649374,"best":30.457798416087854,"gradient_rms":20.79379613537833,"update_rms":0.0003454975881444252,"accepted":true,"wall_s":7.293934468179941}
{"iteration":57,"score":14.559835825649559,"best":30.457798416087854,"gradient_rms":41.05911782969555,"update_rms":0.0,"accepted":false,"wall_s":10.095795225352049}
{"iteration":58,"score":14.559835825649408,"best":30.457798416087854,"gradient_rms":50.5323031489055,"update_rms":0.0,"accepted":false,"wall_s":8.084823995828629}
{"iteration":59,"score":14.559835825649758,"best":30.457798416087854,"gradient_rms":31.308699368516475,"update_rms":0.0,"accepted":false,"wall_s":8.5040851123631}
{"iteration":60,"score":15.491339855863203,"best":30.457798416087854,"gradient_rms":26.740467660696172,"update_rms":0.003438026655440271,"accepted":true,"wall_s":2.403387486934662}
{"iteration":61,"score":14.856410672240138,"best":30.457798416087854,"gradient_rms":48.75006249188515,"update_rms":0.0012714715944677289,"accepted":true,"wall_s":5.623401962220669}
{"iteration":62,"score":14.856410672240264,"best":30.457798416087854,"gradient_rms":28.351565456146773,"update_rms":0.0,"accepted":false,"wall_s":8.32844976708293}
{"iteration":63,"score":14.856410672240045,"best":30.457798416087854,"gradient_rms":66.77578893079162,"update_rms":0.0,"accepted":false,"wall_s":8.514047775417566}
{"iteration":64,"score":14.694758861276426,"best":30.457798416087854,"gradient_rms":5.981277323259105,"update_rms":0.0004611679864434258,"accepted":true,"wall_s":7.18608095869422}
{"iteration":65,"score":14.694758861276316,"best":30.457798416087854,"gradient_rms":32.687485103909076,"update_rms":0.0,"accepted":false,"wall_s":8.35159208625555}
{"iteration":66,"score":14.694758861276298,"best":30.457798416087854,"gradient_rms":34.50777183348162,"update_rms":0.0,"accepted":false,"wall_s":8.52612241357565}
{"iteration":67,"score":14.694758861276053,"best":30.457798416087854,"gradient_rms":27.146913556170162,"update_rms":0.0,"accepted":false,"wall_s":8.349667619913816}
{"iteration":68,"score":14.694758861276041,"best":30.457798416087854,"gradient_rms":31.48619013260768,"update_rms":0.0,"accepted":false,"wall_s":8.361630707979202}
{"iteration":69,"score":14.694758861276298,"best":30.457798416087854,"gradient_rms":7.6183711867579476,"update_rms":0.0,"accepted":false,"wall_s":8.059826418757439}
{"iteration":70,"score":14.694758861276325,"best":30.457798416087854,"gradient_rms":38.97726715662826,"update_rms":0.0,"accepted":false,"wall_s":8.368560690432787}
{"iteration":71,"score":14.694758861276302,"best":30.457798416087854,"gradient_rms":29.402365689706233,"update_rms":0.0,"accepted":false,"wall_s":8.359513312578201}
{"iteration":72,"score":14.641549063259363,"best":30.457798416087854,"gradient_rms":35.64313528170253,"update_rms":0.001118441096321721,"accepted":true,"wall_s":5.347001288086176}
{"iteration":73,"score":14.641549063259573,"best":30.457798416087854,"gradient_rms":40.8575876282723,"update_rms":0.0,"accepted":false,"wall_s":8.497598551213741}
{"iteration":74,"score":14.64154906325952,"best":30.457798416087854,"gradient_rms":8.359216014579646,"update_rms":0.0,"accepted":false,"wall_s":7.904278039932251}
{"iteration":75,"score":14.641549063259609,"best":30.457798416087854,"gradient_rms":28.844232710746418,"update_rms":0.0,"accepted":false,"wall_s":8.357995562255383}
{"iteration":76,"score":14.641549063259406,"best":30.457798416087854,"gradient_rms":34.56892745734332,"update_rms":0.0,"accepted":false,"wall_s":8.207438513636589}
{"iteration":77,"score":14.64154906325969,"best":30.457798416087854,"gradient_rms":28.399223129101845,"update_rms":0.0,"accepted":false,"wall_s":8.329744145274162}
{"iteration":78,"score":14.641549063259715,"best":30.457798416087854,"gradient_rms":9.141316305579362,"update_rms":0.0,"accepted":false,"wall_s":7.918636787682772}
{"iteration":79,"score":14.641549063259653,"best":30.457798416087854,"gradient_rms":53.18117160172284,"update_rms":0.0,"accepted":false,"wall_s":8.563306856900454}
{"iteration":80,"score":14.641549063259484,"best":30.457798416087854,"gradient_rms":55.79443377013197,"update_rms":0.0,"accepted":false,"wall_s":8.494023129343987}
{"iteration":81,"score":14.641549063259458,"best":30.457798416087854,"gradient_rms":26.712095533822,"update_rms":0.0,"accepted":false,"wall_s":8.356710847467184}
{"iteration":82,"score":14.641549063259353,"best":30.457798416087854,"gradient_rms":33.178654813964485,"update_rms":0.0,"accepted":false,"wall_s":8.370006866753101}
{"iteration":83,"score":14.641549063259454,"best":30.457798416087854,"gradient_rms":45.079362048469626,"update_rms":0.0,"accepted":false,"wall_s":8.498671058565378}
{"iteration":84,"score":14.641549063259513,"best":30.457798416087854,"gradient_rms":44.497119337207124,"update_rms":0.0,"accepted":false,"wall_s":8.462552163749933}
{"iteration":85,"score":14.641549063259525,"best":30.457798416087854,"gradient_rms":12.85311815021842,"update_rms":0.0,"accepted":false,"wall_s":8.243914194405079}
{"iteration":86,"score":14.641549063259493,"best":30.457798416087854,"gradient_rms":20.319021438828138,"update_rms":0.0,"accepted":false,"wall_s":8.336326640099287}
{"iteration":87,"score":14.641549063259363,"best":30.457798416087854,"gradient_rms":27.468300800684577,"update_rms":0.0,"accepted":false,"wall_s":8.197983894497156}
{"iteration":88,"score":14.641549063259273,"best":30.457798416087854,"gradient_rms":37.234134548901025,"update_rms":0.0,"accepted":false,"wall_s":8.342436648905277}
{"iteration":89,"score":14.64154906325957,"best":30.457798416087854,"gradient_rms":32.16136934730438,"update_rms":0.0,"accepted":false,"wall_s":8.212527956813574}
{"iteration":90,"score":14.641549063259705,"best":30.457798416087854,"gradient_rms":14.551927081468191,"update_rms":0.0,"accepted":false,"wall_s":8.217977341264486}
{"iteration":91,"score":14.641549063259705,"best":30.457798416087854,"gradient_rms":33.10780317104468,"update_rms":0.0,"accepted":false,"wall_s":8.062438640743494}
{"iteration":92,"score":14.641549063259564,"best":30.457798416087854,"gradient_rms":52.10352469324973,"update_rms":0.0,"accepted":false,"wall_s":8.310091756284237}
{"iteration":93,"score":14.641549063259525,"best":30.457798416087854,"gradient_rms":27.232435722217947,"update_rms":0.0,"accepted":false,"wall_s":7.911859724670649}
{"iteration":94,"score":14.641549063259665,"best":30.457798416087854,"gradient_rms":50.24888608496271,"update_rms":0.0,"accepted":false,"wall_s":8.470459140837193}
{"iteration":95,"score":14.641549063259621,"best":30.457798416087854,"gradient_rms":44.2952776662551,"update_rms":0.0,"accepted":false,"wall_s":8.46353941038251}
{"iteration":96,"score":14.641549063259507,"best":30.457798416087854,"gradient_rms":24.169724055751836,"update_rms":0.0,"accepted":false,"wall_s":8.34160079807043}
{"iteration":97,"score":14.641549063259632,"best":30.457798416087854,"gradient_rms":27.438488769960117,"update_rms":0.0,"accepted":false,"wall_s":8.152979653328657}
{"iteration":98,"score":14.641549063259559,"best":30.457798416087854,"gradient_rms":34.76306328900431,"update_rms":0.0,"accepted":false,"wall_s":8.51052214577794}
{"iteration":99,"score":14.641549063259555,"best":30.457798416087854,"gradient_rms":33.247181506248154,"update_rms":0.0,"accepted":false,"wall_s":8.014889188110828}
{"iteration":100,"score":14.641549063259442,"best":30.457798416087854,"gradient_rms":31.51126001581509,"update_rms":0.0,"accepted":false,"wall_s":7.146391022950411}
{
  "status": "ok",
  "stop_reason": "completed_iterations",
  "initial_score": 22.93933773395216,
  "final_score": 14.641549063259442,
  "best_score": 30.457798416087854,
  "best_iteration": 13,
  "completed_iterations": 100,
  "completed_adam_steps": 38,
  "completed_optimizer_steps": 38,
  "total_wall_s": 647.9091082140803,
  "initial_decode_wall_s": 1.4787339493632317,
  "initial_score_wall_s": 0.581618245691061,
  "mean_iteration_wall_s": 6.47811319231987,
  "manifest": {
    "algorithm": "adam_with_query_batched_local_gradient",
    "optimizer": "adam",
    "parameter_space": "latent",
    "gradient_objective": "dynamic local full-density score with coordinate and maximum-surface-selection derivatives omitted",
    "formal_objective": "complete native QH score for every accepted center",
    "initial_case": "/home/scc/pb24511935/local_surface_evaluator/runs/summary1_review2_20260824/flow_pairs/cases/case_15.json",
    "initial_case_sha256": "33cd43ae6daac87f5b0d77b5f5f79fa0b9c87da26f9acfe0c9336839d9e0a4ed",
    "checkpoint": "/home/scc/pb24511935/local_surface_evaluator/runs/qh_flow_physical_lr_longselect_20260729/lr_3em4/checkpoint_latest.pt",
    "checkpoint_sha256": "39a3293a459e248a0d1ec062607a1a467128b14d8ca973aadd82e113532ab99f",
    "native_lib": "/home/scc/pb24511935/local_surface_evaluator/runs/summary1_review2_20260824/build_native/libstellarator_gpu.so",
    "native_lib_sha256": "7d3784e02172f5c3130bcf085efa8120dc059d5007daa4b18680edd97b077f94",
    "nfp": 2,
    "n_base_coils": 3,
    "iterations": 100,
    "max_wall_s": 4200.0,
    "flow": {
      "method": "rk4",
      "steps": 128,
      "dtype": "fp32",
      "use": "every gradient endpoint and accepted center"
    },
    "flow_pipeline": true,
    "coordinate_gradient": {
      "dimension": 300,
      "mode": "random-orthogonal",
      "random_directions": 2,
      "endpoint_count": 4,
      "perturbation": 0.005,
      "difference": "centered",
      "psi_grid": 48,
      "psi_iterations": 4,
      "alpha_iterations": 4,
      "formal_surface_theta_count": 128,
      "local_surface_theta_count": 64
    },
    "adam": {
      "learning_rate": 0.01,
      "beta1": 0.7,
      "beta2": 0.999,
      "epsilon": 1e-08,
      "weight_decay": 0.0
    },
    "bfgs": {
      "initial_trust_rms": 0.01,
      "min_trust_rms": 1e-05,
      "max_trust_rms": 0.05,
      "trust_growth": 1.2,
      "trust_shrink": 0.5,
      "min_improvement": 0.0
    },
    "seed": 2026082515,
    "axis_policy": "initial global search, then strict mixed-precision continuation",
    "devices": {
      "flow": 0,
      "score": 0
    },
    "initial_metadata_keys": [
      "flow_prior_screening",
      "nfp",
      "raw"
    ]
  }
}
{"iteration":1,"score":23.146354759266373,"best":23.146354759266373,"gradient_rms":178.88493516581218,"update_rms":0.00999999999672527,"accepted":true,"wall_s":1.3822315335273743}
{"iteration":2,"score":24.969320779395684,"best":24.969320779395684,"gradient_rms":88.13238625633068,"update_rms":0.006557297295055772,"accepted":true,"wall_s":1.379362739622593}
{"iteration":3,"score":27.686703463404985,"best":27.686703463404985,"gradient_rms":257.5457837114153,"update_rms":0.006395348868168475,"accepted":true,"wall_s":1.3715684413909912}
{"iteration":4,"score":31.608712501283357,"best":31.608712501283357,"gradient_rms":235.94470595117104,"update_rms":0.005824676224173514,"accepted":true,"wall_s":1.360371708869934}
{"iteration":5,"score":32.33848036689635,"best":32.33848036689635,"gradient_rms":197.13761153675546,"update_rms":0.005355903342854402,"accepted":true,"wall_s":1.3408440500497818}
{"iteration":6,"score":29.259869086309656,"best":32.33848036689635,"gradient_rms":148.49583677448322,"update_rms":0.004641900950633335,"accepted":true,"wall_s":1.3213757127523422}
{"iteration":7,"score":21.456097321050123,"best":32.33848036689635,"gradient_rms":112.90512509253242,"update_rms":0.0038179699279065698,"accepted":true,"wall_s":1.320075087249279}
{"iteration":8,"score":24.403894692230626,"best":32.33848036689635,"gradient_rms":174.25812081237447,"update_rms":0.004127422879782633,"accepted":true,"wall_s":1.174502708017826}
{"iteration":9,"score":22.28057966873206,"best":32.33848036689635,"gradient_rms":209.84994631786176,"update_rms":0.0011196448527446916,"accepted":true,"wall_s":2.5309645906090736}
{"iteration":10,"score":22.28057966873197,"best":32.33848036689635,"gradient_rms":171.18360656503296,"update_rms":0.0,"accepted":false,"wall_s":3.089605513960123}
{"iteration":11,"score":22.2805796687321,"best":32.33848036689635,"gradient_rms":134.34763950162372,"update_rms":0.0,"accepted":false,"wall_s":3.0914156325161457}
{"iteration":12,"score":21.455037318241,"best":32.33848036689635,"gradient_rms":188.73965118579966,"update_rms":0.0011289511709087886,"accepted":true,"wall_s":2.538755439221859}
{"iteration":13,"score":21.455037318241597,"best":32.33848036689635,"gradient_rms":129.72865987746505,"update_rms":0.0,"accepted":false,"wall_s":3.0938357077538967}
{"iteration":14,"score":21.45503731824131,"best":32.33848036689635,"gradient_rms":106.67388133864851,"update_rms":0.0,"accepted":false,"wall_s":3.086242590099573}
{"iteration":15,"score":21.455037318241445,"best":32.33848036689635,"gradient_rms":230.858393610596,"update_rms":0.0,"accepted":false,"wall_s":3.089077528566122}
{"iteration":16,"score":21.455037318241637,"best":32.33848036689635,"gradient_rms":96.78594987895556,"update_rms":0.0,"accepted":false,"wall_s":3.0876720882952213}
{"iteration":17,"score":21.45503731824154,"best":32.33848036689635,"gradient_rms":181.0511231506393,"update_rms":0.0,"accepted":false,"wall_s":3.090377889573574}
{"iteration":18,"score":21.455037318241025,"best":32.33848036689635,"gradient_rms":85.8567859568494,"update_rms":0.0,"accepted":false,"wall_s":3.0876423195004463}
{"iteration":19,"score":21.455037318241637,"best":32.33848036689635,"gradient_rms":79.43606041755336,"update_rms":0.0,"accepted":false,"wall_s":3.0866791494190693}
{"iteration":20,"score":21.455037318241146,"best":32.33848036689635,"gradient_rms":80.48621154993599,"update_rms":0.0,"accepted":false,"wall_s":3.093228854238987}
{"iteration":21,"score":21.455037318241256,"best":32.33848036689635,"gradient_rms":75.78940110128514,"update_rms":0.0,"accepted":false,"wall_s":3.0968469232320786}
{"iteration":22,"score":21.45503731824157,"best":32.33848036689635,"gradient_rms":90.31822091370256,"update_rms":0.0,"accepted":false,"wall_s":2.6567945703864098}
{"iteration":23,"score":23.04113928528092,"best":32.33848036689635,"gradient_rms":46.17955271187566,"update_rms":0.0034102081127642607,"accepted":true,"wall_s":1.3202662356197834}
{"iteration":24,"score":41.86978318730152,"best":41.86978318730152,"gradient_rms":245.8915941682238,"update_rms":0.0047148710616067785,"accepted":true,"wall_s":1.3224940486252308}
{"iteration":25,"score":47.98195876784287,"best":47.98195876784287,"gradient_rms":174.70277972081053,"update_rms":0.004509611507017426,"accepted":true,"wall_s":1.3214484341442585}
{"iteration":26,"score":41.97756381859926,"best":47.98195876784287,"gradient_rms":262.987320238206,"update_rms":0.0048989632488203715,"accepted":true,"wall_s":1.3190725930035114}
{"iteration":27,"score":37.75195586445478,"best":47.98195876784287,"gradient_rms":438.97935599949074,"update_rms":0.0015425862637999145,"accepted":true,"wall_s":2.671936761587858}
{"iteration":28,"score":33.069263969383066,"best":47.98195876784287,"gradient_rms":475.4251852668218,"update_rms":0.0008601235969673089,"accepted":true,"wall_s":3.2602002285420895}
{"iteration":29,"score":33.069263969382895,"best":47.98195876784287,"gradient_rms":99.75375704715763,"update_rms":0.0,"accepted":false,"wall_s":3.2068232633173466}
{"iteration":30,"score":33.06926396938289,"best":47.98195876784287,"gradient_rms":138.18798381456025,"update_rms":0.0,"accepted":false,"wall_s":3.212197355926037}
{"iteration":31,"score":33.069263969382945,"best":47.98195876784287,"gradient_rms":53.9282386857699,"update_rms":0.0,"accepted":false,"wall_s":3.21846030279994}
{"iteration":32,"score":33.21958081065857,"best":47.98195876784287,"gradient_rms":251.22735850357773,"update_rms":0.0007285662547618159,"accepted":true,"wall_s":3.13710255920887}
{"iteration":33,"score":33.21958081065856,"best":47.98195876784287,"gradient_rms":69.16523150679706,"update_rms":0.0,"accepted":false,"wall_s":3.098278533667326}
{"iteration":34,"score":33.21958081065885,"best":47.98195876784287,"gradient_rms":211.98138992997542,"update_rms":0.0,"accepted":false,"wall_s":3.0876550152897835}
{"iteration":35,"score":33.21958081065859,"best":47.98195876784287,"gradient_rms":8.635522798471703,"update_rms":0.0,"accepted":false,"wall_s":3.0922435000538826}
{"iteration":36,"score":33.53882932096155,"best":47.98195876784287,"gradient_rms":102.68632603857417,"update_rms":0.0005515728709224228,"accepted":true,"wall_s":3.140151634812355}
{"iteration":37,"score":33.53882932096204,"best":47.98195876784287,"gradient_rms":54.757098095172935,"update_rms":0.0,"accepted":false,"wall_s":3.0911046750843525}
{"iteration":38,"score":34.65318268533871,"best":47.98195876784287,"gradient_rms":233.2568371014368,"update_rms":0.0011191466070239586,"accepted":true,"wall_s":2.531203579157591}
{"iteration":39,"score":34.65318268533898,"best":47.98195876784287,"gradient_rms":78.27413024844112,"update_rms":0.0,"accepted":false,"wall_s":3.088736116886139}
{"iteration":40,"score":34.653182685338976,"best":47.98195876784287,"gradient_rms":385.245750523703,"update_rms":0.0,"accepted":false,"wall_s":3.0887843146920204}
{"iteration":41,"score":38.262503520816125,"best":47.98195876784287,"gradient_rms":2.299456900482315,"update_rms":0.003214534905950128,"accepted":true,"wall_s":1.3219650723040104}
{"iteration":42,"score":38.262503520816075,"best":47.98195876784287,"gradient_rms":281.5102366346607,"update_rms":0.0,"accepted":false,"wall_s":3.2262873835861683}
{"iteration":43,"score":38.26250352081601,"best":47.98195876784287,"gradient_rms":291.1459847158366,"update_rms":0.0,"accepted":false,"wall_s":3.084246512502432}
{"iteration":44,"score":41.511079370660454,"best":47.98195876784287,"gradient_rms":213.76633030295633,"update_rms":0.0034970700623600066,"accepted":true,"wall_s":1.320041336119175}
{"iteration":45,"score":41.51107937066047,"best":47.98195876784287,"gradient_rms":243.0797671259226,"update_rms":0.0,"accepted":false,"wall_s":3.0907180197536945}
{"iteration":46,"score":45.075916648966526,"best":47.98195876784287,"gradient_rms":11.887820384523131,"update_rms":0.0025177530781352593,"accepted":true,"wall_s":1.3195957355201244}
{"iteration":47,"score":45.075916648966285,"best":47.98195876784287,"gradient_rms":412.0749615382189,"update_rms":0.0,"accepted":false,"wall_s":3.2271335162222385}
{"iteration":48,"score":51.321163811717355,"best":51.321163811717355,"gradient_rms":176.29527244048975,"update_rms":0.0029813488175985366,"accepted":true,"wall_s":1.331761747598648}
{"iteration":49,"score":48.17554604473471,"best":51.321163811717355,"gradient_rms":223.89679301343523,"update_rms":0.0009459784401774166,"accepted":true,"wall_s":2.5276817120611668}
{"iteration":50,"score":46.43223377263626,"best":51.321163811717355,"gradient_rms":106.65180688391392,"update_rms":0.00039474336194826777,"accepted":true,"wall_s":3.134515557438135}
{"iteration":51,"score":46.43223377263586,"best":51.321163811717355,"gradient_rms":290.95748898510305,"update_rms":0.0,"accepted":false,"wall_s":3.225359458476305}
{"iteration":52,"score":46.43223377263612,"best":51.321163811717355,"gradient_rms":429.8898783531023,"update_rms":0.0,"accepted":false,"wall_s":3.2247046791017056}
{"iteration":53,"score":46.43223377263624,"best":51.321163811717355,"gradient_rms":278.15982002045416,"update_rms":0.0,"accepted":false,"wall_s":3.2239657565951347}
{"iteration":54,"score":46.43223377263613,"best":51.321163811717355,"gradient_rms":299.09688257315054,"update_rms":0.0,"accepted":false,"wall_s":3.085143994539976}
{"iteration":55,"score":46.43223377263652,"best":51.321163811717355,"gradient_rms":44.44627636080798,"update_rms":0.0,"accepted":false,"wall_s":3.087718963623047}
{"iteration":56,"score":46.43223377263613,"best":51.321163811717355,"gradient_rms":280.4466881543624,"update_rms":0.0,"accepted":false,"wall_s":3.2238566279411316}
{"iteration":57,"score":46.43223377263602,"best":51.321163811717355,"gradient_rms":48.03891187190988,"update_rms":0.0,"accepted":false,"wall_s":3.0843927152454853}
{"iteration":58,"score":46.432233772635755,"best":51.321163811717355,"gradient_rms":394.3626291037988,"update_rms":0.0,"accepted":false,"wall_s":3.218506932258606}
{"iteration":59,"score":46.43223377263625,"best":51.321163811717355,"gradient_rms":329.6105232641412,"update_rms":0.0,"accepted":false,"wall_s":3.084621988236904}
{"iteration":60,"score":46.43223377263606,"best":51.321163811717355,"gradient_rms":310.4277407252505,"update_rms":0.0,"accepted":false,"wall_s":3.2248795479536057}
{"iteration":61,"score":46.4322337726362,"best":51.321163811717355,"gradient_rms":267.1846677715192,"update_rms":0.0,"accepted":false,"wall_s":3.224223952740431}
{"iteration":62,"score":46.43223377263617,"best":51.321163811717355,"gradient_rms":294.4422663404962,"update_rms":0.0,"accepted":false,"wall_s":3.087780363857746}
{"iteration":63,"score":46.43223377263613,"best":51.321163811717355,"gradient_rms":345.9395371897008,"update_rms":0.0,"accepted":false,"wall_s":3.2286910861730576}
{"iteration":64,"score":46.43223377263646,"best":51.321163811717355,"gradient_rms":366.78997599327437,"update_rms":0.0,"accepted":false,"wall_s":3.081885162740946}
{"iteration":65,"score":46.43223377263608,"best":51.321163811717355,"gradient_rms":299.48732925381705,"update_rms":0.0,"accepted":false,"wall_s":3.085011713206768}
{"iteration":66,"score":46.43223377263609,"best":51.321163811717355,"gradient_rms":278.78806164169214,"update_rms":0.0,"accepted":false,"wall_s":3.081938561052084}
{"iteration":67,"score":46.43223377263609,"best":51.321163811717355,"gradient_rms":276.0642599166753,"update_rms":0.0,"accepted":false,"wall_s":3.2194145284593105}
{"iteration":68,"score":46.432233772635975,"best":51.321163811717355,"gradient_rms":384.240947937072,"update_rms":0.0,"accepted":false,"wall_s":3.0870642997324467}
{"iteration":69,"score":46.43223377263616,"best":51.321163811717355,"gradient_rms":133.28779516278198,"update_rms":0.0,"accepted":false,"wall_s":3.087700705975294}
{"iteration":70,"score":46.43223377263635,"best":51.321163811717355,"gradient_rms":98.16350809200502,"update_rms":0.0,"accepted":false,"wall_s":3.0867883302271366}
{"iteration":71,"score":46.43223377263609,"best":51.321163811717355,"gradient_rms":178.60072052750695,"update_rms":0.0,"accepted":false,"wall_s":3.230860110372305}
{"iteration":72,"score":46.432233772635854,"best":51.321163811717355,"gradient_rms":137.2608914110815,"update_rms":0.0,"accepted":false,"wall_s":3.0855349004268646}
{"iteration":73,"score":46.43223377263608,"best":51.321163811717355,"gradient_rms":195.2915323326043,"update_rms":0.0,"accepted":false,"wall_s":3.082925520837307}
{"iteration":74,"score":46.43223377263618,"best":51.321163811717355,"gradient_rms":185.37226865920258,"update_rms":0.0,"accepted":false,"wall_s":3.0851551294326782}
{"iteration":75,"score":46.43223377263609,"best":51.321163811717355,"gradient_rms":303.89177336602654,"update_rms":0.0,"accepted":false,"wall_s":3.213660806417465}
{"iteration":76,"score":46.43223377263617,"best":51.321163811717355,"gradient_rms":373.04040003854925,"update_rms":0.0,"accepted":false,"wall_s":3.3516848161816597}
{"iteration":77,"score":46.432233772636145,"best":51.321163811717355,"gradient_rms":356.7292412918844,"update_rms":0.0,"accepted":false,"wall_s":3.2248515151441097}
{"iteration":78,"score":46.432233772636124,"best":51.321163811717355,"gradient_rms":145.59785491890344,"update_rms":0.0,"accepted":false,"wall_s":3.086198069155216}
{"iteration":79,"score":46.432233772636366,"best":51.321163811717355,"gradient_rms":154.42484225458045,"update_rms":0.0,"accepted":false,"wall_s":3.030487697571516}
{"iteration":80,"score":46.43223377263624,"best":51.321163811717355,"gradient_rms":89.07376913790735,"update_rms":0.0,"accepted":false,"wall_s":3.0888881273567677}
{"iteration":81,"score":46.43223377263567,"best":51.321163811717355,"gradient_rms":93.92588897026785,"update_rms":0.0,"accepted":false,"wall_s":3.084916040301323}
{"iteration":82,"score":46.43223377263621,"best":51.321163811717355,"gradient_rms":240.78502756457027,"update_rms":0.0,"accepted":false,"wall_s":3.08588108047843}
{"iteration":83,"score":46.43223377263603,"best":51.321163811717355,"gradient_rms":293.43854479397527,"update_rms":0.0,"accepted":false,"wall_s":3.2063324488699436}
{"iteration":84,"score":46.43223377263625,"best":51.321163811717355,"gradient_rms":407.5293595853584,"update_rms":0.0,"accepted":false,"wall_s":3.08322262391448}
{"iteration":85,"score":46.43223377263619,"best":51.321163811717355,"gradient_rms":91.1344029218231,"update_rms":0.0,"accepted":false,"wall_s":3.0889572463929653}
{"iteration":86,"score":46.432233772636316,"best":51.321163811717355,"gradient_rms":350.8954081075185,"update_rms":0.0,"accepted":false,"wall_s":3.218482591211796}
{"iteration":87,"score":46.432233772636,"best":51.321163811717355,"gradient_rms":171.67082435393928,"update_rms":0.0,"accepted":false,"wall_s":3.0966623164713383}
{"iteration":88,"score":46.432233772636,"best":51.321163811717355,"gradient_rms":380.3262244202538,"update_rms":0.0,"accepted":false,"wall_s":3.081594042479992}
{"iteration":89,"score":46.432233772635946,"best":51.321163811717355,"gradient_rms":107.47167561453405,"update_rms":0.0,"accepted":false,"wall_s":3.088815748691559}
{"iteration":90,"score":46.4322337726359,"best":51.321163811717355,"gradient_rms":209.8007035639836,"update_rms":0.0,"accepted":false,"wall_s":3.234811682254076}
{"iteration":91,"score":46.48956395327167,"best":51.321163811717355,"gradient_rms":115.84687478851906,"update_rms":0.0003689772425497507,"accepted":true,"wall_s":3.1234494522213936}
{"iteration":92,"score":48.808274196553974,"best":51.321163811717355,"gradient_rms":105.90053421443065,"update_rms":0.002552630032503523,"accepted":true,"wall_s":1.3203376829624176}
{"iteration":93,"score":47.86402237124897,"best":51.321163811717355,"gradient_rms":217.96987951925053,"update_rms":0.0009167843690719086,"accepted":true,"wall_s":2.5318087488412857}
{"iteration":94,"score":47.86402237124896,"best":51.321163811717355,"gradient_rms":225.70692717307278,"update_rms":0.0,"accepted":false,"wall_s":3.09058852866292}
{"iteration":95,"score":47.864022371248616,"best":51.321163811717355,"gradient_rms":385.1060225889571,"update_rms":0.0,"accepted":false,"wall_s":3.0906314477324486}
{"iteration":96,"score":47.8640223712488,"best":51.321163811717355,"gradient_rms":297.85420488150277,"update_rms":0.0,"accepted":false,"wall_s":3.0875283665955067}
{"iteration":97,"score":47.86402237124902,"best":51.321163811717355,"gradient_rms":199.55981495977278,"update_rms":0.0,"accepted":false,"wall_s":3.0876859724521637}
{"iteration":98,"score":47.86402237124889,"best":51.321163811717355,"gradient_rms":109.71762362359321,"update_rms":0.0,"accepted":false,"wall_s":3.0897310972213745}
{"iteration":99,"score":47.86402237124854,"best":51.321163811717355,"gradient_rms":221.96196173431028,"update_rms":0.0,"accepted":false,"wall_s":3.0913446694612503}
{"iteration":100,"score":47.86402237124906,"best":51.321163811717355,"gradient_rms":259.7856491422501,"update_rms":0.0,"accepted":false,"wall_s":3.0895130075514317}
{
  "status": "ok",
  "stop_reason": "completed_iterations",
  "initial_score": 22.942863740832333,
  "final_score": 47.86402237124906,
  "best_score": 51.321163811717355,
  "best_iteration": 48,
  "completed_iterations": 100,
  "completed_adam_steps": 28,
  "completed_optimizer_steps": 28,
  "total_wall_s": 278.5641494765878,
  "initial_decode_wall_s": 1.4815407544374466,
  "initial_score_wall_s": 0.5813759379088879,
  "mean_iteration_wall_s": 2.7846776738017796,
  "manifest": {
    "algorithm": "adam_with_query_batched_local_gradient",
    "optimizer": "adam",
    "parameter_space": "data",
    "gradient_objective": "dynamic local full-density score with coordinate and maximum-surface-selection derivatives omitted",
    "formal_objective": "complete native QH score for every accepted center",
    "initial_case": "/home/scc/pb24511935/local_surface_evaluator/runs/summary1_review2_20260824/flow_pairs/cases/case_15.json",
    "initial_case_sha256": "33cd43ae6daac87f5b0d77b5f5f79fa0b9c87da26f9acfe0c9336839d9e0a4ed",
    "checkpoint": "/home/scc/pb24511935/local_surface_evaluator/runs/qh_flow_physical_lr_longselect_20260729/lr_3em4/checkpoint_latest.pt",
    "checkpoint_sha256": "39a3293a459e248a0d1ec062607a1a467128b14d8ca973aadd82e113532ab99f",
    "native_lib": "/home/scc/pb24511935/local_surface_evaluator/runs/summary1_review2_20260824/build_native/libstellarator_gpu.so",
    "native_lib_sha256": "7d3784e02172f5c3130bcf085efa8120dc059d5007daa4b18680edd97b077f94",
    "nfp": 2,
    "n_base_coils": 3,
    "iterations": 100,
    "max_wall_s": 4200.0,
    "flow": {
      "method": "rk4",
      "steps": 128,
      "dtype": "fp32",
      "use": "initial latent-to-coil decode only"
    },
    "flow_pipeline": false,
    "coordinate_gradient": {
      "dimension": 300,
      "mode": "random-orthogonal",
      "random_directions": 2,
      "endpoint_count": 4,
      "perturbation": 0.0025,
      "difference": "centered",
      "psi_grid": 48,
      "psi_iterations": 4,
      "alpha_iterations": 4,
      "formal_surface_theta_count": 128,
      "local_surface_theta_count": 64
    },
    "adam": {
      "learning_rate": 0.01,
      "beta1": 0.7,
      "beta2": 0.999,
      "epsilon": 1e-08,
      "weight_decay": 0.0
    },
    "bfgs": {
      "initial_trust_rms": 0.01,
      "min_trust_rms": 1e-05,
      "max_trust_rms": 0.05,
      "trust_growth": 1.2,
      "trust_shrink": 0.5,
      "min_improvement": 0.0
    },
    "seed": 2026082515,
    "axis_policy": "initial global search, then strict mixed-precision continuation",
    "devices": {
      "flow": 0,
      "score": 0
    },
    "initial_metadata_keys": [
      "flow_prior_screening",
      "nfp",
      "raw"
    ],
    "data_parameterization": {
      "definition": "per-coordinate training-set standardization",
      "physical_mapping": "CoilNormalizer.inverse with canonical current L1/sign",
      "initial_clipped_fraction": 0.0,
      "initial_roundtrip_relative_rms": 3.726714713685161e-14,
      "flow_calls_after_initialization": 0
    }
  }
}
{"iteration":1,"score":9.564778843825504,"best":9.564778843825504,"gradient_rms":4.478092757870162,"update_rms":0.009999999856078006,"accepted":true,"wall_s":3.4804517291486263}
{"iteration":2,"score":9.558491929848774,"best":9.564778843825504,"gradient_rms":10.017995169049046,"update_rms":0.007635188860816995,"accepted":true,"wall_s":2.5196773819625378}
{"iteration":3,"score":9.601908176287868,"best":9.601908176287868,"gradient_rms":15.329791735896496,"update_rms":0.007322039286330024,"accepted":true,"wall_s":2.509270068258047}
{"iteration":4,"score":9.624295755884171,"best":9.624295755884171,"gradient_rms":10.232389856808547,"update_rms":0.005733275294052546,"accepted":true,"wall_s":2.523548450320959}
{"iteration":5,"score":9.648187776292692,"best":9.648187776292692,"gradient_rms":7.48060104279321,"update_rms":0.005168023263159763,"accepted":true,"wall_s":2.3645272068679333}
{"iteration":6,"score":9.774549454809163,"best":9.774549454809163,"gradient_rms":15.880499976842476,"update_rms":0.005532305362608107,"accepted":true,"wall_s":2.370304372161627}
{"iteration":7,"score":9.835863624139405,"best":9.835863624139405,"gradient_rms":18.68484203313312,"update_rms":0.005762553060789211,"accepted":true,"wall_s":2.4997394680976868}
{"iteration":8,"score":9.915453441147106,"best":9.915453441147106,"gradient_rms":3.857250352316307,"update_rms":0.0042609629832083004,"accepted":true,"wall_s":2.3645415604114532}
{"iteration":9,"score":10.052092387311593,"best":10.052092387311593,"gradient_rms":12.728619833803645,"update_rms":0.00462224218837817,"accepted":true,"wall_s":2.494413197040558}
{"iteration":10,"score":10.17368790034225,"best":10.17368790034225,"gradient_rms":15.865294792335709,"update_rms":0.005179924243543892,"accepted":true,"wall_s":2.367664735764265}
{"iteration":11,"score":10.241417414142884,"best":10.241417414142884,"gradient_rms":9.337043103841301,"update_rms":0.0040520363296439885,"accepted":true,"wall_s":2.363682199269533}
{"iteration":12,"score":10.36935575905007,"best":10.36935575905007,"gradient_rms":11.829051387182238,"update_rms":0.004105125557400279,"accepted":true,"wall_s":2.362797424197197}
{"iteration":13,"score":10.669135447357146,"best":10.669135447357146,"gradient_rms":14.715630599920065,"update_rms":0.004296357987959909,"accepted":true,"wall_s":2.362364936619997}
{"iteration":14,"score":10.671316429914363,"best":10.671316429914363,"gradient_rms":9.875366474865029,"update_rms":0.004151193693943741,"accepted":true,"wall_s":2.3557022400200367}
{"iteration":15,"score":10.816178362437986,"best":10.816178362437986,"gradient_rms":12.10856525592847,"update_rms":0.003651328801701581,"accepted":true,"wall_s":2.362680673599243}
{"iteration":16,"score":10.990539965573728,"best":10.990539965573728,"gradient_rms":6.71405125173289,"update_rms":0.0034422835455260358,"accepted":true,"wall_s":2.3674582466483116}
{"iteration":17,"score":11.071454216188856,"best":11.071454216188856,"gradient_rms":6.710697304337538,"update_rms":0.0031284599792836317,"accepted":true,"wall_s":2.3530584536492825}
{"iteration":18,"score":11.073421305469786,"best":11.073421305469786,"gradient_rms":16.672097150119487,"update_rms":0.004856934564187727,"accepted":true,"wall_s":2.360598724335432}
{"iteration":19,"score":11.035387106390175,"best":11.073421305469786,"gradient_rms":11.630722149536632,"update_rms":0.004887299880067832,"accepted":true,"wall_s":2.367070097476244}
{"iteration":20,"score":11.29654640367779,"best":11.29654640367779,"gradient_rms":16.503353739340547,"update_rms":0.004977309444870955,"accepted":true,"wall_s":2.3633836060762405}
{"iteration":21,"score":11.322776264971322,"best":11.322776264971322,"gradient_rms":2.7022156148074434,"update_rms":0.003615477056506643,"accepted":true,"wall_s":2.3504314683377743}
{"iteration":22,"score":11.500640299258992,"best":11.500640299258992,"gradient_rms":22.83174880634958,"update_rms":0.005735009133062551,"accepted":true,"wall_s":2.4026034884154797}
{"iteration":23,"score":11.434920000201753,"best":11.500640299258992,"gradient_rms":19.087050848421086,"update_rms":0.005728332652423761,"accepted":true,"wall_s":2.355151381343603}
{"iteration":24,"score":11.571272981713639,"best":11.571272981713639,"gradient_rms":13.742813471568072,"update_rms":0.005328358114475435,"accepted":true,"wall_s":2.368147350847721}
{"iteration":25,"score":11.663891759522581,"best":11.663891759522581,"gradient_rms":27.709729258792997,"update_rms":0.007025605293562954,"accepted":true,"wall_s":2.3504098542034626}
{"iteration":26,"score":11.666202961682396,"best":11.666202961682396,"gradient_rms":13.694494475234977,"update_rms":0.005684841448773734,"accepted":true,"wall_s":2.3786359168589115}
{"iteration":27,"score":11.48961327085725,"best":11.666202961682396,"gradient_rms":19.192741715629484,"update_rms":0.005605646285056255,"accepted":true,"wall_s":2.359199833124876}
{"iteration":28,"score":11.268781954017715,"best":11.666202961682396,"gradient_rms":2.446852782813233,"update_rms":0.00402400800795833,"accepted":true,"wall_s":2.38872092589736}
{"iteration":29,"score":11.138037303049819,"best":11.666202961682396,"gradient_rms":2.489084388107813,"update_rms":0.0029392237416180555,"accepted":true,"wall_s":2.399832721799612}
{"iteration":30,"score":8.396436602441186,"best":11.666202961682396,"gradient_rms":13.444835036242742,"update_rms":0.004077274979546105,"accepted":true,"wall_s":2.3338226303458214}
{"iteration":31,"score":7.296459936508332,"best":11.666202961682396,"gradient_rms":0.49275260669743826,"update_rms":0.0028965106106821252,"accepted":true,"wall_s":2.3230978921055794}
{"iteration":32,"score":6.74720763871639,"best":11.666202961682396,"gradient_rms":2.5847867935703266,"update_rms":0.002239779171398753,"accepted":true,"wall_s":2.325381014496088}
{"iteration":33,"score":6.47646205317363,"best":11.666202961682396,"gradient_rms":0.9454441598650003,"update_rms":0.0016099894687932816,"accepted":true,"wall_s":2.317844409495592}
{"iteration":34,"score":6.326768830623526,"best":11.666202961682396,"gradient_rms":1.8750312989335303,"update_rms":0.0012326435446637625,"accepted":true,"wall_s":2.325629249215126}
{"iteration":35,"score":6.275869549106366,"best":11.666202961682396,"gradient_rms":1.5067900925463942,"update_rms":0.0009438980801576209,"accepted":true,"wall_s":2.3171980306506157}
{"iteration":36,"score":6.281753443832358,"best":11.666202961682396,"gradient_rms":2.1051389731781307,"update_rms":0.0009626953278488168,"accepted":true,"wall_s":2.321791559457779}
{"iteration":37,"score":6.3044615543446065,"best":11.666202961682396,"gradient_rms":1.8585737564382006,"update_rms":0.000846039379363665,"accepted":true,"wall_s":2.319464061409235}
{"iteration":38,"score":6.347217648333651,"best":11.666202961682396,"gradient_rms":1.1527928224382487,"update_rms":0.0006909384568817916,"accepted":true,"wall_s":2.321562174707651}
{"iteration":39,"score":6.436615634573269,"best":11.666202961682396,"gradient_rms":2.5925796909752954,"update_rms":0.0008738467940345976,"accepted":true,"wall_s":2.318827334791422}
{"iteration":40,"score":6.516956593889291,"best":11.666202961682396,"gradient_rms":0.47442444467443146,"update_rms":0.0006306943660311923,"accepted":true,"wall_s":2.365092970430851}
{"iteration":41,"score":6.620159970848209,"best":11.666202961682396,"gradient_rms":1.7269244255425746,"update_rms":0.0006682175328055682,"accepted":true,"wall_s":2.3147005513310432}
{"iteration":42,"score":6.758058291140101,"best":11.666202961682396,"gradient_rms":2.8729589380854748,"update_rms":0.0009173422567994933,"accepted":true,"wall_s":2.337620209902525}
{"iteration":43,"score":6.953733020956612,"best":11.666202961682396,"gradient_rms":2.2680248552931728,"update_rms":0.0009473505947085449,"accepted":true,"wall_s":2.3280572555959225}
{"iteration":44,"score":7.100660177781085,"best":11.666202961682396,"gradient_rms":1.780009180501475,"update_rms":0.0008335591717878276,"accepted":true,"wall_s":2.3066501095891}
{"iteration":45,"score":7.348503523834421,"best":11.666202961682396,"gradient_rms":3.587072015113978,"update_rms":0.0012381907731233593,"accepted":true,"wall_s":2.324251662939787}
{"iteration":46,"score":7.623855922189044,"best":11.666202961682396,"gradient_rms":2.9878090984637082,"update_rms":0.0013096151809941711,"accepted":true,"wall_s":2.321525666862726}
{"iteration":47,"score":7.9045685285589595,"best":11.666202961682396,"gradient_rms":1.4179166291842977,"update_rms":0.0009987414021711805,"accepted":true,"wall_s":2.321331448853016}
{"iteration":48,"score":8.193980819140565,"best":11.666202961682396,"gradient_rms":3.623787824038522,"update_rms":0.0012479398145289766,"accepted":true,"wall_s":2.320042163133621}
{"iteration":49,"score":8.444216737953264,"best":11.666202961682396,"gradient_rms":1.8308452378294278,"update_rms":0.0010260570227930462,"accepted":true,"wall_s":2.320288058370352}
{"iteration":50,"score":8.707233995630672,"best":11.666202961682396,"gradient_rms":1.512696921675826,"update_rms":0.0008420227318880131,"accepted":true,"wall_s":2.317963734269142}
{"iteration":51,"score":9.103421316922525,"best":11.666202961682396,"gradient_rms":4.307950872532777,"update_rms":0.0014038899004856118,"accepted":true,"wall_s":2.3221410624682903}
{"iteration":52,"score":9.66800074952161,"best":11.666202961682396,"gradient_rms":4.192380250741185,"update_rms":0.0016289098916803665,"accepted":true,"wall_s":2.31472597271204}
{"iteration":53,"score":10.483848644738744,"best":11.666202961682396,"gradient_rms":3.950433842125828,"update_rms":0.001595910236161274,"accepted":true,"wall_s":2.319980416446924}
{"iteration":54,"score":12.610328918190225,"best":12.610328918190225,"gradient_rms":11.716813692444571,"update_rms":0.0037600836766650153,"accepted":true,"wall_s":2.338536772876978}
{"iteration":55,"score":12.666442780774442,"best":12.666442780774442,"gradient_rms":10.45276578040236,"update_rms":0.003979445339797683,"accepted":true,"wall_s":2.357928369194269}
{"iteration":56,"score":12.666442780774474,"best":12.666442780774474,"gradient_rms":31.076676361793638,"update_rms":0.0,"accepted":false,"wall_s":1.727813258767128}
{"iteration":57,"score":12.666442780774409,"best":12.666442780774474,"gradient_rms":28.545071940278863,"update_rms":0.0,"accepted":false,"wall_s":1.7322903759777546}
{"iteration":58,"score":12.666442780774373,"best":12.666442780774474,"gradient_rms":26.647572310668767,"update_rms":0.0,"accepted":false,"wall_s":1.7268532142043114}
{"iteration":59,"score":12.666442780774418,"best":12.666442780774474,"gradient_rms":29.082918555399612,"update_rms":0.0,"accepted":false,"wall_s":1.7249792255461216}
{"iteration":60,"score":12.844919383177762,"best":12.844919383177762,"gradient_rms":15.40694046962021,"update_rms":0.0055181851361098015,"accepted":true,"wall_s":2.3606366887688637}
{"iteration":61,"score":12.844919383177748,"best":12.844919383177762,"gradient_rms":31.003163260971164,"update_rms":0.0,"accepted":false,"wall_s":1.7290892228484154}
{"iteration":62,"score":13.135656996487304,"best":13.135656996487304,"gradient_rms":20.460508800436237,"update_rms":0.006437293241465748,"accepted":true,"wall_s":2.35676159709692}
{"iteration":63,"score":13.548616315335087,"best":13.548616315335087,"gradient_rms":20.861663928375442,"update_rms":0.007431051222983009,"accepted":true,"wall_s":2.3642239198088646}
{"iteration":64,"score":13.682180804035234,"best":13.682180804035234,"gradient_rms":13.134354608824445,"update_rms":0.006478168299424458,"accepted":true,"wall_s":2.390355695039034}
{"iteration":65,"score":13.682180804035273,"best":13.682180804035273,"gradient_rms":46.450066169173354,"update_rms":0.0,"accepted":false,"wall_s":1.7588667161762714}
{"iteration":66,"score":13.682180804035257,"best":13.682180804035273,"gradient_rms":40.5912393787288,"update_rms":0.0,"accepted":false,"wall_s":1.7603199891746044}
{"iteration":67,"score":13.886647297266059,"best":13.886647297266059,"gradient_rms":27.00170364051354,"update_rms":0.0074800546339914,"accepted":true,"wall_s":2.386743888258934}
{"iteration":68,"score":13.886647297266016,"best":13.886647297266059,"gradient_rms":54.142561205387516,"update_rms":0.0,"accepted":false,"wall_s":1.7288658507168293}
{"iteration":69,"score":13.886647297265704,"best":13.886647297266059,"gradient_rms":33.06594477763019,"update_rms":0.0,"accepted":false,"wall_s":1.7274879589676857}
{"iteration":70,"score":13.942565507853915,"best":13.942565507853915,"gradient_rms":10.647492561722483,"update_rms":0.005863937013666769,"accepted":true,"wall_s":2.363745152950287}
{"iteration":71,"score":13.942565507854079,"best":13.942565507854079,"gradient_rms":56.104550476048644,"update_rms":0.0,"accepted":false,"wall_s":1.7285449281334877}
{"iteration":72,"score":14.443865645488263,"best":14.443865645488263,"gradient_rms":27.967754299216903,"update_rms":0.008137676052648148,"accepted":true,"wall_s":2.3552088141441345}
{"iteration":73,"score":14.443865645488335,"best":14.443865645488335,"gradient_rms":66.55012809745097,"update_rms":0.0,"accepted":false,"wall_s":1.7330620139837265}
{"iteration":74,"score":14.661001939199926,"best":14.661001939199926,"gradient_rms":23.381584451798652,"update_rms":0.0075019995236700115,"accepted":true,"wall_s":2.3562190048396587}
{"iteration":75,"score":14.908337779520956,"best":14.908337779520956,"gradient_rms":19.182788575600593,"update_rms":0.006693799757575345,"accepted":true,"wall_s":2.358589857816696}
{"iteration":76,"score":15.317490015322257,"best":15.317490015322257,"gradient_rms":19.542272725767013,"update_rms":0.006865083308694621,"accepted":true,"wall_s":2.373095355927944}
{"iteration":77,"score":15.241011664939906,"best":15.317490015322257,"gradient_rms":52.47761237207994,"update_rms":0.010755237615113987,"accepted":true,"wall_s":2.303869854658842}
{"iteration":78,"score":15.123642252526436,"best":15.317490015322257,"gradient_rms":32.83528597790473,"update_rms":0.009569912395278313,"accepted":true,"wall_s":2.371416673064232}
{"iteration":79,"score":14.849944072895104,"best":15.317490015322257,"gradient_rms":59.14072244903199,"update_rms":0.01198519491382154,"accepted":true,"wall_s":2.3608115389943123}
{"iteration":80,"score":14.379918030291458,"best":15.317490015322257,"gradient_rms":53.49437556374469,"update_rms":0.012255660552859465,"accepted":true,"wall_s":2.3709969967603683}
{"iteration":81,"score":13.821785624716801,"best":15.317490015322257,"gradient_rms":118.82332857598958,"update_rms":0.007421328812955564,"accepted":true,"wall_s":3.9869686514139175}
{"iteration":82,"score":13.838692410851433,"best":15.317490015322257,"gradient_rms":127.30456436697816,"update_rms":0.0020497570260523926,"accepted":true,"wall_s":6.79519684240222}
{"iteration":83,"score":13.838692410851484,"best":15.317490015322257,"gradient_rms":310.9383503807987,"update_rms":0.0,"accepted":false,"wall_s":1.724124688655138}
{"iteration":84,"score":13.83869241085164,"best":15.317490015322257,"gradient_rms":172.52063487282058,"update_rms":0.0,"accepted":false,"wall_s":1.7198070883750916}
{"iteration":85,"score":13.838692410851367,"best":15.317490015322257,"gradient_rms":394.77911520622354,"update_rms":0.0,"accepted":false,"wall_s":1.727733340114355}
{"iteration":86,"score":13.838692410851566,"best":15.317490015322257,"gradient_rms":221.19207553546414,"update_rms":0.0,"accepted":false,"wall_s":1.7295191809535027}
{"iteration":87,"score":13.838692410851504,"best":15.317490015322257,"gradient_rms":398.5772655687892,"update_rms":0.0,"accepted":false,"wall_s":1.726470224559307}
{"iteration":88,"score":13.838692410851607,"best":15.317490015322257,"gradient_rms":441.5882831040174,"update_rms":0.0,"accepted":false,"wall_s":1.7240782752633095}
{"iteration":89,"score":13.838692410851426,"best":15.317490015322257,"gradient_rms":630.9158381046831,"update_rms":0.0,"accepted":false,"wall_s":1.7289477623999119}
{"iteration":90,"score":13.838692410851433,"best":15.317490015322257,"gradient_rms":131.3361317046658,"update_rms":0.0,"accepted":false,"wall_s":7.761406227946281}
{"iteration":91,"score":13.838692410851463,"best":15.317490015322257,"gradient_rms":459.1199641190955,"update_rms":0.0,"accepted":false,"wall_s":1.7121724262833595}
{"iteration":92,"score":13.838692410851367,"best":15.317490015322257,"gradient_rms":175.76549179079674,"update_rms":0.0,"accepted":false,"wall_s":1.7143513411283493}
{"iteration":93,"score":13.83869241085152,"best":15.317490015322257,"gradient_rms":157.53265631445902,"update_rms":0.0,"accepted":false,"wall_s":7.746701490134001}
{"iteration":94,"score":13.83869241085152,"best":15.317490015322257,"gradient_rms":400.92614627069406,"update_rms":0.0,"accepted":false,"wall_s":1.7217116802930832}
{"iteration":95,"score":13.838692410851499,"best":15.317490015322257,"gradient_rms":39.35263762490563,"update_rms":0.0,"accepted":false,"wall_s":8.040702369064093}
{"iteration":96,"score":13.838692410851696,"best":15.317490015322257,"gradient_rms":62.09917838258868,"update_rms":0.0,"accepted":false,"wall_s":7.807554077357054}
{"iteration":97,"score":13.838692410851541,"best":15.317490015322257,"gradient_rms":316.3568536758589,"update_rms":0.0,"accepted":false,"wall_s":1.7167937271296978}
{"iteration":98,"score":13.83869241085155,"best":15.317490015322257,"gradient_rms":356.92351840168726,"update_rms":0.0,"accepted":false,"wall_s":1.7172780632972717}
{"iteration":99,"score":13.838692410851444,"best":15.317490015322257,"gradient_rms":163.61602388229093,"update_rms":0.0,"accepted":false,"wall_s":7.783349234610796}
{"iteration":100,"score":13.83869241085175,"best":15.317490015322257,"gradient_rms":271.72961835015747,"update_rms":0.0,"accepted":false,"wall_s":0.6459612585604191}
{
  "status": "ok",
  "stop_reason": "completed_iterations",
  "initial_score": 9.546387044049691,
  "final_score": 13.83869241085175,
  "best_score": 15.317490015322257,
  "best_iteration": 76,
  "completed_iterations": 100,
  "completed_adam_steps": 71,
  "completed_optimizer_steps": 71,
  "total_wall_s": 254.38743004575372,
  "initial_decode_wall_s": 1.4644805751740932,
  "initial_score_wall_s": 0.689955584704876,
  "mean_iteration_wall_s": 2.5430319823697207,
  "manifest": {
    "algorithm": "adam_with_query_batched_local_gradient",
    "optimizer": "adam",
    "parameter_space": "latent",
    "gradient_objective": "dynamic local full-density score with coordinate and maximum-surface-selection derivatives omitted",
    "formal_objective": "complete native QH score for every accepted center",
    "initial_case": "/home/scc/pb24511935/local_surface_evaluator/runs/summary1_review2_20260824/flow_pairs/cases/case_19.json",
    "initial_case_sha256": "0d461310c5fc9fd1ccace347f4961813d1681f5e6fdb54b73f1df71c3c506306",
    "checkpoint": "/home/scc/pb24511935/local_surface_evaluator/runs/qh_flow_physical_lr_longselect_20260729/lr_3em4/checkpoint_latest.pt",
    "checkpoint_sha256": "39a3293a459e248a0d1ec062607a1a467128b14d8ca973aadd82e113532ab99f",
    "native_lib": "/home/scc/pb24511935/local_surface_evaluator/runs/summary1_review2_20260824/build_native/libstellarator_gpu.so",
    "native_lib_sha256": "7d3784e02172f5c3130bcf085efa8120dc059d5007daa4b18680edd97b077f94",
    "nfp": 5,
    "n_base_coils": 1,
    "iterations": 100,
    "max_wall_s": 4200.0,
    "flow": {
      "method": "rk4",
      "steps": 128,
      "dtype": "fp32",
      "use": "every gradient endpoint and accepted center"
    },
    "flow_pipeline": true,
    "coordinate_gradient": {
      "dimension": 100,
      "mode": "random-orthogonal",
      "random_directions": 2,
      "endpoint_count": 4,
      "perturbation": 0.005,
      "difference": "centered",
      "psi_grid": 48,
      "psi_iterations": 4,
      "alpha_iterations": 4,
      "formal_surface_theta_count": 128,
      "local_surface_theta_count": 64
    },
    "adam": {
      "learning_rate": 0.01,
      "beta1": 0.7,
      "beta2": 0.999,
      "epsilon": 1e-08,
      "weight_decay": 0.0
    },
    "bfgs": {
      "initial_trust_rms": 0.01,
      "min_trust_rms": 1e-05,
      "max_trust_rms": 0.05,
      "trust_growth": 1.2,
      "trust_shrink": 0.5,
      "min_improvement": 0.0
    },
    "seed": 2026082519,
    "axis_policy": "initial global search, then strict mixed-precision continuation",
    "devices": {
      "flow": 0,
      "score": 0
    },
    "initial_metadata_keys": [
      "flow_prior_screening",
      "nfp",
      "raw"
    ]
  }
}
{"iteration":1,"score":9.567944053121824,"best":9.567944053121824,"gradient_rms":4.089691556766848,"update_rms":0.009999999904215913,"accepted":true,"wall_s":1.4308697246015072}
{"iteration":2,"score":9.712843734919606,"best":9.712843734919606,"gradient_rms":7.688020606830072,"update_rms":0.0076304055792971535,"accepted":true,"wall_s":1.429070021957159}
{"iteration":3,"score":9.844637615760327,"best":9.844637615760327,"gradient_rms":16.865966865829677,"update_rms":0.00741727538414389,"accepted":true,"wall_s":1.4138330072164536}
{"iteration":4,"score":10.010897016923941,"best":10.010897016923941,"gradient_rms":6.5403980933968775,"update_rms":0.005882792083534249,"accepted":true,"wall_s":1.2810973338782787}
{"iteration":5,"score":9.968249910965081,"best":10.010897016923941,"gradient_rms":30.914451561184087,"update_rms":0.006910116674873851,"accepted":true,"wall_s":1.4133262857794762}
{"iteration":6,"score":10.141741650679272,"best":10.141741650679272,"gradient_rms":4.85061155600986,"update_rms":0.005032502948378585,"accepted":true,"wall_s":1.2856522090733051}
{"iteration":7,"score":10.228639376897128,"best":10.228639376897128,"gradient_rms":24.655658094472983,"update_rms":0.005636891138489776,"accepted":true,"wall_s":1.3746850937604904}
{"iteration":8,"score":10.579177369487606,"best":10.579177369487606,"gradient_rms":22.316453113546117,"update_rms":0.005526979912707685,"accepted":true,"wall_s":1.408065028488636}
{"iteration":9,"score":10.725503947765663,"best":10.725503947765663,"gradient_rms":43.33360304541697,"update_rms":0.006828619511281623,"accepted":true,"wall_s":1.4095917120575905}
{"iteration":10,"score":10.528824861867651,"best":10.725503947765663,"gradient_rms":10.39978385219701,"update_rms":0.005281584779633738,"accepted":true,"wall_s":1.2779556140303612}
{"iteration":11,"score":10.440188097861148,"best":10.725503947765663,"gradient_rms":32.91244397333003,"update_rms":0.005690495792249029,"accepted":true,"wall_s":1.3292920663952827}
{"iteration":12,"score":10.3591149994551,"best":10.725503947765663,"gradient_rms":26.410374756833704,"update_rms":0.005950961878698914,"accepted":true,"wall_s":1.2741761691868305}
{"iteration":13,"score":9.898158023757901,"best":10.725503947765663,"gradient_rms":39.6919665527099,"update_rms":0.005985270378276415,"accepted":true,"wall_s":1.2727906964719296}
{"iteration":14,"score":8.516382824251007,"best":10.725503947765663,"gradient_rms":34.322768409439846,"update_rms":0.005805951203407716,"accepted":true,"wall_s":1.3158581033349037}
{"iteration":15,"score":6.628604471381663,"best":10.725503947765663,"gradient_rms":3.4526075324908745,"update_rms":0.004227735743842763,"accepted":true,"wall_s":1.2396705895662308}
{"iteration":16,"score":5.998358554432401,"best":10.725503947765663,"gradient_rms":4.261003779921609,"update_rms":0.0031493965871238513,"accepted":true,"wall_s":1.243178267031908}
{"iteration":17,"score":5.998358554432398,"best":10.725503947765663,"gradient_rms":2.6464218111296445,"update_rms":0.0,"accepted":false,"wall_s":2.86386526376009}
{"iteration":18,"score":5.998358554432409,"best":10.725503947765663,"gradient_rms":4.606754485902261,"update_rms":0.0,"accepted":false,"wall_s":2.8775718733668327}
{"iteration":19,"score":5.998358554432403,"best":10.725503947765663,"gradient_rms":7.483837073331874,"update_rms":0.0,"accepted":false,"wall_s":2.918127831071615}
{"iteration":20,"score":5.968385865361107,"best":10.725503947765663,"gradient_rms":7.473311655998003,"update_rms":0.0002977964741727518,"accepted":true,"wall_s":2.924307446926832}
{"iteration":21,"score":5.968385865361116,"best":10.725503947765663,"gradient_rms":3.300551279401435,"update_rms":0.0,"accepted":false,"wall_s":2.871835421770811}
{"iteration":22,"score":5.96838586536111,"best":10.725503947765663,"gradient_rms":0.20980806738676686,"update_rms":0.0,"accepted":false,"wall_s":2.8757738023996353}
{"iteration":23,"score":5.968385865361115,"best":10.725503947765663,"gradient_rms":2.031865271970736,"update_rms":0.0,"accepted":false,"wall_s":2.8802793473005295}
{"iteration":24,"score":5.96838586536112,"best":10.725503947765663,"gradient_rms":1.701161196584129,"update_rms":0.0,"accepted":false,"wall_s":2.8745421208441257}
{"iteration":25,"score":5.963793390811538,"best":10.725503947765663,"gradient_rms":2.486940198557269,"update_rms":0.00022301274438112212,"accepted":true,"wall_s":2.9192043393850327}
{"iteration":26,"score":5.966378508854817,"best":10.725503947765663,"gradient_rms":1.9084818067491178,"update_rms":0.00031524675228861447,"accepted":true,"wall_s":2.3821336701512337}
{"iteration":27,"score":5.966378508854806,"best":10.725503947765663,"gradient_rms":0.8081479770466062,"update_rms":0.0,"accepted":false,"wall_s":2.892579909414053}
{"iteration":28,"score":6.036024886654411,"best":10.725503947765663,"gradient_rms":1.659952369334591,"update_rms":0.0009410858339584075,"accepted":true,"wall_s":1.247760120779276}
{"iteration":29,"score":6.243558239675993,"best":10.725503947765663,"gradient_rms":4.789996529442663,"update_rms":0.0009786744851594696,"accepted":true,"wall_s":1.2453190125524998}
{"iteration":30,"score":6.407141860333666,"best":10.725503947765663,"gradient_rms":1.668602107672625,"update_rms":0.0006983003177577708,"accepted":true,"wall_s":1.243376910686493}
{"iteration":31,"score":6.57707562569066,"best":10.725503947765663,"gradient_rms":4.05111094544823,"update_rms":0.0009133547948586496,"accepted":true,"wall_s":1.2491368167102337}
{"iteration":32,"score":6.824239794870208,"best":10.725503947765663,"gradient_rms":4.550184440358828,"update_rms":0.0011499564516097435,"accepted":true,"wall_s":1.1453237310051918}
{"iteration":33,"score":7.34808122118242,"best":10.725503947765663,"gradient_rms":5.031905509187961,"update_rms":0.0011996866158752197,"accepted":true,"wall_s":1.1078719943761826}
{"iteration":34,"score":7.661779957399422,"best":10.725503947765663,"gradient_rms":5.435515008574456,"update_rms":0.0013952112417610631,"accepted":true,"wall_s":1.2492477037012577}
{"iteration":35,"score":7.989699735996105,"best":10.725503947765663,"gradient_rms":5.069689218745873,"update_rms":0.0014133699109170684,"accepted":true,"wall_s":1.239722941070795}
{"iteration":36,"score":8.137736210248953,"best":10.725503947765663,"gradient_rms":4.679504289333614,"update_rms":0.0012160166688171673,"accepted":true,"wall_s":1.2380909584462643}
{"iteration":37,"score":9.101374699425373,"best":10.725503947765663,"gradient_rms":14.516556646039563,"update_rms":0.0028239625289169703,"accepted":true,"wall_s":1.2488218992948532}
{"iteration":38,"score":9.40688332387213,"best":10.725503947765663,"gradient_rms":17.309162238039562,"update_rms":0.003740539681433114,"accepted":true,"wall_s":1.505800787359476}
{"iteration":39,"score":9.556093268806729,"best":10.725503947765663,"gradient_rms":12.110198502575969,"update_rms":0.003313888973409514,"accepted":true,"wall_s":1.2361883409321308}
{"iteration":40,"score":9.642133644205458,"best":10.725503947765663,"gradient_rms":5.069203317549294,"update_rms":0.0025107231606011095,"accepted":true,"wall_s":1.2366134375333786}
{"iteration":41,"score":9.72821241907353,"best":10.725503947765663,"gradient_rms":8.003884611148926,"update_rms":0.0025999281621246644,"accepted":true,"wall_s":1.2375678904354572}
{"iteration":42,"score":9.832176934798001,"best":10.725503947765663,"gradient_rms":8.895266270022503,"update_rms":0.00244113427459696,"accepted":true,"wall_s":1.23594606295228}
{"iteration":43,"score":9.019645600461065,"best":10.725503947765663,"gradient_rms":27.85719828374256,"update_rms":0.005279584193898809,"accepted":true,"wall_s":1.368309173732996}
{"iteration":44,"score":6.930626268160319,"best":10.725503947765663,"gradient_rms":1.7119182959716097,"update_rms":0.003704626900302386,"accepted":true,"wall_s":1.367690995335579}
{"iteration":45,"score":6.310673251306082,"best":10.725503947765663,"gradient_rms":3.6268660435438225,"update_rms":0.002756241607714885,"accepted":true,"wall_s":1.2467108480632305}
{"iteration":46,"score":6.2039640036280925,"best":10.725503947765663,"gradient_rms":0.6172780764809099,"update_rms":0.0004919156456517781,"accepted":true,"wall_s":2.3502497747540474}
{"iteration":47,"score":6.203964003628099,"best":10.725503947765663,"gradient_rms":3.8380470444387176,"update_rms":0.0,"accepted":false,"wall_s":2.625177539885044}
{"iteration":48,"score":6.293585320977185,"best":10.725503947765663,"gradient_rms":6.761590838035882,"update_rms":0.0018764667350295212,"accepted":true,"wall_s":1.2379448786377907}
{"iteration":49,"score":6.56943659614319,"best":10.725503947765663,"gradient_rms":3.781834497723103,"update_rms":0.0015127614406775377,"accepted":true,"wall_s":1.2902735657989979}
{"iteration":50,"score":8.070334719367532,"best":10.725503947765663,"gradient_rms":8.05108362671447,"update_rms":0.002047706560809958,"accepted":true,"wall_s":1.4864165745675564}
{"iteration":51,"score":9.915948740190265,"best":10.725503947765663,"gradient_rms":8.279007460082301,"update_rms":0.0024016932807454103,"accepted":true,"wall_s":1.2886396199464798}
{"iteration":52,"score":10.452351249214523,"best":10.725503947765663,"gradient_rms":18.95344098502035,"update_rms":0.0038333762434228425,"accepted":true,"wall_s":1.2362459599971771}
{"iteration":53,"score":15.241047803112094,"best":15.241047803112094,"gradient_rms":29.891388208039714,"update_rms":0.006446015409330468,"accepted":true,"wall_s":1.256921160966158}
{"iteration":54,"score":11.62679480700619,"best":15.241047803112094,"gradient_rms":37.921956648257954,"update_rms":0.007608433349738345,"accepted":true,"wall_s":1.2535262666642666}
{"iteration":55,"score":11.777877092918738,"best":15.241047803112094,"gradient_rms":35.80744839097725,"update_rms":0.007747947870928504,"accepted":true,"wall_s":1.2365862764418125}
{"iteration":56,"score":12.406252727152529,"best":15.241047803112094,"gradient_rms":27.250875179747226,"update_rms":0.007369466186532219,"accepted":true,"wall_s":1.237712450325489}
{"iteration":57,"score":12.406252727152445,"best":15.241047803112094,"gradient_rms":86.09803932780457,"update_rms":0.0,"accepted":false,"wall_s":0.6255482658743858}
{"iteration":58,"score":10.835574564347572,"best":15.241047803112094,"gradient_rms":34.359780801095624,"update_rms":0.008025677542883511,"accepted":true,"wall_s":1.3690007887780666}
{"iteration":59,"score":7.828317218852103,"best":15.241047803112094,"gradient_rms":8.287828185880405,"update_rms":0.006193913048924678,"accepted":true,"wall_s":1.368528090417385}
{"iteration":60,"score":13.9150925944887,"best":15.241047803112094,"gradient_rms":15.529788555594456,"update_rms":0.004966357631871648,"accepted":true,"wall_s":1.239077866077423}
{"iteration":61,"score":13.915092594488655,"best":15.241047803112094,"gradient_rms":84.11684579746155,"update_rms":0.0,"accepted":false,"wall_s":0.6259449571371078}
{"iteration":62,"score":16.35253916719995,"best":16.35253916719995,"gradient_rms":47.18550854832506,"update_rms":0.00779921726635222,"accepted":true,"wall_s":1.2392586134374142}
{"iteration":63,"score":16.352539167199794,"best":16.35253916719995,"gradient_rms":134.52011442857273,"update_rms":0.0,"accepted":false,"wall_s":0.6255738623440266}
{"iteration":64,"score":24.10921972519755,"best":24.10921972519755,"gradient_rms":30.154694704285294,"update_rms":0.007087617312017203,"accepted":true,"wall_s":1.128563355654478}
{"iteration":65,"score":24.109219725197395,"best":24.10921972519755,"gradient_rms":146.07988304536582,"update_rms":0.0,"accepted":false,"wall_s":0.7025897949934006}
{"iteration":66,"score":24.109219725197395,"best":24.10921972519755,"gradient_rms":142.3439746332309,"update_rms":0.0,"accepted":false,"wall_s":0.6533093489706516}
{"iteration":67,"score":17.67951456972486,"best":24.10921972519755,"gradient_rms":63.166579047062754,"update_rms":0.009409040222622367,"accepted":true,"wall_s":1.2565396837890148}
{"iteration":68,"score":13.691099395264766,"best":24.10921972519755,"gradient_rms":80.19583702122384,"update_rms":0.010345096344433834,"accepted":true,"wall_s":1.3679850585758686}
{"iteration":69,"score":7.389067052209547,"best":24.10921972519755,"gradient_rms":39.706056834107294,"update_rms":0.0087853822639348,"accepted":true,"wall_s":1.3679415099322796}
{"iteration":70,"score":7.010137292233413,"best":24.10921972519755,"gradient_rms":12.368044055777217,"update_rms":0.003160734956177576,"accepted":true,"wall_s":1.7934291400015354}
{"iteration":71,"score":7.300552213052433,"best":24.10921972519755,"gradient_rms":13.133812707402788,"update_rms":0.004739949749732331,"accepted":true,"wall_s":1.2365044802427292}
{"iteration":72,"score":7.5306215083513,"best":24.10921972519755,"gradient_rms":0.7110930783645139,"update_rms":0.0033604765450172235,"accepted":true,"wall_s":1.2369582131505013}
{"iteration":73,"score":7.655772792457182,"best":24.10921972519755,"gradient_rms":1.37966119504772,"update_rms":0.0023656821481129907,"accepted":true,"wall_s":1.236452255398035}
{"iteration":74,"score":7.639286165452808,"best":24.10921972519755,"gradient_rms":3.5772754780800757,"update_rms":0.001665172744284806,"accepted":true,"wall_s":1.2491251714527607}
{"iteration":75,"score":7.585889397465397,"best":24.10921972519755,"gradient_rms":1.505153833570558,"update_rms":0.0012156554234621204,"accepted":true,"wall_s":1.2374476753175259}
{"iteration":76,"score":7.73713034746322,"best":24.10921972519755,"gradient_rms":5.337917280541595,"update_rms":0.001163338530380416,"accepted":true,"wall_s":1.2363178431987762}
{"iteration":77,"score":8.406609617341225,"best":24.10921972519755,"gradient_rms":6.619521204258866,"update_rms":0.00130063758388608,"accepted":true,"wall_s":1.105736542493105}
{"iteration":78,"score":9.51025201610597,"best":24.10921972519755,"gradient_rms":6.537789806509362,"update_rms":0.0014053848786931876,"accepted":true,"wall_s":1.2388445734977722}
{"iteration":79,"score":19.373391815250567,"best":24.10921972519755,"gradient_rms":17.400119179016194,"update_rms":0.0026960954595923745,"accepted":true,"wall_s":1.2364231795072556}
{"iteration":80,"score":27.621188917677024,"best":27.621188917677024,"gradient_rms":59.101591263303064,"update_rms":0.007728546659340181,"accepted":true,"wall_s":1.2414880990982056}
{"iteration":81,"score":30.83420485374747,"best":30.83420485374747,"gradient_rms":52.95436364702888,"update_rms":0.007915306527033903,"accepted":true,"wall_s":1.3711240515112877}
{"iteration":82,"score":12.20804396010258,"best":30.83420485374747,"gradient_rms":157.51975466477685,"update_rms":0.013566496648879395,"accepted":true,"wall_s":1.2374503500759602}
{"iteration":83,"score":10.113106844793771,"best":30.83420485374747,"gradient_rms":56.33508525727501,"update_rms":0.005731361950239891,"accepted":true,"wall_s":1.7970028258860111}
{"iteration":84,"score":9.077636583302677,"best":30.83420485374747,"gradient_rms":38.260286722702574,"update_rms":0.004395017273102009,"accepted":true,"wall_s":1.9248281680047512}
{"iteration":85,"score":11.243716617258485,"best":30.83420485374747,"gradient_rms":16.860426120796667,"update_rms":0.006443179183765049,"accepted":true,"wall_s":1.2368890419602394}
{"iteration":86,"score":19.45545926664782,"best":30.83420485374747,"gradient_rms":76.86757429146535,"update_rms":0.008647639626814153,"accepted":true,"wall_s":1.4241466410458088}
{"iteration":87,"score":61.92393633521822,"best":61.92393633521822,"gradient_rms":141.386231774088,"update_rms":0.01132272411117697,"accepted":true,"wall_s":1.2400480210781097}
{"iteration":88,"score":61.92393633521826,"best":61.92393633521826,"gradient_rms":262.2753518135186,"update_rms":0.0,"accepted":false,"wall_s":0.6277506090700626}
{"iteration":89,"score":65.8381929333301,"best":65.8381929333301,"gradient_rms":198.9516372314974,"update_rms":0.014295893678798152,"accepted":true,"wall_s":1.2378678396344185}
{"iteration":90,"score":67.7983500868477,"best":67.7983500868477,"gradient_rms":81.37884754408562,"update_rms":0.011721849371080393,"accepted":true,"wall_s":1.2585256770253181}
{"iteration":91,"score":69.30294899690345,"best":69.30294899690345,"gradient_rms":61.0109600237224,"update_rms":0.008960553220674837,"accepted":true,"wall_s":1.2797040939331055}
{"iteration":92,"score":69.2700672384342,"best":69.30294899690345,"gradient_rms":34.37584299989254,"update_rms":0.0067819417846031686,"accepted":true,"wall_s":1.1448984369635582}
{"iteration":93,"score":68.65593613958534,"best":69.30294899690345,"gradient_rms":22.057432439744375,"update_rms":0.00525576517679789,"accepted":true,"wall_s":1.2769337892532349}
{"iteration":94,"score":67.83350061643944,"best":69.30294899690345,"gradient_rms":36.40270939731689,"update_rms":0.004400229144664509,"accepted":true,"wall_s":1.2775475457310677}
{"iteration":95,"score":67.55163406926691,"best":69.30294899690345,"gradient_rms":41.95623938305605,"update_rms":0.004647474289315773,"accepted":true,"wall_s":1.2778182290494442}
{"iteration":96,"score":66.73257395676379,"best":69.30294899690345,"gradient_rms":48.51748177307549,"update_rms":0.005119457990555928,"accepted":true,"wall_s":1.2776793725788593}
{"iteration":97,"score":67.06059346564791,"best":69.30294899690345,"gradient_rms":52.005016771408215,"update_rms":0.005179319687359736,"accepted":true,"wall_s":1.4114918187260628}
{"iteration":98,"score":67.60378222226119,"best":69.30294899690345,"gradient_rms":36.61454693407521,"update_rms":0.004660396970089675,"accepted":true,"wall_s":1.2786812409758568}
{"iteration":99,"score":67.51805128049392,"best":69.30294899690345,"gradient_rms":15.782550134234745,"update_rms":0.003669954904110875,"accepted":true,"wall_s":1.2872642315924168}
{"iteration":100,"score":66.9224199339326,"best":69.30294899690345,"gradient_rms":13.825905377811239,"update_rms":0.0030495824475859665,"accepted":true,"wall_s":1.2542757578194141}
{
  "status": "ok",
  "stop_reason": "completed_iterations",
  "initial_score": 9.546387044049734,
  "final_score": 66.9224199339326,
  "best_score": 69.30294899690345,
  "best_iteration": 91,
  "completed_iterations": 100,
  "completed_adam_steps": 85,
  "completed_optimizer_steps": 85,
  "total_wall_s": 145.66536482796073,
  "initial_decode_wall_s": 1.4683126509189606,
  "initial_score_wall_s": 0.6907428689301014,
  "mean_iteration_wall_s": 1.4556904275342821,
  "manifest": {
    "algorithm": "adam_with_query_batched_local_gradient",
    "optimizer": "adam",
    "parameter_space": "data",
    "gradient_objective": "dynamic local full-density score with coordinate and maximum-surface-selection derivatives omitted",
    "formal_objective": "complete native QH score for every accepted center",
    "initial_case": "/home/scc/pb24511935/local_surface_evaluator/runs/summary1_review2_20260824/flow_pairs/cases/case_19.json",
    "initial_case_sha256": "0d461310c5fc9fd1ccace347f4961813d1681f5e6fdb54b73f1df71c3c506306",
    "checkpoint": "/home/scc/pb24511935/local_surface_evaluator/runs/qh_flow_physical_lr_longselect_20260729/lr_3em4/checkpoint_latest.pt",
    "checkpoint_sha256": "39a3293a459e248a0d1ec062607a1a467128b14d8ca973aadd82e113532ab99f",
    "native_lib": "/home/scc/pb24511935/local_surface_evaluator/runs/summary1_review2_20260824/build_native/libstellarator_gpu.so",
    "native_lib_sha256": "7d3784e02172f5c3130bcf085efa8120dc059d5007daa4b18680edd97b077f94",
    "nfp": 5,
    "n_base_coils": 1,
    "iterations": 100,
    "max_wall_s": 4200.0,
    "flow": {
      "method": "rk4",
      "steps": 128,
      "dtype": "fp32",
      "use": "initial latent-to-coil decode only"
    },
    "flow_pipeline": false,
    "coordinate_gradient": {
      "dimension": 100,
      "mode": "random-orthogonal",
      "random_directions": 2,
      "endpoint_count": 4,
      "perturbation": 0.0025,
      "difference": "centered",
      "psi_grid": 48,
      "psi_iterations": 4,
      "alpha_iterations": 4,
      "formal_surface_theta_count": 128,
      "local_surface_theta_count": 64
    },
    "adam": {
      "learning_rate": 0.01,
      "beta1": 0.7,
      "beta2": 0.999,
      "epsilon": 1e-08,
      "weight_decay": 0.0
    },
    "bfgs": {
      "initial_trust_rms": 0.01,
      "min_trust_rms": 1e-05,
      "max_trust_rms": 0.05,
      "trust_growth": 1.2,
      "trust_shrink": 0.5,
      "min_improvement": 0.0
    },
    "seed": 2026082519,
    "axis_policy": "initial global search, then strict mixed-precision continuation",
    "devices": {
      "flow": 0,
      "score": 0
    },
    "initial_metadata_keys": [
      "flow_prior_screening",
      "nfp",
      "raw"
    ],
    "data_parameterization": {
      "definition": "per-coordinate training-set standardization",
      "physical_mapping": "CoilNormalizer.inverse with canonical current L1/sign",
      "initial_clipped_fraction": 0.0,
      "initial_roundtrip_relative_rms": 0.0,
      "flow_calls_after_initialization": 0
    }
  }
}
{"iteration":1,"score":71.4331211076159,"best":71.53448067148663,"gradient_rms":9.09329529031504,"update_rms":0.009999999923523557,"accepted":true,"wall_s":6.828266013413668}
{"iteration":2,"score":71.59885881137069,"best":71.59885881137069,"gradient_rms":14.094832422579808,"update_rms":0.007455144685330233,"accepted":true,"wall_s":5.099330753087997}
{"iteration":3,"score":72.14763510331422,"best":72.14763510331422,"gradient_rms":38.44896495582825,"update_rms":0.007149503016750706,"accepted":true,"wall_s":5.377482742071152}
{"iteration":4,"score":72.50953685700549,"best":72.50953685700549,"gradient_rms":20.419259683685393,"update_rms":0.00591481378417747,"accepted":true,"wall_s":5.602000519633293}
{"iteration":5,"score":72.820604142793,"best":72.820604142793,"gradient_rms":16.84342736746871,"update_rms":0.005183435325186753,"accepted":true,"wall_s":5.595987506210804}
{"iteration":6,"score":73.09757178848734,"best":73.09757178848734,"gradient_rms":6.732687909281367,"update_rms":0.003907319036159422,"accepted":true,"wall_s":5.6061199232935905}
{"iteration":7,"score":73.23850165290774,"best":73.23850165290774,"gradient_rms":16.230828766188647,"update_rms":0.004000148628365388,"accepted":true,"wall_s":5.380774453282356}
{"iteration":8,"score":73.33079852778593,"best":73.33079852778593,"gradient_rms":44.62464424403201,"update_rms":0.005694199889083331,"accepted":true,"wall_s":5.06882531195879}
{"iteration":9,"score":73.40353230979929,"best":73.40353230979929,"gradient_rms":12.03372174454497,"update_rms":0.004546313619739827,"accepted":true,"wall_s":5.05352246016264}
{"iteration":10,"score":73.46605491184758,"best":73.46605491184758,"gradient_rms":6.1204533684858475,"update_rms":0.003490172287968571,"accepted":true,"wall_s":5.067873232066631}
{"iteration":11,"score":73.59279256439989,"best":73.59279256439989,"gradient_rms":6.936245998701441,"update_rms":0.0028033509931761945,"accepted":true,"wall_s":5.065974969416857}
{"iteration":12,"score":73.70988718283128,"best":73.70988718283128,"gradient_rms":14.57127136726839,"update_rms":0.0031673913420929597,"accepted":true,"wall_s":5.065015576779842}
{"iteration":13,"score":73.66703879545778,"best":73.70988718283128,"gradient_rms":24.61942289205623,"update_rms":0.004390708528716594,"accepted":true,"wall_s":5.093482233583927}
{"iteration":14,"score":73.75324394227475,"best":73.75324394227475,"gradient_rms":27.204693213585227,"update_rms":0.004837632721235561,"accepted":true,"wall_s":4.8548774644732475}
{"iteration":15,"score":73.786911880441,"best":73.786911880441,"gradient_rms":8.16716692898343,"update_rms":0.0038401063853161885,"accepted":true,"wall_s":5.070816058665514}
{"iteration":16,"score":73.97013947880431,"best":73.97013947880431,"gradient_rms":9.22548662615842,"update_rms":0.0032035988860459642,"accepted":true,"wall_s":5.080403186380863}
{"iteration":17,"score":74.09582114395222,"best":74.09582114395222,"gradient_rms":12.178978850037037,"update_rms":0.0030641136638032184,"accepted":true,"wall_s":4.857928954064846}
{"iteration":18,"score":74.16343917579678,"best":74.16343917579678,"gradient_rms":13.52814456076782,"update_rms":0.0032470776127622933,"accepted":true,"wall_s":5.0667974054813385}
{"iteration":19,"score":74.30611055268477,"best":74.30611055268477,"gradient_rms":5.148096930474136,"update_rms":0.0025536266309727027,"accepted":true,"wall_s":4.882170181721449}
{"iteration":20,"score":74.33227961298483,"best":74.33227961298483,"gradient_rms":6.841852392231473,"update_rms":0.002265089508431111,"accepted":true,"wall_s":5.3356578052043915}
{"iteration":21,"score":74.33993789870642,"best":74.33993789870642,"gradient_rms":15.189417181693699,"update_rms":0.0031474386687198905,"accepted":true,"wall_s":5.272239379584789}
{"iteration":22,"score":74.46780845291892,"best":74.46780845291892,"gradient_rms":6.410224796782716,"update_rms":0.0024030968957872564,"accepted":true,"wall_s":5.076195061206818}
{"iteration":23,"score":74.62154959586105,"best":74.62154959586105,"gradient_rms":0.33232991161323555,"update_rms":0.0017223839782139257,"accepted":true,"wall_s":5.074978318065405}
{"iteration":24,"score":74.75536047229977,"best":74.75536047229977,"gradient_rms":7.815373491442932,"update_rms":0.0019364104488393873,"accepted":true,"wall_s":5.060541823506355}
{"iteration":25,"score":74.72169823793784,"best":74.75536047229977,"gradient_rms":13.783236581399246,"update_rms":0.00289914018656474,"accepted":true,"wall_s":5.060435302555561}
{"iteration":26,"score":74.9307052923047,"best":74.9307052923047,"gradient_rms":6.021049501651513,"update_rms":0.0024187036435160836,"accepted":true,"wall_s":5.082016367465258}
{"iteration":27,"score":75.03981394627395,"best":75.03981394627395,"gradient_rms":5.984430015039747,"update_rms":0.0021256912398129645,"accepted":true,"wall_s":5.057015974074602}
{"iteration":28,"score":75.12318373689159,"best":75.12318373689159,"gradient_rms":4.395271702286285,"update_rms":0.001742933875284981,"accepted":true,"wall_s":4.852955915033817}
{"iteration":29,"score":75.16301767906452,"best":75.16301767906452,"gradient_rms":4.077696858499784,"update_rms":0.0015174153478645866,"accepted":true,"wall_s":5.081882394850254}
{"iteration":30,"score":75.23482865349283,"best":75.23482865349283,"gradient_rms":1.4576848096609898,"update_rms":0.0010950738131242398,"accepted":true,"wall_s":5.068913735449314}
{"iteration":31,"score":75.26510333029344,"best":75.26510333029344,"gradient_rms":42.820042604115926,"update_rms":0.006907928638826695,"accepted":true,"wall_s":5.580781262367964}
{"iteration":32,"score":75.17324773844686,"best":75.26510333029344,"gradient_rms":6.982099008092046,"update_rms":0.005139415119579157,"accepted":true,"wall_s":5.056911010295153}
{"iteration":33,"score":75.31810678246705,"best":75.31810678246705,"gradient_rms":10.962541817438943,"update_rms":0.004187923365226112,"accepted":true,"wall_s":5.068144053220749}
{"iteration":34,"score":75.43054808566609,"best":75.43054808566609,"gradient_rms":14.76101246841094,"update_rms":0.0040097644861770395,"accepted":true,"wall_s":4.852149166166782}
{"iteration":35,"score":75.51245819248298,"best":75.51245819248298,"gradient_rms":3.858261871058552,"update_rms":0.002926682750002506,"accepted":true,"wall_s":4.8531876020133495}
{"iteration":36,"score":75.54670681685839,"best":75.54670681685839,"gradient_rms":2.5176028462807567,"update_rms":0.0021512964147580157,"accepted":true,"wall_s":4.849053140729666}
{"iteration":37,"score":75.57470448203273,"best":75.57470448203273,"gradient_rms":6.942842620061121,"update_rms":0.002114515231978398,"accepted":true,"wall_s":4.907820571213961}
{"iteration":38,"score":75.61848193984046,"best":75.61848193984046,"gradient_rms":5.077523619843234,"update_rms":0.0018098459327811837,"accepted":true,"wall_s":4.852568585425615}
{"iteration":39,"score":75.78363426809112,"best":75.78363426809112,"gradient_rms":14.45762002616238,"update_rms":0.0030838884293507324,"accepted":true,"wall_s":4.999306231737137}
{"iteration":40,"score":75.91474000195419,"best":75.91474000195419,"gradient_rms":8.16107541140807,"update_rms":0.0026719668993305124,"accepted":true,"wall_s":5.105753488838673}
{"iteration":41,"score":76.07345084398322,"best":76.07345084398322,"gradient_rms":15.4907553449465,"update_rms":0.0036166696414250098,"accepted":true,"wall_s":4.848987713456154}
{"iteration":42,"score":76.19497228073975,"best":76.19497228073975,"gradient_rms":8.600690714249739,"update_rms":0.003065446275362698,"accepted":true,"wall_s":4.848769590258598}
{"iteration":43,"score":76.31009333851927,"best":76.31009333851927,"gradient_rms":9.128252752270162,"update_rms":0.00284160530331762,"accepted":true,"wall_s":4.856209978461266}
{"iteration":44,"score":76.39283943511651,"best":76.39283943511651,"gradient_rms":11.43096928518834,"update_rms":0.003098682795213709,"accepted":true,"wall_s":5.0702679716050625}
{"iteration":45,"score":76.53374032929894,"best":76.53374032929894,"gradient_rms":10.115169487654494,"update_rms":0.0030229241747303597,"accepted":true,"wall_s":4.850482899695635}
{"iteration":46,"score":76.7026079975937,"best":76.7026079975937,"gradient_rms":10.837557088765575,"update_rms":0.0031690019433270084,"accepted":true,"wall_s":4.84702929854393}
{"iteration":47,"score":76.88609027260166,"best":76.88609027260166,"gradient_rms":4.895480669168113,"update_rms":0.0024348605940403487,"accepted":true,"wall_s":4.8577111810445786}
{"iteration":48,"score":76.90492813563782,"best":76.90492813563782,"gradient_rms":4.353243986762239,"update_rms":0.001939771757768969,"accepted":true,"wall_s":5.056298643350601}
{"iteration":49,"score":76.96576768784533,"best":76.96576768784533,"gradient_rms":5.127349430105606,"update_rms":0.0017251328163155118,"accepted":true,"wall_s":5.067372210323811}
{"iteration":50,"score":77.11837448899144,"best":77.11837448899144,"gradient_rms":6.037922378365987,"update_rms":0.0018235145467424868,"accepted":true,"wall_s":5.066675495356321}
{"iteration":51,"score":77.14025854973886,"best":77.14025854973886,"gradient_rms":1.9519572659548072,"update_rms":0.0013794751934754581,"accepted":true,"wall_s":5.063165381550789}
{"iteration":52,"score":77.15564827578454,"best":77.15564827578454,"gradient_rms":12.90005424830455,"update_rms":0.0030013689770408826,"accepted":true,"wall_s":5.061555378139019}
{"iteration":53,"score":77.34776507016458,"best":77.34776507016458,"gradient_rms":19.60832274546051,"update_rms":0.00452571255450433,"accepted":true,"wall_s":4.857628054916859}
{"iteration":54,"score":77.39798445892713,"best":77.39798445892713,"gradient_rms":32.059146496730705,"update_rms":0.006949824542036769,"accepted":true,"wall_s":5.596056684851646}
{"iteration":55,"score":77.43283732558791,"best":77.43283732558791,"gradient_rms":6.3906211632701195,"update_rms":0.0051543045813668455,"accepted":true,"wall_s":5.376967456191778}
{"iteration":56,"score":77.31400716818455,"best":77.43283732558791,"gradient_rms":14.078179590428574,"update_rms":0.004752964634422646,"accepted":true,"wall_s":5.071185301989317}
{"iteration":57,"score":77.3420273072554,"best":77.43283732558791,"gradient_rms":8.002530582879391,"update_rms":0.003818109627152215,"accepted":true,"wall_s":4.846613138914108}
{"iteration":58,"score":77.32657364865744,"best":77.43283732558791,"gradient_rms":9.444111858212866,"update_rms":0.0034776471637551786,"accepted":true,"wall_s":5.065232682973146}
{"iteration":59,"score":77.4746300092358,"best":77.4746300092358,"gradient_rms":4.156492976623825,"update_rms":0.0025651324832251976,"accepted":true,"wall_s":5.087824139744043}
{"iteration":60,"score":77.50193681615191,"best":77.50193681615191,"gradient_rms":0.16261072910422836,"update_rms":0.0018099300740334532,"accepted":true,"wall_s":4.852197982370853}
{"iteration":61,"score":77.5452563467865,"best":77.5452563467865,"gradient_rms":4.575831758031587,"update_rms":0.0015434797134618351,"accepted":true,"wall_s":5.067034002393484}
{"iteration":62,"score":77.5709554963896,"best":77.5709554963896,"gradient_rms":4.193107836071023,"update_rms":0.0014260868247519835,"accepted":true,"wall_s":5.0705590061843395}
{"iteration":63,"score":77.59141707432539,"best":77.59141707432539,"gradient_rms":2.2331432987914503,"update_rms":0.0011247633128299245,"accepted":true,"wall_s":4.844509299844503}
{"iteration":64,"score":77.5562522719501,"best":77.59141707432539,"gradient_rms":7.029975867008461,"update_rms":0.0017049506329133775,"accepted":true,"wall_s":5.058084152638912}
{"iteration":65,"score":77.58224234008566,"best":77.59141707432539,"gradient_rms":6.566944981761382,"update_rms":0.0019259538470854456,"accepted":true,"wall_s":5.065189737826586}
{"iteration":66,"score":77.61219369879841,"best":77.61219369879841,"gradient_rms":18.997144796659825,"update_rms":0.0042963459267142574,"accepted":true,"wall_s":5.051335535943508}
{"iteration":67,"score":77.573182435875,"best":77.61219369879841,"gradient_rms":10.923254091156492,"update_rms":0.003877818854022515,"accepted":true,"wall_s":4.834752459079027}
{"iteration":68,"score":77.57991013647543,"best":77.61219369879841,"gradient_rms":10.092395355017615,"update_rms":0.003527463879041124,"accepted":true,"wall_s":5.090740818530321}
{"iteration":69,"score":77.69862720051852,"best":77.69862720051852,"gradient_rms":3.5905160467230797,"update_rms":0.002570611055052153,"accepted":true,"wall_s":4.870118882507086}
{"iteration":70,"score":77.76748930543643,"best":77.76748930543643,"gradient_rms":5.490815368681447,"update_rms":0.002195364823070545,"accepted":true,"wall_s":4.848331790417433}
{"iteration":71,"score":77.84175683142954,"best":77.84175683142954,"gradient_rms":8.694780557929914,"update_rms":0.0024882260049070093,"accepted":true,"wall_s":4.863164778798819}
{"iteration":72,"score":77.91419193666708,"best":77.91419193666708,"gradient_rms":9.024502405688006,"update_rms":0.0026955753377288227,"accepted":true,"wall_s":4.851799383759499}
{"iteration":73,"score":77.96911561361013,"best":77.96911561361013,"gradient_rms":1.7510488003734754,"update_rms":0.0019444618120136208,"accepted":true,"wall_s":4.832069344818592}
{"iteration":74,"score":78.0041549665057,"best":78.0041549665057,"gradient_rms":4.921576067286683,"update_rms":0.001827282642374675,"accepted":true,"wall_s":4.843529835343361}
{"iteration":75,"score":78.09017261795903,"best":78.09017261795903,"gradient_rms":9.282069300969,"update_rms":0.002402224885180186,"accepted":true,"wall_s":5.053848538547754}
{"iteration":76,"score":78.08351530802138,"best":78.09017261795903,"gradient_rms":7.246190799384804,"update_rms":0.0024290038525118453,"accepted":true,"wall_s":5.056032583117485}
{"iteration":77,"score":78.18341669545678,"best":78.18341669545678,"gradient_rms":5.75851840535997,"update_rms":0.002189752710107705,"accepted":true,"wall_s":5.056076064705849}
{"iteration":78,"score":78.20154113136442,"best":78.20154113136442,"gradient_rms":16.716208303685125,"update_rms":0.004054308787180487,"accepted":true,"wall_s":5.046392031013966}
{"iteration":79,"score":78.45143521158798,"best":78.45143521158798,"gradient_rms":5.680991060774023,"update_rms":0.0031486372077177403,"accepted":true,"wall_s":5.56650872528553}
{"iteration":80,"score":78.41702327755716,"best":78.45143521158798,"gradient_rms":0.9875049540616598,"update_rms":0.0022323898149078734,"accepted":true,"wall_s":5.03913652151823}
{"iteration":81,"score":78.5848959176501,"best":78.5848959176501,"gradient_rms":4.6030488841040915,"update_rms":0.0019047228473218613,"accepted":true,"wall_s":5.051544640213251}
{"iteration":82,"score":78.62853992630505,"best":78.62853992630505,"gradient_rms":1.4141826312232395,"update_rms":0.001387958510710372,"accepted":true,"wall_s":5.068377204239368}
{"iteration":83,"score":78.74162074855985,"best":78.74162074855985,"gradient_rms":12.405188195009778,"update_rms":0.0030464693902091436,"accepted":true,"wall_s":5.058920182287693}
{"iteration":84,"score":78.72253871118474,"best":78.74162074855985,"gradient_rms":15.032250739343736,"update_rms":0.00405469212800995,"accepted":true,"wall_s":5.05588199198246}
{"iteration":85,"score":78.88613692105729,"best":78.88613692105729,"gradient_rms":6.791537149209968,"update_rms":0.0032930724355963257,"accepted":true,"wall_s":4.861525442451239}
{"iteration":86,"score":78.99172240915361,"best":78.99172240915361,"gradient_rms":19.524081636452078,"update_rms":0.004911308221218855,"accepted":true,"wall_s":5.069350510835648}
{"iteration":87,"score":79.20963963427435,"best":79.20963963427435,"gradient_rms":9.278633443192797,"update_rms":0.003798986357304091,"accepted":true,"wall_s":4.853529587388039}
{"iteration":88,"score":79.32668868477279,"best":79.32668868477279,"gradient_rms":5.6499644655366,"update_rms":0.002928576743350712,"accepted":true,"wall_s":4.8816294483840466}
{"iteration":89,"score":79.38198013723479,"best":79.38198013723479,"gradient_rms":2.637421416088051,"update_rms":0.002123868039659973,"accepted":true,"wall_s":5.057981498539448}
{"iteration":90,"score":79.46677780972678,"best":79.46677780972678,"gradient_rms":7.84581510375894,"update_rms":0.0023949053886805835,"accepted":true,"wall_s":4.8459260910749435}
{"iteration":91,"score":79.47981765868006,"best":79.47981765868006,"gradient_rms":9.047289828801059,"update_rms":0.0028123969221724968,"accepted":true,"wall_s":5.075851146131754}
{"iteration":92,"score":79.6397569205386,"best":79.6397569205386,"gradient_rms":11.22798387398054,"update_rms":0.0033393477973447322,"accepted":true,"wall_s":4.8457479774951935}
{"iteration":93,"score":79.66762584260007,"best":79.66762584260007,"gradient_rms":11.831887786085073,"update_rms":0.0036739292434474807,"accepted":true,"wall_s":5.056323044002056}
{"iteration":94,"score":79.76629828808633,"best":79.76629828808633,"gradient_rms":0.8180972991020816,"update_rms":0.0025986104527903954,"accepted":true,"wall_s":4.847841963171959}
{"iteration":95,"score":79.82823295453781,"best":79.82823295453781,"gradient_rms":9.960357431786983,"update_rms":0.003057600588286804,"accepted":true,"wall_s":4.850530561059713}
{"iteration":96,"score":79.9377493047447,"best":79.9377493047447,"gradient_rms":8.979087596705016,"update_rms":0.0030480052554746834,"accepted":true,"wall_s":5.584237288683653}
{"iteration":97,"score":79.98653124662562,"best":79.98653124662562,"gradient_rms":8.130038271593254,"update_rms":0.002834932361053452,"accepted":true,"wall_s":5.5896491929888725}
{"iteration":98,"score":79.90647396902763,"best":79.98653124662562,"gradient_rms":7.006566509822386,"update_rms":0.002542960316218677,"accepted":true,"wall_s":4.84603076428175}
{"iteration":99,"score":79.93634290111623,"best":79.98653124662562,"gradient_rms":5.732321475990832,"update_rms":0.002247348980950273,"accepted":true,"wall_s":5.059870630502701}
{"iteration":100,"score":80.03044611543568,"best":80.03044611543568,"gradient_rms":2.8634977604810676,"update_rms":0.0017223126046920392,"accepted":true,"wall_s":4.9832710064947605}
{
  "status": "ok",
  "stop_reason": "completed_iterations",
  "initial_score": 71.53448067148663,
  "final_score": 80.03044611543568,
  "best_score": 80.03044611543568,
  "best_iteration": 100,
  "completed_iterations": 100,
  "completed_adam_steps": 100,
  "completed_optimizer_steps": 100,
  "total_wall_s": 506.81572725623846,
  "initial_decode_wall_s": 2.3143046274781227,
  "initial_score_wall_s": 1.615791067481041,
  "mean_iteration_wall_s": 5.0666762098297475,
  "manifest": {
    "algorithm": "adam_with_query_batched_local_gradient",
    "optimizer": "adam",
    "parameter_space": "latent",
    "gradient_objective": "dynamic local full-density score with coordinate and maximum-surface-selection derivatives omitted",
    "formal_objective": "complete native QH score for every accepted center",
    "initial_case": "/home/scc/pb24511935/local_surface_evaluator/runs/summary1_review2_20260824/flow_pairs/cases/case_23.json",
    "initial_case_sha256": "a87f037131316a5678f43c14e08849c5e785480bef608dbfc73ca84ceb462e9e",
    "checkpoint": "/home/scc/pb24511935/local_surface_evaluator/runs/qh_flow_physical_lr_longselect_20260729/lr_3em4/checkpoint_latest.pt",
    "checkpoint_sha256": "39a3293a459e248a0d1ec062607a1a467128b14d8ca973aadd82e113532ab99f",
    "native_lib": "/home/scc/pb24511935/local_surface_evaluator/runs/summary1_review2_20260824/build_native/libstellarator_gpu.so",
    "native_lib_sha256": "7d3784e02172f5c3130bcf085efa8120dc059d5007daa4b18680edd97b077f94",
    "nfp": 7,
    "n_base_coils": 5,
    "iterations": 100,
    "max_wall_s": 4200.0,
    "flow": {
      "method": "rk4",
      "steps": 128,
      "dtype": "fp32",
      "use": "every gradient endpoint and accepted center"
    },
    "flow_pipeline": true,
    "coordinate_gradient": {
      "dimension": 500,
      "mode": "random-orthogonal",
      "random_directions": 2,
      "endpoint_count": 4,
      "perturbation": 0.005,
      "difference": "centered",
      "psi_grid": 48,
      "psi_iterations": 4,
      "alpha_iterations": 4,
      "formal_surface_theta_count": 128,
      "local_surface_theta_count": 64
    },
    "adam": {
      "learning_rate": 0.01,
      "beta1": 0.7,
      "beta2": 0.999,
      "epsilon": 1e-08,
      "weight_decay": 0.0
    },
    "bfgs": {
      "initial_trust_rms": 0.01,
      "min_trust_rms": 1e-05,
      "max_trust_rms": 0.05,
      "trust_growth": 1.2,
      "trust_shrink": 0.5,
      "min_improvement": 0.0
    },
    "seed": 2026082523,
    "axis_policy": "initial global search, then strict mixed-precision continuation",
    "devices": {
      "flow": 0,
      "score": 0
    },
    "initial_metadata_keys": [
      "flow_prior_screening",
      "nfp",
      "raw"
    ]
  }
}
{"iteration":1,"score":71.27483634533905,"best":71.54185190559329,"gradient_rms":19.338265453346093,"update_rms":0.009999999921305876,"accepted":true,"wall_s":4.43068128451705}
{"iteration":2,"score":71.75140991688589,"best":71.75140991688589,"gradient_rms":71.47355150835818,"update_rms":0.007895063682475806,"accepted":true,"wall_s":4.430344104766846}
{"iteration":3,"score":73.35529427357504,"best":73.35529427357504,"gradient_rms":68.69833190295212,"update_rms":0.0065192447520661095,"accepted":true,"wall_s":4.401952873915434}
{"iteration":4,"score":73.08743914264836,"best":73.35529427357504,"gradient_rms":74.43546628732493,"update_rms":0.005940195831728624,"accepted":true,"wall_s":4.410345170646906}
{"iteration":5,"score":72.4008885760686,"best":73.35529427357504,"gradient_rms":11.164676091021036,"update_rms":0.004354762601751409,"accepted":true,"wall_s":4.400795388966799}
{"iteration":6,"score":72.74885351310171,"best":73.35529427357504,"gradient_rms":93.38399148260832,"update_rms":0.00523002689415538,"accepted":true,"wall_s":4.302259724587202}
{"iteration":7,"score":73.0155369885377,"best":73.35529427357504,"gradient_rms":22.78932122177705,"update_rms":0.004047954307766694,"accepted":true,"wall_s":4.190303847193718}
{"iteration":8,"score":73.32716896961227,"best":73.35529427357504,"gradient_rms":61.70849242308223,"update_rms":0.004426679235583972,"accepted":true,"wall_s":3.4567114263772964}
{"iteration":9,"score":73.57400948911811,"best":73.57400948911811,"gradient_rms":70.84391061324413,"update_rms":0.0047114831460334005,"accepted":true,"wall_s":3.9827683977782726}
{"iteration":10,"score":73.4400362796301,"best":73.57400948911811,"gradient_rms":30.9783126583972,"update_rms":0.003910572372175491,"accepted":true,"wall_s":3.6710334867239}
{"iteration":11,"score":73.59564536709081,"best":73.59564536709081,"gradient_rms":43.453225073524486,"update_rms":0.0037625758261950948,"accepted":true,"wall_s":4.194476775825024}
{"iteration":12,"score":74.18945347121675,"best":74.18945347121675,"gradient_rms":113.65705120317257,"update_rms":0.005576169649502396,"accepted":true,"wall_s":4.192784648388624}
{"iteration":13,"score":74.09855622878638,"best":74.18945347121675,"gradient_rms":78.93024806835054,"update_rms":0.005280762056466327,"accepted":true,"wall_s":4.329911008477211}
{"iteration":14,"score":74.27938388154246,"best":74.27938388154246,"gradient_rms":129.65091417402206,"update_rms":0.006025525452653804,"accepted":true,"wall_s":4.632177427411079}
{"iteration":15,"score":74.5775925940237,"best":74.5775925940237,"gradient_rms":89.7693229897167,"update_rms":0.005454769430419243,"accepted":true,"wall_s":4.385921057313681}
{"iteration":16,"score":75.63239347296155,"best":75.63239347296155,"gradient_rms":129.5396446527966,"update_rms":0.005778494065124844,"accepted":true,"wall_s":4.402402464300394}
{"iteration":17,"score":76.69908083136967,"best":76.69908083136967,"gradient_rms":142.5627698636552,"update_rms":0.006230894051976396,"accepted":true,"wall_s":3.88634941726923}
{"iteration":18,"score":76.6606889669002,"best":76.69908083136967,"gradient_rms":48.01794032380556,"update_rms":0.004749538083533487,"accepted":true,"wall_s":3.8880738131701946}
{"iteration":19,"score":76.34038512092289,"best":76.69908083136967,"gradient_rms":51.52334285482536,"update_rms":0.003897249418864161,"accepted":true,"wall_s":4.403373308479786}
{"iteration":20,"score":75.97908784510093,"best":76.69908083136967,"gradient_rms":35.575653807173836,"update_rms":0.003164393193651481,"accepted":true,"wall_s":3.880003407597542}
{"iteration":21,"score":76.37432858358254,"best":76.69908083136967,"gradient_rms":77.73271748515818,"update_rms":0.0038188867586415164,"accepted":true,"wall_s":3.898344539105892}
{"iteration":22,"score":76.55838420625994,"best":76.69908083136967,"gradient_rms":33.74603172812597,"update_rms":0.0031959150380881465,"accepted":true,"wall_s":3.881011139601469}
{"iteration":23,"score":76.68938188847306,"best":76.69908083136967,"gradient_rms":56.86116126509445,"update_rms":0.003190369088780657,"accepted":true,"wall_s":4.415119931101799}
{"iteration":24,"score":76.99201933065507,"best":76.99201933065507,"gradient_rms":69.9418443050407,"update_rms":0.0037255534910451507,"accepted":true,"wall_s":4.424607507884502}
{"iteration":25,"score":77.20643374192758,"best":77.20643374192758,"gradient_rms":35.312810100718686,"update_rms":0.003128988203028125,"accepted":true,"wall_s":4.43593829497695}
{"iteration":26,"score":77.86778476148113,"best":77.86778476148113,"gradient_rms":89.07384406736348,"update_rms":0.004214684079670007,"accepted":true,"wall_s":4.423052780330181}
{"iteration":27,"score":78.0681685889191,"best":78.0681685889191,"gradient_rms":57.65541012518233,"update_rms":0.003896341738296115,"accepted":true,"wall_s":4.424364626407623}
{"iteration":28,"score":78.02190727546784,"best":78.0681685889191,"gradient_rms":49.2332898393939,"update_rms":0.0034659266462957225,"accepted":true,"wall_s":4.415922176092863}
{"iteration":29,"score":77.7543654485863,"best":78.0681685889191,"gradient_rms":30.38602665510458,"update_rms":0.002822818168018587,"accepted":true,"wall_s":4.402698464691639}
{"iteration":30,"score":78.15504841995046,"best":78.15504841995046,"gradient_rms":80.00500862707916,"update_rms":0.0040046653528033865,"accepted":true,"wall_s":4.405237790197134}
{"iteration":31,"score":78.63115382939029,"best":78.63115382939029,"gradient_rms":66.47720764927418,"update_rms":0.003973425631685791,"accepted":true,"wall_s":4.402680329978466}
{"iteration":32,"score":78.6777023506228,"best":78.6777023506228,"gradient_rms":11.608488512219513,"update_rms":0.002898206701395209,"accepted":true,"wall_s":4.401785179972649}
{"iteration":33,"score":79.50154233310205,"best":79.50154233310205,"gradient_rms":123.17583334319605,"update_rms":0.005153941089885644,"accepted":true,"wall_s":4.412144403904676}
{"iteration":34,"score":79.17119534065763,"best":79.50154233310205,"gradient_rms":31.431471485608647,"update_rms":0.003923286440368602,"accepted":true,"wall_s":4.39779307693243}
{"iteration":35,"score":78.52510263065862,"best":79.50154233310205,"gradient_rms":6.723460022706938,"update_rms":0.002797665001082428,"accepted":true,"wall_s":4.189597878605127}
{"iteration":36,"score":78.05538473258466,"best":79.50154233310205,"gradient_rms":62.27598033735963,"update_rms":0.003345980328531437,"accepted":true,"wall_s":4.39746081084013}
{"iteration":37,"score":78.24762340006467,"best":79.50154233310205,"gradient_rms":109.7909288965636,"update_rms":0.005005863116342729,"accepted":true,"wall_s":4.399928368628025}
{"iteration":38,"score":78.14455024266344,"best":79.50154233310205,"gradient_rms":47.90291814634704,"update_rms":0.003926568507928326,"accepted":true,"wall_s":4.38925239816308}
{"iteration":39,"score":77.87956517832231,"best":79.50154233310205,"gradient_rms":28.85868904286326,"update_rms":0.0030697826760487873,"accepted":true,"wall_s":4.390066981315613}
{"iteration":40,"score":78.25422456236697,"best":79.50154233310205,"gradient_rms":54.040096927934606,"update_rms":0.0032452323077461257,"accepted":true,"wall_s":4.401374917477369}
{"iteration":41,"score":78.46415612221963,"best":79.50154233310205,"gradient_rms":10.564868655187565,"update_rms":0.0023341031262097962,"accepted":true,"wall_s":4.400231778621674}
{"iteration":42,"score":78.99564321894233,"best":79.50154233310205,"gradient_rms":53.025343130462616,"update_rms":0.0028921873026194014,"accepted":true,"wall_s":4.400117572396994}
{"iteration":43,"score":79.36270889485468,"best":79.50154233310205,"gradient_rms":44.66174660089011,"update_rms":0.002835931348754628,"accepted":true,"wall_s":4.481311839073896}
{"iteration":44,"score":79.47662857776328,"best":79.50154233310205,"gradient_rms":9.029459683648952,"update_rms":0.0020632219548783227,"accepted":true,"wall_s":5.166048396378756}
{"iteration":45,"score":79.4808458706263,"best":79.50154233310205,"gradient_rms":21.347559810720476,"update_rms":0.0016857966532390519,"accepted":true,"wall_s":4.305669486522675}
{"iteration":46,"score":79.55972119951589,"best":79.55972119951589,"gradient_rms":41.28278321216608,"update_rms":0.002238989206433304,"accepted":true,"wall_s":3.668471459299326}
{"iteration":47,"score":79.71097805474066,"best":79.71097805474066,"gradient_rms":32.686697447214584,"update_rms":0.0021443800806084045,"accepted":true,"wall_s":4.402184292674065}
{"iteration":48,"score":80.0132867358946,"best":80.0132867358946,"gradient_rms":44.646439866129505,"update_rms":0.002583026608324843,"accepted":true,"wall_s":4.559231877326965}
{"iteration":49,"score":80.01583059971333,"best":80.01583059971333,"gradient_rms":21.290872407486916,"update_rms":0.0020244237543797765,"accepted":true,"wall_s":4.19150598347187}
{"iteration":50,"score":80.1723369218085,"best":80.1723369218085,"gradient_rms":97.60888190395484,"update_rms":0.004515277304848041,"accepted":true,"wall_s":4.404786761850119}
{"iteration":51,"score":80.17127473450232,"best":80.1723369218085,"gradient_rms":13.58909940124335,"update_rms":0.0033067818907969878,"accepted":true,"wall_s":4.401285123080015}
{"iteration":52,"score":80.11620870171404,"best":80.1723369218085,"gradient_rms":8.689317518204044,"update_rms":0.0023861204856294826,"accepted":true,"wall_s":4.399341009557247}
{"iteration":53,"score":80.0490755284496,"best":80.1723369218085,"gradient_rms":18.472500751508623,"update_rms":0.0018981068725312062,"accepted":true,"wall_s":4.4046368934214115}
{"iteration":54,"score":80.03169875186624,"best":80.1723369218085,"gradient_rms":36.44622031677964,"update_rms":0.0022286146624127443,"accepted":true,"wall_s":4.4020915403962135}
{"iteration":55,"score":80.02934288510147,"best":80.1723369218085,"gradient_rms":19.316147816025982,"update_rms":0.0017574619517747752,"accepted":true,"wall_s":4.402083650231361}
{"iteration":56,"score":80.15270511794209,"best":80.1723369218085,"gradient_rms":33.25229021864137,"update_rms":0.002008372364547932,"accepted":true,"wall_s":4.40197715908289}
{"iteration":57,"score":80.2994428485472,"best":80.2994428485472,"gradient_rms":43.21707094943947,"update_rms":0.0026120262922274423,"accepted":true,"wall_s":4.44682502746582}
{"iteration":58,"score":80.64068374676113,"best":80.64068374676113,"gradient_rms":65.81355632640124,"update_rms":0.0037027056525767606,"accepted":true,"wall_s":4.407953511923552}
{"iteration":59,"score":80.53334311426543,"best":80.64068374676113,"gradient_rms":53.33471607214239,"update_rms":0.0036111452848031,"accepted":true,"wall_s":4.4046386405825615}
{"iteration":60,"score":80.21247747898325,"best":80.64068374676113,"gradient_rms":21.658743400698288,"update_rms":0.0026952301888889785,"accepted":true,"wall_s":4.406867358833551}
{"iteration":61,"score":80.2452055047309,"best":80.64068374676113,"gradient_rms":55.72875668731992,"update_rms":0.0032678851142623993,"accepted":true,"wall_s":3.9029944464564323}
{"iteration":62,"score":80.60611406029032,"best":80.64068374676113,"gradient_rms":68.2348522560852,"update_rms":0.004083077118327044,"accepted":true,"wall_s":4.422723736613989}
{"iteration":63,"score":81.22999943544991,"best":81.22999943544991,"gradient_rms":50.082465136934005,"update_rms":0.0037931041219477117,"accepted":true,"wall_s":4.405288048088551}
{"iteration":64,"score":81.58992091215053,"best":81.58992091215053,"gradient_rms":19.651377361538774,"update_rms":0.002847178993737854,"accepted":true,"wall_s":4.541827619075775}
{"iteration":65,"score":81.70743147740644,"best":81.70743147740644,"gradient_rms":13.424107183781588,"update_rms":0.0020950429116554105,"accepted":true,"wall_s":4.406493615359068}
{"iteration":66,"score":81.77784051943914,"best":81.77784051943914,"gradient_rms":13.07504847624346,"update_rms":0.0016451020169220639,"accepted":true,"wall_s":4.4022126123309135}
{"iteration":67,"score":81.76649925930191,"best":81.77784051943914,"gradient_rms":34.048614553016144,"update_rms":0.002101357799077828,"accepted":true,"wall_s":4.1973198391497135}
{"iteration":68,"score":81.7667869839929,"best":81.77784051943914,"gradient_rms":17.350252960703152,"update_rms":0.0017110371713460796,"accepted":true,"wall_s":3.878626722842455}
{"iteration":69,"score":81.77309304848532,"best":81.77784051943914,"gradient_rms":23.16939300384456,"update_rms":0.0016536466739546258,"accepted":true,"wall_s":3.9091427586972713}
{"iteration":70,"score":81.81728742092582,"best":81.81728742092582,"gradient_rms":34.28519724181825,"update_rms":0.002084328331190388,"accepted":true,"wall_s":3.6700485721230507}
{"iteration":71,"score":81.83417483478814,"best":81.83417483478814,"gradient_rms":8.665025613708874,"update_rms":0.001525168608160326,"accepted":true,"wall_s":3.8899903036653996}
{"iteration":72,"score":81.64411414669672,"best":81.83417483478814,"gradient_rms":19.330746098863703,"update_rms":0.0014748018079644336,"accepted":true,"wall_s":3.9810402505099773}
{"iteration":73,"score":81.73354611210789,"best":81.83417483478814,"gradient_rms":21.052503977692602,"update_rms":0.0015072424527328356,"accepted":true,"wall_s":3.8895590119063854}
{"iteration":74,"score":81.83735617566035,"best":81.83735617566035,"gradient_rms":50.2787877675941,"update_rms":0.002821435233960694,"accepted":true,"wall_s":3.8865671791136265}
{"iteration":75,"score":81.37062149390435,"best":81.83735617566035,"gradient_rms":28.232013840210325,"update_rms":0.0024862268301366996,"accepted":true,"wall_s":4.408731609582901}
{"iteration":76,"score":81.05503011891226,"best":81.83735617566035,"gradient_rms":51.07380646129606,"update_rms":0.003244036068840268,"accepted":true,"wall_s":4.42885647341609}
{"iteration":77,"score":80.81718699193422,"best":81.83735617566035,"gradient_rms":34.860850091976616,"update_rms":0.003042932482696936,"accepted":true,"wall_s":4.423994388431311}
{"iteration":78,"score":80.5444134159213,"best":81.83735617566035,"gradient_rms":32.085374565175364,"update_rms":0.0027301176816903095,"accepted":true,"wall_s":4.427616640925407}
{"iteration":79,"score":80.17410438704015,"best":81.83735617566035,"gradient_rms":47.35820417536909,"update_rms":0.003232774982545266,"accepted":true,"wall_s":4.405695892870426}
{"iteration":80,"score":80.1450225866303,"best":81.83735617566035,"gradient_rms":87.15909169871134,"update_rms":0.005114332853799151,"accepted":true,"wall_s":3.667637024074793}
{"iteration":81,"score":80.06533172437695,"best":81.83735617566035,"gradient_rms":7.607728692372808,"update_rms":0.0036241749786428724,"accepted":true,"wall_s":3.8942546397447586}
{"iteration":82,"score":79.91715751686631,"best":81.83735617566035,"gradient_rms":32.585099538643156,"update_rms":0.0030957582839069926,"accepted":true,"wall_s":4.415767375379801}
{"iteration":83,"score":79.69883647027473,"best":81.83735617566035,"gradient_rms":8.056041093497234,"update_rms":0.0021957681158064346,"accepted":true,"wall_s":3.88157606869936}
{"iteration":84,"score":79.41206281856896,"best":81.83735617566035,"gradient_rms":39.19748375526292,"update_rms":0.0025654183892276634,"accepted":true,"wall_s":3.8906326591968536}
{"iteration":85,"score":79.20957130278602,"best":81.83735617566035,"gradient_rms":32.930861023254124,"update_rms":0.0025975140696663794,"accepted":true,"wall_s":3.8802311196923256}
{"iteration":86,"score":79.05590899604721,"best":81.83735617566035,"gradient_rms":19.031593565247075,"update_rms":0.002101385877162248,"accepted":true,"wall_s":3.8863694556057453}
{"iteration":87,"score":79.03735421016546,"best":81.83735617566035,"gradient_rms":25.525514452919047,"update_rms":0.002027858110624583,"accepted":true,"wall_s":4.434680502861738}
{"iteration":88,"score":79.16705638390549,"best":81.83735617566035,"gradient_rms":50.815957858352334,"update_rms":0.0030843080636843824,"accepted":true,"wall_s":4.195151325315237}
{"iteration":89,"score":79.74144963979168,"best":81.83735617566035,"gradient_rms":59.434568485713804,"update_rms":0.0038141337397844927,"accepted":true,"wall_s":4.4151520021259785}
{"iteration":90,"score":80.00565781918755,"best":81.83735617566035,"gradient_rms":41.5915342948601,"update_rms":0.0035734551368728877,"accepted":true,"wall_s":4.415022924542427}
{"iteration":91,"score":79.97796951924805,"best":81.83735617566035,"gradient_rms":12.886515538348164,"update_rms":0.002605440661040322,"accepted":true,"wall_s":4.403594147413969}
{"iteration":92,"score":79.81018744118055,"best":81.83735617566035,"gradient_rms":37.192077895981285,"update_rms":0.002778150242342711,"accepted":true,"wall_s":4.401164077222347}
{"iteration":93,"score":79.68761193095699,"best":81.83735617566035,"gradient_rms":30.002931728990585,"update_rms":0.0025354278940821484,"accepted":true,"wall_s":4.4011805802583694}
{"iteration":94,"score":79.7853329927598,"best":81.83735617566035,"gradient_rms":67.60196968054704,"update_rms":0.0039208538947327985,"accepted":true,"wall_s":4.484922103583813}
{"iteration":95,"score":79.84169785915286,"best":81.83735617566035,"gradient_rms":36.21836217179372,"update_rms":0.003352402730777346,"accepted":true,"wall_s":4.402985371649265}
{"iteration":96,"score":79.9978057972222,"best":81.83735617566035,"gradient_rms":54.887448579655704,"update_rms":0.003977063719034376,"accepted":true,"wall_s":4.40570979192853}
{"iteration":97,"score":79.94272098542018,"best":81.83735617566035,"gradient_rms":22.209615709521614,"update_rms":0.0030977604290806458,"accepted":true,"wall_s":4.405606009066105}
{"iteration":98,"score":79.79362865974933,"best":81.83735617566035,"gradient_rms":24.065188423576334,"update_rms":0.0026042245696886,"accepted":true,"wall_s":4.410391975194216}
{"iteration":99,"score":79.93629524409687,"best":81.83735617566035,"gradient_rms":43.5582117222326,"update_rms":0.0030178863114258474,"accepted":true,"wall_s":3.892067387700081}
{"iteration":100,"score":80.15902478596816,"best":81.83735617566035,"gradient_rms":45.747291108105834,"update_rms":0.0033854057975791114,"accepted":true,"wall_s":4.40132823958993}
{
  "status": "ok",
  "stop_reason": "completed_iterations",
  "initial_score": 71.54185190559329,
  "final_score": 80.15902478596816,
  "best_score": 81.83735617566035,
  "best_iteration": 74,
  "completed_iterations": 100,
  "completed_adam_steps": 100,
  "completed_optimizer_steps": 100,
  "total_wall_s": 427.0404877513647,
  "initial_decode_wall_s": 1.485727820545435,
  "initial_score_wall_s": 1.6097356043756008,
  "mean_iteration_wall_s": 4.269024644941092,
  "manifest": {
    "algorithm": "adam_with_query_batched_local_gradient",
    "optimizer": "adam",
    "parameter_space": "data",
    "gradient_objective": "dynamic local full-density score with coordinate and maximum-surface-selection derivatives omitted",
    "formal_objective": "complete native QH score for every accepted center",
    "initial_case": "/home/scc/pb24511935/local_surface_evaluator/runs/summary1_review2_20260824/flow_pairs/cases/case_23.json",
    "initial_case_sha256": "a87f037131316a5678f43c14e08849c5e785480bef608dbfc73ca84ceb462e9e",
    "checkpoint": "/home/scc/pb24511935/local_surface_evaluator/runs/qh_flow_physical_lr_longselect_20260729/lr_3em4/checkpoint_latest.pt",
    "checkpoint_sha256": "39a3293a459e248a0d1ec062607a1a467128b14d8ca973aadd82e113532ab99f",
    "native_lib": "/home/scc/pb24511935/local_surface_evaluator/runs/summary1_review2_20260824/build_native/libstellarator_gpu.so",
    "native_lib_sha256": "7d3784e02172f5c3130bcf085efa8120dc059d5007daa4b18680edd97b077f94",
    "nfp": 7,
    "n_base_coils": 5,
    "iterations": 100,
    "max_wall_s": 4200.0,
    "flow": {
      "method": "rk4",
      "steps": 128,
      "dtype": "fp32",
      "use": "initial latent-to-coil decode only"
    },
    "flow_pipeline": false,
    "coordinate_gradient": {
      "dimension": 500,
      "mode": "random-orthogonal",
      "random_directions": 2,
      "endpoint_count": 4,
      "perturbation": 0.0025,
      "difference": "centered",
      "psi_grid": 48,
      "psi_iterations": 4,
      "alpha_iterations": 4,
      "formal_surface_theta_count": 128,
      "local_surface_theta_count": 64
    },
    "adam": {
      "learning_rate": 0.01,
      "beta1": 0.7,
      "beta2": 0.999,
      "epsilon": 1e-08,
      "weight_decay": 0.0
    },
    "bfgs": {
      "initial_trust_rms": 0.01,
      "min_trust_rms": 1e-05,
      "max_trust_rms": 0.05,
      "trust_growth": 1.2,
      "trust_shrink": 0.5,
      "min_improvement": 0.0
    },
    "seed": 2026082523,
    "axis_policy": "initial global search, then strict mixed-precision continuation",
    "devices": {
      "flow": 0,
      "score": 0
    },
    "initial_metadata_keys": [
      "flow_prior_screening",
      "nfp",
      "raw"
    ],
    "data_parameterization": {
      "definition": "per-coordinate training-set standardization",
      "physical_mapping": "CoilNormalizer.inverse with canonical current L1/sign",
      "initial_clipped_fraction": 0.0,
      "initial_roundtrip_relative_rms": 1.4180660807296122e-07,
      "flow_calls_after_initialization": 0
    }
  }
}
{"iteration":1,"score":78.3733195022281,"best":78.3733195022281,"gradient_rms":12.715158741035948,"update_rms":0.009999999929890133,"accepted":true,"wall_s":3.9449903443455696}
{"iteration":2,"score":78.52308380250382,"best":78.52308380250382,"gradient_rms":20.263986538032942,"update_rms":0.00755235964321153,"accepted":true,"wall_s":2.543974667787552}
{"iteration":3,"score":78.84458717928325,"best":78.84458717928325,"gradient_rms":14.236073726494164,"update_rms":0.006206606701085085,"accepted":true,"wall_s":2.539153128862381}
{"iteration":4,"score":79.1054223981949,"best":79.1054223981949,"gradient_rms":13.02434729719175,"update_rms":0.005341053886125883,"accepted":true,"wall_s":2.526784025132656}
{"iteration":5,"score":79.27072567774026,"best":79.27072567774026,"gradient_rms":5.039922373156546,"update_rms":0.004061434170657952,"accepted":true,"wall_s":2.522922992706299}
{"iteration":6,"score":79.41677915417608,"best":79.41677915417608,"gradient_rms":15.728919433617431,"update_rms":0.004657114830405319,"accepted":true,"wall_s":2.5226744413375854}
{"iteration":7,"score":79.5833397156072,"best":79.5833397156072,"gradient_rms":12.158494054202082,"update_rms":0.004211709340501524,"accepted":true,"wall_s":2.5272255279123783}
{"iteration":8,"score":79.68949258974757,"best":79.68949258974757,"gradient_rms":12.789535456174232,"update_rms":0.004118275643629153,"accepted":true,"wall_s":2.535797420889139}
{"iteration":9,"score":79.82130720108817,"best":79.82130720108817,"gradient_rms":10.904400361982262,"update_rms":0.004053060541681422,"accepted":true,"wall_s":2.5261415727436543}
{"iteration":10,"score":79.9351964287968,"best":79.9351964287968,"gradient_rms":14.900868383693268,"update_rms":0.004644535177805286,"accepted":true,"wall_s":2.7263630628585815}
{"iteration":11,"score":80.23509657441252,"best":80.23509657441252,"gradient_rms":37.28290080818623,"update_rms":0.006207636018435473,"accepted":true,"wall_s":2.807958010584116}
{"iteration":12,"score":80.45124349819706,"best":80.45124349819706,"gradient_rms":10.855212064408313,"update_rms":0.004942751130227868,"accepted":true,"wall_s":2.725544963032007}
{"iteration":13,"score":80.66030555466935,"best":80.66030555466935,"gradient_rms":12.562643379620512,"update_rms":0.00430980237407054,"accepted":true,"wall_s":2.7269965559244156}
{"iteration":14,"score":80.8139945330796,"best":80.8139945330796,"gradient_rms":7.339667632652351,"update_rms":0.003451731921349827,"accepted":true,"wall_s":2.7247995734214783}
{"iteration":15,"score":81.01098965343803,"best":81.01098965343803,"gradient_rms":14.4651349635168,"update_rms":0.0037557334443390966,"accepted":true,"wall_s":2.7214024141430855}
{"iteration":16,"score":81.1737449136951,"best":81.1737449136951,"gradient_rms":17.988368387131313,"update_rms":0.004177686149958629,"accepted":true,"wall_s":2.720608539879322}
{"iteration":17,"score":81.32905799727152,"best":81.32905799727152,"gradient_rms":10.085314218267918,"update_rms":0.0037556969110946357,"accepted":true,"wall_s":2.724506512284279}
{"iteration":18,"score":81.27740431210503,"best":81.32905799727152,"gradient_rms":15.518682313959033,"update_rms":0.003950137270300582,"accepted":true,"wall_s":2.5131908282637596}
{"iteration":19,"score":81.43502774220039,"best":81.43502774220039,"gradient_rms":5.511425346614352,"update_rms":0.0030494191532005298,"accepted":true,"wall_s":2.5130982026457787}
{"iteration":20,"score":81.54712515330309,"best":81.54712515330309,"gradient_rms":6.789619881792292,"update_rms":0.002730518555558496,"accepted":true,"wall_s":2.5285017415881157}
{"iteration":21,"score":81.62684050782988,"best":81.62684050782988,"gradient_rms":4.202493061932108,"update_rms":0.0022205982746141004,"accepted":true,"wall_s":2.523821122944355}
{"iteration":22,"score":81.70410259037537,"best":81.70410259037537,"gradient_rms":6.570432346670176,"update_rms":0.0023170842858196384,"accepted":true,"wall_s":2.523632075637579}
{"iteration":23,"score":81.78572825471606,"best":81.78572825471606,"gradient_rms":4.562596933237545,"update_rms":0.0019860500805646227,"accepted":true,"wall_s":2.543119803071022}
{"iteration":24,"score":81.9865168824745,"best":81.9865168824745,"gradient_rms":19.969795038836786,"update_rms":0.004476229499770357,"accepted":true,"wall_s":2.5328760631382465}
{"iteration":25,"score":82.15115023335736,"best":82.15115023335736,"gradient_rms":11.589088674103056,"update_rms":0.004221355456978495,"accepted":true,"wall_s":2.5352830663323402}
{"iteration":26,"score":82.26300619529202,"best":82.26300619529202,"gradient_rms":15.016497855152885,"update_rms":0.004201838287332803,"accepted":true,"wall_s":2.5243083015084267}
{"iteration":27,"score":82.44415772874021,"best":82.44415772874021,"gradient_rms":7.723372044343872,"update_rms":0.003487029720618789,"accepted":true,"wall_s":2.522760830819607}
{"iteration":28,"score":82.57610563938792,"best":82.57610563938792,"gradient_rms":11.826352431167177,"update_rms":0.003610473687911532,"accepted":true,"wall_s":2.5275656953454018}
{"iteration":29,"score":82.69889282048679,"best":82.69889282048679,"gradient_rms":9.093089521641192,"update_rms":0.0034652019534511195,"accepted":true,"wall_s":2.526957117021084}
{"iteration":30,"score":82.86421232361675,"best":82.86421232361675,"gradient_rms":1.9433730254219246,"update_rms":0.002486899177658725,"accepted":true,"wall_s":2.5239130705595016}
{"iteration":31,"score":82.97944188127153,"best":82.97944188127153,"gradient_rms":9.340471580325499,"update_rms":0.002800704554650488,"accepted":true,"wall_s":2.521811444312334}
{"iteration":32,"score":83.0701616228131,"best":83.0701616228131,"gradient_rms":3.709712997157071,"update_rms":0.0021953421310410707,"accepted":true,"wall_s":2.5234122164547443}
{"iteration":33,"score":83.14945596054093,"best":83.14945596054093,"gradient_rms":6.525291271177389,"update_rms":0.0022467950963965364,"accepted":true,"wall_s":2.5274542458355427}
{"iteration":34,"score":83.17966359221926,"best":83.17966359221926,"gradient_rms":13.316994685728401,"update_rms":0.003472281920640796,"accepted":true,"wall_s":2.5226248502731323}
{"iteration":35,"score":83.24398249439214,"best":83.24398249439214,"gradient_rms":7.565155459718467,"update_rms":0.0031817189921584956,"accepted":true,"wall_s":2.5231855548918247}
{"iteration":36,"score":83.3214442378116,"best":83.3214442378116,"gradient_rms":4.876673032885769,"update_rms":0.002600971750375187,"accepted":true,"wall_s":2.5209475196897984}
{"iteration":37,"score":83.37883214804744,"best":83.37883214804744,"gradient_rms":6.701519290032284,"update_rms":0.0025458452818882685,"accepted":true,"wall_s":2.52297780290246}
{"iteration":38,"score":83.45683621360396,"best":83.45683621360396,"gradient_rms":2.57761967910058,"update_rms":0.0018661745297017503,"accepted":true,"wall_s":2.5242763720452785}
{"iteration":39,"score":83.5147974873911,"best":83.5147974873911,"gradient_rms":2.105846806096982,"update_rms":0.00139960878862434,"accepted":true,"wall_s":2.5236064232885838}
{"iteration":40,"score":83.53238320076973,"best":83.53238320076973,"gradient_rms":7.901015787626064,"update_rms":0.0023025366266172303,"accepted":true,"wall_s":2.5251908488571644}
{"iteration":41,"score":83.60631379954131,"best":83.60631379954131,"gradient_rms":7.5647368821584156,"update_rms":0.0025405532428406765,"accepted":true,"wall_s":2.914965443313122}
{"iteration":42,"score":83.5956518711227,"best":83.60631379954131,"gradient_rms":11.043185090100398,"update_rms":0.0032691124531703847,"accepted":true,"wall_s":4.37414612993598}
{"iteration":43,"score":83.71087717293182,"best":83.71087717293182,"gradient_rms":10.237242696653956,"update_rms":0.00363534753214311,"accepted":true,"wall_s":2.529393710196018}
{"iteration":44,"score":83.78984760457107,"best":83.78984760457107,"gradient_rms":7.282548754650778,"update_rms":0.003227620560354895,"accepted":true,"wall_s":2.5261784717440605}
{"iteration":45,"score":83.89614640206534,"best":83.89614640206534,"gradient_rms":4.093270629670928,"update_rms":0.0025768293829758677,"accepted":true,"wall_s":2.5165290758013725}
{"iteration":46,"score":83.95328132202434,"best":83.95328132202434,"gradient_rms":11.999815277397452,"update_rms":0.00359406363716902,"accepted":true,"wall_s":2.5356938391923904}
{"iteration":47,"score":84.0684741452808,"best":84.0684741452808,"gradient_rms":9.036827139144654,"update_rms":0.0034951800019050604,"accepted":true,"wall_s":2.525316245853901}
{"iteration":48,"score":84.10629312182843,"best":84.10629312182843,"gradient_rms":5.1497655872554855,"update_rms":0.0028006159495605003,"accepted":true,"wall_s":2.524421326816082}
{"iteration":49,"score":84.14920992334723,"best":84.14920992334723,"gradient_rms":3.0226507958094695,"update_rms":0.002245088121113809,"accepted":true,"wall_s":2.5844645462930202}
{"iteration":50,"score":84.19557557029763,"best":84.19557557029763,"gradient_rms":3.3234659488468985,"update_rms":0.0017716949851314455,"accepted":true,"wall_s":2.516983211040497}
{"iteration":51,"score":84.22486258275988,"best":84.22486258275988,"gradient_rms":6.202086478665347,"update_rms":0.002090389957439151,"accepted":true,"wall_s":2.5838123857975006}
{"iteration":52,"score":84.28205332015739,"best":84.28205332015739,"gradient_rms":7.627411035647258,"update_rms":0.0025658954143257164,"accepted":true,"wall_s":2.5292813815176487}
{"iteration":53,"score":84.33611488233218,"best":84.33611488233218,"gradient_rms":2.3340436300816574,"update_rms":0.001843954626368985,"accepted":true,"wall_s":2.5290235579013824}
{"iteration":54,"score":84.38805690493464,"best":84.38805690493464,"gradient_rms":11.185877213270537,"update_rms":0.0033504758554396747,"accepted":true,"wall_s":2.5254299007356167}
{"iteration":55,"score":84.45022546837986,"best":84.45022546837986,"gradient_rms":3.5094696864700174,"update_rms":0.0024481588874041126,"accepted":true,"wall_s":2.5252997502684593}
{"iteration":56,"score":84.50020905926023,"best":84.50020905926023,"gradient_rms":2.2446167936666654,"update_rms":0.0018739668041442292,"accepted":true,"wall_s":2.5231535881757736}
{"iteration":57,"score":84.53563268397905,"best":84.53563268397905,"gradient_rms":3.9483329188837017,"update_rms":0.0017644505062450004,"accepted":true,"wall_s":2.5208102017641068}
{"iteration":58,"score":84.53730081414163,"best":84.53730081414163,"gradient_rms":7.721903678807493,"update_rms":0.0024568576412807527,"accepted":true,"wall_s":2.5458790697157383}
{"iteration":59,"score":84.64293096666997,"best":84.64293096666997,"gradient_rms":13.176280319879323,"update_rms":0.0041376161165923445,"accepted":true,"wall_s":2.757118534296751}
{"iteration":60,"score":84.53929057614857,"best":84.64293096666997,"gradient_rms":6.061980069847032,"update_rms":0.0035050267341580335,"accepted":true,"wall_s":2.654878780245781}
{"iteration":61,"score":84.62889139954224,"best":84.64293096666997,"gradient_rms":3.469212311544854,"update_rms":0.002616919531241241,"accepted":true,"wall_s":2.592489641159773}
{"iteration":62,"score":84.6706111468987,"best":84.6706111468987,"gradient_rms":2.601520667229592,"update_rms":0.001932463572141902,"accepted":true,"wall_s":2.5263201259076595}
{"iteration":63,"score":84.73302599243115,"best":84.73302599243115,"gradient_rms":2.4148340469167247,"update_rms":0.001597795333636227,"accepted":true,"wall_s":2.5245664194226265}
{"iteration":64,"score":84.76504733255666,"best":84.76504733255666,"gradient_rms":5.1933716287127405,"update_rms":0.001858741039154255,"accepted":true,"wall_s":2.524373769760132}
{"iteration":65,"score":84.80026525985133,"best":84.80026525985133,"gradient_rms":1.313328752091367,"update_rms":0.0013430594823781493,"accepted":true,"wall_s":2.522332802414894}
{"iteration":66,"score":84.84503555441117,"best":84.84503555441117,"gradient_rms":0.3442380180034608,"update_rms":0.0009515617064011548,"accepted":true,"wall_s":2.527195855975151}
{"iteration":67,"score":84.87371904670502,"best":84.87371904670502,"gradient_rms":3.6160806774588,"update_rms":0.0012873060353961077,"accepted":true,"wall_s":2.5242195948958397}
{"iteration":68,"score":84.88386853778502,"best":84.88386853778502,"gradient_rms":1.0818758994502353,"update_rms":0.0009541087775767671,"accepted":true,"wall_s":2.522507157176733}
{"iteration":69,"score":84.88968148461103,"best":84.88968148461103,"gradient_rms":6.5787713505272745,"update_rms":0.0021407673372334634,"accepted":true,"wall_s":2.5263330563902855}
{"iteration":70,"score":84.93074267090843,"best":84.93074267090843,"gradient_rms":3.0754655188544637,"update_rms":0.0018432273076380257,"accepted":true,"wall_s":2.522465653717518}
{"iteration":71,"score":84.94954845238597,"best":84.94954845238597,"gradient_rms":1.3632198765664647,"update_rms":0.001400292500918092,"accepted":true,"wall_s":2.524078842252493}
{"iteration":72,"score":84.93882231678812,"best":84.94954845238597,"gradient_rms":3.2227473972813274,"update_rms":0.001428251003808629,"accepted":true,"wall_s":2.5209921188652515}
{"iteration":73,"score":84.98246700803787,"best":84.98246700803787,"gradient_rms":6.760618697632171,"update_rms":0.00230347773002406,"accepted":true,"wall_s":2.5295480340719223}
{"iteration":74,"score":85.0463022916547,"best":85.0463022916547,"gradient_rms":7.253719070415104,"update_rms":0.0027305144239971246,"accepted":true,"wall_s":2.520381022244692}
{"iteration":75,"score":85.08579469133912,"best":85.08579469133912,"gradient_rms":4.4488692369498315,"update_rms":0.002451095336293572,"accepted":true,"wall_s":2.522167280316353}
{"iteration":76,"score":85.0982832069743,"best":85.0982832069743,"gradient_rms":2.495783616778672,"update_rms":0.0018339795397705944,"accepted":true,"wall_s":2.5200219564139843}
{"iteration":77,"score":85.12245803748023,"best":85.12245803748023,"gradient_rms":4.562552738749853,"update_rms":0.002056125365906509,"accepted":true,"wall_s":2.519690167158842}
{"iteration":78,"score":85.12342214874421,"best":85.12342214874421,"gradient_rms":2.1406724960198904,"update_rms":0.0015857272482146575,"accepted":true,"wall_s":2.52213516458869}
{"iteration":79,"score":85.15672635983461,"best":85.15672635983461,"gradient_rms":4.539802045622766,"update_rms":0.0016790490602271758,"accepted":true,"wall_s":2.5224461890757084}
{"iteration":80,"score":85.20869801452781,"best":85.20869801452781,"gradient_rms":3.7180893361870724,"update_rms":0.0017093049073704963,"accepted":true,"wall_s":2.524848163127899}
{"iteration":81,"score":85.25541235359412,"best":85.25541235359412,"gradient_rms":4.280028020142242,"update_rms":0.0018599158872114616,"accepted":true,"wall_s":2.5237657465040684}
{"iteration":82,"score":85.27473726153093,"best":85.27473726153093,"gradient_rms":1.7423697318925655,"update_rms":0.0014442484149249394,"accepted":true,"wall_s":2.524959549307823}
{"iteration":83,"score":85.29998443582346,"best":85.29998443582346,"gradient_rms":2.655278268940071,"update_rms":0.0013250248012711403,"accepted":true,"wall_s":2.5203328505158424}
{"iteration":84,"score":85.3093952918508,"best":85.3093952918508,"gradient_rms":2.063107537841639,"update_rms":0.0010730104953500803,"accepted":true,"wall_s":2.523463476449251}
{"iteration":85,"score":85.30948220743032,"best":85.30948220743032,"gradient_rms":4.867150627023931,"update_rms":0.00174700557933275,"accepted":true,"wall_s":2.513280525803566}
{"iteration":86,"score":85.3307507295567,"best":85.3307507295567,"gradient_rms":1.7091750966065988,"update_rms":0.0013263545072668957,"accepted":true,"wall_s":2.514314044266939}
{"iteration":87,"score":85.33980184119505,"best":85.33980184119505,"gradient_rms":4.401273967116418,"update_rms":0.001705106714853282,"accepted":true,"wall_s":2.527547650039196}
{"iteration":88,"score":85.3614224705177,"best":85.3614224705177,"gradient_rms":1.7147952691885484,"update_rms":0.001327285241009251,"accepted":true,"wall_s":2.526113025844097}
{"iteration":89,"score":85.36904393017863,"best":85.36904393017863,"gradient_rms":2.997402394298842,"update_rms":0.0013787433942939063,"accepted":true,"wall_s":2.5242861211299896}
{"iteration":90,"score":85.39270097372363,"best":85.39270097372363,"gradient_rms":2.461120743781956,"update_rms":0.0013253937015310266,"accepted":true,"wall_s":2.51959140971303}
{"iteration":91,"score":85.40827592642673,"best":85.40827592642673,"gradient_rms":4.007468599953069,"update_rms":0.0016139091220124953,"accepted":true,"wall_s":2.52331468090415}
{"iteration":92,"score":85.44922755270467,"best":85.44922755270467,"gradient_rms":4.302740162540523,"update_rms":0.0019092906627259435,"accepted":true,"wall_s":2.5246784575283527}
{"iteration":93,"score":85.45044174063794,"best":85.45044174063794,"gradient_rms":2.4139182496823763,"update_rms":0.001648232116152361,"accepted":true,"wall_s":2.526881769299507}
{"iteration":94,"score":85.4893508305019,"best":85.4893508305019,"gradient_rms":2.3819062175914945,"update_rms":0.0014174497203462888,"accepted":true,"wall_s":2.5292588397860527}
{"iteration":95,"score":85.51213632180723,"best":85.51213632180723,"gradient_rms":1.796469699942969,"update_rms":0.0012047443818400123,"accepted":true,"wall_s":2.529370278120041}
{"iteration":96,"score":85.50152437372725,"best":85.51213632180723,"gradient_rms":0.7323694550508586,"update_rms":0.0008956723649983508,"accepted":true,"wall_s":2.523782305419445}
{"iteration":97,"score":85.51079613057192,"best":85.51213632180723,"gradient_rms":1.303781829511808,"update_rms":0.0007725715515998022,"accepted":true,"wall_s":2.519860167056322}
{"iteration":98,"score":85.53861980229956,"best":85.53861980229956,"gradient_rms":4.091554433694071,"update_rms":0.0015836662242585595,"accepted":true,"wall_s":2.5249568670988083}
{"iteration":99,"score":85.57973621024752,"best":85.57973621024752,"gradient_rms":1.5566497207627363,"update_rms":0.0012175246880469276,"accepted":true,"wall_s":2.5260033793747425}
{"iteration":100,"score":85.56018220623277,"best":85.57973621024752,"gradient_rms":2.0111290926786944,"update_rms":0.0010757872389083388,"accepted":true,"wall_s":2.523234039545059}
{
  "status": "ok",
  "stop_reason": "completed_iterations",
  "initial_score": 78.2189252310815,
  "final_score": 85.56018220623277,
  "best_score": 85.57973621024752,
  "best_iteration": 99,
  "completed_iterations": 100,
  "completed_adam_steps": 100,
  "completed_optimizer_steps": 100,
  "total_wall_s": 258.5465037599206,
  "initial_decode_wall_s": 1.4948141314089298,
  "initial_score_wall_s": 0.7058340609073639,
  "mean_iteration_wall_s": 2.583932463005185,
  "manifest": {
    "algorithm": "adam_with_query_batched_local_gradient",
    "optimizer": "adam",
    "parameter_space": "latent",
    "gradient_objective": "dynamic local full-density score with coordinate and maximum-surface-selection derivatives omitted",
    "formal_objective": "complete native QH score for every accepted center",
    "initial_case": "/home/scc/pb24511935/local_surface_evaluator/runs/summary1_review2_20260824/flow_pairs/cases/case_27.json",
    "initial_case_sha256": "34e1087bd19eeff495d15de8b06d2a4376952ce8492a523b38299f2c85e356d2",
    "checkpoint": "/home/scc/pb24511935/local_surface_evaluator/runs/qh_flow_physical_lr_longselect_20260729/lr_3em4/checkpoint_latest.pt",
    "checkpoint_sha256": "39a3293a459e248a0d1ec062607a1a467128b14d8ca973aadd82e113532ab99f",
    "native_lib": "/home/scc/pb24511935/local_surface_evaluator/runs/summary1_review2_20260824/build_native/libstellarator_gpu.so",
    "native_lib_sha256": "7d3784e02172f5c3130bcf085efa8120dc059d5007daa4b18680edd97b077f94",
    "nfp": 5,
    "n_base_coils": 2,
    "iterations": 100,
    "max_wall_s": 4200.0,
    "flow": {
      "method": "rk4",
      "steps": 128,
      "dtype": "fp32",
      "use": "every gradient endpoint and accepted center"
    },
    "flow_pipeline": true,
    "coordinate_gradient": {
      "dimension": 200,
      "mode": "random-orthogonal",
      "random_directions": 2,
      "endpoint_count": 4,
      "perturbation": 0.005,
      "difference": "centered",
      "psi_grid": 48,
      "psi_iterations": 4,
      "alpha_iterations": 4,
      "formal_surface_theta_count": 128,
      "local_surface_theta_count": 64
    },
    "adam": {
      "learning_rate": 0.01,
      "beta1": 0.7,
      "beta2": 0.999,
      "epsilon": 1e-08,
      "weight_decay": 0.0
    },
    "bfgs": {
      "initial_trust_rms": 0.01,
      "min_trust_rms": 1e-05,
      "max_trust_rms": 0.05,
      "trust_growth": 1.2,
      "trust_shrink": 0.5,
      "min_improvement": 0.0
    },
    "seed": 2026082527,
    "axis_policy": "initial global search, then strict mixed-precision continuation",
    "devices": {
      "flow": 0,
      "score": 0
    },
    "initial_metadata_keys": [
      "flow_prior_screening",
      "nfp",
      "raw"
    ]
  }
}
{"iteration":1,"score":80.18132231136896,"best":80.18132231136896,"gradient_rms":190.79992721359136,"update_rms":0.009999999997813664,"accepted":true,"wall_s":1.5382626727223396}
{"iteration":2,"score":81.29507302999993,"best":81.29507302999993,"gradient_rms":81.6382986327559,"update_rms":0.00679774023186336,"accepted":true,"wall_s":1.7352898456156254}
{"iteration":3,"score":82.44998901431825,"best":82.44998901431825,"gradient_rms":109.24000456040535,"update_rms":0.0057010638782462614,"accepted":true,"wall_s":1.5177330262959003}
{"iteration":4,"score":82.95529308011851,"best":82.95529308011851,"gradient_rms":26.022758778333255,"update_rms":0.004113497342438722,"accepted":true,"wall_s":1.5205781385302544}
{"iteration":5,"score":83.44483626961815,"best":83.44483626961815,"gradient_rms":93.66133769789457,"update_rms":0.00404467715817505,"accepted":true,"wall_s":1.6489178650081158}
{"iteration":6,"score":84.2077704172317,"best":84.2077704172317,"gradient_rms":99.60029938587525,"update_rms":0.004152838652977399,"accepted":true,"wall_s":1.7209623008966446}
{"iteration":7,"score":84.60863879548671,"best":84.60863879548671,"gradient_rms":95.98220750346196,"update_rms":0.0039587055122554966,"accepted":true,"wall_s":1.7216060794889927}
{"iteration":8,"score":84.32397318839647,"best":84.60863879548671,"gradient_rms":19.71611418353387,"update_rms":0.002947291904416426,"accepted":true,"wall_s":1.7174551449716091}
{"iteration":9,"score":83.8544545227293,"best":84.60863879548671,"gradient_rms":26.031118699202175,"update_rms":0.0022609058943549947,"accepted":true,"wall_s":1.7188945636153221}
{"iteration":10,"score":83.39908542158565,"best":84.60863879548671,"gradient_rms":29.679670130923416,"update_rms":0.002249095346169723,"accepted":true,"wall_s":1.6357703804969788}
{"iteration":11,"score":83.2424608478809,"best":84.60863879548671,"gradient_rms":74.83907671611391,"update_rms":0.003159545302926656,"accepted":true,"wall_s":1.5178371779620647}
{"iteration":12,"score":83.81095082998115,"best":84.60863879548671,"gradient_rms":140.29842357036298,"update_rms":0.004673370235829093,"accepted":true,"wall_s":1.636400543153286}
{"iteration":13,"score":84.29306795204323,"best":84.60863879548671,"gradient_rms":99.16280690641155,"update_rms":0.004793264461097886,"accepted":true,"wall_s":1.7184966877102852}
{"iteration":14,"score":84.44698051374655,"best":84.60863879548671,"gradient_rms":15.03914837491557,"update_rms":0.0034383383008956036,"accepted":true,"wall_s":1.7187925353646278}
{"iteration":15,"score":84.43323012267419,"best":84.60863879548671,"gradient_rms":53.97150005981331,"update_rms":0.002887483963963594,"accepted":true,"wall_s":1.7227585949003696}
{"iteration":16,"score":84.23567713101677,"best":84.60863879548671,"gradient_rms":37.77501959912652,"update_rms":0.0025617366099877728,"accepted":true,"wall_s":1.7200547233223915}
{"iteration":17,"score":84.06017203723333,"best":84.60863879548671,"gradient_rms":80.11716283197664,"update_rms":0.0038185934420541336,"accepted":true,"wall_s":1.7190150320529938}
{"iteration":18,"score":83.84144621749067,"best":84.60863879548671,"gradient_rms":26.586854557205317,"update_rms":0.0028414548789811073,"accepted":true,"wall_s":1.685749102383852}
{"iteration":19,"score":83.56196391410549,"best":84.60863879548671,"gradient_rms":17.410841923058623,"update_rms":0.0021591154103728066,"accepted":true,"wall_s":1.4374408461153507}
{"iteration":20,"score":84.14704202000482,"best":84.60863879548671,"gradient_rms":100.78927227498353,"update_rms":0.0038992559064216876,"accepted":true,"wall_s":1.440203681588173}
{"iteration":21,"score":84.25204396768902,"best":84.60863879548671,"gradient_rms":38.49243471564939,"update_rms":0.003176642584378951,"accepted":true,"wall_s":1.5246271528303623}
{"iteration":22,"score":84.1576442581311,"best":84.60863879548671,"gradient_rms":25.87923484120095,"update_rms":0.0025549921801389505,"accepted":true,"wall_s":1.575842421501875}
{"iteration":23,"score":84.31255253500235,"best":84.60863879548671,"gradient_rms":59.52053549823171,"update_rms":0.0031981533593474954,"accepted":true,"wall_s":1.4463132284581661}
{"iteration":24,"score":84.32101768971859,"best":84.60863879548671,"gradient_rms":79.94306080101381,"update_rms":0.0038351591641806195,"accepted":true,"wall_s":1.4461284317076206}
{"iteration":25,"score":84.14179973228775,"best":84.60863879548671,"gradient_rms":43.09307421111954,"update_rms":0.0032144794395348782,"accepted":true,"wall_s":1.5288790054619312}
{"iteration":26,"score":84.83005922836716,"best":84.83005922836716,"gradient_rms":130.89383768871627,"update_rms":0.0051861348919091345,"accepted":true,"wall_s":1.732016358524561}
{"iteration":27,"score":85.14383059038624,"best":85.14383059038624,"gradient_rms":59.601600108695756,"update_rms":0.0043655761855695635,"accepted":true,"wall_s":1.449797585606575}
{"iteration":28,"score":85.15995044912808,"best":85.15995044912808,"gradient_rms":89.73224025510144,"update_rms":0.004605922503089237,"accepted":true,"wall_s":1.5424598827958107}
{"iteration":29,"score":84.75191401390232,"best":85.15995044912808,"gradient_rms":33.01809054645582,"update_rms":0.003606286160507915,"accepted":true,"wall_s":1.4460077472031116}
{"iteration":30,"score":84.25780288809285,"best":85.15995044912808,"gradient_rms":3.5952565310655658,"update_rms":0.0025579717292916445,"accepted":true,"wall_s":2.0000922232866287}
{"iteration":31,"score":84.31072017435756,"best":85.15995044912808,"gradient_rms":74.02920210293603,"update_rms":0.003493365230279683,"accepted":true,"wall_s":1.649411853402853}
{"iteration":32,"score":85.00401285390379,"best":85.15995044912808,"gradient_rms":108.63519979581966,"update_rms":0.004688581793427516,"accepted":true,"wall_s":1.5285318456590176}
{"iteration":33,"score":85.30002298210553,"best":85.30002298210553,"gradient_rms":37.42679854866907,"update_rms":0.0034014909754955074,"accepted":true,"wall_s":1.4504111744463444}
{"iteration":34,"score":85.24773917723942,"best":85.30002298210553,"gradient_rms":34.13628520636027,"update_rms":0.002784227079752013,"accepted":true,"wall_s":1.4504895135760307}
{"iteration":35,"score":85.08968267825112,"best":85.30002298210553,"gradient_rms":31.32269202402777,"update_rms":0.002436744439244895,"accepted":true,"wall_s":1.4466892145574093}
{"iteration":36,"score":85.22061097458663,"best":85.30002298210553,"gradient_rms":62.996418318242824,"update_rms":0.0030944097740742624,"accepted":true,"wall_s":1.729696724563837}
{"iteration":37,"score":85.18914801425365,"best":85.30002298210553,"gradient_rms":16.33035763668804,"update_rms":0.0022740190505136184,"accepted":true,"wall_s":1.5287213176488876}
{"iteration":38,"score":85.58511018413812,"best":85.58511018413812,"gradient_rms":63.09063334275801,"update_rms":0.003008158374534586,"accepted":true,"wall_s":1.732429575175047}
{"iteration":39,"score":86.01649351895361,"best":86.01649351895361,"gradient_rms":105.38892172203958,"update_rms":0.004752574301989475,"accepted":true,"wall_s":1.7315873876214027}
{"iteration":40,"score":85.80374018600301,"best":86.01649351895361,"gradient_rms":22.912071987386685,"update_rms":0.0034778861420564915,"accepted":true,"wall_s":1.7291267365217209}
{"iteration":41,"score":85.51193771605885,"best":86.01649351895361,"gradient_rms":25.580750611551462,"update_rms":0.002727578296418486,"accepted":true,"wall_s":1.5329644605517387}
{"iteration":42,"score":85.07625259534343,"best":86.01649351895361,"gradient_rms":56.90397073971491,"update_rms":0.0031107241368564065,"accepted":true,"wall_s":1.8831747211515903}
{"iteration":43,"score":84.30371217420078,"best":86.01649351895361,"gradient_rms":76.55462348842595,"update_rms":0.00393954446219823,"accepted":true,"wall_s":1.7222822681069374}
{"iteration":44,"score":84.97851284650565,"best":86.01649351895361,"gradient_rms":120.23182992312728,"update_rms":0.005477144401764796,"accepted":true,"wall_s":1.6404836885631084}
{"iteration":45,"score":85.30356744597192,"best":86.01649351895361,"gradient_rms":29.46853966139362,"update_rms":0.004258473020119793,"accepted":true,"wall_s":1.7216999866068363}
{"iteration":46,"score":85.48796686128307,"best":86.01649351895361,"gradient_rms":15.41744096679773,"update_rms":0.003037249815816221,"accepted":true,"wall_s":1.7222728729248047}
{"iteration":47,"score":85.43752989001837,"best":86.01649351895361,"gradient_rms":53.37384425222838,"update_rms":0.003351962350030391,"accepted":true,"wall_s":1.5281001813709736}
{"iteration":48,"score":85.25250782024676,"best":86.01649351895361,"gradient_rms":26.60667868474677,"update_rms":0.0025970197879801975,"accepted":true,"wall_s":1.4473833069205284}
{"iteration":49,"score":85.36397101137051,"best":86.01649351895361,"gradient_rms":41.52594062313997,"update_rms":0.0025406021691431707,"accepted":true,"wall_s":1.729527410119772}
{"iteration":50,"score":85.3705395719308,"best":86.01649351895361,"gradient_rms":39.01120669196921,"update_rms":0.0024252478547590562,"accepted":true,"wall_s":1.539341066032648}
{"iteration":51,"score":85.57786667697997,"best":86.01649351895361,"gradient_rms":54.01972813352656,"update_rms":0.002890353923693069,"accepted":true,"wall_s":1.5286425687372684}
{"iteration":52,"score":85.71259470847622,"best":86.01649351895361,"gradient_rms":12.313644956892137,"update_rms":0.0020983500072371294,"accepted":true,"wall_s":1.5306975543498993}
{"iteration":53,"score":85.77906147867584,"best":86.01649351895361,"gradient_rms":15.806420077586212,"update_rms":0.0016499961454439212,"accepted":true,"wall_s":1.529386032372713}
{"iteration":54,"score":85.88261293842535,"best":86.01649351895361,"gradient_rms":45.11873671553807,"update_rms":0.0024531445145495215,"accepted":true,"wall_s":1.7305497415363789}
{"iteration":55,"score":85.98405412048093,"best":86.01649351895361,"gradient_rms":50.259792545933244,"update_rms":0.002626210454145039,"accepted":true,"wall_s":1.7298435792326927}
{"iteration":56,"score":85.99717377445155,"best":86.01649351895361,"gradient_rms":23.79327881797642,"update_rms":0.0021590879417999584,"accepted":true,"wall_s":1.528850857168436}
{"iteration":57,"score":85.9718565367816,"best":86.01649351895361,"gradient_rms":4.596457833040014,"update_rms":0.001532508971439328,"accepted":true,"wall_s":1.5288305431604385}
{"iteration":58,"score":85.84879215201342,"best":86.01649351895361,"gradient_rms":17.310528746192336,"update_rms":0.0013751975500338718,"accepted":true,"wall_s":1.5283525958657265}
{"iteration":59,"score":85.92861972415827,"best":86.01649351895361,"gradient_rms":12.240232708321829,"update_rms":0.0011056795432052974,"accepted":true,"wall_s":1.7309673987329006}
{"iteration":60,"score":85.78608020547559,"best":86.01649351895361,"gradient_rms":12.593227593489422,"update_rms":0.0009628312650477178,"accepted":true,"wall_s":1.5286878384649754}
{"iteration":61,"score":85.91487905609765,"best":86.01649351895361,"gradient_rms":13.566727891327087,"update_rms":0.0009570829291557464,"accepted":true,"wall_s":1.7406826727092266}
{"iteration":62,"score":85.82763904412822,"best":86.01649351895361,"gradient_rms":14.01631274362849,"update_rms":0.0009379268594881699,"accepted":true,"wall_s":1.4696650058031082}
{"iteration":63,"score":85.9447288959082,"best":86.01649351895361,"gradient_rms":23.94207263645115,"update_rms":0.0013409343411729803,"accepted":true,"wall_s":1.4465899243950844}
{"iteration":64,"score":85.93576836033222,"best":86.01649351895361,"gradient_rms":16.06908893691427,"update_rms":0.0011858368513106745,"accepted":true,"wall_s":1.4476486817002296}
{"iteration":65,"score":86.02517166870965,"best":86.02517166870965,"gradient_rms":9.712975625688642,"update_rms":0.0009828438444994324,"accepted":true,"wall_s":1.4495524279773235}
{"iteration":66,"score":85.98255706614329,"best":86.02517166870965,"gradient_rms":24.869325932260388,"update_rms":0.0014952275125000901,"accepted":true,"wall_s":1.5282490216195583}
{"iteration":67,"score":85.99957518062735,"best":86.02517166870965,"gradient_rms":3.04038864063063,"update_rms":0.0010960435754432379,"accepted":true,"wall_s":1.446198906749487}
{"iteration":68,"score":86.0184982285359,"best":86.02517166870965,"gradient_rms":34.71752404162482,"update_rms":0.001848056536024005,"accepted":true,"wall_s":1.5285442434251308}
{"iteration":69,"score":86.1132115343345,"best":86.1132115343345,"gradient_rms":6.668609175506211,"update_rms":0.0013428251637357495,"accepted":true,"wall_s":1.4503410458564758}
{"iteration":70,"score":86.18973917665238,"best":86.18973917665238,"gradient_rms":24.08617273163813,"update_rms":0.0016011574349875342,"accepted":true,"wall_s":1.531701434403658}
{"iteration":71,"score":86.2401420105212,"best":86.2401420105212,"gradient_rms":6.691063586248176,"update_rms":0.0011500155768243852,"accepted":true,"wall_s":1.5268331207334995}
{"iteration":72,"score":86.2247706804587,"best":86.2401420105212,"gradient_rms":23.73155152106399,"update_rms":0.0014790760852419003,"accepted":true,"wall_s":1.519798170775175}
{"iteration":73,"score":86.27295856669339,"best":86.27295856669339,"gradient_rms":4.524477973775457,"update_rms":0.0010903083663853796,"accepted":true,"wall_s":1.527423184365034}
{"iteration":74,"score":86.43962819748897,"best":86.43962819748897,"gradient_rms":24.092737594795302,"update_rms":0.0014875518493759668,"accepted":true,"wall_s":1.5478887557983398}
{"iteration":75,"score":86.48595344144546,"best":86.48595344144546,"gradient_rms":12.160748727294113,"update_rms":0.0011611236278222267,"accepted":true,"wall_s":1.4684223681688309}
{"iteration":76,"score":86.38691256742325,"best":86.48595344144546,"gradient_rms":14.241110172966605,"update_rms":0.001171373194574712,"accepted":true,"wall_s":1.5513155981898308}
{"iteration":77,"score":86.53066653089806,"best":86.53066653089806,"gradient_rms":19.821016175937686,"update_rms":0.0012111232877031902,"accepted":true,"wall_s":1.5299256667494774}
{"iteration":78,"score":86.53849132198596,"best":86.53849132198596,"gradient_rms":16.506676754157304,"update_rms":0.0011338415783544314,"accepted":true,"wall_s":1.4492118544876575}
{"iteration":79,"score":86.58703407582779,"best":86.58703407582779,"gradient_rms":24.30543551550075,"update_rms":0.001577920591099997,"accepted":true,"wall_s":1.7308401241898537}
{"iteration":80,"score":86.57510467398491,"best":86.58703407582779,"gradient_rms":18.46902482114575,"update_rms":0.0013477254119831296,"accepted":true,"wall_s":1.7219609804451466}
{"iteration":81,"score":86.49910283012179,"best":86.58703407582779,"gradient_rms":16.648587616805692,"update_rms":0.001288571226872079,"accepted":true,"wall_s":1.6185014955699444}
{"iteration":82,"score":86.50624271746048,"best":86.58703407582779,"gradient_rms":22.169288803717514,"update_rms":0.0015943210254898404,"accepted":true,"wall_s":1.5197257362306118}
{"iteration":83,"score":86.59925991274886,"best":86.59925991274886,"gradient_rms":20.989292385105628,"update_rms":0.0015434394678951566,"accepted":true,"wall_s":1.524492286145687}
{"iteration":84,"score":86.68342006495395,"best":86.68342006495395,"gradient_rms":23.39684549288507,"update_rms":0.0016255754313716818,"accepted":true,"wall_s":1.5228114053606987}
{"iteration":85,"score":86.73684623382113,"best":86.73684623382113,"gradient_rms":15.758014437746256,"update_rms":0.0014916098470957474,"accepted":true,"wall_s":1.5728909000754356}
{"iteration":86,"score":86.76100594269217,"best":86.76100594269217,"gradient_rms":4.14483424952024,"update_rms":0.0010880685939149996,"accepted":true,"wall_s":1.4522114358842373}
{"iteration":87,"score":86.78053813959046,"best":86.78053813959046,"gradient_rms":11.085075116431184,"update_rms":0.001051161988442068,"accepted":true,"wall_s":1.468762755393982}
{"iteration":88,"score":86.82705739439967,"best":86.82705739439967,"gradient_rms":14.25033703646664,"update_rms":0.001117513346487127,"accepted":true,"wall_s":1.6463214680552483}
{"iteration":89,"score":86.92280850501986,"best":86.92280850501986,"gradient_rms":17.689049504071246,"update_rms":0.0012051687280904813,"accepted":true,"wall_s":1.8560185804963112}
{"iteration":90,"score":86.92594745614299,"best":86.92594745614299,"gradient_rms":8.019798744107016,"update_rms":0.000993954381788106,"accepted":true,"wall_s":1.7229522876441479}
{"iteration":91,"score":86.95982929387795,"best":86.95982929387795,"gradient_rms":23.573964081441396,"update_rms":0.0015206029529569642,"accepted":true,"wall_s":1.723931424319744}
{"iteration":92,"score":87.01328015816608,"best":87.01328015816608,"gradient_rms":36.60750214382355,"update_rms":0.002441739919570001,"accepted":true,"wall_s":1.6966337971389294}
{"iteration":93,"score":86.98348268542637,"best":87.01328015816608,"gradient_rms":20.926779636470524,"update_rms":0.002025070401632676,"accepted":true,"wall_s":1.6228805184364319}
{"iteration":94,"score":87.0027139514551,"best":87.01328015816608,"gradient_rms":15.247119066538561,"update_rms":0.0016884682201504673,"accepted":true,"wall_s":1.4382274858653545}
{"iteration":95,"score":87.05823698547005,"best":87.05823698547005,"gradient_rms":9.631595943848199,"update_rms":0.001293162889827739,"accepted":true,"wall_s":1.4435792826116085}
{"iteration":96,"score":87.02205761621661,"best":87.05823698547005,"gradient_rms":21.939009229834337,"update_rms":0.001607617449946752,"accepted":true,"wall_s":1.5445259548723698}
{"iteration":97,"score":87.04372430964949,"best":87.05823698547005,"gradient_rms":8.883761706746352,"update_rms":0.0012429899908581294,"accepted":true,"wall_s":1.5589303374290466}
{"iteration":98,"score":86.96910548677465,"best":87.05823698547005,"gradient_rms":41.97066896642681,"update_rms":0.002539057099272608,"accepted":true,"wall_s":1.5191158577799797}
{"iteration":99,"score":87.01198381358952,"best":87.05823698547005,"gradient_rms":29.665588396535814,"update_rms":0.0023122492266115413,"accepted":true,"wall_s":1.7216639146208763}
{"iteration":100,"score":86.9401886259854,"best":87.05823698547005,"gradient_rms":20.40071054300986,"update_rms":0.002082009856724631,"accepted":true,"wall_s":1.7300219796597958}
{
  "status": "ok",
  "stop_reason": "completed_iterations",
  "initial_score": 78.2189252310815,
  "final_score": 86.9401886259854,
  "best_score": 87.05823698547005,
  "best_iteration": 95,
  "completed_iterations": 100,
  "completed_adam_steps": 100,
  "completed_optimizer_steps": 100,
  "total_wall_s": 159.56882078945637,
  "initial_decode_wall_s": 2.211795572191477,
  "initial_score_wall_s": 1.0867554694414139,
  "mean_iteration_wall_s": 1.5934050908684732,
  "manifest": {
    "algorithm": "adam_with_query_batched_local_gradient",
    "optimizer": "adam",
    "parameter_space": "data",
    "gradient_objective": "dynamic local full-density score with coordinate and maximum-surface-selection derivatives omitted",
    "formal_objective": "complete native QH score for every accepted center",
    "initial_case": "/home/scc/pb24511935/local_surface_evaluator/runs/summary1_review2_20260824/flow_pairs/cases/case_27.json",
    "initial_case_sha256": "34e1087bd19eeff495d15de8b06d2a4376952ce8492a523b38299f2c85e356d2",
    "checkpoint": "/home/scc/pb24511935/local_surface_evaluator/runs/qh_flow_physical_lr_longselect_20260729/lr_3em4/checkpoint_latest.pt",
    "checkpoint_sha256": "39a3293a459e248a0d1ec062607a1a467128b14d8ca973aadd82e113532ab99f",
    "native_lib": "/home/scc/pb24511935/local_surface_evaluator/runs/summary1_review2_20260824/build_native/libstellarator_gpu.so",
    "native_lib_sha256": "7d3784e02172f5c3130bcf085efa8120dc059d5007daa4b18680edd97b077f94",
    "nfp": 5,
    "n_base_coils": 2,
    "iterations": 100,
    "max_wall_s": 4200.0,
    "flow": {
      "method": "rk4",
      "steps": 128,
      "dtype": "fp32",
      "use": "initial latent-to-coil decode only"
    },
    "flow_pipeline": false,
    "coordinate_gradient": {
      "dimension": 200,
      "mode": "random-orthogonal",
      "random_directions": 2,
      "endpoint_count": 4,
      "perturbation": 0.0025,
      "difference": "centered",
      "psi_grid": 48,
      "psi_iterations": 4,
      "alpha_iterations": 4,
      "formal_surface_theta_count": 128,
      "local_surface_theta_count": 64
    },
    "adam": {
      "learning_rate": 0.01,
      "beta1": 0.7,
      "beta2": 0.999,
      "epsilon": 1e-08,
      "weight_decay": 0.0
    },
    "bfgs": {
      "initial_trust_rms": 0.01,
      "min_trust_rms": 1e-05,
      "max_trust_rms": 0.05,
      "trust_growth": 1.2,
      "trust_shrink": 0.5,
      "min_improvement": 0.0
    },
    "seed": 2026082527,
    "axis_policy": "initial global search, then strict mixed-precision continuation",
    "devices": {
      "flow": 0,
      "score": 0
    },
    "initial_metadata_keys": [
      "flow_prior_screening",
      "nfp",
      "raw"
    ],
    "data_parameterization": {
      "definition": "per-coordinate training-set standardization",
      "physical_mapping": "CoilNormalizer.inverse with canonical current L1/sign",
      "initial_clipped_fraction": 0.0,
      "initial_roundtrip_relative_rms": 0.0,
      "flow_calls_after_initialization": 0
    }
  }
}
{"iteration":1,"score":83.67390410762566,"best":83.67390410762566,"gradient_rms":3.440935969520606,"update_rms":0.009999999702236305,"accepted":true,"wall_s":4.398315455764532}
{"iteration":2,"score":83.65748610859396,"best":83.67390410762566,"gradient_rms":17.985458034334467,"update_rms":0.007908689502548904,"accepted":true,"wall_s":3.284805119037628}
{"iteration":3,"score":83.63112953389081,"best":83.67390410762566,"gradient_rms":25.593007461663202,"update_rms":0.0068610347024966245,"accepted":true,"wall_s":3.1604431308805943}
{"iteration":4,"score":83.57047505143554,"best":83.67390410762566,"gradient_rms":1.4118485060661201,"update_rms":0.004888711690579493,"accepted":true,"wall_s":3.2767890132963657}
{"iteration":5,"score":83.53616695467768,"best":83.67390410762566,"gradient_rms":15.96789525733352,"update_rms":0.005069719262322042,"accepted":true,"wall_s":3.263165481388569}
{"iteration":6,"score":83.605672045677,"best":83.67390410762566,"gradient_rms":1.9284858744117281,"update_rms":0.003747214605356019,"accepted":true,"wall_s":3.2571244537830353}
{"iteration":7,"score":83.56980792317502,"best":83.67390410762566,"gradient_rms":2.5920859575878312,"update_rms":0.002828481507479665,"accepted":true,"wall_s":3.146857813000679}
{"iteration":8,"score":83.63481640912812,"best":83.67390410762566,"gradient_rms":10.753572248455846,"update_rms":0.003684399333794025,"accepted":true,"wall_s":3.255659092217684}
{"iteration":9,"score":83.61974218074455,"best":83.67390410762566,"gradient_rms":4.4335672827444155,"update_rms":0.0031410696805777697,"accepted":true,"wall_s":3.0030797943472862}
{"iteration":10,"score":83.4591228455057,"best":83.67390410762566,"gradient_rms":48.86024599458676,"update_rms":0.006808137150695588,"accepted":true,"wall_s":2.8856400325894356}
{"iteration":11,"score":83.45192101615045,"best":83.67390410762566,"gradient_rms":30.277878634640196,"update_rms":0.006388276211289004,"accepted":true,"wall_s":3.2606160640716553}
{"iteration":12,"score":83.40554931922222,"best":83.67390410762566,"gradient_rms":13.665128693834598,"update_rms":0.005156803978536058,"accepted":true,"wall_s":2.997477199882269}
{"iteration":13,"score":83.23677702225137,"best":83.67390410762566,"gradient_rms":7.1904385909815955,"update_rms":0.004022137615795019,"accepted":true,"wall_s":3.0015486404299736}
{"iteration":14,"score":83.2772809360676,"best":83.67390410762566,"gradient_rms":4.086995271304777,"update_rms":0.003018074377031628,"accepted":true,"wall_s":3.0125251226127148}
{"iteration":15,"score":83.2072346724227,"best":83.67390410762566,"gradient_rms":3.9694797958194257,"update_rms":0.00227785918450204,"accepted":true,"wall_s":3.0077014453709126}
{"iteration":16,"score":83.29785944351576,"best":83.67390410762566,"gradient_rms":7.578772716193701,"update_rms":0.0022834833087128164,"accepted":true,"wall_s":3.37050199508667}
{"iteration":17,"score":83.26473100779195,"best":83.67390410762566,"gradient_rms":4.348631517566801,"update_rms":0.0019024342217272303,"accepted":true,"wall_s":4.503920610994101}
{"iteration":18,"score":83.24742909449475,"best":83.67390410762566,"gradient_rms":1.9453109456059554,"update_rms":0.001426421969891978,"accepted":true,"wall_s":3.2364575043320656}
{"iteration":19,"score":83.36347032679048,"best":83.67390410762566,"gradient_rms":9.473673267077547,"update_rms":0.002332040742655669,"accepted":true,"wall_s":3.1421298757195473}
{"iteration":20,"score":83.36194690392492,"best":83.67390410762566,"gradient_rms":11.217767556785834,"update_rms":0.0030494213088531497,"accepted":true,"wall_s":3.01138324663043}
{"iteration":21,"score":83.42870224328706,"best":83.67390410762566,"gradient_rms":4.087024296081103,"update_rms":0.0024442084906826315,"accepted":true,"wall_s":3.000258356332779}
{"iteration":22,"score":83.53201912903127,"best":83.67390410762566,"gradient_rms":4.356473737055189,"update_rms":0.0020761517684374144,"accepted":true,"wall_s":3.001504134386778}
{"iteration":23,"score":83.5261644178586,"best":83.67390410762566,"gradient_rms":13.229577569726736,"update_rms":0.003332069014937731,"accepted":true,"wall_s":3.002590801566839}
{"iteration":24,"score":83.59328352692064,"best":83.67390410762566,"gradient_rms":3.953625623358932,"update_rms":0.0024625734379433253,"accepted":true,"wall_s":2.9979635924100876}
{"iteration":25,"score":83.67236626605815,"best":83.67390410762566,"gradient_rms":5.196502063569811,"update_rms":0.0021948635491201946,"accepted":true,"wall_s":2.9928139373660088}
{"iteration":26,"score":83.75852794319209,"best":83.75852794319209,"gradient_rms":3.9420804802403517,"update_rms":0.0018506297717503192,"accepted":true,"wall_s":3.0065086372196674}
{"iteration":27,"score":83.76524685762443,"best":83.76524685762443,"gradient_rms":3.102617812254647,"update_rms":0.0015380359492535992,"accepted":true,"wall_s":3.00532790645957}
{"iteration":28,"score":83.85579199782427,"best":83.85579199782427,"gradient_rms":34.20099660672764,"update_rms":0.006622695328729042,"accepted":true,"wall_s":3.267232023179531}
{"iteration":29,"score":83.9077909165201,"best":83.9077909165201,"gradient_rms":2.6675273654165794,"update_rms":0.004744916487099743,"accepted":true,"wall_s":3.162355102598667}
{"iteration":30,"score":83.92046443528847,"best":83.92046443528847,"gradient_rms":5.7561638582045305,"update_rms":0.003618258163594279,"accepted":true,"wall_s":3.0082418099045753}
{"iteration":31,"score":83.94275864486093,"best":83.94275864486093,"gradient_rms":1.0877237547196545,"update_rms":0.0025752314606199977,"accepted":true,"wall_s":3.021278243511915}
{"iteration":32,"score":83.86959918872127,"best":83.94275864486093,"gradient_rms":27.02037464545191,"update_rms":0.005723834833357733,"accepted":true,"wall_s":3.3414183035492897}
{"iteration":33,"score":83.80969597876253,"best":83.94275864486093,"gradient_rms":4.413987371355257,"update_rms":0.0041988731449800155,"accepted":true,"wall_s":3.334761116653681}
{"iteration":34,"score":83.79088735739073,"best":83.94275864486093,"gradient_rms":2.016392913022112,"update_rms":0.0030151150826238067,"accepted":true,"wall_s":3.259106732904911}
{"iteration":35,"score":83.79373390832623,"best":83.94275864486093,"gradient_rms":11.261276632279145,"update_rms":0.0032278621499277267,"accepted":true,"wall_s":3.254508525133133}
{"iteration":36,"score":83.77899166679835,"best":83.94275864486093,"gradient_rms":4.830059014274117,"update_rms":0.0025913365854357243,"accepted":true,"wall_s":3.253410141915083}
{"iteration":37,"score":83.80059143649184,"best":83.94275864486093,"gradient_rms":0.8575753443637459,"update_rms":0.0018594469985799965,"accepted":true,"wall_s":3.1600419618189335}
{"iteration":38,"score":83.71095853798786,"best":83.94275864486093,"gradient_rms":3.2917129692559426,"update_rms":0.001506044340294601,"accepted":true,"wall_s":2.9976770244538784}
{"iteration":39,"score":83.79235913425794,"best":83.94275864486093,"gradient_rms":4.58965524507744,"update_rms":0.0015266400646092918,"accepted":true,"wall_s":3.115779671818018}
{"iteration":40,"score":83.84370813087874,"best":83.94275864486093,"gradient_rms":6.502486071930944,"update_rms":0.0019179139099079906,"accepted":true,"wall_s":3.0159245803952217}
{"iteration":41,"score":83.73849798311862,"best":83.94275864486093,"gradient_rms":2.8919919209479334,"update_rms":0.0015536022407397524,"accepted":true,"wall_s":3.0781771950423717}
{"iteration":42,"score":83.78470834918117,"best":83.94275864486093,"gradient_rms":5.353215184725422,"update_rms":0.0016787063659150828,"accepted":true,"wall_s":2.8975991271436214}
{"iteration":43,"score":83.83026043721672,"best":83.94275864486093,"gradient_rms":3.6386660727745306,"update_rms":0.001575763247388926,"accepted":true,"wall_s":2.9960050731897354}
{"iteration":44,"score":84.02232941715897,"best":84.02232941715897,"gradient_rms":11.77258045425938,"update_rms":0.0028597581420052955,"accepted":true,"wall_s":3.328407682478428}
{"iteration":45,"score":83.99662734246527,"best":84.02232941715897,"gradient_rms":7.251217281725363,"update_rms":0.0026690877700644225,"accepted":true,"wall_s":3.0138127841055393}
{"iteration":46,"score":84.01718286104878,"best":84.02232941715897,"gradient_rms":5.097976033712801,"update_rms":0.0022767202846454824,"accepted":true,"wall_s":3.1757399328052998}
{"iteration":47,"score":83.99005495367702,"best":84.02232941715897,"gradient_rms":5.511550843829308,"update_rms":0.002204171321890438,"accepted":true,"wall_s":3.046905092895031}
{"iteration":48,"score":84.06521253228802,"best":84.06521253228802,"gradient_rms":9.709866224692545,"update_rms":0.0029952190005586715,"accepted":true,"wall_s":3.2649999521672726}
{"iteration":49,"score":84.06521253228803,"best":84.06521253228803,"gradient_rms":55.19760075512518,"update_rms":0.0,"accepted":false,"wall_s":2.185031406581402}
{"iteration":50,"score":84.06224917445351,"best":84.06521253228803,"gradient_rms":4.978122497120902,"update_rms":0.002430350514686638,"accepted":true,"wall_s":4.074385724961758}
{"iteration":51,"score":84.00285757167288,"best":84.06521253228803,"gradient_rms":2.305766622745803,"update_rms":0.0018448231180189793,"accepted":true,"wall_s":3.217406287789345}
{"iteration":52,"score":83.98229531571201,"best":84.06521253228803,"gradient_rms":7.868974138064248,"update_rms":0.0023712157933857983,"accepted":true,"wall_s":3.000028684735298}
{"iteration":53,"score":84.07154240792939,"best":84.07154240792939,"gradient_rms":0.69548276813294,"update_rms":0.00168121883555473,"accepted":true,"wall_s":3.0972981080412865}
{"iteration":54,"score":84.046532343324,"best":84.07154240792939,"gradient_rms":2.1995101729615127,"update_rms":0.0013117229809121841,"accepted":true,"wall_s":4.603968441486359}
{"iteration":55,"score":84.08478071850435,"best":84.08478071850435,"gradient_rms":3.2683906042792144,"update_rms":0.0013130100056473748,"accepted":true,"wall_s":3.0035025030374527}
{"iteration":56,"score":84.04365521201802,"best":84.08478071850435,"gradient_rms":15.332692892776121,"update_rms":0.004011700341048165,"accepted":true,"wall_s":3.2596006840467453}
{"iteration":57,"score":84.03144715618663,"best":84.08478071850435,"gradient_rms":4.359217059581694,"update_rms":0.003077095121243182,"accepted":true,"wall_s":3.2272991575300694}
{"iteration":58,"score":84.0219291381305,"best":84.08478071850435,"gradient_rms":6.642379439781961,"update_rms":0.0027265630692451717,"accepted":true,"wall_s":3.388843771070242}
{"iteration":59,"score":83.97851637636471,"best":84.08478071850435,"gradient_rms":3.868748168896764,"update_rms":0.0021312606409825837,"accepted":true,"wall_s":3.0062990374863148}
{"iteration":60,"score":83.97480162012639,"best":84.08478071850435,"gradient_rms":20.941606777420834,"update_rms":0.005518188183962945,"accepted":true,"wall_s":3.2674137987196445}
{"iteration":61,"score":83.89431706417184,"best":84.08478071850435,"gradient_rms":3.0995573260138114,"update_rms":0.003913420697125534,"accepted":true,"wall_s":3.2611595578491688}
{"iteration":62,"score":83.89092458416323,"best":84.08478071850435,"gradient_rms":1.3139187352323545,"update_rms":0.002783985694592633,"accepted":true,"wall_s":3.279923591762781}
{"iteration":63,"score":83.83329099363297,"best":84.08478071850435,"gradient_rms":5.76500300792596,"update_rms":0.00255048758663189,"accepted":true,"wall_s":3.0030042491853237}
{"iteration":64,"score":83.79651917205858,"best":84.08478071850435,"gradient_rms":6.4832583595883015,"update_rms":0.002381987395692818,"accepted":true,"wall_s":3.0027974285185337}
{"iteration":65,"score":83.66016709331842,"best":84.08478071850435,"gradient_rms":15.80871787648436,"update_rms":0.004333142659924716,"accepted":true,"wall_s":3.0589954890310764}
{"iteration":66,"score":83.66016709331844,"best":84.08478071850435,"gradient_rms":43.55698587842545,"update_rms":0.0,"accepted":false,"wall_s":2.304072681814432}
{"iteration":67,"score":83.73397439514642,"best":84.08478071850435,"gradient_rms":5.3658779623788435,"update_rms":0.003401906265462843,"accepted":true,"wall_s":2.9968946166336536}
{"iteration":68,"score":83.69533114561382,"best":84.08478071850435,"gradient_rms":10.0536370150819,"update_rms":0.003708959454924247,"accepted":true,"wall_s":3.0001799538731575}
{"iteration":69,"score":83.65059119976009,"best":84.08478071850435,"gradient_rms":3.0494934267112273,"update_rms":0.0027900004056200215,"accepted":true,"wall_s":3.000003829598427}
{"iteration":70,"score":83.66069788988105,"best":84.08478071850435,"gradient_rms":20.326775188818477,"update_rms":0.005646457063629527,"accepted":true,"wall_s":3.268903713673353}
{"iteration":71,"score":83.54556897750862,"best":84.08478071850435,"gradient_rms":5.548963877745681,"update_rms":0.004136843447056628,"accepted":true,"wall_s":3.281296778470278}
{"iteration":72,"score":83.41879236081506,"best":84.08478071850435,"gradient_rms":9.49118092838055,"update_rms":0.0038195437063844604,"accepted":true,"wall_s":3.2626521475613117}
{"iteration":73,"score":83.25934915227113,"best":84.08478071850435,"gradient_rms":3.09911781844562,"update_rms":0.0028307184477455163,"accepted":true,"wall_s":3.3010059371590614}
{"iteration":74,"score":83.3013376969073,"best":84.08478071850435,"gradient_rms":9.141876844351172,"update_rms":0.003363096200568319,"accepted":true,"wall_s":3.261215813457966}
{"iteration":75,"score":83.2867337250878,"best":84.08478071850435,"gradient_rms":12.265417763704319,"update_rms":0.004106634136450013,"accepted":true,"wall_s":3.2698632292449474}
{"iteration":76,"score":83.30678864941277,"best":84.08478071850435,"gradient_rms":6.772233155313293,"update_rms":0.003518447829289941,"accepted":true,"wall_s":3.1546039395034313}
{"iteration":77,"score":83.32154985634932,"best":84.08478071850435,"gradient_rms":2.133170523911923,"update_rms":0.002506144729058602,"accepted":true,"wall_s":3.3422840610146523}
{"iteration":78,"score":83.30515087645193,"best":84.08478071850435,"gradient_rms":3.3326552177851156,"update_rms":0.0019479611614299263,"accepted":true,"wall_s":3.3006388880312443}
{"iteration":79,"score":83.32916020210126,"best":84.08478071850435,"gradient_rms":10.938915876810473,"update_rms":0.0033166761274091992,"accepted":true,"wall_s":3.6245581656694412}
{"iteration":80,"score":83.31777940367469,"best":84.08478071850435,"gradient_rms":4.924526369936571,"update_rms":0.0026545093151739635,"accepted":true,"wall_s":3.266870863735676}
{"iteration":81,"score":83.31359057633205,"best":84.08478071850435,"gradient_rms":7.628196886191972,"update_rms":0.002912396926377915,"accepted":true,"wall_s":3.262561582028866}
{"iteration":82,"score":83.30439311554255,"best":84.08478071850435,"gradient_rms":18.722213567529298,"update_rms":0.00540409332099722,"accepted":true,"wall_s":3.264323629438877}
{"iteration":83,"score":83.44905640169547,"best":84.08478071850435,"gradient_rms":50.20671349021381,"update_rms":0.01130896944532031,"accepted":true,"wall_s":3.388454221189022}
{"iteration":84,"score":83.47297727132936,"best":84.08478071850435,"gradient_rms":3.8633714474825203,"update_rms":0.008114037337031671,"accepted":true,"wall_s":3.4164901450276375}
{"iteration":85,"score":83.4157514728888,"best":84.08478071850435,"gradient_rms":7.147428259088727,"update_rms":0.006096288895406367,"accepted":true,"wall_s":3.3311018012464046}
{"iteration":86,"score":83.49251049960891,"best":84.08478071850435,"gradient_rms":8.64589284002317,"update_rms":0.004683776847235903,"accepted":true,"wall_s":3.629942908883095}
{"iteration":87,"score":83.37047441287659,"best":84.08478071850435,"gradient_rms":28.15711709382873,"update_rms":0.007478155407679294,"accepted":true,"wall_s":3.9895019195973873}
{"iteration":88,"score":83.32781563705431,"best":84.08478071850435,"gradient_rms":4.216534737364138,"update_rms":0.005363532874347936,"accepted":true,"wall_s":3.131248213350773}
{"iteration":89,"score":83.37224821384653,"best":84.08478071850435,"gradient_rms":11.112839308327668,"update_rms":0.004651715845828389,"accepted":true,"wall_s":3.4285487309098244}
{"iteration":90,"score":83.37803695882417,"best":84.08478071850435,"gradient_rms":6.511934819179999,"update_rms":0.0035443311218789496,"accepted":true,"wall_s":3.263100866228342}
{"iteration":91,"score":83.4582951407595,"best":84.08478071850435,"gradient_rms":9.144096153837381,"update_rms":0.003387895836307831,"accepted":true,"wall_s":3.3449487201869488}
{"iteration":92,"score":83.56856474205907,"best":84.08478071850435,"gradient_rms":8.350223765940713,"update_rms":0.0031614071586990302,"accepted":true,"wall_s":3.346040342003107}
{"iteration":93,"score":83.5811160793503,"best":84.08478071850435,"gradient_rms":2.488120043944392,"update_rms":0.002289149542618485,"accepted":true,"wall_s":3.306687466800213}
{"iteration":94,"score":83.62779709752327,"best":84.08478071850435,"gradient_rms":3.1179866800985137,"update_rms":0.0018279463655299585,"accepted":true,"wall_s":3.282634809613228}
{"iteration":95,"score":83.53247998429713,"best":84.08478071850435,"gradient_rms":8.897802015158554,"update_rms":0.0026422091767867688,"accepted":true,"wall_s":3.0010935105383396}
{"iteration":96,"score":83.71496212769637,"best":84.08478071850435,"gradient_rms":5.675215207022448,"update_rms":0.0024175241350201933,"accepted":true,"wall_s":3.2627360448241234}
{"iteration":97,"score":83.74363093556241,"best":84.08478071850435,"gradient_rms":8.199630012110791,"update_rms":0.0025742789828507107,"accepted":true,"wall_s":3.2666753083467484}
{"iteration":98,"score":83.77519981357884,"best":84.08478071850435,"gradient_rms":3.3309879839385217,"update_rms":0.001963307059233744,"accepted":true,"wall_s":3.2628323547542095}
{"iteration":99,"score":83.78798203991079,"best":84.08478071850435,"gradient_rms":1.5327694244579233,"update_rms":0.0014043718071231562,"accepted":true,"wall_s":3.47799813747406}
{"iteration":100,"score":83.81105449972856,"best":84.08478071850435,"gradient_rms":1.0400672422948107,"update_rms":0.0010385240377880022,"accepted":true,"wall_s":3.36380360648036}
{
  "status": "ok",
  "stop_reason": "completed_iterations",
  "initial_score": 83.6647780026991,
  "final_score": 83.81105449972856,
  "best_score": 84.08478071850435,
  "best_iteration": 55,
  "completed_iterations": 100,
  "completed_adam_steps": 98,
  "completed_optimizer_steps": 98,
  "total_wall_s": 322.4329048022628,
  "initial_decode_wall_s": 2.4841669723391533,
  "initial_score_wall_s": 1.3095851056277752,
  "mean_iteration_wall_s": 3.220692173950374,
  "manifest": {
    "algorithm": "adam_with_query_batched_local_gradient",
    "optimizer": "adam",
    "parameter_space": "latent",
    "gradient_objective": "dynamic local full-density score with coordinate and maximum-surface-selection derivatives omitted",
    "formal_objective": "complete native QH score for every accepted center",
    "initial_case": "/home/scc/pb24511935/local_surface_evaluator/runs/summary1_review2_20260824/flow_pairs/cases/case_31.json",
    "initial_case_sha256": "a0c622b91d02b9553067063b7d2480375dbae7433454da2e7141478cf686ad9b",
    "checkpoint": "/home/scc/pb24511935/local_surface_evaluator/runs/qh_flow_physical_lr_longselect_20260729/lr_3em4/checkpoint_latest.pt",
    "checkpoint_sha256": "39a3293a459e248a0d1ec062607a1a467128b14d8ca973aadd82e113532ab99f",
    "native_lib": "/home/scc/pb24511935/local_surface_evaluator/runs/summary1_review2_20260824/build_native/libstellarator_gpu.so",
    "native_lib_sha256": "7d3784e02172f5c3130bcf085efa8120dc059d5007daa4b18680edd97b077f94",
    "nfp": 5,
    "n_base_coils": 3,
    "iterations": 100,
    "max_wall_s": 4200.0,
    "flow": {
      "method": "rk4",
      "steps": 128,
      "dtype": "fp32",
      "use": "every gradient endpoint and accepted center"
    },
    "flow_pipeline": true,
    "coordinate_gradient": {
      "dimension": 300,
      "mode": "random-orthogonal",
      "random_directions": 2,
      "endpoint_count": 4,
      "perturbation": 0.005,
      "difference": "centered",
      "psi_grid": 48,
      "psi_iterations": 4,
      "alpha_iterations": 4,
      "formal_surface_theta_count": 128,
      "local_surface_theta_count": 64
    },
    "adam": {
      "learning_rate": 0.01,
      "beta1": 0.7,
      "beta2": 0.999,
      "epsilon": 1e-08,
      "weight_decay": 0.0
    },
    "bfgs": {
      "initial_trust_rms": 0.01,
      "min_trust_rms": 1e-05,
      "max_trust_rms": 0.05,
      "trust_growth": 1.2,
      "trust_shrink": 0.5,
      "min_improvement": 0.0
    },
    "seed": 2026082531,
    "axis_policy": "initial global search, then strict mixed-precision continuation",
    "devices": {
      "flow": 0,
      "score": 0
    },
    "initial_metadata_keys": [
      "flow_prior_screening",
      "nfp",
      "raw"
    ]
  }
}
{"iteration":1,"score":83.24346388945652,"best":83.66477800269908,"gradient_rms":64.33091657510722,"update_rms":0.009999999990738095,"accepted":true,"wall_s":2.0965387001633644}
{"iteration":2,"score":83.29333101602424,"best":83.66477800269908,"gradient_rms":51.39632973042404,"update_rms":0.007021286309463158,"accepted":true,"wall_s":2.205462321639061}
{"iteration":3,"score":83.00688474033086,"best":83.66477800269908,"gradient_rms":17.109945879313493,"update_rms":0.005071810842511567,"accepted":true,"wall_s":2.1893899366259575}
{"iteration":4,"score":82.92565824495945,"best":83.66477800269908,"gradient_rms":36.34728891142985,"update_rms":0.004947718823088843,"accepted":true,"wall_s":2.1957881189882755}
{"iteration":5,"score":82.68281490207178,"best":83.66477800269908,"gradient_rms":84.17309286072435,"update_rms":0.005643008312178853,"accepted":true,"wall_s":2.1850176118314266}
{"iteration":6,"score":82.17232341333062,"best":83.66477800269908,"gradient_rms":13.777950466172115,"update_rms":0.004132478572176113,"accepted":true,"wall_s":2.188044909387827}
{"iteration":7,"score":81.83774868146685,"best":83.66477800269908,"gradient_rms":80.16226156368693,"update_rms":0.005196839344069262,"accepted":true,"wall_s":1.9220975562930107}
{"iteration":8,"score":81.80441448914237,"best":83.66477800269908,"gradient_rms":14.576508486349171,"update_rms":0.0039024331660198384,"accepted":true,"wall_s":1.922527875751257}
{"iteration":9,"score":81.76171068710131,"best":83.66477800269908,"gradient_rms":23.270661185010333,"update_rms":0.0034592760998807016,"accepted":true,"wall_s":2.1872759349644184}
{"iteration":10,"score":81.67807769303813,"best":83.66477800269908,"gradient_rms":21.470254165765713,"update_rms":0.0029100110769316972,"accepted":true,"wall_s":2.186777126044035}
{"iteration":11,"score":81.85107890448305,"best":83.66477800269908,"gradient_rms":21.864085826457472,"update_rms":0.0028065641118303485,"accepted":true,"wall_s":2.198630128055811}
{"iteration":12,"score":82.01742615844091,"best":83.66477800269908,"gradient_rms":26.650589385200984,"update_rms":0.002849480941657156,"accepted":true,"wall_s":2.1874825693666935}
{"iteration":13,"score":82.23249820822952,"best":83.66477800269908,"gradient_rms":63.68841185479207,"update_rms":0.004548158804223921,"accepted":true,"wall_s":2.188134603202343}
{"iteration":14,"score":82.29348109172723,"best":83.66477800269908,"gradient_rms":80.75447851347951,"update_rms":0.0055912352258193215,"accepted":true,"wall_s":2.187311578541994}
{"iteration":15,"score":82.2569027643028,"best":83.66477800269908,"gradient_rms":28.575273497494244,"update_rms":0.004368878337486322,"accepted":true,"wall_s":2.185116585344076}
{"iteration":16,"score":82.20641412909464,"best":83.66477800269908,"gradient_rms":14.050096144561651,"update_rms":0.003403782570189689,"accepted":true,"wall_s":2.200800258666277}
{"iteration":17,"score":81.99313477564183,"best":83.66477800269908,"gradient_rms":72.49043929648973,"update_rms":0.004994732052951833,"accepted":true,"wall_s":2.1926250606775284}
{"iteration":18,"score":81.67873263923269,"best":83.66477800269908,"gradient_rms":28.7206982211699,"update_rms":0.0041376265903531285,"accepted":true,"wall_s":2.188455317169428}
{"iteration":19,"score":81.04267450263082,"best":83.66477800269908,"gradient_rms":14.784598527642746,"update_rms":0.0032476045944345067,"accepted":true,"wall_s":2.1889394484460354}
{"iteration":20,"score":81.29266748271272,"best":83.66477800269908,"gradient_rms":97.03405251336129,"update_rms":0.005750198979212805,"accepted":true,"wall_s":2.1884845495224}
{"iteration":21,"score":81.64399346174352,"best":83.66477800269908,"gradient_rms":57.60709161246102,"update_rms":0.005332059120037264,"accepted":true,"wall_s":2.188551150262356}
{"iteration":22,"score":81.52105708585293,"best":83.66477800269908,"gradient_rms":30.099772859799753,"update_rms":0.004259262500572359,"accepted":true,"wall_s":2.1889819465577602}
{"iteration":23,"score":81.69614555850782,"best":83.66477800269908,"gradient_rms":63.31739544123975,"update_rms":0.004711970580545624,"accepted":true,"wall_s":2.190582010895014}
{"iteration":24,"score":82.14535961700352,"best":83.66477800269908,"gradient_rms":38.54536803361579,"update_rms":0.004229921906967899,"accepted":true,"wall_s":2.1477380953729153}
{"iteration":25,"score":82.66232499454267,"best":83.66477800269908,"gradient_rms":30.247432839992513,"update_rms":0.0037450410849371144,"accepted":true,"wall_s":1.8419870175421238}
{"iteration":26,"score":82.8607678826821,"best":83.66477800269908,"gradient_rms":25.810842680240896,"update_rms":0.00316702558271818,"accepted":true,"wall_s":2.1055072732269764}
{"iteration":27,"score":82.79315651082706,"best":83.66477800269908,"gradient_rms":14.974817777795481,"update_rms":0.002479386382647496,"accepted":true,"wall_s":2.105714548379183}
{"iteration":28,"score":82.59510644353281,"best":83.66477800269908,"gradient_rms":12.681821001006025,"update_rms":0.0019166142012149476,"accepted":true,"wall_s":2.1061059534549713}
{"iteration":29,"score":82.36032813789399,"best":83.66477800269908,"gradient_rms":15.453839905546959,"update_rms":0.0018175901502502229,"accepted":true,"wall_s":1.8736783787608147}
{"iteration":30,"score":82.44973490963093,"best":83.66477800269908,"gradient_rms":37.12272413919868,"update_rms":0.002753116466145407,"accepted":true,"wall_s":2.1078499741852283}
{"iteration":31,"score":82.59465725377414,"best":83.66477800269908,"gradient_rms":30.856470605428623,"update_rms":0.00289825378586023,"accepted":true,"wall_s":2.1341912485659122}
{"iteration":32,"score":82.91694898584205,"best":83.66477800269908,"gradient_rms":27.839553917710777,"update_rms":0.0028063787733379865,"accepted":true,"wall_s":2.14876127243042}
{"iteration":33,"score":82.88547406013353,"best":83.66477800269908,"gradient_rms":52.863408401375146,"update_rms":0.003986898459003201,"accepted":true,"wall_s":2.1913360878825188}
{"iteration":34,"score":82.79710537027852,"best":83.66477800269908,"gradient_rms":11.233455389602407,"update_rms":0.002966804292149909,"accepted":true,"wall_s":2.1918876096606255}
{"iteration":35,"score":82.82332218873657,"best":83.66477800269908,"gradient_rms":38.13689680624886,"update_rms":0.003341959333896283,"accepted":true,"wall_s":2.0053230114281178}
{"iteration":36,"score":82.98882081147713,"best":83.66477800269908,"gradient_rms":20.458411494339003,"update_rms":0.002937543334764049,"accepted":true,"wall_s":2.2595945820212364}
{"iteration":37,"score":83.10747490713678,"best":83.66477800269908,"gradient_rms":38.60651149680837,"update_rms":0.0032442735880692194,"accepted":true,"wall_s":2.209176380187273}
{"iteration":38,"score":83.0785983791798,"best":83.66477800269908,"gradient_rms":20.028477884321557,"update_rms":0.0026516151655015,"accepted":true,"wall_s":2.2185868099331856}
{"iteration":39,"score":83.08677847009328,"best":83.66477800269908,"gradient_rms":157.08630642308222,"update_rms":0.008670134744148364,"accepted":true,"wall_s":2.188843134790659}
{"iteration":40,"score":82.36655102703956,"best":83.66477800269908,"gradient_rms":34.903247626462566,"update_rms":0.006523707338081791,"accepted":true,"wall_s":2.1913817264139652}
{"iteration":41,"score":82.1807759751918,"best":83.66477800269908,"gradient_rms":51.82269317349568,"update_rms":0.005841762903312513,"accepted":true,"wall_s":2.550852060317993}
{"iteration":42,"score":81.96892392421026,"best":83.66477800269908,"gradient_rms":7.773797500069187,"update_rms":0.004192179890662212,"accepted":true,"wall_s":2.3818109333515167}
{"iteration":43,"score":82.01690818688861,"best":83.66477800269908,"gradient_rms":43.39929546424629,"update_rms":0.004078678297333655,"accepted":true,"wall_s":2.390368487685919}
{"iteration":44,"score":81.97478444759786,"best":83.66477800269908,"gradient_rms":15.283039955005117,"update_rms":0.0030928961953945165,"accepted":true,"wall_s":2.1948103718459606}
{"iteration":45,"score":82.24841456892236,"best":83.66477800269908,"gradient_rms":64.02210268901509,"update_rms":0.00445076327733203,"accepted":true,"wall_s":2.286370936781168}
{"iteration":46,"score":82.79313468645049,"best":83.66477800269908,"gradient_rms":38.1640172662279,"update_rms":0.004191506391498088,"accepted":true,"wall_s":2.193072408437729}
{"iteration":47,"score":83.69953110171609,"best":83.69953110171609,"gradient_rms":95.7123545147706,"update_rms":0.006228855088587363,"accepted":true,"wall_s":2.193798750638962}
{"iteration":48,"score":84.64274648212202,"best":84.64274648212202,"gradient_rms":59.997919512587266,"update_rms":0.005498013734006589,"accepted":true,"wall_s":2.1948132142424583}
{"iteration":49,"score":84.72255814690992,"best":84.72255814690992,"gradient_rms":32.86143258262803,"update_rms":0.0043299973447640154,"accepted":true,"wall_s":2.1945262998342514}
{"iteration":50,"score":84.49358078487722,"best":84.72255814690992,"gradient_rms":125.12703097659097,"update_rms":0.007387299006673078,"accepted":true,"wall_s":2.191968835890293}
{"iteration":51,"score":83.86464631640887,"best":84.72255814690992,"gradient_rms":46.41546750554373,"update_rms":0.00576331102655775,"accepted":true,"wall_s":2.15029214695096}
{"iteration":52,"score":83.54697594850751,"best":84.72255814690992,"gradient_rms":29.98938907564161,"update_rms":0.004319089364776092,"accepted":true,"wall_s":2.1079354286193848}
{"iteration":53,"score":83.45951077109723,"best":84.72255814690992,"gradient_rms":17.26666464643715,"update_rms":0.0032127861268154995,"accepted":true,"wall_s":2.1080301366746426}
{"iteration":54,"score":83.48379614243642,"best":84.72255814690992,"gradient_rms":15.643621838806988,"update_rms":0.0024721580417208246,"accepted":true,"wall_s":2.1601643972098827}
{"iteration":55,"score":83.48416412795862,"best":84.72255814690992,"gradient_rms":5.792964187942748,"update_rms":0.0017757255126776813,"accepted":true,"wall_s":2.110638190060854}
{"iteration":56,"score":83.06069156442166,"best":84.72255814690992,"gradient_rms":38.68258105778834,"update_rms":0.0027606548060480655,"accepted":true,"wall_s":1.843278232961893}
{"iteration":57,"score":82.99503566172726,"best":84.72255814690992,"gradient_rms":35.40850776628077,"update_rms":0.0029764354288878293,"accepted":true,"wall_s":2.1089346446096897}
{"iteration":58,"score":83.01699278723413,"best":84.72255814690992,"gradient_rms":29.71007548957641,"update_rms":0.002841834587038305,"accepted":true,"wall_s":2.1441610790789127}
{"iteration":59,"score":83.17001292312634,"best":84.72255814690992,"gradient_rms":30.333121075798296,"update_rms":0.002749350349030303,"accepted":true,"wall_s":1.844046976417303}
{"iteration":60,"score":82.79195205861019,"best":84.72255814690992,"gradient_rms":113.4846954605596,"update_rms":0.006787402036094375,"accepted":true,"wall_s":2.3141877576708794}
{"iteration":61,"score":81.96694610341727,"best":84.72255814690992,"gradient_rms":36.448845642613335,"update_rms":0.005278409851426893,"accepted":true,"wall_s":2.15219708904624}
{"iteration":62,"score":82.35942972746977,"best":84.72255814690992,"gradient_rms":102.42930757894938,"update_rms":0.006612598345686231,"accepted":true,"wall_s":2.3358025178313255}
{"iteration":63,"score":82.77281209798892,"best":84.72255814690992,"gradient_rms":35.7054961483324,"update_rms":0.005255192196850541,"accepted":true,"wall_s":2.291955579072237}
{"iteration":64,"score":84.06344602151285,"best":84.72255814690992,"gradient_rms":88.96481427117826,"update_rms":0.006455149410941392,"accepted":true,"wall_s":2.1328141130506992}
{"iteration":65,"score":84.61652818117184,"best":84.72255814690992,"gradient_rms":33.68850400834688,"update_rms":0.004750449980481603,"accepted":true,"wall_s":2.1496421098709106}
{"iteration":66,"score":84.71525070884879,"best":84.72255814690992,"gradient_rms":123.59598484543416,"update_rms":0.007520033749364039,"accepted":true,"wall_s":2.1414281763136387}
{"iteration":67,"score":84.0453275147293,"best":84.72255814690992,"gradient_rms":35.682539895576745,"update_rms":0.005514907788679135,"accepted":true,"wall_s":2.107625402510166}
{"iteration":68,"score":84.0453275147293,"best":84.72255814690992,"gradient_rms":299.30256628372854,"update_rms":0.0,"accepted":false,"wall_s":1.0689222253859043}
{"iteration":69,"score":83.24898984290827,"best":84.72255814690992,"gradient_rms":23.1719248882596,"update_rms":0.004264350435219031,"accepted":true,"wall_s":2.109633293002844}
{"iteration":70,"score":82.68855429050349,"best":84.72255814690992,"gradient_rms":9.536804986366917,"update_rms":0.003074637954580329,"accepted":true,"wall_s":2.1083454713225365}
{"iteration":71,"score":82.47373002096876,"best":84.72255814690992,"gradient_rms":29.250309464809586,"update_rms":0.0028094034800137204,"accepted":true,"wall_s":2.109268881380558}
{"iteration":72,"score":82.67414791485267,"best":84.72255814690992,"gradient_rms":37.67629673834562,"update_rms":0.002971726763278759,"accepted":true,"wall_s":2.119951844215393}
{"iteration":73,"score":83.08942766741382,"best":84.72255814690992,"gradient_rms":35.95162386612702,"update_rms":0.003002904545678496,"accepted":true,"wall_s":2.109440878033638}
{"iteration":74,"score":83.35084454002248,"best":84.72255814690992,"gradient_rms":44.681307072654725,"update_rms":0.003410186048388637,"accepted":true,"wall_s":2.150863103568554}
{"iteration":75,"score":83.52536654943597,"best":84.72255814690992,"gradient_rms":62.55431871422322,"update_rms":0.004471091157059572,"accepted":true,"wall_s":2.084393549710512}
{"iteration":76,"score":84.13118188248045,"best":84.72255814690992,"gradient_rms":66.35563258530006,"update_rms":0.005219059448371254,"accepted":true,"wall_s":2.196355603635311}
{"iteration":77,"score":84.57006883378925,"best":84.72255814690992,"gradient_rms":96.75540843934233,"update_rms":0.006569102899774195,"accepted":true,"wall_s":2.1918936409056187}
{"iteration":78,"score":84.8205778856606,"best":84.8205778856606,"gradient_rms":5.0868067793363245,"update_rms":0.004650263669151249,"accepted":true,"wall_s":2.1948831230401993}
{"iteration":79,"score":84.96767970134903,"best":84.96767970134903,"gradient_rms":34.94447572070109,"update_rms":0.0038574707622795437,"accepted":true,"wall_s":2.1956144347786903}
{"iteration":80,"score":85.0073741882442,"best":85.0073741882442,"gradient_rms":37.319018258831726,"update_rms":0.0034169059463742134,"accepted":true,"wall_s":2.1938805542886257}
{"iteration":81,"score":84.91889771188966,"best":85.0073741882442,"gradient_rms":15.940884996378617,"update_rms":0.002498091777733258,"accepted":true,"wall_s":2.1908694356679916}
{"iteration":82,"score":85.00345657039291,"best":85.0073741882442,"gradient_rms":37.57140780698638,"update_rms":0.0026426409236345286,"accepted":true,"wall_s":2.1924981772899628}
{"iteration":83,"score":85.10152959834849,"best":85.10152959834849,"gradient_rms":8.944924979198294,"update_rms":0.0019281931507522364,"accepted":true,"wall_s":2.1949691958725452}
{"iteration":84,"score":85.11914717166307,"best":85.11914717166307,"gradient_rms":108.73876046088266,"update_rms":0.006233898123418291,"accepted":true,"wall_s":1.9302790239453316}
{"iteration":85,"score":84.89230771392805,"best":85.11914717166307,"gradient_rms":24.659976301376307,"update_rms":0.004542194842264098,"accepted":true,"wall_s":2.1495071798563004}
{"iteration":86,"score":84.96373850990406,"best":85.11914717166307,"gradient_rms":48.688439126422836,"update_rms":0.00428653113816864,"accepted":true,"wall_s":2.129319626837969}
{"iteration":87,"score":84.99277846010943,"best":85.11914717166307,"gradient_rms":31.64626000915692,"update_rms":0.00343422149225219,"accepted":true,"wall_s":1.8874753303825855}
{"iteration":88,"score":85.07805324596713,"best":85.11914717166307,"gradient_rms":49.03416476156741,"update_rms":0.0037518855230913345,"accepted":true,"wall_s":2.1079401783645153}
{"iteration":89,"score":84.90589274527574,"best":85.11914717166307,"gradient_rms":49.694232909433126,"update_rms":0.0040975901515512714,"accepted":true,"wall_s":2.1542109437286854}
{"iteration":90,"score":84.63650917755449,"best":85.11914717166307,"gradient_rms":34.9334355084806,"update_rms":0.0035691870814275294,"accepted":true,"wall_s":2.1079624556005}
{"iteration":91,"score":84.91727812775956,"best":85.11914717166307,"gradient_rms":77.77887764117482,"update_rms":0.004876256937531511,"accepted":true,"wall_s":2.107327241450548}
{"iteration":92,"score":84.88440470817295,"best":85.11914717166307,"gradient_rms":35.254783166440625,"update_rms":0.004002617253311178,"accepted":true,"wall_s":2.108157128095627}
{"iteration":93,"score":84.95331273074291,"best":85.11914717166307,"gradient_rms":51.85431555833469,"update_rms":0.003916433392559809,"accepted":true,"wall_s":2.1523354910314083}
{"iteration":94,"score":84.95441806898647,"best":85.11914717166307,"gradient_rms":26.33099381667029,"update_rms":0.003057204268120081,"accepted":true,"wall_s":2.1625972390174866}
{"iteration":95,"score":84.87278191753877,"best":85.11914717166307,"gradient_rms":39.821751354366654,"update_rms":0.0029752799898518155,"accepted":true,"wall_s":2.240147490054369}
{"iteration":96,"score":84.66999620820727,"best":85.11914717166307,"gradient_rms":12.702820291894708,"update_rms":0.0021905153966998137,"accepted":true,"wall_s":2.1079724095761776}
{"iteration":97,"score":84.97580498410845,"best":85.11914717166307,"gradient_rms":73.55549902889221,"update_rms":0.004411429510880683,"accepted":true,"wall_s":2.107527084648609}
{"iteration":98,"score":84.79062237691467,"best":85.11914717166307,"gradient_rms":7.425031464265034,"update_rms":0.003126245946804744,"accepted":true,"wall_s":2.107402939349413}
{"iteration":99,"score":84.75292402479376,"best":85.11914717166307,"gradient_rms":43.221623275445786,"update_rms":0.0033098296765448313,"accepted":true,"wall_s":2.1076353043317795}
{"iteration":100,"score":84.80219008717657,"best":85.11914717166307,"gradient_rms":23.200052010119038,"update_rms":0.002656592618621669,"accepted":true,"wall_s":2.397052001208067}
{
  "status": "ok",
  "stop_reason": "completed_iterations",
  "initial_score": 83.66477800269908,
  "final_score": 84.80219008717657,
  "best_score": 85.11914717166307,
  "best_iteration": 84,
  "completed_iterations": 100,
  "completed_adam_steps": 99,
  "completed_optimizer_steps": 99,
  "total_wall_s": 214.4465319365263,
  "initial_decode_wall_s": 2.2772340290248394,
  "initial_score_wall_s": 1.3348876051604748,
  "mean_iteration_wall_s": 2.142328371591866,
  "manifest": {
    "algorithm": "adam_with_query_batched_local_gradient",
    "optimizer": "adam",
    "parameter_space": "data",
    "gradient_objective": "dynamic local full-density score with coordinate and maximum-surface-selection derivatives omitted",
    "formal_objective": "complete native QH score for every accepted center",
    "initial_case": "/home/scc/pb24511935/local_surface_evaluator/runs/summary1_review2_20260824/flow_pairs/cases/case_31.json",
    "initial_case_sha256": "a0c622b91d02b9553067063b7d2480375dbae7433454da2e7141478cf686ad9b",
    "checkpoint": "/home/scc/pb24511935/local_surface_evaluator/runs/qh_flow_physical_lr_longselect_20260729/lr_3em4/checkpoint_latest.pt",
    "checkpoint_sha256": "39a3293a459e248a0d1ec062607a1a467128b14d8ca973aadd82e113532ab99f",
    "native_lib": "/home/scc/pb24511935/local_surface_evaluator/runs/summary1_review2_20260824/build_native/libstellarator_gpu.so",
    "native_lib_sha256": "7d3784e02172f5c3130bcf085efa8120dc059d5007daa4b18680edd97b077f94",
    "nfp": 5,
    "n_base_coils": 3,
    "iterations": 100,
    "max_wall_s": 4200.0,
    "flow": {
      "method": "rk4",
      "steps": 128,
      "dtype": "fp32",
      "use": "initial latent-to-coil decode only"
    },
    "flow_pipeline": false,
    "coordinate_gradient": {
      "dimension": 300,
      "mode": "random-orthogonal",
      "random_directions": 2,
      "endpoint_count": 4,
      "perturbation": 0.0025,
      "difference": "centered",
      "psi_grid": 48,
      "psi_iterations": 4,
      "alpha_iterations": 4,
      "formal_surface_theta_count": 128,
      "local_surface_theta_count": 64
    },
    "adam": {
      "learning_rate": 0.01,
      "beta1": 0.7,
      "beta2": 0.999,
      "epsilon": 1e-08,
      "weight_decay": 0.0
    },
    "bfgs": {
      "initial_trust_rms": 0.01,
      "min_trust_rms": 1e-05,
      "max_trust_rms": 0.05,
      "trust_growth": 1.2,
      "trust_shrink": 0.5,
      "min_improvement": 0.0
    },
    "seed": 2026082531,
    "axis_policy": "initial global search, then strict mixed-precision continuation",
    "devices": {
      "flow": 0,
      "score": 0
    },
    "initial_metadata_keys": [
      "flow_prior_screening",
      "nfp",
      "raw"
    ],
    "data_parameterization": {
      "definition": "per-coordinate training-set standardization",
      "physical_mapping": "CoilNormalizer.inverse with canonical current L1/sign",
      "initial_clipped_fraction": 0.0,
      "initial_roundtrip_relative_rms": 0.0,
      "flow_calls_after_initialization": 0
    }
  }
}
