{"iteration":1,"score":80.63007410708424,"best":80.63007410708424,"gradient_rms":8.348084626938377,"update_rms":0.009999999955988848,"accepted":true,"wall_s":3.8364728428423405}
{"iteration":2,"score":80.67394482352695,"best":80.67394482352695,"gradient_rms":3.069507148038393,"update_rms":0.006529511685826492,"accepted":true,"wall_s":2.6781490817666054}
{"iteration":3,"score":80.66325470005187,"best":80.67394482352695,"gradient_rms":3.640245491568704,"update_rms":0.005398432674326514,"accepted":true,"wall_s":2.6606337279081345}
{"iteration":4,"score":80.75629271488158,"best":80.75629271488158,"gradient_rms":2.8107448392091574,"update_rms":0.00460318356510394,"accepted":true,"wall_s":2.663993801921606}
{"iteration":5,"score":80.86438393484342,"best":80.86438393484342,"gradient_rms":7.9992362465490645,"update_rms":0.005430730401432038,"accepted":true,"wall_s":2.8726713843643665}
{"iteration":6,"score":80.95451754985295,"best":80.95451754985295,"gradient_rms":1.6167675263796284,"update_rms":0.0040803087255102,"accepted":true,"wall_s":2.8763215765357018}
{"iteration":7,"score":81.03104356944272,"best":81.03104356944272,"gradient_rms":6.984803837122715,"update_rms":0.004759816496036298,"accepted":true,"wall_s":2.877245180308819}
{"iteration":8,"score":81.17216229689492,"best":81.17216229689492,"gradient_rms":9.441826445494502,"update_rms":0.005503209934122497,"accepted":true,"wall_s":2.877961203455925}
{"iteration":9,"score":81.25192716553029,"best":81.25192716553029,"gradient_rms":1.937268233711584,"update_rms":0.004227545066094383,"accepted":true,"wall_s":2.878606501966715}
{"iteration":10,"score":81.30300874675339,"best":81.30300874675339,"gradient_rms":1.9920896646999016,"update_rms":0.0032380038518809652,"accepted":true,"wall_s":2.8742637671530247}
{"iteration":11,"score":81.390206286998,"best":81.390206286998,"gradient_rms":8.202475030926323,"update_rms":0.004789656774412506,"accepted":true,"wall_s":2.8806760162115097}
{"iteration":12,"score":81.47619796731153,"best":81.47619796731153,"gradient_rms":2.022039534574701,"update_rms":0.0036491656842738674,"accepted":true,"wall_s":2.865940261632204}
{"iteration":13,"score":81.57376845326493,"best":81.57376845326493,"gradient_rms":9.505609284914708,"update_rms":0.005079259937782199,"accepted":true,"wall_s":2.8780376873910427}
{"iteration":14,"score":81.65431840352687,"best":81.65431840352687,"gradient_rms":2.815460036530019,"update_rms":0.004010159303502986,"accepted":true,"wall_s":2.877603556960821}
{"iteration":15,"score":81.75566481698242,"best":81.75566481698242,"gradient_rms":6.727985159051333,"update_rms":0.004462702621066938,"accepted":true,"wall_s":2.8856878243386745}
{"iteration":16,"score":81.83570250607428,"best":81.83570250607428,"gradient_rms":3.4224402503454048,"update_rms":0.0039258040213741964,"accepted":true,"wall_s":2.880423441529274}
{"iteration":17,"score":81.88906096531804,"best":81.88906096531804,"gradient_rms":1.4708978491956395,"update_rms":0.0029041819572807404,"accepted":true,"wall_s":2.880793672055006}
{"iteration":18,"score":82.01184050282475,"best":82.01184050282475,"gradient_rms":9.952987105595485,"update_rms":0.005226274707021401,"accepted":true,"wall_s":2.6749261058866978}
{"iteration":19,"score":82.09624381771359,"best":82.09624381771359,"gradient_rms":4.696553113061704,"update_rms":0.004471632939656892,"accepted":true,"wall_s":2.5832053013145924}
{"iteration":20,"score":82.20293824995395,"best":82.20293824995395,"gradient_rms":3.153014043276401,"update_rms":0.0035728357259183375,"accepted":true,"wall_s":2.6760826595127583}
{"iteration":21,"score":82.26226880000962,"best":82.26226880000962,"gradient_rms":4.715679797147111,"update_rms":0.0033506430645194917,"accepted":true,"wall_s":2.8992036394774914}
{"iteration":22,"score":82.30202003697853,"best":82.30202003697853,"gradient_rms":3.625456723645943,"update_rms":0.0033074568296017183,"accepted":true,"wall_s":2.8784263618290424}
{"iteration":23,"score":82.38230257128595,"best":82.38230257128595,"gradient_rms":4.7929227530044445,"update_rms":0.003363507246651293,"accepted":true,"wall_s":2.785962335765362}
{"iteration":24,"score":82.42913494038122,"best":82.42913494038122,"gradient_rms":4.11962288730797,"update_rms":0.003438233965020831,"accepted":true,"wall_s":2.660874415189028}
{"iteration":25,"score":82.36392103820877,"best":82.42913494038122,"gradient_rms":2.1437319862204087,"update_rms":0.0027630106783116956,"accepted":true,"wall_s":2.663439180701971}
{"iteration":26,"score":82.54192860458345,"best":82.54192860458345,"gradient_rms":6.191396423850611,"update_rms":0.004051733349676396,"accepted":true,"wall_s":2.8704999163746834}
{"iteration":27,"score":82.52014963963505,"best":82.54192860458345,"gradient_rms":2.3719890309714295,"update_rms":0.003180236063644353,"accepted":true,"wall_s":2.6664573401212692}
{"iteration":28,"score":82.66229386311154,"best":82.66229386311154,"gradient_rms":7.615280855255059,"update_rms":0.0048381881002358025,"accepted":true,"wall_s":2.88584129139781}
{"iteration":29,"score":82.71975411686977,"best":82.71975411686977,"gradient_rms":4.339931415922946,"update_rms":0.004339847527992682,"accepted":true,"wall_s":2.8788462169468403}
{"iteration":30,"score":82.78001863437926,"best":82.78001863437926,"gradient_rms":4.7033943315635725,"update_rms":0.003953257414193094,"accepted":true,"wall_s":2.8880720138549805}
{"iteration":31,"score":82.80443108194716,"best":82.80443108194716,"gradient_rms":5.68603968854477,"update_rms":0.003967739316285107,"accepted":true,"wall_s":2.6728508919477463}
{"iteration":32,"score":82.93662311778618,"best":82.93662311778618,"gradient_rms":4.963605085410655,"update_rms":0.00400569570663758,"accepted":true,"wall_s":2.8788234405219555}
{"iteration":33,"score":82.91843265063144,"best":82.93662311778618,"gradient_rms":8.01419970839793,"update_rms":0.005071864694492756,"accepted":true,"wall_s":2.6694790422916412}
{"iteration":34,"score":83.0783183410361,"best":83.0783183410361,"gradient_rms":2.470043709764575,"update_rms":0.0040426658122083145,"accepted":true,"wall_s":2.876705653965473}
{"iteration":35,"score":83.13296370104793,"best":83.13296370104793,"gradient_rms":2.6090373452914135,"update_rms":0.0032662860039867027,"accepted":true,"wall_s":2.8865391202270985}
{"iteration":36,"score":83.1176656992535,"best":83.13296370104793,"gradient_rms":1.971461801340404,"update_rms":0.002632117334632008,"accepted":true,"wall_s":2.669605325907469}
{"iteration":37,"score":83.12223374896861,"best":83.13296370104793,"gradient_rms":3.549205917532157,"update_rms":0.002820393466229314,"accepted":true,"wall_s":2.6667219810187817}
{"iteration":38,"score":83.25932187581954,"best":83.25932187581954,"gradient_rms":4.8234248945866645,"update_rms":0.0035366357313819656,"accepted":true,"wall_s":2.877243522554636}
{"iteration":39,"score":83.31636949591929,"best":83.31636949591929,"gradient_rms":4.84939728596231,"update_rms":0.0038283773200999864,"accepted":true,"wall_s":2.8748180754482746}
{"iteration":40,"score":83.36662396671743,"best":83.36662396671743,"gradient_rms":3.9726742363164993,"update_rms":0.003614063050958015,"accepted":true,"wall_s":2.799784891307354}
{"iteration":41,"score":83.31832591055353,"best":83.36662396671743,"gradient_rms":10.745375049399318,"update_rms":0.006199819564232811,"accepted":true,"wall_s":2.6665996201336384}
{"iteration":42,"score":83.43939995111369,"best":83.43939995111369,"gradient_rms":4.747573905706014,"update_rms":0.005055264991089203,"accepted":true,"wall_s":2.6741461381316185}
{"iteration":43,"score":83.68391253606104,"best":83.68391253606104,"gradient_rms":5.9141445445775345,"update_rms":0.004706066295686027,"accepted":true,"wall_s":2.876963410526514}
{"iteration":44,"score":83.76428765959271,"best":83.76428765959271,"gradient_rms":4.347375662985107,"update_rms":0.004114550229122842,"accepted":true,"wall_s":2.873633850365877}
{"iteration":45,"score":83.84587080919407,"best":83.84587080919407,"gradient_rms":4.606945900740211,"update_rms":0.003909409609335104,"accepted":true,"wall_s":2.8721220828592777}
{"iteration":46,"score":83.90343921128304,"best":83.90343921128304,"gradient_rms":3.2027340904455563,"update_rms":0.003463498738216322,"accepted":true,"wall_s":2.866686750203371}
{"iteration":47,"score":83.94838836543516,"best":83.94838836543516,"gradient_rms":0.7058705121071357,"update_rms":0.002521963292785124,"accepted":true,"wall_s":2.865413811057806}
{"iteration":48,"score":83.84315596356076,"best":83.94838836543516,"gradient_rms":3.5710474578529774,"update_rms":0.002807816551683439,"accepted":true,"wall_s":2.671228215098381}
{"iteration":49,"score":83.95117780893632,"best":83.95117780893632,"gradient_rms":2.2029792597825226,"update_rms":0.0023517636013489717,"accepted":true,"wall_s":2.5893998630344868}
{"iteration":50,"score":83.9479770163534,"best":83.95117780893632,"gradient_rms":6.1119272871351145,"update_rms":0.003849860312649331,"accepted":true,"wall_s":2.6639148965477943}
{"iteration":51,"score":84.06570541326468,"best":84.06570541326468,"gradient_rms":0.9982822687527934,"update_rms":0.0028566047924958433,"accepted":true,"wall_s":2.67986349016428}
{"iteration":52,"score":84.0936853152205,"best":84.0936853152205,"gradient_rms":3.699339418090179,"update_rms":0.002968836136893279,"accepted":true,"wall_s":2.6685440242290497}
{"iteration":53,"score":84.11090462258018,"best":84.11090462258018,"gradient_rms":4.093720462159695,"update_rms":0.0033471240804349147,"accepted":true,"wall_s":2.670796509832144}
{"iteration":54,"score":84.24241044468516,"best":84.24241044468516,"gradient_rms":10.640345240496538,"update_rms":0.006168099184427402,"accepted":true,"wall_s":2.880450140684843}
{"iteration":55,"score":84.29227437940928,"best":84.29227437940928,"gradient_rms":3.4059929450707167,"update_rms":0.0047160082951226,"accepted":true,"wall_s":2.878741357475519}
{"iteration":56,"score":84.35945040814808,"best":84.35945040814808,"gradient_rms":5.512687144015401,"update_rms":0.004820688447581809,"accepted":true,"wall_s":2.8812057077884674}
{"iteration":57,"score":84.31781917239063,"best":84.35945040814808,"gradient_rms":3.4644900979237283,"update_rms":0.0038191240753347503,"accepted":true,"wall_s":2.6747292429208755}
{"iteration":58,"score":84.41776460607105,"best":84.41776460607105,"gradient_rms":3.523681909488189,"update_rms":0.0035709910597186713,"accepted":true,"wall_s":2.5882102586328983}
{"iteration":59,"score":84.44732025466139,"best":84.44732025466139,"gradient_rms":1.9275500796279714,"update_rms":0.0027049319990443566,"accepted":true,"wall_s":2.6783982403576374}
{"iteration":60,"score":84.53678045348178,"best":84.53678045348178,"gradient_rms":3.368222054317225,"update_rms":0.002686855662746966,"accepted":true,"wall_s":2.8870298340916634}
{"iteration":61,"score":84.56529494877593,"best":84.56529494877593,"gradient_rms":2.743557276047092,"update_rms":0.0024784133677642917,"accepted":true,"wall_s":2.8894528672099113}
{"iteration":62,"score":84.72380800384455,"best":84.72380800384455,"gradient_rms":10.233815241742924,"update_rms":0.0059951479511894095,"accepted":true,"wall_s":2.8848214261233807}
{"iteration":63,"score":84.83630936031086,"best":84.83630936031086,"gradient_rms":4.443688821317028,"update_rms":0.004751521256272185,"accepted":true,"wall_s":2.8805494569242}
{"iteration":64,"score":84.9152648688157,"best":84.9152648688157,"gradient_rms":4.0633117182201435,"update_rms":0.004041153729911038,"accepted":true,"wall_s":2.798964697867632}
{"iteration":65,"score":84.99539013971426,"best":84.99539013971426,"gradient_rms":0.6341470313992847,"update_rms":0.0028878804395481386,"accepted":true,"wall_s":2.8836186714470387}
{"iteration":66,"score":85.00175757024533,"best":85.00175757024533,"gradient_rms":4.627899597663835,"update_rms":0.0032939741268396805,"accepted":true,"wall_s":2.6748570650815964}
{"iteration":67,"score":85.06371891713914,"best":85.06371891713914,"gradient_rms":3.8182720216471266,"update_rms":0.0032553907625506133,"accepted":true,"wall_s":2.6736301742494106}
{"iteration":68,"score":85.16733187597404,"best":85.16733187597404,"gradient_rms":6.2420995368386505,"update_rms":0.004312867922276224,"accepted":true,"wall_s":2.8863655291497707}
{"iteration":69,"score":85.11261638226358,"best":85.16733187597404,"gradient_rms":5.383939772479022,"update_rms":0.004471975233565708,"accepted":true,"wall_s":2.6708595156669617}
{"iteration":70,"score":85.25234199102694,"best":85.25234199102694,"gradient_rms":5.963377853606762,"update_rms":0.004788597865602189,"accepted":true,"wall_s":2.8787829279899597}
{"iteration":71,"score":85.257814631008,"best":85.257814631008,"gradient_rms":1.995745895001826,"update_rms":0.0036212373332846623,"accepted":true,"wall_s":2.8496614322066307}
{"iteration":72,"score":85.13222425343203,"best":85.257814631008,"gradient_rms":1.8484963217822976,"update_rms":0.002809776478843492,"accepted":true,"wall_s":2.6065766885876656}
{"iteration":73,"score":85.05103297261012,"best":85.257814631008,"gradient_rms":2.409737891792425,"update_rms":0.002541457464497551,"accepted":true,"wall_s":2.6049950644373894}
{"iteration":74,"score":85.20467461928482,"best":85.257814631008,"gradient_rms":2.221105295142598,"update_rms":0.0023140870776403584,"accepted":true,"wall_s":2.8185552917420864}
{"iteration":75,"score":85.17395595349224,"best":85.257814631008,"gradient_rms":4.1760486040986775,"update_rms":0.0030303205566127407,"accepted":true,"wall_s":2.6064613610506058}
{"iteration":76,"score":85.25104941895967,"best":85.257814631008,"gradient_rms":5.043151495060563,"update_rms":0.0037181811832887536,"accepted":true,"wall_s":2.608793117105961}
{"iteration":77,"score":85.27914651032145,"best":85.27914651032145,"gradient_rms":0.9992876980428743,"update_rms":0.0027239367224281288,"accepted":true,"wall_s":2.6253073178231716}
{"iteration":78,"score":85.21602432524176,"best":85.27914651032145,"gradient_rms":3.5306163410038796,"update_rms":0.002851906001199553,"accepted":true,"wall_s":2.6157356835901737}
{"iteration":79,"score":85.39603835035342,"best":85.39603835035342,"gradient_rms":7.311934999908729,"update_rms":0.004881727266076297,"accepted":true,"wall_s":2.742453284561634}
{"iteration":80,"score":85.32276223936744,"best":85.39603835035342,"gradient_rms":1.7728887364972588,"update_rms":0.0035374206146894308,"accepted":true,"wall_s":2.522717420011759}
{"iteration":81,"score":85.43164187239222,"best":85.43164187239222,"gradient_rms":1.2411461274012725,"update_rms":0.002641019541004994,"accepted":true,"wall_s":2.6052547805011272}
{"iteration":82,"score":85.52926781023402,"best":85.52926781023402,"gradient_rms":3.09375383510428,"update_rms":0.0026978144863235008,"accepted":true,"wall_s":2.6115508191287518}
{"iteration":83,"score":85.58631181169237,"best":85.58631181169237,"gradient_rms":4.35641437359103,"update_rms":0.0034810993818011333,"accepted":true,"wall_s":2.6165143065154552}
{"iteration":84,"score":85.64920232176489,"best":85.64920232176489,"gradient_rms":4.509169685290769,"update_rms":0.0038058849581092563,"accepted":true,"wall_s":2.8221062682569027}
{"iteration":85,"score":85.59926997178164,"best":85.64920232176489,"gradient_rms":3.006278842773805,"update_rms":0.0034084691722984554,"accepted":true,"wall_s":2.600862577557564}
{"iteration":86,"score":85.64589939874213,"best":85.64920232176489,"gradient_rms":6.110794696666421,"update_rms":0.004581099201896354,"accepted":true,"wall_s":2.523411449044943}
{"iteration":87,"score":85.72928295826715,"best":85.72928295826715,"gradient_rms":3.123923941032385,"update_rms":0.00373904550264506,"accepted":true,"wall_s":2.5268535874783993}
{"iteration":88,"score":85.92071731504839,"best":85.92071731504839,"gradient_rms":4.50196825689527,"update_rms":0.003745635686989224,"accepted":true,"wall_s":2.817453272640705}
{"iteration":89,"score":86.01577028207035,"best":86.01577028207035,"gradient_rms":6.256726475777442,"update_rms":0.004645317084785634,"accepted":true,"wall_s":2.825211737304926}
{"iteration":90,"score":86.11236742281683,"best":86.11236742281683,"gradient_rms":3.27445161834096,"update_rms":0.003876832085560779,"accepted":true,"wall_s":2.8301899135112762}
{"iteration":91,"score":86.20065222605403,"best":86.20065222605403,"gradient_rms":6.367132049099551,"update_rms":0.0045373018168182655,"accepted":true,"wall_s":2.8167960047721863}
{"iteration":92,"score":86.26247689751489,"best":86.26247689751489,"gradient_rms":0.23668056867544338,"update_rms":0.003208483874253254,"accepted":true,"wall_s":2.8241142705082893}
{"iteration":93,"score":86.39385380242634,"best":86.39385380242634,"gradient_rms":7.6422962534306125,"update_rms":0.005223861217911667,"accepted":true,"wall_s":2.824097454547882}
{"iteration":94,"score":86.5095171024415,"best":86.5095171024415,"gradient_rms":5.980220737399443,"update_rms":0.005468546502137738,"accepted":true,"wall_s":2.821357037872076}
{"iteration":95,"score":86.61988566246994,"best":86.61988566246994,"gradient_rms":3.2342391404881905,"update_rms":0.004485593649185104,"accepted":true,"wall_s":2.822326146066189}
{"iteration":96,"score":86.71065364980336,"best":86.71065364980336,"gradient_rms":4.543197696949572,"update_rms":0.00429668997268758,"accepted":true,"wall_s":2.822023671120405}
{"iteration":97,"score":86.79292719500062,"best":86.79292719500062,"gradient_rms":3.471475479186523,"update_rms":0.00358103157031539,"accepted":true,"wall_s":2.8215525560081005}
{"iteration":98,"score":86.852091478331,"best":86.852091478331,"gradient_rms":3.7001458354256433,"update_rms":0.003341053584507311,"accepted":true,"wall_s":2.822319120168686}
{"iteration":99,"score":86.9866287772221,"best":86.9866287772221,"gradient_rms":6.814923463692142,"update_rms":0.004904146893306665,"accepted":true,"wall_s":2.832689791917801}
{"iteration":100,"score":87.04736904395529,"best":87.04736904395529,"gradient_rms":4.5705066378728985,"update_rms":0.004652000399455222,"accepted":true,"wall_s":2.620451506227255}
{
  "status": "ok",
  "stop_reason": "completed_iterations",
  "initial_score": 80.49446813713932,
  "final_score": 87.04736904395529,
  "best_score": 87.04736904395529,
  "best_iteration": 100,
  "completed_iterations": 100,
  "completed_adam_steps": 100,
  "completed_optimizer_steps": 100,
  "total_wall_s": 277.8495811112225,
  "initial_decode_wall_s": 2.321780137717724,
  "initial_score_wall_s": 1.092058178037405,
  "mean_iteration_wall_s": 2.777682629600167,
  "manifest": {
    "algorithm": "adam_with_query_batched_local_gradient",
    "optimizer": "adam",
    "parameter_space": "latent",
    "gradient_objective": "dynamic local full-density score with coordinate and maximum-surface-selection derivatives omitted",
    "formal_objective": "complete native QH score for every accepted center",
    "initial_case": "/home/scc/pb24511935/local_surface_evaluator/runs/summary1_review2_20260824/flow_pairs/cases/case_00.json",
    "initial_case_sha256": "b879f2eeb089de8bd784b336ae8740daf5eb52989dd25f5782e62401b6ddccab",
    "checkpoint": "/home/scc/pb24511935/local_surface_evaluator/runs/qh_flow_physical_lr_longselect_20260729/lr_3em4/checkpoint_latest.pt",
    "checkpoint_sha256": "39a3293a459e248a0d1ec062607a1a467128b14d8ca973aadd82e113532ab99f",
    "native_lib": "/home/scc/pb24511935/local_surface_evaluator/runs/summary1_review2_20260824/build_native/libstellarator_gpu.so",
    "native_lib_sha256": "7d3784e02172f5c3130bcf085efa8120dc059d5007daa4b18680edd97b077f94",
    "nfp": 5,
    "n_base_coils": 2,
    "iterations": 100,
    "max_wall_s": 4200.0,
    "flow": {
      "method": "rk4",
      "steps": 128,
      "dtype": "fp32",
      "use": "every gradient endpoint and accepted center"
    },
    "flow_pipeline": true,
    "coordinate_gradient": {
      "dimension": 200,
      "mode": "random-orthogonal",
      "random_directions": 2,
      "endpoint_count": 4,
      "perturbation": 0.005,
      "difference": "centered",
      "psi_grid": 48,
      "psi_iterations": 4,
      "alpha_iterations": 4,
      "formal_surface_theta_count": 128,
      "local_surface_theta_count": 64
    },
    "adam": {
      "learning_rate": 0.01,
      "beta1": 0.7,
      "beta2": 0.999,
      "epsilon": 1e-08,
      "weight_decay": 0.0
    },
    "bfgs": {
      "initial_trust_rms": 0.01,
      "min_trust_rms": 1e-05,
      "max_trust_rms": 0.05,
      "trust_growth": 1.2,
      "trust_shrink": 0.5,
      "min_improvement": 0.0
    },
    "seed": 2026082500,
    "axis_policy": "initial global search, then strict mixed-precision continuation",
    "devices": {
      "flow": 0,
      "score": 0
    },
    "initial_metadata_keys": [
      "flow_prior_screening",
      "nfp",
      "raw"
    ]
  }
}
{"iteration":1,"score":80.20073870261795,"best":80.49446813713931,"gradient_rms":31.359251578091182,"update_rms":0.009999998644704392,"accepted":true,"wall_s":1.8033081591129303}
{"iteration":2,"score":79.93813107186442,"best":80.49446813713931,"gradient_rms":58.95687862144076,"update_rms":0.0074912645724857655,"accepted":true,"wall_s":1.8121524453163147}
{"iteration":3,"score":79.43076177177342,"best":80.49446813713931,"gradient_rms":33.12016195223336,"update_rms":0.00582613041982498,"accepted":true,"wall_s":1.8199868872761726}
{"iteration":4,"score":80.17486896199549,"best":80.49446813713931,"gradient_rms":112.90952668985702,"update_rms":0.006494455601182945,"accepted":true,"wall_s":1.7926304265856743}
{"iteration":5,"score":81.0913396046023,"best":81.0913396046023,"gradient_rms":115.27165798987723,"update_rms":0.006323206388069159,"accepted":true,"wall_s":1.741981651633978}
{"iteration":6,"score":81.72959109690373,"best":81.72959109690373,"gradient_rms":43.075989348035485,"update_rms":0.0050753266607398515,"accepted":true,"wall_s":1.7630118392407894}
{"iteration":7,"score":81.93585551284151,"best":81.93585551284151,"gradient_rms":25.94361229021632,"update_rms":0.003958081447358653,"accepted":true,"wall_s":1.7907276712357998}
{"iteration":8,"score":82.01924568253207,"best":82.01924568253207,"gradient_rms":39.18786394510098,"update_rms":0.0037087676345094953,"accepted":true,"wall_s":1.5777043849229813}
{"iteration":9,"score":82.00995827293411,"best":82.01924568253207,"gradient_rms":23.921579359272968,"update_rms":0.0030438559687116667,"accepted":true,"wall_s":1.5713537223637104}
{"iteration":10,"score":82.32257838099086,"best":82.32257838099086,"gradient_rms":29.219504373607716,"update_rms":0.0028857943024644273,"accepted":true,"wall_s":1.7840517535805702}
{"iteration":11,"score":82.44885483212327,"best":82.44885483212327,"gradient_rms":20.201522712943582,"update_rms":0.002626391984558343,"accepted":true,"wall_s":1.7832212522625923}
{"iteration":12,"score":82.5418289070711,"best":82.5418289070711,"gradient_rms":44.997785848751285,"update_rms":0.00343700377230307,"accepted":true,"wall_s":2.2182547301054}
{"iteration":13,"score":82.58421131172538,"best":82.58421131172538,"gradient_rms":20.261793076397385,"update_rms":0.0027679919177652367,"accepted":true,"wall_s":1.7858792804181576}
{"iteration":14,"score":82.6194420714327,"best":82.6194420714327,"gradient_rms":21.69685809629112,"update_rms":0.002347404970935639,"accepted":true,"wall_s":1.7843638211488724}
{"iteration":15,"score":82.84424567486852,"best":82.84424567486852,"gradient_rms":32.16532545397212,"update_rms":0.002560576128291594,"accepted":true,"wall_s":1.7913702838122845}
{"iteration":16,"score":83.03486715445815,"best":83.03486715445815,"gradient_rms":9.026039690877665,"update_rms":0.0019978723052717314,"accepted":true,"wall_s":1.783613059669733}
{"iteration":17,"score":83.24513012137879,"best":83.24513012137879,"gradient_rms":15.729510470078468,"update_rms":0.0018407043400493505,"accepted":true,"wall_s":1.783929593861103}
{"iteration":18,"score":83.43051006624219,"best":83.43051006624219,"gradient_rms":39.65057206481659,"update_rms":0.002992789309123662,"accepted":true,"wall_s":1.5726699903607368}
{"iteration":19,"score":83.6045832729678,"best":83.6045832729678,"gradient_rms":14.305134228666775,"update_rms":0.0023347705599968,"accepted":true,"wall_s":1.7837860807776451}
{"iteration":20,"score":83.90872701305364,"best":83.90872701305364,"gradient_rms":35.55158073803601,"update_rms":0.002891723092288849,"accepted":true,"wall_s":1.7846375182271004}
{"iteration":21,"score":84.05623945050664,"best":84.05623945050664,"gradient_rms":14.733384781105444,"update_rms":0.002389278010450702,"accepted":true,"wall_s":1.7825905568897724}
{"iteration":22,"score":84.34179300321117,"best":84.34179300321117,"gradient_rms":36.10055951796918,"update_rms":0.0032038334459551943,"accepted":true,"wall_s":1.7838076204061508}
{"iteration":23,"score":84.53910841846152,"best":84.53910841846152,"gradient_rms":10.46624827299753,"update_rms":0.002374602985448825,"accepted":true,"wall_s":1.7835890762507915}
{"iteration":24,"score":84.6422997853439,"best":84.6422997853439,"gradient_rms":14.047144970570068,"update_rms":0.002060437046255521,"accepted":true,"wall_s":1.7838862650096416}
{"iteration":25,"score":84.77932390039753,"best":84.77932390039753,"gradient_rms":30.707204399539258,"update_rms":0.0028081593028494276,"accepted":true,"wall_s":1.793832365423441}
{"iteration":26,"score":84.84881166365525,"best":84.84881166365525,"gradient_rms":11.8520185582746,"update_rms":0.002262730646548149,"accepted":true,"wall_s":1.786920353770256}
{"iteration":27,"score":84.88851343375504,"best":84.88851343375504,"gradient_rms":19.247004386495437,"update_rms":0.0022000853864128484,"accepted":true,"wall_s":1.784708097577095}
{"iteration":28,"score":84.84799409547863,"best":84.88851343375504,"gradient_rms":1.2984492074318263,"update_rms":0.0015759316940138488,"accepted":true,"wall_s":1.7806959375739098}
{"iteration":29,"score":84.78672345575694,"best":84.88851343375504,"gradient_rms":7.345333246970969,"update_rms":0.0013041357298018673,"accepted":true,"wall_s":1.7806109301745892}
{"iteration":30,"score":84.76051334553385,"best":84.88851343375504,"gradient_rms":15.593575557006151,"update_rms":0.0015125804864751886,"accepted":true,"wall_s":1.7803526408970356}
{"iteration":31,"score":84.78563506302142,"best":84.88851343375504,"gradient_rms":12.04577641880157,"update_rms":0.0014813359495336846,"accepted":true,"wall_s":2.0740957893431187}
{"iteration":32,"score":84.85294781401562,"best":84.88851343375504,"gradient_rms":9.764457512379115,"update_rms":0.0014124030949065937,"accepted":true,"wall_s":1.780397605150938}
{"iteration":33,"score":85.25823570683401,"best":85.25823570683401,"gradient_rms":43.263593304816624,"update_rms":0.0038075149179776636,"accepted":true,"wall_s":1.7850714959204197}
{"iteration":34,"score":85.34779234865833,"best":85.34779234865833,"gradient_rms":39.809860796173055,"update_rms":0.0039207978279354495,"accepted":true,"wall_s":1.7852439805865288}
{"iteration":35,"score":85.54128135701055,"best":85.54128135701055,"gradient_rms":32.79899786581477,"update_rms":0.00372566056873835,"accepted":true,"wall_s":1.7821700237691402}
{"iteration":36,"score":85.64574878190766,"best":85.64574878190766,"gradient_rms":4.816663864455887,"update_rms":0.0027135652395054786,"accepted":true,"wall_s":1.7831738032400608}
{"iteration":37,"score":85.73947108878397,"best":85.73947108878397,"gradient_rms":25.15053846885281,"update_rms":0.0029410730919043875,"accepted":true,"wall_s":1.7832238785922527}
{"iteration":38,"score":85.63743150057371,"best":85.73947108878397,"gradient_rms":3.7435999906056945,"update_rms":0.002143349126684549,"accepted":true,"wall_s":1.781308501958847}
{"iteration":39,"score":85.48688583579985,"best":85.73947108878397,"gradient_rms":24.549542152185982,"update_rms":0.002555063514325429,"accepted":true,"wall_s":1.7810691446065903}
{"iteration":40,"score":85.82850719317997,"best":85.82850719317997,"gradient_rms":45.71414527911229,"update_rms":0.004110860477285363,"accepted":true,"wall_s":1.7835236266255379}
{"iteration":41,"score":85.96634046118216,"best":85.96634046118216,"gradient_rms":47.61679370524781,"update_rms":0.004647487757026012,"accepted":true,"wall_s":1.7840220853686333}
{"iteration":42,"score":85.74391059134463,"best":85.96634046118216,"gradient_rms":39.96486178740416,"update_rms":0.004593354584259913,"accepted":true,"wall_s":1.7813176810741425}
{"iteration":43,"score":85.39361210725072,"best":85.96634046118216,"gradient_rms":26.04848528096979,"update_rms":0.003836918813872879,"accepted":true,"wall_s":1.78302389010787}
{"iteration":44,"score":85.76093550478024,"best":85.96634046118216,"gradient_rms":57.65241416127251,"update_rms":0.005618790086754953,"accepted":true,"wall_s":1.7807126305997372}
{"iteration":45,"score":85.96768092305052,"best":85.96768092305052,"gradient_rms":31.44563493878517,"update_rms":0.004811508071347775,"accepted":true,"wall_s":1.7854413986206055}
{"iteration":46,"score":85.77185835757477,"best":85.96768092305052,"gradient_rms":5.734229964567722,"update_rms":0.003422574204084993,"accepted":true,"wall_s":1.781610731035471}
{"iteration":47,"score":85.84662880128946,"best":85.96768092305052,"gradient_rms":23.21933428452781,"update_rms":0.0030315719460161615,"accepted":true,"wall_s":1.7838186211884022}
{"iteration":48,"score":86.127127321686,"best":86.127127321686,"gradient_rms":32.827559395845796,"update_rms":0.003473629487270769,"accepted":true,"wall_s":1.783668428659439}
{"iteration":49,"score":86.17006380756426,"best":86.17006380756426,"gradient_rms":37.33352123781909,"update_rms":0.0038838239703404805,"accepted":true,"wall_s":1.784456506371498}
{"iteration":50,"score":86.6511039384148,"best":86.6511039384148,"gradient_rms":60.66969461654991,"update_rms":0.005441597533616193,"accepted":true,"wall_s":1.783995844423771}
{"iteration":51,"score":87.00691721238479,"best":87.00691721238479,"gradient_rms":22.10154576190801,"update_rms":0.004482962736280486,"accepted":true,"wall_s":1.7846072539687157}
{"iteration":52,"score":87.30672995599161,"best":87.30672995599161,"gradient_rms":52.02520001578049,"update_rms":0.005568254042115633,"accepted":true,"wall_s":1.7822518087923527}
{"iteration":53,"score":87.59537549002829,"best":87.59537549002829,"gradient_rms":55.00854678239964,"update_rms":0.006016136016357194,"accepted":true,"wall_s":1.7845465056598186}
{"iteration":54,"score":87.91702984989186,"best":87.91702984989186,"gradient_rms":48.687538759884525,"update_rms":0.005766612437735394,"accepted":true,"wall_s":1.7848243489861488}
{"iteration":55,"score":88.17469026540651,"best":88.17469026540651,"gradient_rms":29.63866329434571,"update_rms":0.00462251565197855,"accepted":true,"wall_s":1.7834456115961075}
{"iteration":56,"score":88.15039516696613,"best":88.17469026540651,"gradient_rms":36.08328128358119,"update_rms":0.004530603665611499,"accepted":true,"wall_s":1.782369740307331}
{"iteration":57,"score":88.07498044237123,"best":88.17469026540651,"gradient_rms":12.229247872679354,"update_rms":0.0032301484546561916,"accepted":true,"wall_s":1.7820386588573456}
{"iteration":58,"score":87.99225508180619,"best":88.17469026540651,"gradient_rms":22.65602666247457,"update_rms":0.002847992756088987,"accepted":true,"wall_s":1.7896636873483658}
{"iteration":59,"score":87.81199247788805,"best":88.17469026540651,"gradient_rms":5.416947813970927,"update_rms":0.00209319449518984,"accepted":true,"wall_s":1.7814518250524998}
{"iteration":60,"score":87.50045606357074,"best":88.17469026540651,"gradient_rms":0.7246367991454866,"update_rms":0.0014884759175837904,"accepted":true,"wall_s":1.5713869407773018}
{"iteration":61,"score":86.84686189059668,"best":88.17469026540651,"gradient_rms":148.08611623285685,"update_rms":0.009593467808330388,"accepted":true,"wall_s":1.7817125096917152}
{"iteration":62,"score":86.39684552313211,"best":88.17469026540651,"gradient_rms":28.365290259143023,"update_rms":0.006945263618913003,"accepted":true,"wall_s":1.7819631658494473}
{"iteration":63,"score":86.587148404172,"best":88.17469026540651,"gradient_rms":34.01175262404891,"update_rms":0.005692388284042557,"accepted":true,"wall_s":1.7812788672745228}
{"iteration":64,"score":86.63270867867014,"best":88.17469026540651,"gradient_rms":10.418216709100795,"update_rms":0.004073370272997371,"accepted":true,"wall_s":1.7821900360286236}
{"iteration":65,"score":86.56683927957388,"best":88.17469026540651,"gradient_rms":26.71862908479274,"update_rms":0.0036250285737990753,"accepted":true,"wall_s":1.7836807556450367}
{"iteration":66,"score":86.3266839356242,"best":88.17469026540651,"gradient_rms":9.4437710154285,"update_rms":0.0026971136440945187,"accepted":true,"wall_s":1.7821498177945614}
{"iteration":67,"score":86.22197325590675,"best":88.17469026540651,"gradient_rms":24.042054858596078,"update_rms":0.002764695400835526,"accepted":true,"wall_s":1.78164441883564}
{"iteration":68,"score":86.08605884313215,"best":88.17469026540651,"gradient_rms":31.024649402545943,"update_rms":0.003173014472677813,"accepted":true,"wall_s":1.785435263067484}
{"iteration":69,"score":85.64803670243627,"best":88.17469026540651,"gradient_rms":12.816783377010259,"update_rms":0.0024500277035718948,"accepted":true,"wall_s":1.7526035867631435}
{"iteration":70,"score":85.58127181938131,"best":88.17469026540651,"gradient_rms":32.61854337047526,"update_rms":0.003001271421090015,"accepted":true,"wall_s":1.7223733849823475}
{"iteration":71,"score":85.48211562983118,"best":88.17469026540651,"gradient_rms":25.301384659976943,"update_rms":0.0029386309766740513,"accepted":true,"wall_s":1.5126280710101128}
{"iteration":72,"score":85.07342617692134,"best":88.17469026540651,"gradient_rms":70.96408801060284,"update_rms":0.005733881415506206,"accepted":true,"wall_s":1.7220839150249958}
{"iteration":73,"score":84.09462691808832,"best":88.17469026540651,"gradient_rms":5.562198138218879,"update_rms":0.004074242567685981,"accepted":true,"wall_s":1.7532495632767677}
{"iteration":74,"score":84.45540877021908,"best":88.17469026540651,"gradient_rms":52.57749003205389,"update_rms":0.005020345534916184,"accepted":true,"wall_s":1.7821664921939373}
{"iteration":75,"score":84.00885977832553,"best":88.17469026540651,"gradient_rms":9.403029622132994,"update_rms":0.0036952974219786484,"accepted":true,"wall_s":1.7863067165017128}
{"iteration":76,"score":85.45129063722673,"best":88.17469026540651,"gradient_rms":72.00453641950433,"update_rms":0.005913805411395235,"accepted":true,"wall_s":1.8218185938894749}
{"iteration":77,"score":85.59878520669743,"best":88.17469026540651,"gradient_rms":24.238158917663334,"update_rms":0.004790777468587532,"accepted":true,"wall_s":1.7535627409815788}
{"iteration":78,"score":84.99467627346564,"best":88.17469026540651,"gradient_rms":23.081476015983746,"update_rms":0.0038930765626429904,"accepted":true,"wall_s":1.7228267937898636}
{"iteration":79,"score":84.4607871494909,"best":88.17469026540651,"gradient_rms":7.33846621510719,"update_rms":0.0028098484356653066,"accepted":true,"wall_s":1.723119080066681}
{"iteration":80,"score":84.68026365198668,"best":88.17469026540651,"gradient_rms":119.76898828743157,"update_rms":0.008301682525081918,"accepted":true,"wall_s":1.7218766547739506}
{"iteration":81,"score":85.30525078592264,"best":88.17469026540651,"gradient_rms":40.185152146073825,"update_rms":0.006691285638839734,"accepted":true,"wall_s":1.7241180911660194}
{"iteration":82,"score":85.93102706393667,"best":88.17469026540651,"gradient_rms":36.28114334713706,"update_rms":0.005450273941191646,"accepted":true,"wall_s":1.7335256226360798}
{"iteration":83,"score":86.38512292104826,"best":88.17469026540651,"gradient_rms":46.51153482442259,"update_rms":0.004887985836984171,"accepted":true,"wall_s":1.7229571826756}
{"iteration":84,"score":86.1046229131564,"best":88.17469026540651,"gradient_rms":25.92039451421072,"update_rms":0.0038953008580980444,"accepted":true,"wall_s":1.721709944307804}
{"iteration":85,"score":85.42214251484177,"best":88.17469026540651,"gradient_rms":26.838851537203794,"update_rms":0.0033730863164180697,"accepted":true,"wall_s":1.6689938679337502}
{"iteration":86,"score":85.4918066342153,"best":88.17469026540651,"gradient_rms":58.46307794240387,"update_rms":0.004930411290499197,"accepted":true,"wall_s":1.7821931689977646}
{"iteration":87,"score":85.59455517143965,"best":88.17469026540651,"gradient_rms":32.717652129722225,"update_rms":0.004183030243230143,"accepted":true,"wall_s":1.780859436839819}
{"iteration":88,"score":85.6657161904407,"best":88.17469026540651,"gradient_rms":30.31935944454014,"update_rms":0.0038261110252302863,"accepted":true,"wall_s":1.782281693071127}
{"iteration":89,"score":85.8299090473224,"best":88.17469026540651,"gradient_rms":30.702953337743946,"update_rms":0.0036090159308546795,"accepted":true,"wall_s":1.7822053954005241}
{"iteration":90,"score":85.52693666101598,"best":88.17469026540651,"gradient_rms":4.094492856045709,"update_rms":0.002542661268656249,"accepted":true,"wall_s":1.5720083862543106}
{"iteration":91,"score":85.5118470562347,"best":88.17469026540651,"gradient_rms":7.532464891969108,"update_rms":0.001813794678573472,"accepted":true,"wall_s":1.781659234315157}
{"iteration":92,"score":85.61039956790572,"best":88.17469026540651,"gradient_rms":41.641318340338636,"update_rms":0.003441597439987453,"accepted":true,"wall_s":1.7821635976433754}
{"iteration":93,"score":85.88605439200857,"best":88.17469026540651,"gradient_rms":25.953414396136644,"update_rms":0.0032767969893889278,"accepted":true,"wall_s":1.7827759459614754}
{"iteration":94,"score":85.95345102431031,"best":88.17469026540651,"gradient_rms":10.399755971992256,"update_rms":0.0023788660466513806,"accepted":true,"wall_s":1.7823701202869415}
{"iteration":95,"score":84.88897990128397,"best":88.17469026540651,"gradient_rms":110.02099891787668,"update_rms":0.007950337757040748,"accepted":true,"wall_s":1.781764917075634}
{"iteration":96,"score":84.20069382151368,"best":88.17469026540651,"gradient_rms":28.891964204063374,"update_rms":0.006150722475219454,"accepted":true,"wall_s":1.7809010669589043}
{"iteration":97,"score":83.91545424238603,"best":88.17469026540651,"gradient_rms":35.164353769824544,"update_rms":0.0048563751650972705,"accepted":true,"wall_s":1.781283661723137}
{"iteration":98,"score":84.27320259538557,"best":88.17469026540651,"gradient_rms":24.084674455609186,"update_rms":0.004035864592112678,"accepted":true,"wall_s":1.7813882529735565}
{"iteration":99,"score":85.16555734448201,"best":88.17469026540651,"gradient_rms":43.45827553062296,"update_rms":0.004455502176245733,"accepted":true,"wall_s":1.781163889914751}
{"iteration":100,"score":85.33675804961476,"best":88.17469026540651,"gradient_rms":23.358945054745956,"update_rms":0.0038997142794811633,"accepted":true,"wall_s":1.7807731814682484}
{
  "status": "ok",
  "stop_reason": "completed_iterations",
  "initial_score": 80.49446813713931,
  "final_score": 85.33675804961476,
  "best_score": 88.17469026540651,
  "best_iteration": 55,
  "completed_iterations": 100,
  "completed_adam_steps": 100,
  "completed_optimizer_steps": 100,
  "total_wall_s": 177.1581990160048,
  "initial_decode_wall_s": 1.4922227188944817,
  "initial_score_wall_s": 0.7256502732634544,
  "mean_iteration_wall_s": 1.770693275295198,
  "manifest": {
    "algorithm": "adam_with_query_batched_local_gradient",
    "optimizer": "adam",
    "parameter_space": "data",
    "gradient_objective": "dynamic local full-density score with coordinate and maximum-surface-selection derivatives omitted",
    "formal_objective": "complete native QH score for every accepted center",
    "initial_case": "/home/scc/pb24511935/local_surface_evaluator/runs/summary1_review2_20260824/flow_pairs/cases/case_00.json",
    "initial_case_sha256": "b879f2eeb089de8bd784b336ae8740daf5eb52989dd25f5782e62401b6ddccab",
    "checkpoint": "/home/scc/pb24511935/local_surface_evaluator/runs/qh_flow_physical_lr_longselect_20260729/lr_3em4/checkpoint_latest.pt",
    "checkpoint_sha256": "39a3293a459e248a0d1ec062607a1a467128b14d8ca973aadd82e113532ab99f",
    "native_lib": "/home/scc/pb24511935/local_surface_evaluator/runs/summary1_review2_20260824/build_native/libstellarator_gpu.so",
    "native_lib_sha256": "7d3784e02172f5c3130bcf085efa8120dc059d5007daa4b18680edd97b077f94",
    "nfp": 5,
    "n_base_coils": 2,
    "iterations": 100,
    "max_wall_s": 4200.0,
    "flow": {
      "method": "rk4",
      "steps": 128,
      "dtype": "fp32",
      "use": "initial latent-to-coil decode only"
    },
    "flow_pipeline": false,
    "coordinate_gradient": {
      "dimension": 200,
      "mode": "random-orthogonal",
      "random_directions": 2,
      "endpoint_count": 4,
      "perturbation": 0.0025,
      "difference": "centered",
      "psi_grid": 48,
      "psi_iterations": 4,
      "alpha_iterations": 4,
      "formal_surface_theta_count": 128,
      "local_surface_theta_count": 64
    },
    "adam": {
      "learning_rate": 0.01,
      "beta1": 0.7,
      "beta2": 0.999,
      "epsilon": 1e-08,
      "weight_decay": 0.0
    },
    "bfgs": {
      "initial_trust_rms": 0.01,
      "min_trust_rms": 1e-05,
      "max_trust_rms": 0.05,
      "trust_growth": 1.2,
      "trust_shrink": 0.5,
      "min_improvement": 0.0
    },
    "seed": 2026082500,
    "axis_policy": "initial global search, then strict mixed-precision continuation",
    "devices": {
      "flow": 0,
      "score": 0
    },
    "initial_metadata_keys": [
      "flow_prior_screening",
      "nfp",
      "raw"
    ],
    "data_parameterization": {
      "definition": "per-coordinate training-set standardization",
      "physical_mapping": "CoilNormalizer.inverse with canonical current L1/sign",
      "initial_clipped_fraction": 0.0,
      "initial_roundtrip_relative_rms": 0.0,
      "flow_calls_after_initialization": 0
    }
  }
}
{"iteration":1,"score":80.30397991493768,"best":80.30397991493768,"gradient_rms":24.01695328999174,"update_rms":0.00999999998175123,"accepted":true,"wall_s":4.416977420449257}
{"iteration":2,"score":81.01646427256235,"best":81.01646427256235,"gradient_rms":32.050915435944674,"update_rms":0.007295433910118714,"accepted":true,"wall_s":3.302418138831854}
{"iteration":3,"score":81.55147364161539,"best":81.55147364161539,"gradient_rms":20.154849151965596,"update_rms":0.005419731326412091,"accepted":true,"wall_s":3.286411266773939}
{"iteration":4,"score":81.91172927922676,"best":81.91172927922676,"gradient_rms":11.106137477410618,"update_rms":0.0044344891848831424,"accepted":true,"wall_s":3.402168896049261}
{"iteration":5,"score":82.20958351024572,"best":82.20958351024572,"gradient_rms":19.188693741912054,"update_rms":0.004398629539702156,"accepted":true,"wall_s":3.3964864425361156}
{"iteration":6,"score":82.38494719589528,"best":82.38494719589528,"gradient_rms":9.527374892388947,"update_rms":0.00372069560474454,"accepted":true,"wall_s":3.378450784832239}
{"iteration":7,"score":82.48691296459086,"best":82.48691296459086,"gradient_rms":12.972088384826245,"update_rms":0.0035538337580458892,"accepted":true,"wall_s":3.382885780185461}
{"iteration":8,"score":82.53710978491509,"best":82.53710978491509,"gradient_rms":62.71709761779779,"update_rms":0.00612714657168784,"accepted":true,"wall_s":3.3871638253331184}
{"iteration":9,"score":82.45417167091905,"best":82.53710978491509,"gradient_rms":14.055200560034095,"update_rms":0.00490849205733699,"accepted":true,"wall_s":3.381501693278551}
{"iteration":10,"score":82.38148688455504,"best":82.53710978491509,"gradient_rms":3.467364458911421,"update_rms":0.0036102232339505873,"accepted":true,"wall_s":3.3805864937603474}
{"iteration":11,"score":82.35574156680961,"best":82.53710978491509,"gradient_rms":40.10199370997541,"update_rms":0.00504634981776145,"accepted":true,"wall_s":3.104138046503067}
{"iteration":12,"score":82.59799977937439,"best":82.59799977937439,"gradient_rms":17.935892495990277,"update_rms":0.0039925775637389025,"accepted":true,"wall_s":3.1059059761464596}
{"iteration":13,"score":82.64905584310934,"best":82.64905584310934,"gradient_rms":6.685271885202388,"update_rms":0.002990287889816216,"accepted":true,"wall_s":3.1509629525244236}
{"iteration":14,"score":82.68518661348376,"best":82.68518661348376,"gradient_rms":17.742647669933657,"update_rms":0.0032221650333932174,"accepted":true,"wall_s":3.378547675907612}
{"iteration":15,"score":82.52018647659158,"best":82.68518661348376,"gradient_rms":77.48079618834134,"update_rms":0.00669391737771397,"accepted":true,"wall_s":3.3928347751498222}
{"iteration":16,"score":82.37259367709343,"best":82.68518661348376,"gradient_rms":55.60215020002167,"update_rms":0.006682493899545114,"accepted":true,"wall_s":3.1064241267740726}
{"iteration":17,"score":82.60962311789012,"best":82.68518661348376,"gradient_rms":49.539622821598996,"update_rms":0.006199728364580813,"accepted":true,"wall_s":3.377250649034977}
{"iteration":18,"score":82.80705842570927,"best":82.80705842570927,"gradient_rms":22.197883885526213,"update_rms":0.005074666891688352,"accepted":true,"wall_s":3.379441775381565}
{"iteration":19,"score":82.94475827756177,"best":82.94475827756177,"gradient_rms":35.35905609391539,"update_rms":0.004746811309060193,"accepted":true,"wall_s":3.3863030038774014}
{"iteration":20,"score":82.84835817312425,"best":82.94475827756177,"gradient_rms":17.676010553145737,"update_rms":0.003739696647029847,"accepted":true,"wall_s":3.396317984908819}
{"iteration":21,"score":82.73422303393778,"best":82.94475827756177,"gradient_rms":18.20400929747725,"update_rms":0.0032175413289903827,"accepted":true,"wall_s":3.2761215418577194}
{"iteration":22,"score":82.6947048220839,"best":82.94475827756177,"gradient_rms":18.061366864719467,"update_rms":0.002984080914240096,"accepted":true,"wall_s":3.395298555493355}
{"iteration":23,"score":83.21697322722298,"best":83.21697322722298,"gradient_rms":61.871800298708806,"update_rms":0.005654405628060267,"accepted":true,"wall_s":3.1227770037949085}
{"iteration":24,"score":83.48050915671723,"best":83.48050915671723,"gradient_rms":14.181696199129448,"update_rms":0.0043468081943840425,"accepted":true,"wall_s":3.113940242677927}
{"iteration":25,"score":83.6619740391928,"best":83.6619740391928,"gradient_rms":9.02034579053193,"update_rms":0.003189069877322077,"accepted":true,"wall_s":3.120888538658619}
{"iteration":26,"score":83.7162308708565,"best":83.7162308708565,"gradient_rms":24.664514890741668,"update_rms":0.0032533427058321087,"accepted":true,"wall_s":3.110204502940178}
{"iteration":27,"score":83.86460108766614,"best":83.86460108766614,"gradient_rms":8.75690900008693,"update_rms":0.0025524988241081683,"accepted":true,"wall_s":3.040079779922962}
{"iteration":28,"score":83.98000277049525,"best":83.98000277049525,"gradient_rms":15.444376725190882,"update_rms":0.0024745056219215474,"accepted":true,"wall_s":3.1313145756721497}
{"iteration":29,"score":84.44972310863854,"best":84.44972310863854,"gradient_rms":52.028952965060824,"update_rms":0.005035387632232107,"accepted":true,"wall_s":3.210562102496624}
{"iteration":30,"score":84.64102458344729,"best":84.64102458344729,"gradient_rms":17.723642037934663,"update_rms":0.004130457511179572,"accepted":true,"wall_s":6.563396815210581}
{"iteration":31,"score":84.84134228088209,"best":84.84134228088209,"gradient_rms":22.77007808039477,"update_rms":0.003565380032739818,"accepted":true,"wall_s":3.0814964435994625}
{"iteration":32,"score":85.3766147978799,"best":85.3766147978799,"gradient_rms":97.86794973439196,"update_rms":0.007881708875246918,"accepted":true,"wall_s":3.558734502643347}
{"iteration":33,"score":85.4590885836998,"best":85.4590885836998,"gradient_rms":9.507432928919929,"update_rms":0.0057690082763568575,"accepted":true,"wall_s":3.3873619735240936}
{"iteration":34,"score":85.43926662836594,"best":85.4590885836998,"gradient_rms":16.488972678866087,"update_rms":0.0044493174511836195,"accepted":true,"wall_s":3.3878455124795437}
{"iteration":35,"score":85.38465653596553,"best":85.4590885836998,"gradient_rms":8.077340122190465,"update_rms":0.0032458770033894527,"accepted":true,"wall_s":3.3960669226944447}
{"iteration":36,"score":85.26963519482165,"best":85.4590885836998,"gradient_rms":8.33333299777122,"update_rms":0.002433053822951205,"accepted":true,"wall_s":3.0066857002675533}
{"iteration":37,"score":85.36079808658732,"best":85.4590885836998,"gradient_rms":11.850285898570535,"update_rms":0.0021197512552367445,"accepted":true,"wall_s":3.6641460210084915}
{"iteration":38,"score":85.36746446500541,"best":85.4590885836998,"gradient_rms":6.48546134830759,"update_rms":0.0016729131613465488,"accepted":true,"wall_s":3.0396189615130424}
{"iteration":39,"score":85.15499078703755,"best":85.4590885836998,"gradient_rms":16.587331931441348,"update_rms":0.002077046581514034,"accepted":true,"wall_s":3.114291165024042}
{"iteration":40,"score":85.27064945193962,"best":85.4590885836998,"gradient_rms":11.382195079651156,"update_rms":0.0018329292146506665,"accepted":true,"wall_s":3.148577708750963}
{"iteration":41,"score":85.30772085724,"best":85.4590885836998,"gradient_rms":9.049311739820261,"update_rms":0.0015905496834099793,"accepted":true,"wall_s":3.1164621263742447}
{"iteration":42,"score":85.35677886806202,"best":85.4590885836998,"gradient_rms":5.840532403004654,"update_rms":0.0013420070269058908,"accepted":true,"wall_s":3.1135012060403824}
{"iteration":43,"score":85.4196719149566,"best":85.4590885836998,"gradient_rms":12.406867687236119,"update_rms":0.0016175068897487464,"accepted":true,"wall_s":3.006443787366152}
{"iteration":44,"score":85.4718437495034,"best":85.4718437495034,"gradient_rms":3.357164785651496,"update_rms":0.001230673093966892,"accepted":true,"wall_s":3.122512921690941}
{"iteration":45,"score":85.60325662981285,"best":85.60325662981285,"gradient_rms":26.702285773393353,"update_rms":0.0027588050189187334,"accepted":true,"wall_s":3.1216020956635475}
{"iteration":46,"score":85.70732207355037,"best":85.70732207355037,"gradient_rms":12.249962375815514,"update_rms":0.0022981814888270087,"accepted":true,"wall_s":3.011529501527548}
{"iteration":47,"score":85.85164344846586,"best":85.85164344846586,"gradient_rms":14.072545143799418,"update_rms":0.00227029619890022,"accepted":true,"wall_s":3.1301752142608166}
{"iteration":48,"score":85.8180915902556,"best":85.85164344846586,"gradient_rms":40.499565348253135,"update_rms":0.004479452874512316,"accepted":true,"wall_s":3.385145705193281}
{"iteration":49,"score":85.72031995933989,"best":85.85164344846586,"gradient_rms":8.467554746946707,"update_rms":0.0032562504468701976,"accepted":true,"wall_s":3.006458941847086}
{"iteration":50,"score":85.76536640271937,"best":85.85164344846586,"gradient_rms":21.02320611296312,"update_rms":0.003094073370005568,"accepted":true,"wall_s":3.0062674283981323}
{"iteration":51,"score":85.5249048911051,"best":85.85164344846586,"gradient_rms":63.366431076940806,"update_rms":0.006389619312240933,"accepted":true,"wall_s":3.393066868185997}
{"iteration":52,"score":84.47649938018795,"best":85.85164344846586,"gradient_rms":93.81773680505742,"update_rms":0.009149586649840356,"accepted":true,"wall_s":3.3945391960442066}
{"iteration":53,"score":83.70002309566122,"best":85.85164344846586,"gradient_rms":13.766975391664358,"update_rms":0.006539501463491751,"accepted":true,"wall_s":3.285087876021862}
{"iteration":54,"score":83.29671892794273,"best":85.85164344846586,"gradient_rms":38.31613661608862,"update_rms":0.005962185079880705,"accepted":true,"wall_s":3.0102561116218567}
{"iteration":55,"score":83.2209391310574,"best":85.85164344846586,"gradient_rms":13.313992800523938,"update_rms":0.004523394739006856,"accepted":true,"wall_s":3.010532844811678}
{"iteration":56,"score":83.25530737453236,"best":85.85164344846586,"gradient_rms":21.443209661406094,"update_rms":0.003831668702250095,"accepted":true,"wall_s":3.007690329104662}
{"iteration":57,"score":83.36353505996121,"best":85.85164344846586,"gradient_rms":38.97086991166228,"update_rms":0.004387186760188893,"accepted":true,"wall_s":3.1208851896226406}
{"iteration":58,"score":83.74591706225961,"best":85.85164344846586,"gradient_rms":44.66619973697634,"update_rms":0.005065433921188244,"accepted":true,"wall_s":3.0047668293118477}
{"iteration":59,"score":84.33743056848363,"best":85.85164344846586,"gradient_rms":41.809781542591764,"update_rms":0.004957338280644724,"accepted":true,"wall_s":3.003676123917103}
{"iteration":60,"score":84.83141264697232,"best":85.85164344846586,"gradient_rms":15.7512130470685,"update_rms":0.003742491910449863,"accepted":true,"wall_s":3.002362422645092}
{"iteration":61,"score":84.61256440338693,"best":85.85164344846586,"gradient_rms":77.1838162361338,"update_rms":0.0070620934053198005,"accepted":true,"wall_s":3.0042439997196198}
{"iteration":62,"score":84.87400172201072,"best":85.85164344846586,"gradient_rms":45.05800580655287,"update_rms":0.0061998024269239085,"accepted":true,"wall_s":3.0107117407023907}
{"iteration":63,"score":85.10847456089449,"best":85.85164344846586,"gradient_rms":23.551622818530976,"update_rms":0.004770225206607901,"accepted":true,"wall_s":3.0070656538009644}
{"iteration":64,"score":85.31981165314441,"best":85.85164344846586,"gradient_rms":15.139139957734269,"update_rms":0.003748890165942361,"accepted":true,"wall_s":2.998692858964205}
{"iteration":65,"score":85.65657923745206,"best":85.85164344846586,"gradient_rms":31.33790546235116,"update_rms":0.004017095596727242,"accepted":true,"wall_s":3.0036943703889847}
{"iteration":66,"score":85.90005286978614,"best":85.90005286978614,"gradient_rms":13.05264388937603,"update_rms":0.0030137382340466503,"accepted":true,"wall_s":3.006429146975279}
{"iteration":67,"score":86.05340369360393,"best":86.05340369360393,"gradient_rms":15.074867207647154,"update_rms":0.002526049494852436,"accepted":true,"wall_s":3.006930109113455}
{"iteration":68,"score":85.88358089083992,"best":86.05340369360393,"gradient_rms":114.51721307864184,"update_rms":0.008872344349468715,"accepted":true,"wall_s":3.0040443651378155}
{"iteration":69,"score":85.91997829475353,"best":86.05340369360393,"gradient_rms":12.741315734692233,"update_rms":0.006309018280355118,"accepted":true,"wall_s":3.005587860941887}
{"iteration":70,"score":85.99893871959858,"best":86.05340369360393,"gradient_rms":19.56564722706063,"update_rms":0.004835766062688474,"accepted":true,"wall_s":2.99942921474576}
{"iteration":71,"score":85.98177242242518,"best":86.05340369360393,"gradient_rms":12.511071508287237,"update_rms":0.003541049063150553,"accepted":true,"wall_s":3.013539344072342}
{"iteration":72,"score":85.98102217129414,"best":86.05340369360393,"gradient_rms":7.450215265332784,"update_rms":0.002616753980283662,"accepted":true,"wall_s":3.0062513537704945}
{"iteration":73,"score":86.0372262324441,"best":86.05340369360393,"gradient_rms":12.196279283499406,"update_rms":0.0022339218002339453,"accepted":true,"wall_s":3.0060369074344635}
{"iteration":74,"score":86.21539035742637,"best":86.21539035742637,"gradient_rms":19.154488309638065,"update_rms":0.0023066392654866844,"accepted":true,"wall_s":3.0058117881417274}
{"iteration":75,"score":86.30524831081671,"best":86.30524831081671,"gradient_rms":36.40928900099044,"update_rms":0.003711952269333445,"accepted":true,"wall_s":3.0058449022471905}
{"iteration":76,"score":86.34871671184678,"best":86.34871671184678,"gradient_rms":3.75383494063752,"update_rms":0.0026243347763128208,"accepted":true,"wall_s":3.006923843175173}
{"iteration":77,"score":86.38013874925204,"best":86.38013874925204,"gradient_rms":21.61564158109516,"update_rms":0.002678523549210672,"accepted":true,"wall_s":2.9985586777329445}
{"iteration":78,"score":86.39885591322185,"best":86.39885591322185,"gradient_rms":7.5016279212158326,"update_rms":0.002052489732340409,"accepted":true,"wall_s":2.993360258638859}
{"iteration":79,"score":86.37966798664694,"best":86.39885591322185,"gradient_rms":55.15470976118121,"update_rms":0.004877865056344795,"accepted":true,"wall_s":2.9973636120557785}
{"iteration":80,"score":86.34575386495712,"best":86.39885591322185,"gradient_rms":5.284903484957962,"update_rms":0.003462325562673309,"accepted":true,"wall_s":3.0018998570740223}
{"iteration":81,"score":86.26692009991787,"best":86.39885591322185,"gradient_rms":11.862485633813495,"update_rms":0.0026828464658982167,"accepted":true,"wall_s":3.003995720297098}
{"iteration":82,"score":86.04458897797433,"best":86.39885591322185,"gradient_rms":69.61248900681696,"update_rms":0.006294999532030778,"accepted":true,"wall_s":3.006995528936386}
{"iteration":83,"score":85.33207773153588,"best":86.39885591322185,"gradient_rms":93.60526485442328,"update_rms":0.008556430147544024,"accepted":true,"wall_s":3.003983650356531}
{"iteration":84,"score":84.91800115480314,"best":86.39885591322185,"gradient_rms":24.186067585768786,"update_rms":0.006256494185793344,"accepted":true,"wall_s":3.007038377225399}
{"iteration":85,"score":84.6450026706806,"best":86.39885591322185,"gradient_rms":14.91881999618145,"update_rms":0.004583967666043827,"accepted":true,"wall_s":3.0061696879565716}
{"iteration":86,"score":84.78623704864526,"best":86.39885591322185,"gradient_rms":51.53762866786622,"update_rms":0.005295527900171897,"accepted":true,"wall_s":3.011509031057358}
{"iteration":87,"score":85.07240829594468,"best":86.39885591322185,"gradient_rms":21.61176829145353,"update_rms":0.004150996056221412,"accepted":true,"wall_s":3.004340771585703}
{"iteration":88,"score":85.34632452422348,"best":86.39885591322185,"gradient_rms":34.20076752696383,"update_rms":0.004098211178556845,"accepted":true,"wall_s":3.011473771184683}
{"iteration":89,"score":85.5926924266614,"best":86.39885591322185,"gradient_rms":5.53512333550002,"update_rms":0.002933134277563053,"accepted":true,"wall_s":3.0193353220820427}
{"iteration":90,"score":85.74760394191814,"best":86.39885591322185,"gradient_rms":8.45554658158625,"update_rms":0.002198776273840186,"accepted":true,"wall_s":3.004396826028824}
{"iteration":91,"score":85.88434477906227,"best":86.39885591322185,"gradient_rms":3.538876188231105,"update_rms":0.001585444590923756,"accepted":true,"wall_s":3.002528630197048}
{"iteration":92,"score":85.93036270687959,"best":86.39885591322185,"gradient_rms":17.640117010933466,"update_rms":0.0019565083048141943,"accepted":true,"wall_s":3.0232509076595306}
{"iteration":93,"score":86.00018252262174,"best":86.39885591322185,"gradient_rms":7.538822532237595,"update_rms":0.0015645974570883028,"accepted":true,"wall_s":3.0074474029242992}
{"iteration":94,"score":86.11373415184694,"best":86.39885591322185,"gradient_rms":12.738557475460604,"update_rms":0.0015516073038746156,"accepted":true,"wall_s":3.006638780236244}
{"iteration":95,"score":86.1169768029144,"best":86.39885591322185,"gradient_rms":5.764146411249519,"update_rms":0.0011999815529089369,"accepted":true,"wall_s":3.058127161115408}
{"iteration":96,"score":86.15074838630927,"best":86.39885591322185,"gradient_rms":5.339160574461529,"update_rms":0.0009703443396590223,"accepted":true,"wall_s":3.04224818572402}
{"iteration":97,"score":86.15145781328326,"best":86.39885591322185,"gradient_rms":9.078424894331233,"update_rms":0.0010391634320356538,"accepted":true,"wall_s":3.0113160349428654}
{"iteration":98,"score":86.2290752790552,"best":86.39885591322185,"gradient_rms":3.4352950300962837,"update_rms":0.0008241867490184677,"accepted":true,"wall_s":3.004346765577793}
{"iteration":99,"score":86.2386458413173,"best":86.39885591322185,"gradient_rms":7.474040720014202,"update_rms":0.0009415432605811741,"accepted":true,"wall_s":2.9978756345808506}
{"iteration":100,"score":86.23443653412181,"best":86.39885591322185,"gradient_rms":4.5065613720913955,"update_rms":0.0007594453448725999,"accepted":true,"wall_s":3.0073571912944317}
{
  "status": "ok",
  "stop_reason": "completed_iterations",
  "initial_score": 79.83948622317077,
  "final_score": 86.23443653412181,
  "best_score": 86.39885591322185,
  "best_iteration": 78,
  "completed_iterations": 100,
  "completed_adam_steps": 100,
  "completed_optimizer_steps": 100,
  "total_wall_s": 318.02805548906326,
  "initial_decode_wall_s": 1.5192509889602661,
  "initial_score_wall_s": 0.9061540886759758,
  "mean_iteration_wall_s": 3.1793834424391387,
  "manifest": {
    "algorithm": "adam_with_query_batched_local_gradient",
    "optimizer": "adam",
    "parameter_space": "latent",
    "gradient_objective": "dynamic local full-density score with coordinate and maximum-surface-selection derivatives omitted",
    "formal_objective": "complete native QH score for every accepted center",
    "initial_case": "/home/scc/pb24511935/local_surface_evaluator/runs/summary1_review2_20260824/flow_pairs/cases/case_04.json",
    "initial_case_sha256": "47e10ae37ece436c0d32fb9e970b908fb685d368191c2c461e5953870f1ffb6c",
    "checkpoint": "/home/scc/pb24511935/local_surface_evaluator/runs/qh_flow_physical_lr_longselect_20260729/lr_3em4/checkpoint_latest.pt",
    "checkpoint_sha256": "39a3293a459e248a0d1ec062607a1a467128b14d8ca973aadd82e113532ab99f",
    "native_lib": "/home/scc/pb24511935/local_surface_evaluator/runs/summary1_review2_20260824/build_native/libstellarator_gpu.so",
    "native_lib_sha256": "7d3784e02172f5c3130bcf085efa8120dc059d5007daa4b18680edd97b077f94",
    "nfp": 5,
    "n_base_coils": 3,
    "iterations": 100,
    "max_wall_s": 4200.0,
    "flow": {
      "method": "rk4",
      "steps": 128,
      "dtype": "fp32",
      "use": "every gradient endpoint and accepted center"
    },
    "flow_pipeline": true,
    "coordinate_gradient": {
      "dimension": 300,
      "mode": "random-orthogonal",
      "random_directions": 2,
      "endpoint_count": 4,
      "perturbation": 0.005,
      "difference": "centered",
      "psi_grid": 48,
      "psi_iterations": 4,
      "alpha_iterations": 4,
      "formal_surface_theta_count": 128,
      "local_surface_theta_count": 64
    },
    "adam": {
      "learning_rate": 0.01,
      "beta1": 0.7,
      "beta2": 0.999,
      "epsilon": 1e-08,
      "weight_decay": 0.0
    },
    "bfgs": {
      "initial_trust_rms": 0.01,
      "min_trust_rms": 1e-05,
      "max_trust_rms": 0.05,
      "trust_growth": 1.2,
      "trust_shrink": 0.5,
      "min_improvement": 0.0
    },
    "seed": 2026082504,
    "axis_policy": "initial global search, then strict mixed-precision continuation",
    "devices": {
      "flow": 0,
      "score": 0
    },
    "initial_metadata_keys": [
      "flow_prior_screening",
      "nfp",
      "raw"
    ]
  }
}
{"iteration":1,"score":81.0874488327804,"best":81.0874488327804,"gradient_rms":63.63497789891264,"update_rms":0.009999999993946957,"accepted":true,"wall_s":2.040413450449705}
{"iteration":2,"score":82.03081327651984,"best":82.03081327651984,"gradient_rms":89.45294217718104,"update_rms":0.007526047718039935,"accepted":true,"wall_s":2.034344870597124}
{"iteration":3,"score":82.2501810435931,"best":82.2501810435931,"gradient_rms":49.29285971769445,"update_rms":0.006098495014533176,"accepted":true,"wall_s":2.018153350800276}
{"iteration":4,"score":82.36274113134458,"best":82.36274113134458,"gradient_rms":54.70931190837818,"update_rms":0.004972776212313438,"accepted":true,"wall_s":2.2951765842735767}
{"iteration":5,"score":82.49381058631982,"best":82.49381058631982,"gradient_rms":33.87987896250442,"update_rms":0.004151186063650561,"accepted":true,"wall_s":2.2956670597195625}
{"iteration":6,"score":82.37346672245548,"best":82.49381058631982,"gradient_rms":10.508943173333748,"update_rms":0.003056054135201444,"accepted":true,"wall_s":2.2922147139906883}
{"iteration":7,"score":82.33507187547957,"best":82.49381058631982,"gradient_rms":15.453693354579931,"update_rms":0.0025462237906870274,"accepted":true,"wall_s":2.182693909853697}
{"iteration":8,"score":82.46699291996272,"best":82.49381058631982,"gradient_rms":43.211578162118684,"update_rms":0.0033531678703479866,"accepted":true,"wall_s":2.308400087058544}
{"iteration":9,"score":82.75689320129464,"best":82.75689320129464,"gradient_rms":37.307823065282115,"update_rms":0.003498737480639554,"accepted":true,"wall_s":2.183856625109911}
{"iteration":10,"score":82.95891607738712,"best":82.95891607738712,"gradient_rms":25.75598604049656,"update_rms":0.0032175824039487166,"accepted":true,"wall_s":2.0174059867858887}
{"iteration":11,"score":83.38901368309408,"best":83.38901368309408,"gradient_rms":56.9820523744477,"update_rms":0.004179944819834847,"accepted":true,"wall_s":2.288132045418024}
{"iteration":12,"score":83.71129519644285,"best":83.71129519644285,"gradient_rms":46.21298970812988,"update_rms":0.004200251718015118,"accepted":true,"wall_s":2.2807208821177483}
{"iteration":13,"score":83.46142126913416,"best":83.71129519644285,"gradient_rms":28.897721506274944,"update_rms":0.0034349020319636224,"accepted":true,"wall_s":2.1695146448910236}
{"iteration":14,"score":82.94157983872013,"best":83.71129519644285,"gradient_rms":6.525238434389674,"update_rms":0.002546954609015555,"accepted":true,"wall_s":2.284071061760187}
{"iteration":15,"score":82.40425050175999,"best":83.71129519644285,"gradient_rms":22.9433076250281,"update_rms":0.002449083315846896,"accepted":true,"wall_s":2.004130080342293}
{"iteration":16,"score":82.61964340045438,"best":83.71129519644285,"gradient_rms":48.77836346036715,"update_rms":0.0037596000954231395,"accepted":true,"wall_s":2.2805206663906574}
{"iteration":17,"score":83.15931052489843,"best":83.71129519644285,"gradient_rms":83.8161360633692,"update_rms":0.005641534971305593,"accepted":true,"wall_s":2.167729366570711}
{"iteration":18,"score":83.18454349052936,"best":83.71129519644285,"gradient_rms":49.47813041651948,"update_rms":0.005167028283097285,"accepted":true,"wall_s":2.2792295441031456}
{"iteration":19,"score":82.91092493030594,"best":83.71129519644285,"gradient_rms":40.92698233374274,"update_rms":0.004372563261022487,"accepted":true,"wall_s":2.281183000653982}
{"iteration":20,"score":82.56119317975461,"best":83.71129519644285,"gradient_rms":26.79347665083234,"update_rms":0.0035563468610804393,"accepted":true,"wall_s":2.0033231899142265}
{"iteration":21,"score":82.38627011107087,"best":83.71129519644285,"gradient_rms":32.74897839148883,"update_rms":0.0032912291918335574,"accepted":true,"wall_s":2.280440840870142}
{"iteration":22,"score":82.63780343170386,"best":83.71129519644285,"gradient_rms":71.42812001809467,"update_rms":0.004851754538493193,"accepted":true,"wall_s":1.891510996967554}
{"iteration":23,"score":82.78759915008062,"best":83.71129519644285,"gradient_rms":19.558757788028387,"update_rms":0.003754546163333911,"accepted":true,"wall_s":2.004824969917536}
{"iteration":24,"score":82.70928523603673,"best":83.71129519644285,"gradient_rms":10.04855321317825,"update_rms":0.0027441038511969605,"accepted":true,"wall_s":2.0057701840996742}
{"iteration":25,"score":82.85842724355372,"best":83.71129519644285,"gradient_rms":37.341793919031204,"update_rms":0.0031248185019351507,"accepted":true,"wall_s":2.2823910154402256}
{"iteration":26,"score":82.64969438384661,"best":83.71129519644285,"gradient_rms":14.354566774839462,"update_rms":0.0023673918894802706,"accepted":true,"wall_s":2.281636755913496}
{"iteration":27,"score":82.86659948833794,"best":83.71129519644285,"gradient_rms":44.038569503633944,"update_rms":0.0034588600313659452,"accepted":true,"wall_s":2.2824298441410065}
{"iteration":28,"score":83.0918665560011,"best":83.71129519644285,"gradient_rms":15.508583090653818,"update_rms":0.0027132719181955567,"accepted":true,"wall_s":2.1697006598114967}
{"iteration":29,"score":83.38419161653272,"best":83.71129519644285,"gradient_rms":36.67961614631861,"update_rms":0.003252283730536721,"accepted":true,"wall_s":2.1680037304759026}
{"iteration":30,"score":83.54288954804143,"best":83.71129519644285,"gradient_rms":32.73964078553321,"update_rms":0.0032113328309616262,"accepted":true,"wall_s":2.00413341447711}
{"iteration":31,"score":83.74871464995141,"best":83.74871464995141,"gradient_rms":14.374570610421172,"update_rms":0.0025167607289782058,"accepted":true,"wall_s":2.2858482226729393}
{"iteration":32,"score":83.81722928822427,"best":83.81722928822427,"gradient_rms":12.31383359151238,"update_rms":0.001994110149770793,"accepted":true,"wall_s":2.289850704371929}
{"iteration":33,"score":83.82200007959179,"best":83.82200007959179,"gradient_rms":19.980823795862005,"update_rms":0.002016067883067788,"accepted":true,"wall_s":2.2946930564939976}
{"iteration":34,"score":83.75168419373605,"best":83.82200007959179,"gradient_rms":16.882493545480695,"update_rms":0.0019477135048848032,"accepted":true,"wall_s":1.9059068150818348}
{"iteration":35,"score":83.87186272599966,"best":83.87186272599966,"gradient_rms":39.498579315270135,"update_rms":0.0031785008992494443,"accepted":true,"wall_s":2.2968356981873512}
{"iteration":36,"score":83.81951731900139,"best":83.87186272599966,"gradient_rms":5.465390287827313,"update_rms":0.002315719459007482,"accepted":true,"wall_s":2.183557502925396}
{"iteration":37,"score":83.86856911797403,"best":83.87186272599966,"gradient_rms":24.66911664739145,"update_rms":0.0024230371717988745,"accepted":true,"wall_s":2.291918221861124}
{"iteration":38,"score":83.85412976440684,"best":83.87186272599966,"gradient_rms":16.40794462636818,"update_rms":0.0021855096036217042,"accepted":true,"wall_s":2.2916911505162716}
{"iteration":39,"score":84.05153890477995,"best":84.05153890477995,"gradient_rms":39.651003488532076,"update_rms":0.0033876918969058018,"accepted":true,"wall_s":2.297143943607807}
{"iteration":40,"score":84.21599910067799,"best":84.21599910067799,"gradient_rms":25.333564847431823,"update_rms":0.0032303945708867608,"accepted":true,"wall_s":2.1837221197783947}
{"iteration":41,"score":84.31144726597502,"best":84.31144726597502,"gradient_rms":20.399204208499626,"update_rms":0.0027649648501347135,"accepted":true,"wall_s":2.295149777084589}
{"iteration":42,"score":84.45422985553601,"best":84.45422985553601,"gradient_rms":21.565544036771907,"update_rms":0.0026977947454273803,"accepted":true,"wall_s":2.298391431570053}
{"iteration":43,"score":84.60387506189848,"best":84.60387506189848,"gradient_rms":56.964595052768935,"update_rms":0.004760693608977061,"accepted":true,"wall_s":2.296098981052637}
{"iteration":44,"score":84.60862241238875,"best":84.60862241238875,"gradient_rms":37.576466749027425,"update_rms":0.004429591905899974,"accepted":true,"wall_s":2.305589009076357}
{"iteration":45,"score":84.71752929305102,"best":84.71752929305102,"gradient_rms":30.35803730854751,"update_rms":0.003902564879411197,"accepted":true,"wall_s":2.306134782731533}
{"iteration":46,"score":84.70087258561534,"best":84.71752929305102,"gradient_rms":18.593711376362386,"update_rms":0.0030301068356597275,"accepted":true,"wall_s":2.293912336230278}
{"iteration":47,"score":84.73978303941725,"best":84.73978303941725,"gradient_rms":20.72137823625962,"update_rms":0.0028170967290226234,"accepted":true,"wall_s":2.1902987584471703}
{"iteration":48,"score":84.80100566545924,"best":84.80100566545924,"gradient_rms":32.94410716598596,"update_rms":0.003240213763167911,"accepted":true,"wall_s":2.0206773690879345}
{"iteration":49,"score":84.97185984108182,"best":84.97185984108182,"gradient_rms":36.44562160681198,"update_rms":0.003902533733803641,"accepted":true,"wall_s":2.0118403919041157}
{"iteration":50,"score":85.02038909200425,"best":85.02038909200425,"gradient_rms":17.28811972769974,"update_rms":0.0031538056345826408,"accepted":true,"wall_s":2.3019865192472935}
{"iteration":51,"score":84.98172161630002,"best":85.02038909200425,"gradient_rms":26.92543630515895,"update_rms":0.003246357430921849,"accepted":true,"wall_s":2.019681889563799}
{"iteration":52,"score":85.03337719987172,"best":85.03337719987172,"gradient_rms":23.07337600918941,"update_rms":0.003156041648299949,"accepted":true,"wall_s":2.3228513449430466}
{"iteration":53,"score":84.9499754389881,"best":85.03337719987172,"gradient_rms":22.814195549389925,"update_rms":0.00287180742478483,"accepted":true,"wall_s":2.2977957241237164}
{"iteration":54,"score":84.99841388132367,"best":85.03337719987172,"gradient_rms":36.19199249293636,"update_rms":0.003471244089382559,"accepted":true,"wall_s":2.3155795000493526}
{"iteration":55,"score":84.96989081255711,"best":85.03337719987172,"gradient_rms":19.779196694487755,"update_rms":0.0029240163443712695,"accepted":true,"wall_s":2.0179557614028454}
{"iteration":56,"score":85.21758142460105,"best":85.21758142460105,"gradient_rms":45.64778533475479,"update_rms":0.004146963053156305,"accepted":true,"wall_s":1.9101126603782177}
{"iteration":57,"score":85.42081395099838,"best":85.42081395099838,"gradient_rms":0.12373313048495607,"update_rms":0.002929109611194223,"accepted":true,"wall_s":2.027741752564907}
{"iteration":58,"score":85.59171845903643,"best":85.59171845903643,"gradient_rms":17.825568957185496,"update_rms":0.002499738922414296,"accepted":true,"wall_s":2.29806612432003}
{"iteration":59,"score":85.71568309167948,"best":85.71568309167948,"gradient_rms":19.353311641916846,"update_rms":0.0022881539947399564,"accepted":true,"wall_s":2.298436254262924}
{"iteration":60,"score":85.86720511560125,"best":85.86720511560125,"gradient_rms":28.776280544405278,"update_rms":0.0028625763448080826,"accepted":true,"wall_s":1.9096853286027908}
{"iteration":61,"score":86.20001792442945,"best":86.20001792442945,"gradient_rms":89.83940464425567,"update_rms":0.007123133553151673,"accepted":true,"wall_s":2.2975564524531364}
{"iteration":62,"score":85.63978415910842,"best":86.20001792442945,"gradient_rms":4.616151676116591,"update_rms":0.005055053891931438,"accepted":true,"wall_s":2.287527982145548}
{"iteration":63,"score":85.0791136207387,"best":86.20001792442945,"gradient_rms":21.35190865813296,"update_rms":0.0038904410625104917,"accepted":true,"wall_s":2.2844136767089367}
{"iteration":64,"score":85.18846666035267,"best":86.20001792442945,"gradient_rms":71.91241682100232,"update_rms":0.006060950018547779,"accepted":true,"wall_s":2.0050889998674393}
{"iteration":65,"score":85.47063148969812,"best":86.20001792442945,"gradient_rms":22.815127620703805,"update_rms":0.00456950140133232,"accepted":true,"wall_s":2.287203211337328}
{"iteration":66,"score":85.92876412666499,"best":86.20001792442945,"gradient_rms":63.869022788458906,"update_rms":0.00601587198168018,"accepted":true,"wall_s":2.2876270338892937}
{"iteration":67,"score":86.20324665772061,"best":86.20324665772061,"gradient_rms":41.44978544640582,"update_rms":0.00516447602784474,"accepted":true,"wall_s":2.1834017261862755}
{"iteration":68,"score":86.2629943476694,"best":86.2629943476694,"gradient_rms":16.64372817888146,"update_rms":0.003839023466246853,"accepted":true,"wall_s":2.283227577805519}
{"iteration":69,"score":86.44153224061827,"best":86.44153224061827,"gradient_rms":50.00322323828948,"update_rms":0.004455089550409978,"accepted":true,"wall_s":2.007604703307152}
{"iteration":70,"score":86.62167170386968,"best":86.62167170386968,"gradient_rms":59.989547521304246,"update_rms":0.005647946447582768,"accepted":true,"wall_s":2.397375900298357}
{"iteration":71,"score":86.40355559275504,"best":86.62167170386968,"gradient_rms":44.37196576021095,"update_rms":0.004900507687571838,"accepted":true,"wall_s":2.0283053256571293}
{"iteration":72,"score":86.00169296298122,"best":86.62167170386968,"gradient_rms":25.125395499362796,"update_rms":0.0039120392829367825,"accepted":true,"wall_s":2.306000027805567}
{"iteration":73,"score":85.03519369458226,"best":86.62167170386968,"gradient_rms":84.19121492612807,"update_rms":0.006491918677310719,"accepted":true,"wall_s":2.300226092338562}
{"iteration":74,"score":83.2147524060107,"best":86.62167170386968,"gradient_rms":33.20937290342715,"update_rms":0.005158305865940864,"accepted":true,"wall_s":2.2955743186175823}
{"iteration":75,"score":83.35614613440342,"best":86.62167170386968,"gradient_rms":113.52316249246165,"update_rms":0.008720798739067706,"accepted":true,"wall_s":2.291218213737011}
{"iteration":76,"score":83.72614821396577,"best":86.62167170386968,"gradient_rms":59.73313275621549,"update_rms":0.007352386008872454,"accepted":true,"wall_s":2.294799767434597}
{"iteration":77,"score":85.31438829860595,"best":86.62167170386968,"gradient_rms":132.2518835927393,"update_rms":0.009786174643743418,"accepted":true,"wall_s":2.297760095447302}
{"iteration":78,"score":85.59121552453837,"best":86.62167170386968,"gradient_rms":47.69431599902874,"update_rms":0.0074336501891113385,"accepted":true,"wall_s":2.2940030582249165}
{"iteration":79,"score":85.23750153892703,"best":86.62167170386968,"gradient_rms":35.95077760338425,"update_rms":0.0058178638285123,"accepted":true,"wall_s":2.2926193065941334}
{"iteration":80,"score":85.40210792390562,"best":86.62167170386968,"gradient_rms":121.10207053797545,"update_rms":0.008386115521481616,"accepted":true,"wall_s":2.2921445928514004}
{"iteration":81,"score":84.5231346370351,"best":86.62167170386968,"gradient_rms":54.83016761036899,"update_rms":0.006755990359249981,"accepted":true,"wall_s":2.2928015142679214}
{"iteration":82,"score":83.84729765197932,"best":86.62167170386968,"gradient_rms":52.64363769740509,"update_rms":0.005716193403953521,"accepted":true,"wall_s":2.292419746518135}
{"iteration":83,"score":84.07111477707272,"best":86.62167170386968,"gradient_rms":86.47869255908873,"update_rms":0.006606623836976229,"accepted":true,"wall_s":2.2923975698649883}
{"iteration":84,"score":84.3638047758759,"best":86.62167170386968,"gradient_rms":42.6571024847831,"update_rms":0.005346992090834712,"accepted":true,"wall_s":2.1801442727446556}
{"iteration":85,"score":84.44171689662632,"best":86.62167170386968,"gradient_rms":12.378255149935258,"update_rms":0.0037739880175317723,"accepted":true,"wall_s":2.295918580144644}
{"iteration":86,"score":84.66264710262766,"best":86.62167170386968,"gradient_rms":59.056199301445474,"update_rms":0.0044673911218690845,"accepted":true,"wall_s":2.299142487347126}
{"iteration":87,"score":84.57816191627488,"best":86.62167170386968,"gradient_rms":62.21300076826583,"update_rms":0.005138549072805575,"accepted":true,"wall_s":2.307324893772602}
{"iteration":88,"score":84.75160126910751,"best":86.62167170386968,"gradient_rms":75.71108964660257,"update_rms":0.005931659984438313,"accepted":true,"wall_s":2.029995985329151}
{"iteration":89,"score":84.98171297098915,"best":86.62167170386968,"gradient_rms":75.91556272993643,"update_rms":0.006224272405136871,"accepted":true,"wall_s":2.305402386933565}
{"iteration":90,"score":84.57562915427883,"best":86.62167170386968,"gradient_rms":45.97672999511155,"update_rms":0.005099390780719845,"accepted":true,"wall_s":2.304291944950819}
{"iteration":91,"score":84.44221777306551,"best":86.62167170386968,"gradient_rms":60.86938584339637,"update_rms":0.005196672043575315,"accepted":true,"wall_s":2.306357752531767}
{"iteration":92,"score":84.41745678819912,"best":86.62167170386968,"gradient_rms":35.28529284377952,"update_rms":0.004135705018254373,"accepted":true,"wall_s":2.4043616950511932}
{"iteration":93,"score":84.78727806469801,"best":86.62167170386968,"gradient_rms":56.61113745333185,"update_rms":0.004718773838033059,"accepted":true,"wall_s":2.2984308265149593}
{"iteration":94,"score":83.71771771243603,"best":86.62167170386968,"gradient_rms":6.230153233656864,"update_rms":0.0033430632614180372,"accepted":true,"wall_s":2.1800606474280357}
{"iteration":95,"score":83.69721016088148,"best":86.62167170386968,"gradient_rms":120.2722291819058,"update_rms":0.0075019657530345655,"accepted":true,"wall_s":2.180446483194828}
{"iteration":96,"score":83.34150059395542,"best":86.62167170386968,"gradient_rms":9.068262274415165,"update_rms":0.005229962665145394,"accepted":true,"wall_s":2.2949552461504936}
{"iteration":97,"score":82.00037561363237,"best":86.62167170386968,"gradient_rms":78.34330168002901,"update_rms":0.005798568216408039,"accepted":true,"wall_s":2.364201832562685}
{"iteration":98,"score":81.1282504392796,"best":86.62167170386968,"gradient_rms":33.31907516841955,"update_rms":0.004729583140823104,"accepted":true,"wall_s":2.3176423981785774}
{"iteration":99,"score":83.41875210941332,"best":86.62167170386968,"gradient_rms":105.10890219904552,"update_rms":0.006704627131795078,"accepted":true,"wall_s":2.304167974740267}
{"iteration":100,"score":84.02765852260555,"best":86.62167170386968,"gradient_rms":60.89574972912863,"update_rms":0.005821601335341566,"accepted":true,"wall_s":2.338223706930876}
{
  "status": "ok",
  "stop_reason": "completed_iterations",
  "initial_score": 79.83948622317081,
  "final_score": 84.02765852260555,
  "best_score": 86.62167170386968,
  "best_iteration": 70,
  "completed_iterations": 100,
  "completed_adam_steps": 100,
  "completed_optimizer_steps": 100,
  "total_wall_s": 221.82951361313462,
  "initial_decode_wall_s": 1.5071428045630455,
  "initial_score_wall_s": 0.9088823311030865,
  "mean_iteration_wall_s": 2.2173924267292024,
  "manifest": {
    "algorithm": "adam_with_query_batched_local_gradient",
    "optimizer": "adam",
    "parameter_space": "data",
    "gradient_objective": "dynamic local full-density score with coordinate and maximum-surface-selection derivatives omitted",
    "formal_objective": "complete native QH score for every accepted center",
    "initial_case": "/home/scc/pb24511935/local_surface_evaluator/runs/summary1_review2_20260824/flow_pairs/cases/case_04.json",
    "initial_case_sha256": "47e10ae37ece436c0d32fb9e970b908fb685d368191c2c461e5953870f1ffb6c",
    "checkpoint": "/home/scc/pb24511935/local_surface_evaluator/runs/qh_flow_physical_lr_longselect_20260729/lr_3em4/checkpoint_latest.pt",
    "checkpoint_sha256": "39a3293a459e248a0d1ec062607a1a467128b14d8ca973aadd82e113532ab99f",
    "native_lib": "/home/scc/pb24511935/local_surface_evaluator/runs/summary1_review2_20260824/build_native/libstellarator_gpu.so",
    "native_lib_sha256": "7d3784e02172f5c3130bcf085efa8120dc059d5007daa4b18680edd97b077f94",
    "nfp": 5,
    "n_base_coils": 3,
    "iterations": 100,
    "max_wall_s": 4200.0,
    "flow": {
      "method": "rk4",
      "steps": 128,
      "dtype": "fp32",
      "use": "initial latent-to-coil decode only"
    },
    "flow_pipeline": false,
    "coordinate_gradient": {
      "dimension": 300,
      "mode": "random-orthogonal",
      "random_directions": 2,
      "endpoint_count": 4,
      "perturbation": 0.0025,
      "difference": "centered",
      "psi_grid": 48,
      "psi_iterations": 4,
      "alpha_iterations": 4,
      "formal_surface_theta_count": 128,
      "local_surface_theta_count": 64
    },
    "adam": {
      "learning_rate": 0.01,
      "beta1": 0.7,
      "beta2": 0.999,
      "epsilon": 1e-08,
      "weight_decay": 0.0
    },
    "bfgs": {
      "initial_trust_rms": 0.01,
      "min_trust_rms": 1e-05,
      "max_trust_rms": 0.05,
      "trust_growth": 1.2,
      "trust_shrink": 0.5,
      "min_improvement": 0.0
    },
    "seed": 2026082504,
    "axis_policy": "initial global search, then strict mixed-precision continuation",
    "devices": {
      "flow": 0,
      "score": 0
    },
    "initial_metadata_keys": [
      "flow_prior_screening",
      "nfp",
      "raw"
    ],
    "data_parameterization": {
      "definition": "per-coordinate training-set standardization",
      "physical_mapping": "CoilNormalizer.inverse with canonical current L1/sign",
      "initial_clipped_fraction": 0.0,
      "initial_roundtrip_relative_rms": 0.0,
      "flow_calls_after_initialization": 0
    }
  }
}
{"iteration":1,"score":78.01356664563416,"best":78.01356664563416,"gradient_rms":16.19175266140591,"update_rms":0.009999999912655617,"accepted":true,"wall_s":4.6507662534713745}
{"iteration":2,"score":78.37238257501207,"best":78.37238257501207,"gradient_rms":27.37687777981128,"update_rms":0.00748202439276999,"accepted":true,"wall_s":4.008170202374458}
{"iteration":3,"score":78.58892272286063,"best":78.58892272286063,"gradient_rms":4.874691800372518,"update_rms":0.005142865678817946,"accepted":true,"wall_s":3.8635521233081818}
{"iteration":4,"score":78.81034336278665,"best":78.81034336278665,"gradient_rms":15.736120883362167,"update_rms":0.004957371539091188,"accepted":true,"wall_s":3.8478684052824974}
{"iteration":5,"score":78.99537970062119,"best":78.99537970062119,"gradient_rms":10.099977581417104,"update_rms":0.004246376635493017,"accepted":true,"wall_s":3.8468317799270153}
{"iteration":6,"score":79.19789615026798,"best":79.19789615026798,"gradient_rms":19.438392373212796,"update_rms":0.004678470885294322,"accepted":true,"wall_s":3.988068737089634}
{"iteration":7,"score":79.1805511860819,"best":79.19789615026798,"gradient_rms":11.932551959989858,"update_rms":0.004097123283707855,"accepted":true,"wall_s":3.65351440384984}
{"iteration":8,"score":79.5380807392627,"best":79.5380807392627,"gradient_rms":15.035627855793791,"update_rms":0.004141927554399034,"accepted":true,"wall_s":3.6707750260829926}
{"iteration":9,"score":79.92866269483713,"best":79.92866269483713,"gradient_rms":29.351755480977108,"update_rms":0.005547486772795877,"accepted":true,"wall_s":4.00926261767745}
{"iteration":10,"score":80.38614061056512,"best":80.38614061056512,"gradient_rms":32.21967090155787,"update_rms":0.0058620368177576794,"accepted":true,"wall_s":4.0009213499724865}
{"iteration":11,"score":80.64128697417081,"best":80.64128697417081,"gradient_rms":15.262906329154887,"update_rms":0.0049598970628091064,"accepted":true,"wall_s":4.00143837928772}
{"iteration":12,"score":80.87352052280531,"best":80.87352052280531,"gradient_rms":15.062312641275115,"update_rms":0.004457600934103836,"accepted":true,"wall_s":4.00344854593277}
{"iteration":13,"score":81.10175016202223,"best":81.10175016202223,"gradient_rms":15.571775252823754,"update_rms":0.004242387148509085,"accepted":true,"wall_s":3.8723103888332844}
{"iteration":14,"score":81.33731792967733,"best":81.33731792967733,"gradient_rms":15.762534740546627,"update_rms":0.003942834365695673,"accepted":true,"wall_s":4.00672360509634}
{"iteration":15,"score":81.64259765155126,"best":81.64259765155126,"gradient_rms":16.85870230252222,"update_rms":0.003968800729581482,"accepted":true,"wall_s":4.007482163608074}
{"iteration":16,"score":82.12746333047566,"best":82.12746333047566,"gradient_rms":25.3329288407714,"update_rms":0.004920347822017358,"accepted":true,"wall_s":3.867346838116646}
{"iteration":17,"score":82.72165686015708,"best":82.72165686015708,"gradient_rms":19.83441900019847,"update_rms":0.004580104724923043,"accepted":true,"wall_s":4.008925527334213}
{"iteration":18,"score":83.55487497167732,"best":83.55487497167732,"gradient_rms":23.226204809342004,"update_rms":0.005009908506287406,"accepted":true,"wall_s":4.004313416779041}
{"iteration":19,"score":82.71414876539922,"best":83.55487497167732,"gradient_rms":72.55822994416783,"update_rms":0.007842671628417272,"accepted":true,"wall_s":4.0063633769750595}
{"iteration":20,"score":82.51765935033596,"best":83.55487497167732,"gradient_rms":35.03386598350628,"update_rms":0.006778169843757674,"accepted":true,"wall_s":3.6740066818892956}
{"iteration":21,"score":83.02814086544802,"best":83.55487497167732,"gradient_rms":38.504443729830086,"update_rms":0.006318101245732613,"accepted":true,"wall_s":4.003930546343327}
{"iteration":22,"score":82.72994419395874,"best":83.55487497167732,"gradient_rms":29.148414966889096,"update_rms":0.0056943986281985624,"accepted":true,"wall_s":4.008167967200279}
{"iteration":23,"score":82.66747383521474,"best":83.55487497167732,"gradient_rms":51.75467681254567,"update_rms":0.0063338059448981255,"accepted":true,"wall_s":3.6611975990235806}
{"iteration":24,"score":82.66747383521474,"best":83.55487497167732,"gradient_rms":1181.0650258557916,"update_rms":0.0,"accepted":false,"wall_s":2.6780336052179337}
{"iteration":25,"score":83.37713890492967,"best":83.55487497167732,"gradient_rms":64.14514497383631,"update_rms":0.00703832582981847,"accepted":true,"wall_s":4.0042324140667915}
{"iteration":26,"score":82.73834968375289,"best":83.55487497167732,"gradient_rms":110.2891438265362,"update_rms":0.00883251284287706,"accepted":true,"wall_s":4.002284768968821}
{"iteration":27,"score":82.7161876538034,"best":83.55487497167732,"gradient_rms":52.34555071018632,"update_rms":0.007672490405592537,"accepted":true,"wall_s":4.000066913664341}
{"iteration":28,"score":82.81203550175229,"best":83.55487497167732,"gradient_rms":18.84127018278147,"update_rms":0.005763574464045486,"accepted":true,"wall_s":3.8611911460757256}
{"iteration":29,"score":83.1744691130416,"best":83.55487497167732,"gradient_rms":46.33783167914127,"update_rms":0.005748657596339576,"accepted":true,"wall_s":3.863627854734659}
{"iteration":30,"score":84.5636446132246,"best":84.5636446132246,"gradient_rms":62.63733774897883,"update_rms":0.0061979062104079545,"accepted":true,"wall_s":4.0066945143043995}
{"iteration":31,"score":68.19175566460284,"best":84.5636446132246,"gradient_rms":30.646784492437884,"update_rms":0.005001315154590717,"accepted":true,"wall_s":4.347679305821657}
{"iteration":32,"score":68.19175566460282,"best":84.5636446132246,"gradient_rms":423.4302358123593,"update_rms":0.0,"accepted":false,"wall_s":2.526494864374399}
{"iteration":33,"score":68.19175566460284,"best":84.5636446132246,"gradient_rms":419.8180412877897,"update_rms":0.0,"accepted":false,"wall_s":2.6642927192151546}
{"iteration":34,"score":68.19175566460285,"best":84.5636446132246,"gradient_rms":428.8959814903655,"update_rms":0.0,"accepted":false,"wall_s":2.6655216105282307}
{"iteration":35,"score":68.19175566460284,"best":84.5636446132246,"gradient_rms":432.80262998112073,"update_rms":0.0,"accepted":false,"wall_s":2.677933447062969}
{"iteration":36,"score":68.19175566460282,"best":84.5636446132246,"gradient_rms":329.8248500819946,"update_rms":0.0,"accepted":false,"wall_s":2.5324631445109844}
{"iteration":37,"score":68.19175566460282,"best":84.5636446132246,"gradient_rms":435.16913419790797,"update_rms":0.0,"accepted":false,"wall_s":2.6729916520416737}
{"iteration":38,"score":68.19175566460284,"best":84.5636446132246,"gradient_rms":440.7837157870536,"update_rms":0.0,"accepted":false,"wall_s":2.669824708253145}
{"iteration":39,"score":68.19175566460285,"best":84.5636446132246,"gradient_rms":426.43137682724984,"update_rms":0.0,"accepted":false,"wall_s":2.669102892279625}
{"iteration":40,"score":68.19175566460285,"best":84.5636446132246,"gradient_rms":442.9090564421499,"update_rms":0.0,"accepted":false,"wall_s":2.685374826192856}
{"iteration":41,"score":68.19175566460284,"best":84.5636446132246,"gradient_rms":450.4024238066179,"update_rms":0.0,"accepted":false,"wall_s":2.6809441708028316}
{"iteration":42,"score":68.19175566460282,"best":84.5636446132246,"gradient_rms":409.60428870598935,"update_rms":0.0,"accepted":false,"wall_s":2.6743617206811905}
{"iteration":43,"score":68.19175566460282,"best":84.5636446132246,"gradient_rms":342.78224120764423,"update_rms":0.0,"accepted":false,"wall_s":2.673726711422205}
{"iteration":44,"score":68.19175566460282,"best":84.5636446132246,"gradient_rms":429.88360734544193,"update_rms":0.0,"accepted":false,"wall_s":2.6778199560940266}
{"iteration":45,"score":68.19175566460285,"best":84.5636446132246,"gradient_rms":435.09036155856535,"update_rms":0.0,"accepted":false,"wall_s":2.668989185243845}
{"iteration":46,"score":68.19175566460285,"best":84.5636446132246,"gradient_rms":440.89170905565925,"update_rms":0.0,"accepted":false,"wall_s":2.665742203593254}
{"iteration":47,"score":68.19175566460282,"best":84.5636446132246,"gradient_rms":439.08661549482537,"update_rms":0.0,"accepted":false,"wall_s":2.526298012584448}
{"iteration":48,"score":68.19175566460284,"best":84.5636446132246,"gradient_rms":385.00029214251316,"update_rms":0.0,"accepted":false,"wall_s":2.5251858234405518}
{"iteration":49,"score":68.19175566460284,"best":84.5636446132246,"gradient_rms":436.0696066286335,"update_rms":0.0,"accepted":false,"wall_s":2.5415250062942505}
{"iteration":50,"score":68.19175566460282,"best":84.5636446132246,"gradient_rms":430.1148797268534,"update_rms":0.0,"accepted":false,"wall_s":2.6772726252675056}
{"iteration":51,"score":68.19175566460282,"best":84.5636446132246,"gradient_rms":405.7991261363409,"update_rms":0.0,"accepted":false,"wall_s":2.5369492322206497}
{"iteration":52,"score":68.19175566460284,"best":84.5636446132246,"gradient_rms":438.66761244248386,"update_rms":0.0,"accepted":false,"wall_s":2.677344210445881}
{"iteration":53,"score":68.19175566460284,"best":84.5636446132246,"gradient_rms":427.10802576288944,"update_rms":0.0,"accepted":false,"wall_s":2.675222009420395}
{"iteration":54,"score":68.19175566460282,"best":84.5636446132246,"gradient_rms":436.4108898849681,"update_rms":0.0,"accepted":false,"wall_s":2.6778109446167946}
{"iteration":55,"score":68.19175566460284,"best":84.5636446132246,"gradient_rms":402.0613242050852,"update_rms":0.0,"accepted":false,"wall_s":2.676222540438175}
{"iteration":56,"score":68.19175566460284,"best":84.5636446132246,"gradient_rms":420.8875437790066,"update_rms":0.0,"accepted":false,"wall_s":2.676353421062231}
{"iteration":57,"score":68.19175566460282,"best":84.5636446132246,"gradient_rms":406.1239572905328,"update_rms":0.0,"accepted":false,"wall_s":2.667112782597542}
{"iteration":58,"score":68.19175566460282,"best":84.5636446132246,"gradient_rms":431.98264156709376,"update_rms":0.0,"accepted":false,"wall_s":2.735554937273264}
{"iteration":59,"score":68.19175566460285,"best":84.5636446132246,"gradient_rms":429.17328069247833,"update_rms":0.0,"accepted":false,"wall_s":2.53611721098423}
{"iteration":60,"score":68.19175566460285,"best":84.5636446132246,"gradient_rms":413.8030614624177,"update_rms":0.0,"accepted":false,"wall_s":2.6744091399013996}
{"iteration":61,"score":68.19175566460285,"best":84.5636446132246,"gradient_rms":425.3817601053208,"update_rms":0.0,"accepted":false,"wall_s":2.5372385047376156}
{"iteration":62,"score":68.19175566460284,"best":84.5636446132246,"gradient_rms":426.2928988494501,"update_rms":0.0,"accepted":false,"wall_s":2.6795738376677036}
{"iteration":63,"score":68.19175566460282,"best":84.5636446132246,"gradient_rms":448.18900933983343,"update_rms":0.0,"accepted":false,"wall_s":2.6778282150626183}
{"iteration":64,"score":68.19175566460282,"best":84.5636446132246,"gradient_rms":441.6534564486,"update_rms":0.0,"accepted":false,"wall_s":2.6801313757896423}
{"iteration":65,"score":68.19175566460284,"best":84.5636446132246,"gradient_rms":438.26556090089076,"update_rms":0.0,"accepted":false,"wall_s":2.6802222281694412}
{"iteration":66,"score":68.19175566460284,"best":84.5636446132246,"gradient_rms":434.07843500203506,"update_rms":0.0,"accepted":false,"wall_s":2.6800444163382053}
{"iteration":67,"score":68.19175566460284,"best":84.5636446132246,"gradient_rms":426.3442474302513,"update_rms":0.0,"accepted":false,"wall_s":2.676315788179636}
{"iteration":68,"score":68.19175566460282,"best":84.5636446132246,"gradient_rms":409.7804851053681,"update_rms":0.0,"accepted":false,"wall_s":2.675067327916622}
{"iteration":69,"score":68.19175566460282,"best":84.5636446132246,"gradient_rms":425.47491572914646,"update_rms":0.0,"accepted":false,"wall_s":2.6798509061336517}
{"iteration":70,"score":68.19175566460282,"best":84.5636446132246,"gradient_rms":428.57537151347316,"update_rms":0.0,"accepted":false,"wall_s":2.6762063056230545}
{"iteration":71,"score":68.19175566460282,"best":84.5636446132246,"gradient_rms":443.9146531707227,"update_rms":0.0,"accepted":false,"wall_s":2.6721935868263245}
{"iteration":72,"score":68.19175566460282,"best":84.5636446132246,"gradient_rms":420.4052198526417,"update_rms":0.0,"accepted":false,"wall_s":2.66444693505764}
{"iteration":73,"score":68.19175566460282,"best":84.5636446132246,"gradient_rms":419.1710051283538,"update_rms":0.0,"accepted":false,"wall_s":2.6669681668281555}
{"iteration":74,"score":68.19175566460284,"best":84.5636446132246,"gradient_rms":445.3479218267752,"update_rms":0.0,"accepted":false,"wall_s":2.5314152538776398}
{"iteration":75,"score":68.19175566460284,"best":84.5636446132246,"gradient_rms":346.3095638240616,"update_rms":0.0,"accepted":false,"wall_s":2.5272162556648254}
{"iteration":76,"score":68.19175566460284,"best":84.5636446132246,"gradient_rms":410.3694228225467,"update_rms":0.0,"accepted":false,"wall_s":2.669410537928343}
{"iteration":77,"score":68.19175566460282,"best":84.5636446132246,"gradient_rms":433.0546437694836,"update_rms":0.0,"accepted":false,"wall_s":2.66963629797101}
{"iteration":78,"score":68.19175566460282,"best":84.5636446132246,"gradient_rms":418.7500532910289,"update_rms":0.0,"accepted":false,"wall_s":2.685277994722128}
{"iteration":79,"score":68.19175566460285,"best":84.5636446132246,"gradient_rms":425.5512405046048,"update_rms":0.0,"accepted":false,"wall_s":2.5389115177094936}
{"iteration":80,"score":68.19175566460282,"best":84.5636446132246,"gradient_rms":427.818386697716,"update_rms":0.0,"accepted":false,"wall_s":2.536398284137249}
{"iteration":81,"score":68.19175566460282,"best":84.5636446132246,"gradient_rms":428.71736076161034,"update_rms":0.0,"accepted":false,"wall_s":2.676418848335743}
{"iteration":82,"score":68.19175566460282,"best":84.5636446132246,"gradient_rms":446.61491537939276,"update_rms":0.0,"accepted":false,"wall_s":2.677704617381096}
{"iteration":83,"score":68.19175566460284,"best":84.5636446132246,"gradient_rms":426.52931180277375,"update_rms":0.0,"accepted":false,"wall_s":2.6772803999483585}
{"iteration":84,"score":68.19175566460282,"best":84.5636446132246,"gradient_rms":442.6325737949628,"update_rms":0.0,"accepted":false,"wall_s":2.676255229860544}
{"iteration":85,"score":68.19175566460282,"best":84.5636446132246,"gradient_rms":409.8946577343339,"update_rms":0.0,"accepted":false,"wall_s":2.538163084536791}
{"iteration":86,"score":68.19175566460281,"best":84.5636446132246,"gradient_rms":418.5646508874014,"update_rms":0.0,"accepted":false,"wall_s":2.679729975759983}
{"iteration":87,"score":68.19175566460282,"best":84.5636446132246,"gradient_rms":447.22205051604755,"update_rms":0.0,"accepted":false,"wall_s":2.6797484420239925}
{"iteration":88,"score":68.19175566460284,"best":84.5636446132246,"gradient_rms":426.1533016327545,"update_rms":0.0,"accepted":false,"wall_s":2.680716075003147}
{"iteration":89,"score":68.19175566460282,"best":84.5636446132246,"gradient_rms":428.7003771193411,"update_rms":0.0,"accepted":false,"wall_s":2.678049437701702}
{"iteration":90,"score":68.19175566460282,"best":84.5636446132246,"gradient_rms":419.74369182745096,"update_rms":0.0,"accepted":false,"wall_s":2.542355999350548}
{"iteration":91,"score":68.19175566460285,"best":84.5636446132246,"gradient_rms":435.6676139711646,"update_rms":0.0,"accepted":false,"wall_s":2.6797973923385143}
{"iteration":92,"score":68.19175566460284,"best":84.5636446132246,"gradient_rms":419.08061813329704,"update_rms":0.0,"accepted":false,"wall_s":2.677799604833126}
{"iteration":93,"score":68.19175566460284,"best":84.5636446132246,"gradient_rms":430.4482518842305,"update_rms":0.0,"accepted":false,"wall_s":2.681066483259201}
{"iteration":94,"score":68.19175566460282,"best":84.5636446132246,"gradient_rms":424.9501955607103,"update_rms":0.0,"accepted":false,"wall_s":2.680425923317671}
{"iteration":95,"score":68.19175566460284,"best":84.5636446132246,"gradient_rms":441.7726954556633,"update_rms":0.0,"accepted":false,"wall_s":2.675893262028694}
{"iteration":96,"score":68.19175566460285,"best":84.5636446132246,"gradient_rms":414.4832792475765,"update_rms":0.0,"accepted":false,"wall_s":2.6772555969655514}
{"iteration":97,"score":68.19175566460282,"best":84.5636446132246,"gradient_rms":412.2277762939678,"update_rms":0.0,"accepted":false,"wall_s":2.67879431694746}
{"iteration":98,"score":68.19175566460282,"best":84.5636446132246,"gradient_rms":443.2224548979545,"update_rms":0.0,"accepted":false,"wall_s":2.691251292824745}
{"iteration":99,"score":68.19175566460282,"best":84.5636446132246,"gradient_rms":427.8633348224022,"update_rms":0.0,"accepted":false,"wall_s":2.6774556301534176}
{"iteration":100,"score":68.19175566460284,"best":84.5636446132246,"gradient_rms":425.4757012745098,"update_rms":0.0,"accepted":false,"wall_s":1.4326300136744976}
{
  "status": "ok",
  "stop_reason": "completed_iterations",
  "initial_score": 77.80039167024893,
  "final_score": 68.19175566460284,
  "best_score": 84.5636446132246,
  "best_iteration": 30,
  "completed_iterations": 100,
  "completed_adam_steps": 30,
  "completed_optimizer_steps": 30,
  "total_wall_s": 302.9923654422164,
  "initial_decode_wall_s": 1.4945027902722359,
  "initial_score_wall_s": 1.083027120679617,
  "mean_iteration_wall_s": 3.029013035297394,
  "manifest": {
    "algorithm": "adam_with_query_batched_local_gradient",
    "optimizer": "adam",
    "parameter_space": "latent",
    "gradient_objective": "dynamic local full-density score with coordinate and maximum-surface-selection derivatives omitted",
    "formal_objective": "complete native QH score for every accepted center",
    "initial_case": "/home/scc/pb24511935/local_surface_evaluator/runs/summary1_review2_20260824/flow_pairs/cases/case_08.json",
    "initial_case_sha256": "0e6cf41847332b9e1ed2ed3d6d856773ccd7b31f2b0608617e8027707c9cd80c",
    "checkpoint": "/home/scc/pb24511935/local_surface_evaluator/runs/qh_flow_physical_lr_longselect_20260729/lr_3em4/checkpoint_latest.pt",
    "checkpoint_sha256": "39a3293a459e248a0d1ec062607a1a467128b14d8ca973aadd82e113532ab99f",
    "native_lib": "/home/scc/pb24511935/local_surface_evaluator/runs/summary1_review2_20260824/build_native/libstellarator_gpu.so",
    "native_lib_sha256": "7d3784e02172f5c3130bcf085efa8120dc059d5007daa4b18680edd97b077f94",
    "nfp": 5,
    "n_base_coils": 4,
    "iterations": 100,
    "max_wall_s": 4200.0,
    "flow": {
      "method": "rk4",
      "steps": 128,
      "dtype": "fp32",
      "use": "every gradient endpoint and accepted center"
    },
    "flow_pipeline": true,
    "coordinate_gradient": {
      "dimension": 400,
      "mode": "random-orthogonal",
      "random_directions": 2,
      "endpoint_count": 4,
      "perturbation": 0.005,
      "difference": "centered",
      "psi_grid": 48,
      "psi_iterations": 4,
      "alpha_iterations": 4,
      "formal_surface_theta_count": 128,
      "local_surface_theta_count": 64
    },
    "adam": {
      "learning_rate": 0.01,
      "beta1": 0.7,
      "beta2": 0.999,
      "epsilon": 1e-08,
      "weight_decay": 0.0
    },
    "bfgs": {
      "initial_trust_rms": 0.01,
      "min_trust_rms": 1e-05,
      "max_trust_rms": 0.05,
      "trust_growth": 1.2,
      "trust_shrink": 0.5,
      "min_improvement": 0.0
    },
    "seed": 2026082508,
    "axis_policy": "initial global search, then strict mixed-precision continuation",
    "devices": {
      "flow": 0,
      "score": 0
    },
    "initial_metadata_keys": [
      "flow_prior_screening",
      "nfp",
      "raw"
    ]
  }
}
{"iteration":1,"score":77.59518566063414,"best":77.78212731942871,"gradient_rms":46.07998458131309,"update_rms":0.009999999990443416,"accepted":true,"wall_s":2.4769617579877377}
{"iteration":2,"score":79.57910598927764,"best":79.57910598927764,"gradient_rms":151.24436884542476,"update_rms":0.007746626249157918,"accepted":true,"wall_s":2.684324648231268}
{"iteration":3,"score":80.83987635851892,"best":80.83987635851892,"gradient_rms":47.357421043366344,"update_rms":0.005866985121357007,"accepted":true,"wall_s":2.8062561005353928}
{"iteration":4,"score":81.67072726386502,"best":81.67072726386502,"gradient_rms":99.09197108464215,"update_rms":0.00566256165835279,"accepted":true,"wall_s":2.8071710020303726}
{"iteration":5,"score":82.68760984629154,"best":82.68760984629154,"gradient_rms":99.32676933748351,"update_rms":0.005483987612462929,"accepted":true,"wall_s":2.8046828024089336}
{"iteration":6,"score":83.41279705425036,"best":83.41279705425036,"gradient_rms":81.76777855056933,"update_rms":0.004964903804199746,"accepted":true,"wall_s":2.811316139996052}
{"iteration":7,"score":83.4058094046201,"best":83.41279705425036,"gradient_rms":18.92934325331389,"update_rms":0.003678008792518428,"accepted":true,"wall_s":2.814262732863426}
{"iteration":8,"score":83.1592322748042,"best":83.41279705425036,"gradient_rms":32.96542926692785,"update_rms":0.0030662419417021086,"accepted":true,"wall_s":2.81525407359004}
{"iteration":9,"score":83.03871492543416,"best":83.41279705425036,"gradient_rms":54.37399534005816,"update_rms":0.003344705343286201,"accepted":true,"wall_s":2.6753605864942074}
{"iteration":10,"score":82.9299875068497,"best":83.41279705425036,"gradient_rms":33.57788242724086,"update_rms":0.0028113003902164166,"accepted":true,"wall_s":2.8147738315165043}
{"iteration":11,"score":83.01927126736905,"best":83.41279705425036,"gradient_rms":71.44855544220822,"update_rms":0.00360512358937682,"accepted":true,"wall_s":2.8196855895221233}
{"iteration":12,"score":83.10489759236225,"best":83.41279705425036,"gradient_rms":54.040136877241544,"update_rms":0.003591269111150766,"accepted":true,"wall_s":2.8176983818411827}
{"iteration":13,"score":83.19487477904526,"best":83.41279705425036,"gradient_rms":37.85990288266606,"update_rms":0.0031000176287135986,"accepted":true,"wall_s":2.818058777600527}
{"iteration":14,"score":83.3832472345688,"best":83.41279705425036,"gradient_rms":73.52968740107839,"update_rms":0.003926557549666309,"accepted":true,"wall_s":2.8207763731479645}
{"iteration":15,"score":83.35853032653358,"best":83.41279705425036,"gradient_rms":44.00669802028969,"update_rms":0.0033855751479201167,"accepted":true,"wall_s":2.8144787065684795}
{"iteration":16,"score":83.36471996423953,"best":83.41279705425036,"gradient_rms":42.52232041077986,"update_rms":0.003146301347847264,"accepted":true,"wall_s":2.814177181571722}
{"iteration":17,"score":83.21909038456599,"best":83.41279705425036,"gradient_rms":79.4444429197235,"update_rms":0.004072780575184787,"accepted":true,"wall_s":2.8146013393998146}
{"iteration":18,"score":82.66699086974093,"best":83.41279705425036,"gradient_rms":49.22813607738337,"update_rms":0.00370110887754764,"accepted":true,"wall_s":2.8158050552010536}
{"iteration":19,"score":82.33953077906189,"best":83.41279705425036,"gradient_rms":44.268417308734286,"update_rms":0.003368021322361202,"accepted":true,"wall_s":2.8176291324198246}
{"iteration":20,"score":82.88803235731491,"best":83.41279705425036,"gradient_rms":152.41764218006097,"update_rms":0.006036690714054075,"accepted":true,"wall_s":2.679001547396183}
{"iteration":21,"score":82.9769626468682,"best":83.41279705425036,"gradient_rms":88.55749550962643,"update_rms":0.005643545773697683,"accepted":true,"wall_s":2.8159071132540703}
{"iteration":22,"score":83.8862308868146,"best":83.8862308868146,"gradient_rms":152.45234537508276,"update_rms":0.006431229978866865,"accepted":true,"wall_s":2.6944238133728504}
{"iteration":23,"score":83.34514676743166,"best":83.8862308868146,"gradient_rms":8.2681168432901,"update_rms":0.004638223651865518,"accepted":true,"wall_s":2.816859509795904}
{"iteration":24,"score":83.0011681968981,"best":83.8862308868146,"gradient_rms":64.23874318084586,"update_rms":0.0042271245571289294,"accepted":true,"wall_s":2.8151746578514576}
{"iteration":25,"score":84.51521511435266,"best":84.51521511435266,"gradient_rms":211.4827972155445,"update_rms":0.0072332564999410265,"accepted":true,"wall_s":2.8231493532657623}
{"iteration":26,"score":83.68082189340535,"best":84.51521511435266,"gradient_rms":23.30424180365802,"update_rms":0.005254502888529065,"accepted":true,"wall_s":2.8191270902752876}
{"iteration":27,"score":83.40907409685478,"best":84.51521511435266,"gradient_rms":103.37548771524833,"update_rms":0.005260180741157657,"accepted":true,"wall_s":2.8206641897559166}
{"iteration":28,"score":83.41517949085616,"best":84.51521511435266,"gradient_rms":63.23246031059193,"update_rms":0.004339158625244885,"accepted":true,"wall_s":2.8183451928198338}
{"iteration":29,"score":83.69401728595193,"best":84.51521511435266,"gradient_rms":90.9974473596647,"update_rms":0.004421521370706149,"accepted":true,"wall_s":2.806706376373768}
{"iteration":30,"score":83.73678625265947,"best":84.51521511435266,"gradient_rms":99.04685347711671,"update_rms":0.00479097208605171,"accepted":true,"wall_s":2.800496805459261}
{"iteration":31,"score":83.51499030209393,"best":84.51521511435266,"gradient_rms":68.30554528585864,"update_rms":0.004083316504268867,"accepted":true,"wall_s":2.7994139082729816}
{"iteration":32,"score":83.4637266304613,"best":84.51521511435266,"gradient_rms":84.3237608616179,"update_rms":0.004100605002681855,"accepted":true,"wall_s":2.996537212282419}
{"iteration":33,"score":83.35691272340752,"best":84.51521511435266,"gradient_rms":30.763154901199705,"update_rms":0.0031228774716453946,"accepted":true,"wall_s":2.8012676276266575}
{"iteration":34,"score":83.27580970920074,"best":84.51521511435266,"gradient_rms":47.485215790335246,"update_rms":0.0027905793299925273,"accepted":true,"wall_s":2.4549481868743896}
{"iteration":35,"score":83.41545463692823,"best":84.51521511435266,"gradient_rms":67.56150792966545,"update_rms":0.002977224733124943,"accepted":true,"wall_s":2.7991158701479435}
{"iteration":36,"score":83.82144091382457,"best":84.51521511435266,"gradient_rms":87.62970523045703,"update_rms":0.003826560324579477,"accepted":true,"wall_s":2.4564624950289726}
{"iteration":37,"score":83.81408928114138,"best":84.51521511435266,"gradient_rms":70.8382841525479,"update_rms":0.0037625847138917077,"accepted":true,"wall_s":2.4662639684975147}
{"iteration":38,"score":83.93188108519921,"best":84.51521511435266,"gradient_rms":73.42910946554221,"update_rms":0.0038194258926766565,"accepted":true,"wall_s":2.4580358155071735}
{"iteration":39,"score":84.76344595569051,"best":84.76344595569051,"gradient_rms":104.1018008350444,"update_rms":0.004718256226612116,"accepted":true,"wall_s":2.8014040924608707}
{"iteration":40,"score":84.87887763614292,"best":84.87887763614292,"gradient_rms":45.467899317547094,"update_rms":0.003779790589072111,"accepted":true,"wall_s":2.801504846662283}
{"iteration":41,"score":84.41060772146358,"best":84.87887763614292,"gradient_rms":29.659581941969428,"update_rms":0.0028095248705575283,"accepted":true,"wall_s":2.458585888147354}
{"iteration":42,"score":84.03141271452988,"best":84.87887763614292,"gradient_rms":30.607548676874323,"update_rms":0.002353741747516718,"accepted":true,"wall_s":2.455926589667797}
{"iteration":43,"score":84.67454475192214,"best":84.87887763614292,"gradient_rms":120.812971078419,"update_rms":0.004556986851881907,"accepted":true,"wall_s":2.7980274707078934}
{"iteration":44,"score":85.03146205601121,"best":85.03146205601121,"gradient_rms":57.89493349007997,"update_rms":0.0038821037320127595,"accepted":true,"wall_s":2.6625653319060802}
{"iteration":45,"score":84.87902210064105,"best":85.03146205601121,"gradient_rms":100.2256402319071,"update_rms":0.0047886293858814,"accepted":true,"wall_s":2.4551492892205715}
{"iteration":46,"score":83.87450700235381,"best":85.03146205601121,"gradient_rms":18.52254860630113,"update_rms":0.0034305671771956477,"accepted":true,"wall_s":2.4560796916484833}
{"iteration":47,"score":82.91914058998334,"best":85.03146205601121,"gradient_rms":31.155434806266157,"update_rms":0.002684049182170417,"accepted":true,"wall_s":2.454774633049965}
{"iteration":48,"score":82.71017590377865,"best":85.03146205601121,"gradient_rms":61.00054382399711,"update_rms":0.003008162117469251,"accepted":true,"wall_s":2.458179544657469}
{"iteration":49,"score":82.54405115961782,"best":85.03146205601121,"gradient_rms":33.65339129557541,"update_rms":0.0025278137828297098,"accepted":true,"wall_s":2.3167326636612415}
{"iteration":50,"score":83.54067620084214,"best":85.03146205601121,"gradient_rms":180.72139780501897,"update_rms":0.006368375146535344,"accepted":true,"wall_s":2.8019725307822227}
{"iteration":51,"score":83.73192596529042,"best":85.03146205601121,"gradient_rms":121.3914515415822,"update_rms":0.0061541110479655416,"accepted":true,"wall_s":2.820251252502203}
{"iteration":52,"score":83.34919774140496,"best":85.03146205601121,"gradient_rms":48.05809784509749,"update_rms":0.004712670400203565,"accepted":true,"wall_s":2.8064859732985497}
{"iteration":53,"score":84.07981577172417,"best":85.03146205601121,"gradient_rms":146.5645539634937,"update_rms":0.0058576848683944156,"accepted":true,"wall_s":2.45754461735487}
{"iteration":54,"score":83.99276438786718,"best":85.03146205601121,"gradient_rms":6.372409767389397,"update_rms":0.004160808410804508,"accepted":true,"wall_s":2.4574364200234413}
{"iteration":55,"score":84.18342676726239,"best":85.03146205601121,"gradient_rms":77.34078839629576,"update_rms":0.00399016740498108,"accepted":true,"wall_s":2.7984028980135918}
{"iteration":56,"score":84.61709019515335,"best":85.03146205601121,"gradient_rms":98.3031738245164,"update_rms":0.004424954156739528,"accepted":true,"wall_s":2.7999353371560574}
{"iteration":57,"score":84.98401943514357,"best":85.03146205601121,"gradient_rms":110.86804258614457,"update_rms":0.004962588231312162,"accepted":true,"wall_s":2.6610931009054184}
{"iteration":58,"score":84.81606996459617,"best":85.03146205601121,"gradient_rms":31.902469939950212,"update_rms":0.003673997390177606,"accepted":true,"wall_s":2.660597674548626}
{"iteration":59,"score":85.05043645949334,"best":85.05043645949334,"gradient_rms":99.31766922459386,"update_rms":0.004450453238271809,"accepted":true,"wall_s":2.6791309490799904}
{"iteration":60,"score":84.82248156473557,"best":85.05043645949334,"gradient_rms":63.92066533369463,"update_rms":0.0038648206007177318,"accepted":true,"wall_s":2.454500522464514}
{"iteration":61,"score":84.3452037743022,"best":85.05043645949334,"gradient_rms":31.477212144135855,"update_rms":0.003015625140554949,"accepted":true,"wall_s":2.7976154051721096}
{"iteration":62,"score":83.73156351148532,"best":85.05043645949334,"gradient_rms":29.628099774462452,"update_rms":0.0023758852451925623,"accepted":true,"wall_s":2.4553006663918495}
{"iteration":63,"score":83.5240503688278,"best":85.05043645949334,"gradient_rms":72.11579336652548,"update_rms":0.003061903032803914,"accepted":true,"wall_s":2.318321131169796}
{"iteration":64,"score":84.59140289921443,"best":85.05043645949334,"gradient_rms":206.81638660316287,"update_rms":0.007034309358428728,"accepted":true,"wall_s":2.802738655358553}
{"iteration":65,"score":83.01978677052763,"best":85.05043645949334,"gradient_rms":21.686343876551142,"update_rms":0.005043683194099033,"accepted":true,"wall_s":2.7981395833194256}
{"iteration":66,"score":82.4066393498342,"best":85.05043645949334,"gradient_rms":137.92898795634983,"update_rms":0.005989484863176371,"accepted":true,"wall_s":2.473891645669937}
{"iteration":67,"score":81.85822307070872,"best":85.05043645949334,"gradient_rms":67.0995268869581,"update_rms":0.004740434700086106,"accepted":true,"wall_s":2.3177218809723854}
{"iteration":68,"score":81.85484432932948,"best":85.05043645949334,"gradient_rms":106.72336889185306,"update_rms":0.005086950927749776,"accepted":true,"wall_s":2.7985838055610657}
{"iteration":69,"score":81.9361049095555,"best":85.05043645949334,"gradient_rms":88.00391551301438,"update_rms":0.004810476283162483,"accepted":true,"wall_s":2.799188368022442}
{"iteration":70,"score":83.35760840465615,"best":85.05043645949334,"gradient_rms":185.06886672086765,"update_rms":0.0069389906184220895,"accepted":true,"wall_s":2.6678666286170483}
{"iteration":71,"score":83.36011760248918,"best":85.05043645949334,"gradient_rms":47.16091036850902,"update_rms":0.00515408462112479,"accepted":true,"wall_s":2.470010869204998}
{"iteration":72,"score":82.86240889240531,"best":85.05043645949334,"gradient_rms":49.14294221004911,"update_rms":0.004107030026922354,"accepted":true,"wall_s":2.8154579401016235}
{"iteration":73,"score":82.43817671212068,"best":85.05043645949334,"gradient_rms":53.970783403351234,"update_rms":0.00337077014663697,"accepted":true,"wall_s":2.3354301936924458}
{"iteration":74,"score":82.4309890481421,"best":85.05043645949334,"gradient_rms":69.59031382581816,"update_rms":0.0035849835175122114,"accepted":true,"wall_s":2.833098839968443}
{"iteration":75,"score":82.78649782672986,"best":85.05043645949334,"gradient_rms":92.0030956674382,"update_rms":0.004104257324426156,"accepted":true,"wall_s":2.813631519675255}
{"iteration":76,"score":82.73458881859739,"best":85.05043645949334,"gradient_rms":37.03403364846188,"update_rms":0.0031823975318928032,"accepted":true,"wall_s":2.8234359472990036}
{"iteration":77,"score":82.68658507462652,"best":85.05043645949334,"gradient_rms":54.7079865615089,"update_rms":0.002993087353000225,"accepted":true,"wall_s":2.473454289138317}
{"iteration":78,"score":83.15725536341009,"best":85.05043645949334,"gradient_rms":116.35283671490947,"update_rms":0.004611930606372615,"accepted":true,"wall_s":2.8156749419867992}
{"iteration":79,"score":82.83862876576639,"best":85.05043645949334,"gradient_rms":19.592082941318083,"update_rms":0.00335056298909845,"accepted":true,"wall_s":2.8182307332754135}
{"iteration":80,"score":83.1350044501067,"best":85.05043645949334,"gradient_rms":108.81274994603066,"update_rms":0.004352162625472431,"accepted":true,"wall_s":2.6762105636298656}
{"iteration":81,"score":83.12818688203456,"best":85.05043645949334,"gradient_rms":40.055585992841856,"update_rms":0.0032660668551243747,"accepted":true,"wall_s":2.33499588817358}
{"iteration":82,"score":83.21513774673771,"best":85.05043645949334,"gradient_rms":49.78220711814462,"update_rms":0.0028454473247528575,"accepted":true,"wall_s":2.33511121571064}
{"iteration":83,"score":83.27420158570703,"best":85.05043645949334,"gradient_rms":19.730344040026164,"update_rms":0.0020903503986756723,"accepted":true,"wall_s":2.472216695547104}
{"iteration":84,"score":83.40598935564974,"best":85.05043645949334,"gradient_rms":49.23263971489454,"update_rms":0.002335147237213092,"accepted":true,"wall_s":2.4702457636594772}
{"iteration":85,"score":83.55131968490572,"best":85.05043645949334,"gradient_rms":32.82576088210787,"update_rms":0.0020338232350402483,"accepted":true,"wall_s":2.3287436924874783}
{"iteration":86,"score":83.76921049137405,"best":85.05043645949334,"gradient_rms":41.63166544843468,"update_rms":0.002079132024619501,"accepted":true,"wall_s":2.3329855538904667}
{"iteration":87,"score":83.9764610970756,"best":85.05043645949334,"gradient_rms":29.847664590224774,"update_rms":0.0017553711708257296,"accepted":true,"wall_s":2.3412369526922703}
{"iteration":88,"score":84.04208053609838,"best":85.05043645949334,"gradient_rms":57.620140559704964,"update_rms":0.0024438489068749725,"accepted":true,"wall_s":2.473653197288513}
{"iteration":89,"score":84.0462847856844,"best":85.05043645949334,"gradient_rms":46.001193523314086,"update_rms":0.00239852822799038,"accepted":true,"wall_s":2.472551789134741}
{"iteration":90,"score":84.17468531936245,"best":85.05043645949334,"gradient_rms":48.63328936350486,"update_rms":0.0023720451116245474,"accepted":true,"wall_s":2.339216846972704}
{"iteration":91,"score":84.38929028383131,"best":85.05043645949334,"gradient_rms":39.13578866021363,"update_rms":0.0021485033224549082,"accepted":true,"wall_s":2.331801973283291}
{"iteration":92,"score":84.54518791555113,"best":85.05043645949334,"gradient_rms":108.13079025872393,"update_rms":0.004175089216438519,"accepted":true,"wall_s":2.3326606936752796}
{"iteration":93,"score":84.4115920184412,"best":85.05043645949334,"gradient_rms":93.27469840975806,"update_rms":0.004371680922503105,"accepted":true,"wall_s":2.8164546713232994}
{"iteration":94,"score":84.56336245253777,"best":85.05043645949334,"gradient_rms":112.94382034275914,"update_rms":0.004925951035175569,"accepted":true,"wall_s":2.3345126807689667}
{"iteration":95,"score":84.22452787696093,"best":85.05043645949334,"gradient_rms":33.881654463598515,"update_rms":0.003658505992372362,"accepted":true,"wall_s":2.329747937619686}
{"iteration":96,"score":84.05179498635044,"best":85.05043645949334,"gradient_rms":138.40606573769568,"update_rms":0.00538902332788391,"accepted":true,"wall_s":2.3384852968156338}
{"iteration":97,"score":83.10163282645786,"best":85.05043645949334,"gradient_rms":71.96975517234327,"update_rms":0.0044699547696925995,"accepted":true,"wall_s":2.3362687453627586}
{"iteration":98,"score":82.25625712444946,"best":85.05043645949334,"gradient_rms":32.68995147203287,"update_rms":0.0034320896710389225,"accepted":true,"wall_s":2.3496952056884766}
{"iteration":99,"score":82.92506245830523,"best":85.05043645949334,"gradient_rms":140.12622521113454,"update_rms":0.005330124265033435,"accepted":true,"wall_s":2.6749433614313602}
{"iteration":100,"score":84.12884209279868,"best":85.05043645949334,"gradient_rms":157.90909256432465,"update_rms":0.006565101446985684,"accepted":true,"wall_s":2.675796937197447}
{
  "status": "ok",
  "stop_reason": "completed_iterations",
  "initial_score": 77.78212731942871,
  "final_score": 84.12884209279868,
  "best_score": 85.05043645949334,
  "best_iteration": 59,
  "completed_iterations": 100,
  "completed_adam_steps": 100,
  "completed_optimizer_steps": 100,
  "total_wall_s": 263.940694399178,
  "initial_decode_wall_s": 1.5144402123987675,
  "initial_score_wall_s": 1.0787262357771397,
  "mean_iteration_wall_s": 2.638467849716544,
  "manifest": {
    "algorithm": "adam_with_query_batched_local_gradient",
    "optimizer": "adam",
    "parameter_space": "data",
    "gradient_objective": "dynamic local full-density score with coordinate and maximum-surface-selection derivatives omitted",
    "formal_objective": "complete native QH score for every accepted center",
    "initial_case": "/home/scc/pb24511935/local_surface_evaluator/runs/summary1_review2_20260824/flow_pairs/cases/case_08.json",
    "initial_case_sha256": "0e6cf41847332b9e1ed2ed3d6d856773ccd7b31f2b0608617e8027707c9cd80c",
    "checkpoint": "/home/scc/pb24511935/local_surface_evaluator/runs/qh_flow_physical_lr_longselect_20260729/lr_3em4/checkpoint_latest.pt",
    "checkpoint_sha256": "39a3293a459e248a0d1ec062607a1a467128b14d8ca973aadd82e113532ab99f",
    "native_lib": "/home/scc/pb24511935/local_surface_evaluator/runs/summary1_review2_20260824/build_native/libstellarator_gpu.so",
    "native_lib_sha256": "7d3784e02172f5c3130bcf085efa8120dc059d5007daa4b18680edd97b077f94",
    "nfp": 5,
    "n_base_coils": 4,
    "iterations": 100,
    "max_wall_s": 4200.0,
    "flow": {
      "method": "rk4",
      "steps": 128,
      "dtype": "fp32",
      "use": "initial latent-to-coil decode only"
    },
    "flow_pipeline": false,
    "coordinate_gradient": {
      "dimension": 400,
      "mode": "random-orthogonal",
      "random_directions": 2,
      "endpoint_count": 4,
      "perturbation": 0.0025,
      "difference": "centered",
      "psi_grid": 48,
      "psi_iterations": 4,
      "alpha_iterations": 4,
      "formal_surface_theta_count": 128,
      "local_surface_theta_count": 64
    },
    "adam": {
      "learning_rate": 0.01,
      "beta1": 0.7,
      "beta2": 0.999,
      "epsilon": 1e-08,
      "weight_decay": 0.0
    },
    "bfgs": {
      "initial_trust_rms": 0.01,
      "min_trust_rms": 1e-05,
      "max_trust_rms": 0.05,
      "trust_growth": 1.2,
      "trust_shrink": 0.5,
      "min_improvement": 0.0
    },
    "seed": 2026082508,
    "axis_policy": "initial global search, then strict mixed-precision continuation",
    "devices": {
      "flow": 0,
      "score": 0
    },
    "initial_metadata_keys": [
      "flow_prior_screening",
      "nfp",
      "raw"
    ],
    "data_parameterization": {
      "definition": "per-coordinate training-set standardization",
      "physical_mapping": "CoilNormalizer.inverse with canonical current L1/sign",
      "initial_clipped_fraction": 0.0,
      "initial_roundtrip_relative_rms": 3.807381569592755e-08,
      "flow_calls_after_initialization": 0
    }
  }
}
{"iteration":1,"score":77.77331446085984,"best":77.77331446085984,"gradient_rms":8.96439687630431,"update_rms":0.009999999924920509,"accepted":true,"wall_s":5.167971793562174}
{"iteration":2,"score":78.33076213408705,"best":78.33076213408705,"gradient_rms":21.66922357383772,"update_rms":0.007604257266955901,"accepted":true,"wall_s":3.984379705041647}
{"iteration":3,"score":78.67464000228087,"best":78.67464000228087,"gradient_rms":12.145876194284503,"update_rms":0.006106438921759016,"accepted":true,"wall_s":3.9566709771752357}
{"iteration":4,"score":78.90420445833743,"best":78.90420445833743,"gradient_rms":3.592528354148798,"update_rms":0.004357889264128084,"accepted":true,"wall_s":3.954690244048834}
{"iteration":5,"score":79.04738289437418,"best":79.04738289437418,"gradient_rms":10.181045356806969,"update_rms":0.004473141454055048,"accepted":true,"wall_s":3.963772889226675}
{"iteration":6,"score":79.18745243456758,"best":79.18745243456758,"gradient_rms":6.3509399204339525,"update_rms":0.003779805780165795,"accepted":true,"wall_s":3.907052606344223}
{"iteration":7,"score":79.31468674654577,"best":79.31468674654577,"gradient_rms":6.0006351016849795,"update_rms":0.0034159484416245544,"accepted":true,"wall_s":3.847553316503763}
{"iteration":8,"score":79.40422192725879,"best":79.40422192725879,"gradient_rms":7.526115675215715,"update_rms":0.003559110670916608,"accepted":true,"wall_s":3.8467331752181053}
{"iteration":9,"score":79.53160085296444,"best":79.53160085296444,"gradient_rms":10.240962127768764,"update_rms":0.0040029784319544565,"accepted":true,"wall_s":3.8590656481683254}
{"iteration":10,"score":79.59934904631851,"best":79.59934904631851,"gradient_rms":1.9973022208376332,"update_rms":0.0030654288862011804,"accepted":true,"wall_s":3.8639234378933907}
{"iteration":11,"score":79.70159107828222,"best":79.70159107828222,"gradient_rms":6.821163567523763,"update_rms":0.0032101407252134295,"accepted":true,"wall_s":3.8525516614317894}
{"iteration":12,"score":79.76119008959033,"best":79.76119008959033,"gradient_rms":3.3394001886272275,"update_rms":0.002700144302277642,"accepted":true,"wall_s":3.913509964942932}
{"iteration":13,"score":79.79892844544558,"best":79.79892844544558,"gradient_rms":1.010394098317983,"update_rms":0.0020130566444353285,"accepted":true,"wall_s":3.971109788864851}
{"iteration":14,"score":79.85761360374144,"best":79.85761360374144,"gradient_rms":7.018585245493078,"update_rms":0.0028693595610411026,"accepted":true,"wall_s":3.962578695267439}
{"iteration":15,"score":79.8946624020477,"best":79.8946624020477,"gradient_rms":1.206600960050556,"update_rms":0.0021477549494762294,"accepted":true,"wall_s":3.9707503356039524}
{"iteration":16,"score":79.96201825250277,"best":79.96201825250277,"gradient_rms":10.557030101618889,"update_rms":0.004054477977095964,"accepted":true,"wall_s":3.620414987206459}
{"iteration":17,"score":80.11161067011523,"best":80.11161067011523,"gradient_rms":11.188398654966521,"update_rms":0.0043465463549296575,"accepted":true,"wall_s":3.966816656291485}
{"iteration":18,"score":80.26477408145448,"best":80.26477408145448,"gradient_rms":8.80495670212153,"update_rms":0.004384070623325802,"accepted":true,"wall_s":3.9616075456142426}
{"iteration":19,"score":80.36738074834754,"best":80.36738074834754,"gradient_rms":3.9682870642638166,"update_rms":0.003606030628698466,"accepted":true,"wall_s":3.6299076713621616}
{"iteration":20,"score":80.37382465304603,"best":80.37382465304603,"gradient_rms":3.365103376357566,"update_rms":0.0028111195923381533,"accepted":true,"wall_s":3.6128047481179237}
{"iteration":21,"score":80.47764071954195,"best":80.47764071954195,"gradient_rms":6.312292798470899,"update_rms":0.003058629419426329,"accepted":true,"wall_s":3.6188809275627136}
{"iteration":22,"score":80.70337313397955,"best":80.70337313397955,"gradient_rms":14.814513885167289,"update_rms":0.005252173717494539,"accepted":true,"wall_s":3.620896849781275}
{"iteration":23,"score":80.92188358382684,"best":80.92188358382684,"gradient_rms":1.8733547146599678,"update_rms":0.0037961696093396615,"accepted":true,"wall_s":3.6257847249507904}
{"iteration":24,"score":80.9451887943956,"best":80.9451887943956,"gradient_rms":3.156758567790751,"update_rms":0.0029746871552535736,"accepted":true,"wall_s":3.6211584135890007}
{"iteration":25,"score":81.22730173294387,"best":81.22730173294387,"gradient_rms":7.716771377083783,"update_rms":0.0035775737413108392,"accepted":true,"wall_s":3.9636114425957203}
{"iteration":26,"score":81.47047023125756,"best":81.47047023125756,"gradient_rms":14.33476050672316,"update_rms":0.005307281785184871,"accepted":true,"wall_s":3.9586669355630875}
{"iteration":27,"score":81.68141941304222,"best":81.68141941304222,"gradient_rms":6.267423348124347,"update_rms":0.004387494869402714,"accepted":true,"wall_s":3.957717776298523}
{"iteration":28,"score":81.77261959533811,"best":81.77261959533811,"gradient_rms":3.4406716657853154,"update_rms":0.0034232522519044486,"accepted":true,"wall_s":3.9717603251338005}
{"iteration":29,"score":81.88291950327347,"best":81.88291950327347,"gradient_rms":5.592607235974695,"update_rms":0.0031862815163889234,"accepted":true,"wall_s":3.960098896175623}
{"iteration":30,"score":81.94174743435258,"best":81.94174743435258,"gradient_rms":5.695685434478514,"update_rms":0.0032269698102523445,"accepted":true,"wall_s":3.9557578563690186}
{"iteration":31,"score":82.0122929719672,"best":82.0122929719672,"gradient_rms":4.167698606934074,"update_rms":0.002750665603292095,"accepted":true,"wall_s":3.9797167107462883}
{"iteration":32,"score":82.03265904900543,"best":82.03265904900543,"gradient_rms":8.549714889480152,"update_rms":0.0036653236850347263,"accepted":true,"wall_s":3.9551693238317966}
{"iteration":33,"score":82.15062713189742,"best":82.15062713189742,"gradient_rms":12.673321080021493,"update_rms":0.005137760063748018,"accepted":true,"wall_s":3.616462007164955}
{"iteration":34,"score":82.30411008455135,"best":82.30411008455135,"gradient_rms":4.0472914339827994,"update_rms":0.003949246987795625,"accepted":true,"wall_s":3.955127701163292}
{"iteration":35,"score":82.49561895256643,"best":82.49561895256643,"gradient_rms":32.294737525384434,"update_rms":0.008922531169438454,"accepted":true,"wall_s":3.963464330881834}
{"iteration":36,"score":82.53115638631898,"best":82.53115638631898,"gradient_rms":9.893014483328214,"update_rms":0.006985721248034225,"accepted":true,"wall_s":3.9607975594699383}
{"iteration":37,"score":82.58739807933075,"best":82.58739807933075,"gradient_rms":8.46988443921895,"update_rms":0.0055894965370412554,"accepted":true,"wall_s":3.9583222828805447}
{"iteration":38,"score":82.66014131378833,"best":82.66014131378833,"gradient_rms":5.730728623943813,"update_rms":0.004382039004096602,"accepted":true,"wall_s":3.9563699439167976}
{"iteration":39,"score":82.75970592957681,"best":82.75970592957681,"gradient_rms":15.17858381387847,"update_rms":0.005516387256275857,"accepted":true,"wall_s":3.9655367843806744}
{"iteration":40,"score":82.8778685974884,"best":82.8778685974884,"gradient_rms":0.5270364786222409,"update_rms":0.003907020639334464,"accepted":true,"wall_s":3.960734970867634}
{"iteration":41,"score":82.93212986803312,"best":82.93212986803312,"gradient_rms":4.432044612904652,"update_rms":0.0032159492714679645,"accepted":true,"wall_s":3.965734325349331}
{"iteration":42,"score":82.89734352751071,"best":82.93212986803312,"gradient_rms":5.202932492720628,"update_rms":0.0028067141170821422,"accepted":true,"wall_s":3.6152105629444122}
{"iteration":43,"score":83.08763791103986,"best":83.08763791103986,"gradient_rms":10.251392585250445,"update_rms":0.0038166172628394538,"accepted":true,"wall_s":3.968725796788931}
{"iteration":44,"score":83.19440277406977,"best":83.19440277406977,"gradient_rms":11.769709766527548,"update_rms":0.004530214301492739,"accepted":true,"wall_s":3.974892381578684}
{"iteration":45,"score":83.29568706287243,"best":83.29568706287243,"gradient_rms":5.674457856545685,"update_rms":0.003646143232967448,"accepted":true,"wall_s":3.9651257395744324}
{"iteration":46,"score":83.42414110030757,"best":83.42414110030757,"gradient_rms":9.252136090466662,"update_rms":0.003888673164443446,"accepted":true,"wall_s":3.96468386054039}
{"iteration":47,"score":83.51240198279368,"best":83.51240198279368,"gradient_rms":10.335663057702895,"update_rms":0.004232203698103683,"accepted":true,"wall_s":3.970446091145277}
{"iteration":48,"score":83.5889096843759,"best":83.5889096843759,"gradient_rms":1.4170281048342475,"update_rms":0.0030315210981784577,"accepted":true,"wall_s":3.967040877789259}
{"iteration":49,"score":83.62995762690818,"best":83.62995762690818,"gradient_rms":2.971847883593654,"update_rms":0.0024085619899605567,"accepted":true,"wall_s":3.9638588652014732}
{"iteration":50,"score":83.76844531251086,"best":83.76844531251086,"gradient_rms":12.45440754813679,"update_rms":0.004347968761203828,"accepted":true,"wall_s":3.960258211940527}
{"iteration":51,"score":83.82200713071398,"best":83.82200713071398,"gradient_rms":4.162318846774862,"update_rms":0.003492193377982597,"accepted":true,"wall_s":3.96082716435194}
{"iteration":52,"score":83.89823560697891,"best":83.89823560697891,"gradient_rms":7.283659157583146,"update_rms":0.003458866115368817,"accepted":true,"wall_s":3.966389648616314}
{"iteration":53,"score":83.96258951438843,"best":83.96258951438843,"gradient_rms":4.542257706014401,"update_rms":0.002822808029202677,"accepted":true,"wall_s":3.8253877125680447}
{"iteration":54,"score":84.01896513949981,"best":84.01896513949981,"gradient_rms":8.293599808099476,"update_rms":0.0034555483976259527,"accepted":true,"wall_s":3.9624494798481464}
{"iteration":55,"score":84.23702675220063,"best":84.23702675220063,"gradient_rms":16.62604167259893,"update_rms":0.005733481704339793,"accepted":true,"wall_s":3.9771442152559757}
{"iteration":56,"score":84.34651753312107,"best":84.34651753312107,"gradient_rms":7.860431470328908,"update_rms":0.004569674744920229,"accepted":true,"wall_s":3.96945970505476}
{"iteration":57,"score":84.44872341233231,"best":84.44872341233231,"gradient_rms":3.5845417661695627,"update_rms":0.0033865805008675633,"accepted":true,"wall_s":3.9686322174966335}
{"iteration":58,"score":84.47491300454334,"best":84.47491300454334,"gradient_rms":10.58725395653285,"update_rms":0.004075333505913753,"accepted":true,"wall_s":3.6198472194373608}
{"iteration":59,"score":84.53412786611129,"best":84.53412786611129,"gradient_rms":2.3057414939449776,"update_rms":0.0029425820588782074,"accepted":true,"wall_s":3.618143957108259}
{"iteration":60,"score":84.66282733581767,"best":84.66282733581767,"gradient_rms":8.148553926034559,"update_rms":0.0034565522533054204,"accepted":true,"wall_s":3.954248160123825}
{"iteration":61,"score":84.71432412029431,"best":84.71432412029431,"gradient_rms":1.4583432797321616,"update_rms":0.0024707054786303004,"accepted":true,"wall_s":3.9694527983665466}
{"iteration":62,"score":84.80886823724225,"best":84.80886823724225,"gradient_rms":11.503245152294118,"update_rms":0.004190536893319172,"accepted":true,"wall_s":3.9607010260224342}
{"iteration":63,"score":84.78362882334774,"best":84.80886823724225,"gradient_rms":5.121562943580753,"update_rms":0.0034122241583498434,"accepted":true,"wall_s":3.6224465891718864}
{"iteration":64,"score":84.93606516246237,"best":84.93606516246237,"gradient_rms":3.656055613840786,"update_rms":0.0025988740820186763,"accepted":true,"wall_s":3.9650863483548164}
{"iteration":65,"score":85.00801028736231,"best":85.00801028736231,"gradient_rms":7.077668827210005,"update_rms":0.003018603060549678,"accepted":true,"wall_s":3.617609176784754}
{"iteration":66,"score":85.06856025889974,"best":85.06856025889974,"gradient_rms":3.285573743526865,"update_rms":0.002377416339550363,"accepted":true,"wall_s":3.9583943523466587}
{"iteration":67,"score":85.09749349594577,"best":85.09749349594577,"gradient_rms":3.952109483322917,"update_rms":0.00213146806014169,"accepted":true,"wall_s":3.962066899985075}
{"iteration":68,"score":85.1208856569877,"best":85.1208856569877,"gradient_rms":2.519856486722222,"update_rms":0.001759741081949322,"accepted":true,"wall_s":3.9677791073918343}
{"iteration":69,"score":85.09935912995685,"best":85.1208856569877,"gradient_rms":4.450957573905391,"update_rms":0.002055747411624761,"accepted":true,"wall_s":3.9538637697696686}
{"iteration":70,"score":85.12557578748076,"best":85.12557578748076,"gradient_rms":10.131174957648252,"update_rms":0.003676599953744327,"accepted":true,"wall_s":3.9665286242961884}
{"iteration":71,"score":85.1183612719223,"best":85.12557578748076,"gradient_rms":9.094832523669881,"update_rms":0.003977728627914362,"accepted":true,"wall_s":3.601571138948202}
{"iteration":72,"score":85.20128225408635,"best":85.20128225408635,"gradient_rms":2.4609186476133007,"update_rms":0.00299595803669092,"accepted":true,"wall_s":3.4711932577192783}
{"iteration":73,"score":85.23477385832577,"best":85.23477385832577,"gradient_rms":2.835988883388811,"update_rms":0.0022763287447013594,"accepted":true,"wall_s":3.6050584092736244}
{"iteration":74,"score":85.24909261031442,"best":85.24909261031442,"gradient_rms":1.9709862511710798,"update_rms":0.0017542315426871023,"accepted":true,"wall_s":3.6103044115006924}
{"iteration":75,"score":85.27629242931394,"best":85.27629242931394,"gradient_rms":2.0571943538090114,"update_rms":0.0014484337001552765,"accepted":true,"wall_s":3.6197764426469803}
{"iteration":76,"score":85.30451707530833,"best":85.30451707530833,"gradient_rms":1.6143525951747997,"update_rms":0.0011808016503170888,"accepted":true,"wall_s":3.613322276622057}
{"iteration":77,"score":85.31287026852412,"best":85.31287026852412,"gradient_rms":4.017314460215493,"update_rms":0.0016943331700877446,"accepted":true,"wall_s":3.6165165081620216}
{"iteration":78,"score":85.31539161330846,"best":85.31539161330846,"gradient_rms":2.057452419727649,"update_rms":0.0013640889090641367,"accepted":true,"wall_s":3.6152848079800606}
{"iteration":79,"score":85.37927053025882,"best":85.37927053025882,"gradient_rms":3.7546973676215116,"update_rms":0.0017152778270634321,"accepted":true,"wall_s":3.9588387720286846}
{"iteration":80,"score":85.39539624758856,"best":85.39539624758856,"gradient_rms":9.842819361274023,"update_rms":0.0036776183975986074,"accepted":true,"wall_s":3.962442383170128}
{"iteration":81,"score":85.40509933023722,"best":85.40509933023722,"gradient_rms":4.891128484814479,"update_rms":0.003101958117772325,"accepted":true,"wall_s":3.956504475325346}
{"iteration":82,"score":85.38075456525584,"best":85.40509933023722,"gradient_rms":3.2916533213894543,"update_rms":0.0024645895667712967,"accepted":true,"wall_s":3.6120599173009396}
{"iteration":83,"score":85.409749853253,"best":85.409749853253,"gradient_rms":7.941338741738693,"update_rms":0.0033866973966326978,"accepted":true,"wall_s":3.614571187645197}
{"iteration":84,"score":85.48464053949735,"best":85.48464053949735,"gradient_rms":9.935635698934673,"update_rms":0.004307365792495437,"accepted":true,"wall_s":3.9609968177974224}
{"iteration":85,"score":85.55647935604848,"best":85.55647935604848,"gradient_rms":10.691302971987623,"update_rms":0.0048328326811067635,"accepted":true,"wall_s":3.9589999951422215}
{"iteration":86,"score":85.59270512432111,"best":85.59270512432111,"gradient_rms":2.507718536105619,"update_rms":0.003600393313977658,"accepted":true,"wall_s":3.9472448714077473}
{"iteration":87,"score":85.58295337350106,"best":85.59270512432111,"gradient_rms":2.6687988383662007,"update_rms":0.0027477788000862106,"accepted":true,"wall_s":3.9507905542850494}
{"iteration":88,"score":85.66890256868017,"best":85.66890256868017,"gradient_rms":10.9633970400866,"update_rms":0.004365177105829859,"accepted":true,"wall_s":3.9530677683651447}
{"iteration":89,"score":85.70751661681669,"best":85.70751661681669,"gradient_rms":7.935707254350426,"update_rms":0.004249105396906475,"accepted":true,"wall_s":3.9621551148593426}
{"iteration":90,"score":85.7029379120088,"best":85.70751661681669,"gradient_rms":3.0963418210794043,"update_rms":0.003328896532382301,"accepted":true,"wall_s":3.9578243233263493}
{"iteration":91,"score":85.73114925317734,"best":85.73114925317734,"gradient_rms":7.62885832528852,"update_rms":0.0037204913775295235,"accepted":true,"wall_s":3.968111876398325}
{"iteration":92,"score":85.79402345701178,"best":85.79402345701178,"gradient_rms":6.013951261540272,"update_rms":0.003432190408706753,"accepted":true,"wall_s":3.9603787548840046}
{"iteration":93,"score":85.86447144834408,"best":85.86447144834408,"gradient_rms":6.4985109228857825,"update_rms":0.0033595378089466706,"accepted":true,"wall_s":3.960716925561428}
{"iteration":94,"score":85.76475516103817,"best":85.86447144834408,"gradient_rms":5.5322892654356615,"update_rms":0.00323475767512443,"accepted":true,"wall_s":3.615439288318157}
{"iteration":95,"score":85.94862655669431,"best":85.94862655669431,"gradient_rms":6.485302304057063,"update_rms":0.0032379759194938996,"accepted":true,"wall_s":3.6161793656647205}
{"iteration":96,"score":86.06501877480503,"best":86.06501877480503,"gradient_rms":6.8800950070633435,"update_rms":0.0035446798172414002,"accepted":true,"wall_s":3.9617303051054478}
{"iteration":97,"score":86.12823316870089,"best":86.12823316870089,"gradient_rms":2.6357372869602935,"update_rms":0.0027136411814303613,"accepted":true,"wall_s":3.630687605589628}
{"iteration":98,"score":86.15488751387176,"best":86.15488751387176,"gradient_rms":2.8501244393267546,"update_rms":0.0021330799465988435,"accepted":true,"wall_s":3.6198767572641373}
{"iteration":99,"score":86.20349816699708,"best":86.20349816699708,"gradient_rms":2.605192646809177,"update_rms":0.0017723158303725416,"accepted":true,"wall_s":3.9715456143021584}
{"iteration":100,"score":86.17299634636095,"best":86.20349816699708,"gradient_rms":2.860468217275748,"update_rms":0.0016593203112214364,"accepted":true,"wall_s":3.5330039896070957}
{
  "status": "ok",
  "stop_reason": "completed_iterations",
  "initial_score": 77.48644567263236,
  "final_score": 86.17299634636095,
  "best_score": 86.20349816699708,
  "best_iteration": 99,
  "completed_iterations": 100,
  "completed_adam_steps": 100,
  "completed_optimizer_steps": 100,
  "total_wall_s": 386.898436691612,
  "initial_decode_wall_s": 1.5063467659056187,
  "initial_score_wall_s": 1.0744426399469376,
  "mean_iteration_wall_s": 3.8680853041261436,
  "manifest": {
    "algorithm": "adam_with_query_batched_local_gradient",
    "optimizer": "adam",
    "parameter_space": "latent",
    "gradient_objective": "dynamic local full-density score with coordinate and maximum-surface-selection derivatives omitted",
    "formal_objective": "complete native QH score for every accepted center",
    "initial_case": "/home/scc/pb24511935/local_surface_evaluator/runs/summary1_review2_20260824/flow_pairs/cases/case_12.json",
    "initial_case_sha256": "1f570222076b095239986b15bbb5d11d8aa2241d7e32f038f55d87a931b83616",
    "checkpoint": "/home/scc/pb24511935/local_surface_evaluator/runs/qh_flow_physical_lr_longselect_20260729/lr_3em4/checkpoint_latest.pt",
    "checkpoint_sha256": "39a3293a459e248a0d1ec062607a1a467128b14d8ca973aadd82e113532ab99f",
    "native_lib": "/home/scc/pb24511935/local_surface_evaluator/runs/summary1_review2_20260824/build_native/libstellarator_gpu.so",
    "native_lib_sha256": "7d3784e02172f5c3130bcf085efa8120dc059d5007daa4b18680edd97b077f94",
    "nfp": 4,
    "n_base_coils": 5,
    "iterations": 100,
    "max_wall_s": 4200.0,
    "flow": {
      "method": "rk4",
      "steps": 128,
      "dtype": "fp32",
      "use": "every gradient endpoint and accepted center"
    },
    "flow_pipeline": true,
    "coordinate_gradient": {
      "dimension": 500,
      "mode": "random-orthogonal",
      "random_directions": 2,
      "endpoint_count": 4,
      "perturbation": 0.005,
      "difference": "centered",
      "psi_grid": 48,
      "psi_iterations": 4,
      "alpha_iterations": 4,
      "formal_surface_theta_count": 128,
      "local_surface_theta_count": 64
    },
    "adam": {
      "learning_rate": 0.01,
      "beta1": 0.7,
      "beta2": 0.999,
      "epsilon": 1e-08,
      "weight_decay": 0.0
    },
    "bfgs": {
      "initial_trust_rms": 0.01,
      "min_trust_rms": 1e-05,
      "max_trust_rms": 0.05,
      "trust_growth": 1.2,
      "trust_shrink": 0.5,
      "min_improvement": 0.0
    },
    "seed": 2026082512,
    "axis_policy": "initial global search, then strict mixed-precision continuation",
    "devices": {
      "flow": 0,
      "score": 0
    },
    "initial_metadata_keys": [
      "flow_prior_screening",
      "nfp",
      "raw"
    ]
  }
}
{"iteration":1,"score":78.45368097631393,"best":78.45368097631393,"gradient_rms":23.746077725130885,"update_rms":0.009999999980326158,"accepted":true,"wall_s":2.8105291724205017}
{"iteration":2,"score":78.94173705286278,"best":78.94173705286278,"gradient_rms":41.115757894743695,"update_rms":0.007574072024315006,"accepted":true,"wall_s":2.8060689456760883}
{"iteration":3,"score":80.01175375413153,"best":80.01175375413153,"gradient_rms":60.79668902914931,"update_rms":0.0068426464774310365,"accepted":true,"wall_s":2.793329957872629}
{"iteration":4,"score":81.08097154607516,"best":81.08097154607516,"gradient_rms":142.16138924891038,"update_rms":0.006768003267554463,"accepted":true,"wall_s":2.7944739386439323}
{"iteration":5,"score":81.66962420493816,"best":81.66962420493816,"gradient_rms":11.034136673330758,"update_rms":0.0048838586465410885,"accepted":true,"wall_s":2.7865531854331493}
{"iteration":6,"score":82.44556257680567,"best":82.44556257680567,"gradient_rms":66.1143573708928,"update_rms":0.004756534319948731,"accepted":true,"wall_s":2.797139659523964}
{"iteration":7,"score":82.92545310189628,"best":82.92545310189628,"gradient_rms":73.56939804887506,"update_rms":0.004971482591951669,"accepted":true,"wall_s":2.7904001772403717}
{"iteration":8,"score":83.21478249655144,"best":83.21478249655144,"gradient_rms":79.440037606851,"update_rms":0.004727442332942826,"accepted":true,"wall_s":2.7902724258601665}
{"iteration":9,"score":83.26622536392303,"best":83.26622536392303,"gradient_rms":57.22320521567706,"update_rms":0.004285699290778046,"accepted":true,"wall_s":2.7889416962862015}
{"iteration":10,"score":83.75325622957934,"best":83.75325622957934,"gradient_rms":93.07979061168244,"update_rms":0.0049849770367957225,"accepted":true,"wall_s":2.6495439782738686}
{"iteration":11,"score":84.58730900829568,"best":84.58730900829568,"gradient_rms":161.95255406992976,"update_rms":0.006063540730821174,"accepted":true,"wall_s":2.7958075664937496}
{"iteration":12,"score":84.58631443938785,"best":84.58730900829568,"gradient_rms":68.69910852338754,"update_rms":0.005205121335754591,"accepted":true,"wall_s":2.7998277842998505}
{"iteration":13,"score":84.31660586463087,"best":84.58730900829568,"gradient_rms":125.42453314681454,"update_rms":0.005681753592582884,"accepted":true,"wall_s":2.800016239285469}
{"iteration":14,"score":83.57409644467656,"best":84.58730900829568,"gradient_rms":91.13895450864945,"update_rms":0.0050888842744726505,"accepted":true,"wall_s":2.742057304829359}
{"iteration":15,"score":82.68891242197738,"best":84.58730900829568,"gradient_rms":36.55062111817807,"update_rms":0.003946712646211619,"accepted":true,"wall_s":2.676969178020954}
{"iteration":16,"score":82.08395117186984,"best":84.58730900829568,"gradient_rms":42.206687003121004,"update_rms":0.0032841302037960587,"accepted":true,"wall_s":2.6942891404032707}
{"iteration":17,"score":82.38505545403316,"best":84.58730900829568,"gradient_rms":107.27729294803417,"update_rms":0.004478675410597831,"accepted":true,"wall_s":2.6766724810004234}
{"iteration":18,"score":82.50251791182713,"best":84.58730900829568,"gradient_rms":45.92397490438049,"update_rms":0.0037347335252780433,"accepted":true,"wall_s":2.67420694231987}
{"iteration":19,"score":82.68516999223868,"best":84.58730900829568,"gradient_rms":63.925436865621464,"update_rms":0.003430983318204352,"accepted":true,"wall_s":2.3307410292327404}
{"iteration":20,"score":83.00545171254703,"best":84.58730900829568,"gradient_rms":43.342356027935786,"update_rms":0.003085315621300705,"accepted":true,"wall_s":2.674773909151554}
{"iteration":21,"score":83.41744531372179,"best":84.58730900829568,"gradient_rms":76.03923167286304,"update_rms":0.003594805108481986,"accepted":true,"wall_s":2.683874797075987}
{"iteration":22,"score":83.97235839463983,"best":84.58730900829568,"gradient_rms":83.94975454506485,"update_rms":0.0039465962558815175,"accepted":true,"wall_s":2.764755181968212}
{"iteration":23,"score":83.93159489483071,"best":84.58730900829568,"gradient_rms":26.637624730957345,"update_rms":0.002979569865720917,"accepted":true,"wall_s":2.8682554364204407}
{"iteration":24,"score":84.30110283382014,"best":84.58730900829568,"gradient_rms":97.82208174715576,"update_rms":0.004240877410699474,"accepted":true,"wall_s":2.8024045787751675}
{"iteration":25,"score":84.53626260518662,"best":84.58730900829568,"gradient_rms":36.08116811040387,"update_rms":0.0033352023378556872,"accepted":true,"wall_s":2.8005033284425735}
{"iteration":26,"score":84.76055109542041,"best":84.76055109542041,"gradient_rms":64.42856629902447,"update_rms":0.0034819075849827595,"accepted":true,"wall_s":2.8059072829782963}
{"iteration":27,"score":84.6379092275308,"best":84.76055109542041,"gradient_rms":4.691999986439444,"update_rms":0.002495525131406974,"accepted":true,"wall_s":2.803212758153677}
{"iteration":28,"score":84.68355890286142,"best":84.76055109542041,"gradient_rms":56.57950958168517,"update_rms":0.0028879812981257983,"accepted":true,"wall_s":2.805071398615837}
{"iteration":29,"score":84.80455375650571,"best":84.80455375650571,"gradient_rms":64.08335326692477,"update_rms":0.0033755873609705596,"accepted":true,"wall_s":2.805657498538494}
{"iteration":30,"score":84.957816286781,"best":84.957816286781,"gradient_rms":60.19810126363191,"update_rms":0.003438171552039352,"accepted":true,"wall_s":2.812529858201742}
{"iteration":31,"score":84.99673046603205,"best":84.99673046603205,"gradient_rms":14.268816092988153,"update_rms":0.0024796905053713924,"accepted":true,"wall_s":2.802808541804552}
{"iteration":32,"score":85.04229798269904,"best":85.04229798269904,"gradient_rms":39.125116329905204,"update_rms":0.0024155397111506574,"accepted":true,"wall_s":2.804590180516243}
{"iteration":33,"score":85.02224771947834,"best":85.04229798269904,"gradient_rms":59.76865098590811,"update_rms":0.0030585779909663483,"accepted":true,"wall_s":2.458449099212885}
{"iteration":34,"score":84.76167118243468,"best":85.04229798269904,"gradient_rms":13.344136211909083,"update_rms":0.0022394514947209265,"accepted":true,"wall_s":2.4584491848945618}
{"iteration":35,"score":84.70219737106832,"best":85.04229798269904,"gradient_rms":35.546530242020005,"update_rms":0.0023226840807579674,"accepted":true,"wall_s":2.801414377987385}
{"iteration":36,"score":84.72959577560538,"best":85.04229798269904,"gradient_rms":45.552391562775675,"update_rms":0.0025698730309008516,"accepted":true,"wall_s":2.8013123236596584}
{"iteration":37,"score":84.66271071036512,"best":85.04229798269904,"gradient_rms":28.272559224524517,"update_rms":0.002245299894569372,"accepted":true,"wall_s":2.4712135270237923}
{"iteration":38,"score":84.82305411811562,"best":85.04229798269904,"gradient_rms":28.004236994543675,"update_rms":0.0020417996624274744,"accepted":true,"wall_s":2.803914975374937}
{"iteration":39,"score":84.84913881419183,"best":85.04229798269904,"gradient_rms":29.868328843213625,"update_rms":0.0019701921786491414,"accepted":true,"wall_s":2.4571400061249733}
{"iteration":40,"score":85.18587357816149,"best":85.18587357816149,"gradient_rms":75.32490352634305,"update_rms":0.003582078433858653,"accepted":true,"wall_s":2.809547580778599}
{"iteration":41,"score":85.44380622647614,"best":85.44380622647614,"gradient_rms":43.811582547143516,"update_rms":0.003246475749896949,"accepted":true,"wall_s":2.8037332110106945}
{"iteration":42,"score":85.6903906389774,"best":85.6903906389774,"gradient_rms":58.82332476114008,"update_rms":0.003358048145529332,"accepted":true,"wall_s":2.804425623267889}
{"iteration":43,"score":86.00643068802717,"best":86.00643068802717,"gradient_rms":91.90249678793211,"update_rms":0.004815353673283518,"accepted":true,"wall_s":2.796700492501259}
{"iteration":44,"score":85.65585598484788,"best":86.00643068802717,"gradient_rms":38.09734559219237,"update_rms":0.0038793179509211246,"accepted":true,"wall_s":2.7927933260798454}
{"iteration":45,"score":85.32585076844485,"best":86.00643068802717,"gradient_rms":32.99617353786913,"update_rms":0.0031267910377402596,"accepted":true,"wall_s":2.801575221121311}
{"iteration":46,"score":85.15281462791691,"best":86.00643068802717,"gradient_rms":51.718235612335526,"update_rms":0.0032612333248961626,"accepted":true,"wall_s":2.7947190403938293}
{"iteration":47,"score":84.95344268800123,"best":86.00643068802717,"gradient_rms":193.07305194682857,"update_rms":0.0077096880856031245,"accepted":true,"wall_s":2.7856933772563934}
{"iteration":48,"score":83.56148700411948,"best":86.00643068802717,"gradient_rms":167.26261736556378,"update_rms":0.008315741404674193,"accepted":true,"wall_s":2.793775048106909}
{"iteration":49,"score":81.99610777731763,"best":86.00643068802717,"gradient_rms":92.34294712674965,"update_rms":0.006876469382420603,"accepted":true,"wall_s":2.497040543705225}
{"iteration":50,"score":82.39594984754972,"best":86.00643068802717,"gradient_rms":175.52975290908878,"update_rms":0.007941563287972329,"accepted":true,"wall_s":2.8032619804143906}
{"iteration":51,"score":82.48103279034494,"best":86.00643068802717,"gradient_rms":116.0017561894495,"update_rms":0.006848469483218706,"accepted":true,"wall_s":2.8017988353967667}
{"iteration":52,"score":81.7643258192445,"best":86.00643068802717,"gradient_rms":106.68967732993929,"update_rms":0.006175567296204892,"accepted":true,"wall_s":2.810175124555826}
{"iteration":53,"score":80.19015875122138,"best":86.00643068802717,"gradient_rms":56.99471763956125,"update_rms":0.004745640675172207,"accepted":true,"wall_s":2.8034960255026817}
{"iteration":54,"score":78.99108209597821,"best":86.00643068802717,"gradient_rms":62.06518732858303,"update_rms":0.004126089547053224,"accepted":true,"wall_s":2.801384150981903}
{"iteration":55,"score":78.25164476788184,"best":86.00643068802717,"gradient_rms":67.61392753921311,"update_rms":0.0037767086652575714,"accepted":true,"wall_s":2.4532804526388645}
{"iteration":56,"score":77.79420895291781,"best":86.00643068802717,"gradient_rms":58.22896626479554,"update_rms":0.003497082393811041,"accepted":true,"wall_s":2.733108352869749}
{"iteration":57,"score":77.5705622504506,"best":86.00643068802717,"gradient_rms":32.83513164725385,"update_rms":0.002796427511142827,"accepted":true,"wall_s":2.3318419940769672}
{"iteration":58,"score":77.42696968392285,"best":86.00643068802717,"gradient_rms":31.553025409280217,"update_rms":0.0023383775410778514,"accepted":true,"wall_s":2.332826469093561}
{"iteration":59,"score":79.02935391385844,"best":86.00643068802717,"gradient_rms":154.11207812921444,"update_rms":0.0057423880821577036,"accepted":true,"wall_s":2.685777224600315}
{"iteration":60,"score":80.24305261892125,"best":86.00643068802717,"gradient_rms":50.72796926870803,"update_rms":0.004493611982646511,"accepted":true,"wall_s":2.675348561257124}
{"iteration":61,"score":81.03260115452953,"best":86.00643068802717,"gradient_rms":29.349456644636387,"update_rms":0.0033815456883314137,"accepted":true,"wall_s":2.675683420151472}
{"iteration":62,"score":81.59565367179749,"best":86.00643068802717,"gradient_rms":41.54283549182999,"update_rms":0.002987424687781493,"accepted":true,"wall_s":2.678587418049574}
{"iteration":63,"score":83.53111946688522,"best":86.00643068802717,"gradient_rms":173.40324808592635,"update_rms":0.0064674402190018935,"accepted":true,"wall_s":2.67572158947587}
{"iteration":64,"score":83.90965811275538,"best":86.00643068802717,"gradient_rms":87.98216564820379,"update_rms":0.005737550634837358,"accepted":true,"wall_s":2.675471868366003}
{"iteration":65,"score":83.28493641191383,"best":86.00643068802717,"gradient_rms":52.17309872606435,"update_rms":0.004589576232118888,"accepted":true,"wall_s":2.6747045628726482}
{"iteration":66,"score":83.89559741619874,"best":86.00643068802717,"gradient_rms":159.14270795237852,"update_rms":0.006638380858934726,"accepted":true,"wall_s":2.67468673735857}
{"iteration":67,"score":84.03516181009581,"best":86.00643068802717,"gradient_rms":5.4098800418045805,"update_rms":0.004699805567005866,"accepted":true,"wall_s":2.7292812168598175}
{"iteration":68,"score":83.92495132503839,"best":86.00643068802717,"gradient_rms":99.89859050246686,"update_rms":0.005204443145409262,"accepted":true,"wall_s":2.796242143958807}
{"iteration":69,"score":83.53390862392632,"best":86.00643068802717,"gradient_rms":34.929643182418,"update_rms":0.003854578581670183,"accepted":true,"wall_s":2.8013136349618435}
{"iteration":70,"score":83.97212853751711,"best":86.00643068802717,"gradient_rms":112.91471609735049,"update_rms":0.005047744084870522,"accepted":true,"wall_s":2.7930235229432583}
{"iteration":71,"score":84.5104855363941,"best":86.00643068802717,"gradient_rms":92.56803220267827,"update_rms":0.005026775590637388,"accepted":true,"wall_s":2.7877697311341763}
{"iteration":72,"score":84.04440518042797,"best":86.00643068802717,"gradient_rms":34.067291348131135,"update_rms":0.003714488414350379,"accepted":true,"wall_s":2.79294403642416}
{"iteration":73,"score":84.1591895883169,"best":86.00643068802717,"gradient_rms":83.7843128366693,"update_rms":0.003940357360668516,"accepted":true,"wall_s":2.8019779808819294}
{"iteration":74,"score":84.3732219689215,"best":86.00643068802717,"gradient_rms":51.15158150421569,"update_rms":0.0033821862960635076,"accepted":true,"wall_s":2.8010851107537746}
{"iteration":75,"score":84.73524578303316,"best":86.00643068802717,"gradient_rms":64.31421620983328,"update_rms":0.0033149045880737416,"accepted":true,"wall_s":2.7948676012456417}
{"iteration":76,"score":85.10243966236067,"best":86.00643068802717,"gradient_rms":57.23961628189987,"update_rms":0.0031062334183616556,"accepted":true,"wall_s":2.7871043868362904}
{"iteration":77,"score":85.53649699056862,"best":86.00643068802717,"gradient_rms":97.32896100051632,"update_rms":0.004199944944271966,"accepted":true,"wall_s":2.790411315858364}
{"iteration":78,"score":85.62782592087734,"best":86.00643068802717,"gradient_rms":57.30064684375642,"update_rms":0.0037120016840268425,"accepted":true,"wall_s":2.7866888642311096}
{"iteration":79,"score":85.40889944792643,"best":86.00643068802717,"gradient_rms":56.92465566085604,"update_rms":0.0034008838243286964,"accepted":true,"wall_s":2.4404565282166004}
{"iteration":80,"score":85.21938301176996,"best":86.00643068802717,"gradient_rms":31.77068483983085,"update_rms":0.002696959440688327,"accepted":true,"wall_s":2.441714957356453}
{"iteration":81,"score":85.16552235232443,"best":86.00643068802717,"gradient_rms":41.93927769600584,"update_rms":0.002523026323407479,"accepted":true,"wall_s":2.4441340155899525}
{"iteration":82,"score":84.84673877520353,"best":86.00643068802717,"gradient_rms":37.08447226989632,"update_rms":0.002201066958143086,"accepted":true,"wall_s":2.4403980933129787}
{"iteration":83,"score":84.72580804024798,"best":86.00643068802717,"gradient_rms":22.25081392744597,"update_rms":0.0017943120930014114,"accepted":true,"wall_s":2.7845024466514587}
{"iteration":84,"score":85.28739130858798,"best":86.00643068802717,"gradient_rms":118.28316352267608,"update_rms":0.004631111256338984,"accepted":true,"wall_s":2.785083584487438}
{"iteration":85,"score":85.25728959910299,"best":86.00643068802717,"gradient_rms":57.31292946627551,"update_rms":0.0039329760159017325,"accepted":true,"wall_s":2.446026209741831}
{"iteration":86,"score":85.0729458814852,"best":86.00643068802717,"gradient_rms":17.950794859415776,"update_rms":0.002870184493718103,"accepted":true,"wall_s":2.7867329083383083}
{"iteration":87,"score":84.86359348529865,"best":86.00643068802717,"gradient_rms":41.36614074759879,"update_rms":0.002564130903131343,"accepted":true,"wall_s":2.7847821973264217}
{"iteration":88,"score":85.01668499838055,"best":86.00643068802717,"gradient_rms":77.93357210619837,"update_rms":0.003586550678026591,"accepted":true,"wall_s":2.786876045167446}
{"iteration":89,"score":85.11731637451906,"best":86.00643068802717,"gradient_rms":64.61844103790719,"update_rms":0.0036125419627941924,"accepted":true,"wall_s":2.7848636843264103}
{"iteration":90,"score":85.05265108755542,"best":86.00643068802717,"gradient_rms":43.73903540230864,"update_rms":0.0029929083942893623,"accepted":true,"wall_s":2.7862592302262783}
{"iteration":91,"score":84.90801983461425,"best":86.00643068802717,"gradient_rms":37.852083993937754,"update_rms":0.0026308949318733735,"accepted":true,"wall_s":2.7883585691452026}
{"iteration":92,"score":84.7721834250091,"best":86.00643068802717,"gradient_rms":12.15902238399522,"update_rms":0.0018924921859016905,"accepted":true,"wall_s":2.785964112728834}
{"iteration":93,"score":84.61190113108934,"best":86.00643068802717,"gradient_rms":17.89938879206445,"update_rms":0.0015347965254561642,"accepted":true,"wall_s":2.7922177016735077}
{"iteration":94,"score":84.53136462773914,"best":86.00643068802717,"gradient_rms":24.646829410249335,"update_rms":0.0014401521639531662,"accepted":true,"wall_s":2.7856996841728687}
{"iteration":95,"score":84.66482998648475,"best":86.00643068802717,"gradient_rms":68.8412488653135,"update_rms":0.0029012626413836952,"accepted":true,"wall_s":2.7848119027912617}
{"iteration":96,"score":84.63052361082532,"best":86.00643068802717,"gradient_rms":36.3796080985188,"update_rms":0.0024957676669906635,"accepted":true,"wall_s":2.7865257747471333}
{"iteration":97,"score":84.49870764019673,"best":86.00643068802717,"gradient_rms":43.17123254985473,"update_rms":0.0025301563967779113,"accepted":true,"wall_s":2.646525427699089}
{"iteration":98,"score":84.65205745990136,"best":86.00643068802717,"gradient_rms":70.51394598988453,"update_rms":0.003346634033587973,"accepted":true,"wall_s":2.7834490202367306}
{"iteration":99,"score":84.50771451576917,"best":86.00643068802717,"gradient_rms":92.31171535799136,"update_rms":0.004235153915921081,"accepted":true,"wall_s":2.7847799882292747}
{"iteration":100,"score":83.8150928885497,"best":86.00643068802717,"gradient_rms":56.47027698266975,"update_rms":0.003666884892660558,"accepted":true,"wall_s":2.794497363269329}
{
  "status": "ok",
  "stop_reason": "completed_iterations",
  "initial_score": 77.48916942129664,
  "final_score": 83.8150928885497,
  "best_score": 86.00643068802717,
  "best_iteration": 43,
  "completed_iterations": 100,
  "completed_adam_steps": 100,
  "completed_optimizer_steps": 100,
  "total_wall_s": 272.457319047302,
  "initial_decode_wall_s": 1.5416691824793816,
  "initial_score_wall_s": 1.0746842920780182,
  "mean_iteration_wall_s": 2.7235860627144577,
  "manifest": {
    "algorithm": "adam_with_query_batched_local_gradient",
    "optimizer": "adam",
    "parameter_space": "data",
    "gradient_objective": "dynamic local full-density score with coordinate and maximum-surface-selection derivatives omitted",
    "formal_objective": "complete native QH score for every accepted center",
    "initial_case": "/home/scc/pb24511935/local_surface_evaluator/runs/summary1_review2_20260824/flow_pairs/cases/case_12.json",
    "initial_case_sha256": "1f570222076b095239986b15bbb5d11d8aa2241d7e32f038f55d87a931b83616",
    "checkpoint": "/home/scc/pb24511935/local_surface_evaluator/runs/qh_flow_physical_lr_longselect_20260729/lr_3em4/checkpoint_latest.pt",
    "checkpoint_sha256": "39a3293a459e248a0d1ec062607a1a467128b14d8ca973aadd82e113532ab99f",
    "native_lib": "/home/scc/pb24511935/local_surface_evaluator/runs/summary1_review2_20260824/build_native/libstellarator_gpu.so",
    "native_lib_sha256": "7d3784e02172f5c3130bcf085efa8120dc059d5007daa4b18680edd97b077f94",
    "nfp": 4,
    "n_base_coils": 5,
    "iterations": 100,
    "max_wall_s": 4200.0,
    "flow": {
      "method": "rk4",
      "steps": 128,
      "dtype": "fp32",
      "use": "initial latent-to-coil decode only"
    },
    "flow_pipeline": false,
    "coordinate_gradient": {
      "dimension": 500,
      "mode": "random-orthogonal",
      "random_directions": 2,
      "endpoint_count": 4,
      "perturbation": 0.0025,
      "difference": "centered",
      "psi_grid": 48,
      "psi_iterations": 4,
      "alpha_iterations": 4,
      "formal_surface_theta_count": 128,
      "local_surface_theta_count": 64
    },
    "adam": {
      "learning_rate": 0.01,
      "beta1": 0.7,
      "beta2": 0.999,
      "epsilon": 1e-08,
      "weight_decay": 0.0
    },
    "bfgs": {
      "initial_trust_rms": 0.01,
      "min_trust_rms": 1e-05,
      "max_trust_rms": 0.05,
      "trust_growth": 1.2,
      "trust_shrink": 0.5,
      "min_improvement": 0.0
    },
    "seed": 2026082512,
    "axis_policy": "initial global search, then strict mixed-precision continuation",
    "devices": {
      "flow": 0,
      "score": 0
    },
    "initial_metadata_keys": [
      "flow_prior_screening",
      "nfp",
      "raw"
    ],
    "data_parameterization": {
      "definition": "per-coordinate training-set standardization",
      "physical_mapping": "CoilNormalizer.inverse with canonical current L1/sign",
      "initial_clipped_fraction": 0.0,
      "initial_roundtrip_relative_rms": 2.4671317535188558e-08,
      "flow_calls_after_initialization": 0
    }
  }
}
{"iteration":1,"score":73.37236526670083,"best":73.45754670090383,"gradient_rms":1.4822832515698396,"update_rms":0.009999999710160662,"accepted":true,"wall_s":4.868505854159594}
{"iteration":2,"score":73.42984380121852,"best":73.45754670090383,"gradient_rms":5.390746015315106,"update_rms":0.007882370916422042,"accepted":true,"wall_s":3.4125215224921703}
{"iteration":3,"score":73.59612477676441,"best":73.59612477676441,"gradient_rms":4.06639930532521,"update_rms":0.0063313206418680636,"accepted":true,"wall_s":3.7289363257586956}
{"iteration":4,"score":73.66270081068744,"best":73.66270081068744,"gradient_rms":4.876253983650926,"update_rms":0.006020270478883742,"accepted":true,"wall_s":3.7163404524326324}
{"iteration":5,"score":73.65614994598073,"best":73.66270081068744,"gradient_rms":5.0814577671217025,"update_rms":0.005710400197225366,"accepted":true,"wall_s":3.4091233275830746}
{"iteration":6,"score":73.74112736273467,"best":73.74112736273467,"gradient_rms":3.1229723453352825,"update_rms":0.004745059405831657,"accepted":true,"wall_s":3.7265290319919586}
{"iteration":7,"score":73.95615620688847,"best":73.95615620688847,"gradient_rms":9.732891997852661,"update_rms":0.006095822524059271,"accepted":true,"wall_s":3.717848055064678}
{"iteration":8,"score":74.00133181065762,"best":74.00133181065762,"gradient_rms":6.201129212962831,"update_rms":0.0056618937772880094,"accepted":true,"wall_s":3.40558697655797}
{"iteration":9,"score":74.26077505547244,"best":74.26077505547244,"gradient_rms":11.033001170856496,"update_rms":0.005974526543435027,"accepted":true,"wall_s":3.2881377525627613}
{"iteration":10,"score":74.29695662118066,"best":74.29695662118066,"gradient_rms":9.816030947440831,"update_rms":0.005945139068872753,"accepted":true,"wall_s":3.7186046093702316}
{"iteration":11,"score":74.35269789491298,"best":74.35269789491298,"gradient_rms":10.023505104074106,"update_rms":0.00577549792403985,"accepted":true,"wall_s":3.404405325651169}
{"iteration":12,"score":74.50388817272803,"best":74.50388817272803,"gradient_rms":9.423424285336536,"update_rms":0.005370627626046182,"accepted":true,"wall_s":3.40238805860281}
{"iteration":13,"score":74.6165110667879,"best":74.6165110667879,"gradient_rms":1.8817719732279397,"update_rms":0.003952265138400012,"accepted":true,"wall_s":3.302289117127657}
{"iteration":14,"score":74.67497589160915,"best":74.67497589160915,"gradient_rms":4.312787750145429,"update_rms":0.003417914685188466,"accepted":true,"wall_s":3.4258987233042717}
{"iteration":15,"score":74.64350087783865,"best":74.67497589160915,"gradient_rms":3.0972282630674246,"update_rms":0.0027930582859844247,"accepted":true,"wall_s":3.397146813571453}
{"iteration":16,"score":74.8714641665922,"best":74.8714641665922,"gradient_rms":5.360868282361629,"update_rms":0.003092193534220875,"accepted":true,"wall_s":3.7171142548322678}
{"iteration":17,"score":75.01098380724308,"best":75.01098380724308,"gradient_rms":7.132727705465717,"update_rms":0.0038386264528137274,"accepted":true,"wall_s":3.7195266224443913}
{"iteration":18,"score":75.09678018789916,"best":75.09678018789916,"gradient_rms":3.258485630136917,"update_rms":0.003100172459760798,"accepted":true,"wall_s":3.725688401609659}
{"iteration":19,"score":75.23417660468806,"best":75.23417660468806,"gradient_rms":7.187185886768817,"update_rms":0.0038816332790105063,"accepted":true,"wall_s":3.716003146022558}
{"iteration":20,"score":75.3279075044164,"best":75.3279075044164,"gradient_rms":6.17195601999667,"update_rms":0.0041508654054711065,"accepted":true,"wall_s":3.721016015857458}
{"iteration":21,"score":75.426822445259,"best":75.426822445259,"gradient_rms":2.9905246577553792,"update_rms":0.0032911636986612935,"accepted":true,"wall_s":3.717053562402725}
{"iteration":22,"score":75.51816195720048,"best":75.51816195720048,"gradient_rms":10.41802414135892,"update_rms":0.0052245766503952575,"accepted":true,"wall_s":3.7194153293967247}
{"iteration":23,"score":75.45614553446363,"best":75.51816195720048,"gradient_rms":3.2517111943625556,"update_rms":0.003956475464917651,"accepted":true,"wall_s":3.4675651229918003}
{"iteration":24,"score":75.58691306784432,"best":75.58691306784432,"gradient_rms":7.718259060480961,"update_rms":0.004677980328681145,"accepted":true,"wall_s":3.724201940000057}
{"iteration":25,"score":75.78255704323074,"best":75.78255704323074,"gradient_rms":17.616299058879147,"update_rms":0.007028044279739755,"accepted":true,"wall_s":3.7248612008988857}
{"iteration":26,"score":76.03616399100598,"best":76.03616399100598,"gradient_rms":15.87620102639448,"update_rms":0.007248278523200586,"accepted":true,"wall_s":3.417747814208269}
{"iteration":27,"score":76.38170310863279,"best":76.38170310863279,"gradient_rms":14.38658048427846,"update_rms":0.00716548233474813,"accepted":true,"wall_s":3.7390323653817177}
{"iteration":28,"score":76.5863470971983,"best":76.5863470971983,"gradient_rms":2.950333614678232,"update_rms":0.0051906595933534,"accepted":true,"wall_s":3.41106303781271}
{"iteration":29,"score":76.70792285663346,"best":76.70792285663346,"gradient_rms":3.6020768983128306,"update_rms":0.003914483865668374,"accepted":true,"wall_s":3.414469499140978}
{"iteration":30,"score":76.87331142084102,"best":76.87331142084102,"gradient_rms":8.807194553760459,"update_rms":0.004281400137448317,"accepted":true,"wall_s":3.7352189011871815}
{"iteration":31,"score":77.01662728989805,"best":77.01662728989805,"gradient_rms":8.843486124516058,"update_rms":0.004554445558791031,"accepted":true,"wall_s":3.4170951060950756}
{"iteration":32,"score":77.04080768645296,"best":77.04080768645296,"gradient_rms":9.014041064908634,"update_rms":0.00456446662866311,"accepted":true,"wall_s":3.412509299814701}
{"iteration":33,"score":77.30403136606098,"best":77.30403136606098,"gradient_rms":9.073151752473496,"update_rms":0.004814320850749932,"accepted":true,"wall_s":3.7347257509827614}
{"iteration":34,"score":77.42412570088948,"best":77.42412570088948,"gradient_rms":4.388242429871664,"update_rms":0.0038597675008867544,"accepted":true,"wall_s":3.7369335032999516}
{"iteration":35,"score":77.53845182322499,"best":77.53845182322499,"gradient_rms":4.161758807495168,"update_rms":0.003231586783804358,"accepted":true,"wall_s":3.730544302612543}
{"iteration":36,"score":77.45040067771025,"best":77.53845182322499,"gradient_rms":7.938699046685278,"update_rms":0.003795954746008223,"accepted":true,"wall_s":3.2863158471882343}
{"iteration":37,"score":77.59876093404137,"best":77.59876093404137,"gradient_rms":2.1917643838487266,"update_rms":0.0027451184123797475,"accepted":true,"wall_s":3.295549526810646}
{"iteration":38,"score":77.74955926820182,"best":77.74955926820182,"gradient_rms":11.390666411780476,"update_rms":0.004813579239378868,"accepted":true,"wall_s":3.7343261763453484}
{"iteration":39,"score":77.83053434031285,"best":77.83053434031285,"gradient_rms":2.8662874354389705,"update_rms":0.0034244804611863566,"accepted":true,"wall_s":3.7381630204617977}
{"iteration":40,"score":77.87110754004408,"best":77.87110754004408,"gradient_rms":3.6212468753863787,"update_rms":0.0029142813319765993,"accepted":true,"wall_s":3.7308951877057552}
{"iteration":41,"score":77.83834417263324,"best":77.87110754004408,"gradient_rms":2.92900343873673,"update_rms":0.0024319337481838975,"accepted":true,"wall_s":3.4116547405719757}
{"iteration":42,"score":77.88281621883372,"best":77.88281621883372,"gradient_rms":0.9045638154170056,"update_rms":0.0017811640695509872,"accepted":true,"wall_s":3.2844689153134823}
{"iteration":43,"score":77.89747170136775,"best":77.89747170136775,"gradient_rms":4.038221242609755,"update_rms":0.0020467754034982607,"accepted":true,"wall_s":3.4104511812329292}
{"iteration":44,"score":77.93857060256711,"best":77.93857060256711,"gradient_rms":7.39442678674253,"update_rms":0.0034523622713042656,"accepted":true,"wall_s":3.7306869849562645}
{"iteration":45,"score":77.94405500401325,"best":77.94405500401325,"gradient_rms":4.795255076574735,"update_rms":0.003187581110779318,"accepted":true,"wall_s":3.733040902763605}
{"iteration":46,"score":77.9959343003845,"best":77.9959343003845,"gradient_rms":4.859302703158576,"update_rms":0.0028303897192441044,"accepted":true,"wall_s":3.407696057111025}
{"iteration":47,"score":77.96629619181458,"best":77.9959343003845,"gradient_rms":6.788768590784088,"update_rms":0.0032670205929421336,"accepted":true,"wall_s":3.4040495604276657}
{"iteration":48,"score":77.99852516959047,"best":77.99852516959047,"gradient_rms":4.7803698143291085,"update_rms":0.003092484751654249,"accepted":true,"wall_s":3.4026646576821804}
{"iteration":49,"score":78.00205939068415,"best":78.00205939068415,"gradient_rms":5.64207141449986,"update_rms":0.0034449469363838276,"accepted":true,"wall_s":3.3980426602065563}
{"iteration":50,"score":78.14438764701119,"best":78.14438764701119,"gradient_rms":4.412982676534636,"update_rms":0.002958891513873605,"accepted":true,"wall_s":3.7212907262146473}
{"iteration":51,"score":78.1576467200167,"best":78.1576467200167,"gradient_rms":3.0338266272393537,"update_rms":0.0025214998208149563,"accepted":true,"wall_s":3.4057720378041267}
{"iteration":52,"score":78.18063858728976,"best":78.18063858728976,"gradient_rms":2.067905882813217,"update_rms":0.0019525969115255504,"accepted":true,"wall_s":3.3986353911459446}
{"iteration":53,"score":78.14862970130315,"best":78.18063858728976,"gradient_rms":2.0314752235466433,"update_rms":0.0016642500125098219,"accepted":true,"wall_s":3.4032266661524773}
{"iteration":54,"score":78.15711121532541,"best":78.18063858728976,"gradient_rms":5.448700113591588,"update_rms":0.002710221322793912,"accepted":true,"wall_s":3.400515578687191}
{"iteration":55,"score":78.14855427160248,"best":78.18063858728976,"gradient_rms":4.699340166340164,"update_rms":0.002768955384898429,"accepted":true,"wall_s":3.3917993642389774}
{"iteration":56,"score":78.38975523105103,"best":78.38975523105103,"gradient_rms":6.293618788184593,"update_rms":0.0034443248157788008,"accepted":true,"wall_s":3.7165094763040543}
{"iteration":57,"score":78.43276599078091,"best":78.43276599078091,"gradient_rms":3.4535930417868657,"update_rms":0.002800442399937353,"accepted":true,"wall_s":3.717693757265806}
{"iteration":58,"score":78.47732678368848,"best":78.47732678368848,"gradient_rms":5.6117259660352365,"update_rms":0.0030712105142288344,"accepted":true,"wall_s":3.5837604366242886}
{"iteration":59,"score":78.51569840288894,"best":78.51569840288894,"gradient_rms":5.50349934519006,"update_rms":0.0032776512065967127,"accepted":true,"wall_s":3.2712358087301254}
{"iteration":60,"score":78.43944105583634,"best":78.51569840288894,"gradient_rms":2.8534444009011883,"update_rms":0.002667796054788574,"accepted":true,"wall_s":3.402899395674467}
{"iteration":61,"score":78.65141511810108,"best":78.65141511810108,"gradient_rms":7.126822240849474,"update_rms":0.0037516989705467605,"accepted":true,"wall_s":3.718382265418768}
{"iteration":62,"score":78.55878580483473,"best":78.65141511810108,"gradient_rms":2.827337779479978,"update_rms":0.0029721082970077437,"accepted":true,"wall_s":3.2657065726816654}
{"iteration":63,"score":78.6684386458212,"best":78.6684386458212,"gradient_rms":1.2468653532650034,"update_rms":0.0021872328866727546,"accepted":true,"wall_s":3.400981344282627}
{"iteration":64,"score":78.75625913205796,"best":78.75625913205796,"gradient_rms":2.3056977787566524,"update_rms":0.0018540195739846623,"accepted":true,"wall_s":3.4024910405278206}
{"iteration":65,"score":78.84203581800456,"best":78.84203581800456,"gradient_rms":4.707354344430199,"update_rms":0.0025694311972435362,"accepted":true,"wall_s":3.4017421416938305}
{"iteration":66,"score":78.85446348792875,"best":78.85446348792875,"gradient_rms":2.4686537633190326,"update_rms":0.0021788523983728054,"accepted":true,"wall_s":3.2702687606215477}
{"iteration":67,"score":78.90871259544467,"best":78.90871259544467,"gradient_rms":2.92377170683254,"update_rms":0.0020585579249312006,"accepted":true,"wall_s":3.2825031876564026}
{"iteration":68,"score":78.98121879636977,"best":78.98121879636977,"gradient_rms":6.7009125265983975,"update_rms":0.003475386084425838,"accepted":true,"wall_s":3.7152760066092014}
{"iteration":69,"score":79.10990110013532,"best":79.10990110013532,"gradient_rms":10.78569655147667,"update_rms":0.0053614830878769655,"accepted":true,"wall_s":3.7195036858320236}
{"iteration":70,"score":79.21322079098915,"best":79.21322079098915,"gradient_rms":2.91184338629191,"update_rms":0.004083109416455979,"accepted":true,"wall_s":3.7271216809749603}
{"iteration":71,"score":79.17999257982005,"best":79.21322079098915,"gradient_rms":4.222762562077453,"update_rms":0.003629506899122306,"accepted":true,"wall_s":3.396218702197075}
{"iteration":72,"score":79.27482298733132,"best":79.27482298733132,"gradient_rms":6.538722845158342,"update_rms":0.004113583164871521,"accepted":true,"wall_s":3.280783485621214}
{"iteration":73,"score":79.41598533274147,"best":79.41598533274147,"gradient_rms":1.8182608054803233,"update_rms":0.003007261491772783,"accepted":true,"wall_s":3.4204816073179245}
{"iteration":74,"score":79.54591054089524,"best":79.54591054089524,"gradient_rms":4.810144633361777,"update_rms":0.0031852611756901946,"accepted":true,"wall_s":3.7254882156848907}
{"iteration":75,"score":79.58752931623295,"best":79.58752931623295,"gradient_rms":3.964580240815819,"update_rms":0.0029813935046346172,"accepted":true,"wall_s":3.610174972563982}
{"iteration":76,"score":79.62611420283575,"best":79.62611420283575,"gradient_rms":2.5728484920303973,"update_rms":0.0023823077196867197,"accepted":true,"wall_s":3.612667366862297}
{"iteration":77,"score":79.6431726309707,"best":79.6431726309707,"gradient_rms":4.499733122406439,"update_rms":0.002711889560713705,"accepted":true,"wall_s":3.419806007295847}
{"iteration":78,"score":79.54007824673909,"best":79.6431726309707,"gradient_rms":9.645640875230166,"update_rms":0.004765530134055095,"accepted":true,"wall_s":3.4297438375651836}
{"iteration":79,"score":79.77034294015394,"best":79.77034294015394,"gradient_rms":3.8466984494111016,"update_rms":0.0038851220557195596,"accepted":true,"wall_s":3.4286922700703144}
{"iteration":80,"score":79.72736762488668,"best":79.77034294015394,"gradient_rms":4.758636162278871,"update_rms":0.003619561532204392,"accepted":true,"wall_s":3.421641483902931}
{"iteration":81,"score":79.7828051994204,"best":79.7828051994204,"gradient_rms":2.4446307914140197,"update_rms":0.002971059499245163,"accepted":true,"wall_s":3.288619577884674}
{"iteration":82,"score":79.83990376687913,"best":79.83990376687913,"gradient_rms":2.7983050482572005,"update_rms":0.0025536363408387272,"accepted":true,"wall_s":3.413662813603878}
{"iteration":83,"score":79.86442737144687,"best":79.86442737144687,"gradient_rms":5.859017579473694,"update_rms":0.0032771213405908047,"accepted":true,"wall_s":3.2813564725220203}
{"iteration":84,"score":79.92533570602502,"best":79.92533570602502,"gradient_rms":6.42201921619368,"update_rms":0.0039582906026748525,"accepted":true,"wall_s":3.267095223069191}
{"iteration":85,"score":79.94466856356604,"best":79.94466856356604,"gradient_rms":9.649276398227641,"update_rms":0.005184656539823782,"accepted":true,"wall_s":3.4333042316138744}
{"iteration":86,"score":80.01868072201087,"best":80.01868072201087,"gradient_rms":5.722431139410949,"update_rms":0.004490906924200255,"accepted":true,"wall_s":3.7798291109502316}
{"iteration":87,"score":79.97731878324345,"best":80.01868072201087,"gradient_rms":2.2101929852655346,"update_rms":0.0033872716876859918,"accepted":true,"wall_s":3.3964767679572105}
{"iteration":88,"score":80.02870533927226,"best":80.02870533927226,"gradient_rms":3.203129279122645,"update_rms":0.0029505035532695033,"accepted":true,"wall_s":3.401099808514118}
{"iteration":89,"score":80.06744720351664,"best":80.06744720351664,"gradient_rms":3.1149208696742803,"update_rms":0.0025777593416511308,"accepted":true,"wall_s":3.3979619033634663}
{"iteration":90,"score":80.0753134392528,"best":80.0753134392528,"gradient_rms":1.2974140893159214,"update_rms":0.0019124115723321271,"accepted":true,"wall_s":3.774845212697983}
{"iteration":91,"score":80.10579436108426,"best":80.10579436108426,"gradient_rms":6.60165622339074,"update_rms":0.0034639926787085693,"accepted":true,"wall_s":3.72660630941391}
{"iteration":92,"score":80.04890712307947,"best":80.10579436108426,"gradient_rms":4.415702156461496,"update_rms":0.0033295871637409177,"accepted":true,"wall_s":3.2779052145779133}
{"iteration":93,"score":80.12939289556563,"best":80.12939289556563,"gradient_rms":3.7489482083305905,"update_rms":0.0029503969486758225,"accepted":true,"wall_s":3.4007375240325928}
{"iteration":94,"score":80.1014427170669,"best":80.12939289556563,"gradient_rms":4.567237487413877,"update_rms":0.0029761915629644225,"accepted":true,"wall_s":3.4016410373151302}
{"iteration":95,"score":80.25555989540271,"best":80.25555989540271,"gradient_rms":4.019321204738586,"update_rms":0.0028730304905333444,"accepted":true,"wall_s":3.728073950856924}
{"iteration":96,"score":80.30108703702098,"best":80.30108703702098,"gradient_rms":0.32158464369724893,"update_rms":0.002043743008975593,"accepted":true,"wall_s":3.726465091109276}
{"iteration":97,"score":80.20163559236443,"best":80.30108703702098,"gradient_rms":0.347038267113957,"update_rms":0.0014417684023015631,"accepted":true,"wall_s":3.2730986550450325}
{"iteration":98,"score":80.2984622782358,"best":80.30108703702098,"gradient_rms":2.0675459054881236,"update_rms":0.0014688850785136264,"accepted":true,"wall_s":3.2710223756730556}
{"iteration":99,"score":80.29048742149027,"best":80.30108703702098,"gradient_rms":2.1610200045157897,"update_rms":0.0014862363736109431,"accepted":true,"wall_s":3.4029554277658463}
{"iteration":100,"score":80.35320930185576,"best":80.35320930185576,"gradient_rms":3.242940052248029,"update_rms":0.001947661936247554,"accepted":true,"wall_s":5.9428694397211075}
{
  "status": "ok",
  "stop_reason": "completed_iterations",
  "initial_score": 73.45754670090383,
  "final_score": 80.35320930185576,
  "best_score": 80.35320930185576,
  "best_iteration": 100,
  "completed_iterations": 100,
  "completed_adam_steps": 100,
  "completed_optimizer_steps": 100,
  "total_wall_s": 355.3290498293936,
  "initial_decode_wall_s": 1.541087243705988,
  "initial_score_wall_s": 1.0104058533906937,
  "mean_iteration_wall_s": 3.5524269196391107,
  "manifest": {
    "algorithm": "adam_with_query_batched_local_gradient",
    "optimizer": "adam",
    "parameter_space": "latent",
    "gradient_objective": "dynamic local full-density score with coordinate and maximum-surface-selection derivatives omitted",
    "formal_objective": "complete native QH score for every accepted center",
    "initial_case": "/home/scc/pb24511935/local_surface_evaluator/runs/summary1_review2_20260824/flow_pairs/cases/case_16.json",
    "initial_case_sha256": "57ce1b31e637dfd835f07d32ca7435c11194a87ae6307f3df27781c4a243cc84",
    "checkpoint": "/home/scc/pb24511935/local_surface_evaluator/runs/qh_flow_physical_lr_longselect_20260729/lr_3em4/checkpoint_latest.pt",
    "checkpoint_sha256": "39a3293a459e248a0d1ec062607a1a467128b14d8ca973aadd82e113532ab99f",
    "native_lib": "/home/scc/pb24511935/local_surface_evaluator/runs/summary1_review2_20260824/build_native/libstellarator_gpu.so",
    "native_lib_sha256": "7d3784e02172f5c3130bcf085efa8120dc059d5007daa4b18680edd97b077f94",
    "nfp": 6,
    "n_base_coils": 3,
    "iterations": 100,
    "max_wall_s": 4200.0,
    "flow": {
      "method": "rk4",
      "steps": 128,
      "dtype": "fp32",
      "use": "every gradient endpoint and accepted center"
    },
    "flow_pipeline": true,
    "coordinate_gradient": {
      "dimension": 300,
      "mode": "random-orthogonal",
      "random_directions": 2,
      "endpoint_count": 4,
      "perturbation": 0.005,
      "difference": "centered",
      "psi_grid": 48,
      "psi_iterations": 4,
      "alpha_iterations": 4,
      "formal_surface_theta_count": 128,
      "local_surface_theta_count": 64
    },
    "adam": {
      "learning_rate": 0.01,
      "beta1": 0.7,
      "beta2": 0.999,
      "epsilon": 1e-08,
      "weight_decay": 0.0
    },
    "bfgs": {
      "initial_trust_rms": 0.01,
      "min_trust_rms": 1e-05,
      "max_trust_rms": 0.05,
      "trust_growth": 1.2,
      "trust_shrink": 0.5,
      "min_improvement": 0.0
    },
    "seed": 2026082516,
    "axis_policy": "initial global search, then strict mixed-precision continuation",
    "devices": {
      "flow": 0,
      "score": 0
    },
    "initial_metadata_keys": [
      "flow_prior_screening",
      "nfp",
      "raw"
    ]
  }
}
{"iteration":1,"score":73.73992725458595,"best":73.73992725458595,"gradient_rms":27.445686325336393,"update_rms":0.009999999986300332,"accepted":true,"wall_s":2.6110197231173515}
{"iteration":2,"score":74.52402179641851,"best":74.52402179641851,"gradient_rms":65.47722673045668,"update_rms":0.007670221658742678,"accepted":true,"wall_s":2.609742186963558}
{"iteration":3,"score":75.6451193388751,"best":75.6451193388751,"gradient_rms":108.60653972754825,"update_rms":0.0068874677091263665,"accepted":true,"wall_s":2.5921462886035442}
{"iteration":4,"score":76.4197697850988,"best":76.4197697850988,"gradient_rms":59.484214906778476,"update_rms":0.005756081297190568,"accepted":true,"wall_s":2.5931257493793964}
{"iteration":5,"score":76.73352399622253,"best":76.73352399622253,"gradient_rms":61.818109964342604,"update_rms":0.005252927317716364,"accepted":true,"wall_s":2.5953432098031044}
{"iteration":6,"score":76.88875958888111,"best":76.88875958888111,"gradient_rms":37.56790084387706,"update_rms":0.004096425184042504,"accepted":true,"wall_s":2.606527205556631}
{"iteration":7,"score":76.75860782126242,"best":76.88875958888111,"gradient_rms":12.065208371758738,"update_rms":0.003063761685669329,"accepted":true,"wall_s":2.47442776709795}
{"iteration":8,"score":76.89825582150313,"best":76.89825582150313,"gradient_rms":40.647456621800615,"update_rms":0.003281048676451654,"accepted":true,"wall_s":2.6012337058782578}
{"iteration":9,"score":77.24628067197212,"best":77.24628067197212,"gradient_rms":48.99215862286818,"update_rms":0.0038739011172506765,"accepted":true,"wall_s":2.5990769304335117}
{"iteration":10,"score":77.71650918160661,"best":77.71650918160661,"gradient_rms":104.37025776203382,"update_rms":0.005205305974141946,"accepted":true,"wall_s":2.6048842445015907}
{"iteration":11,"score":77.83915977619968,"best":77.83915977619968,"gradient_rms":22.24208582445969,"update_rms":0.0039918025972129085,"accepted":true,"wall_s":2.60500031709671}
{"iteration":12,"score":78.21677810735366,"best":78.21677810735366,"gradient_rms":63.3420898103547,"update_rms":0.004181636677357405,"accepted":true,"wall_s":2.6050433665513992}
{"iteration":13,"score":78.47571377279047,"best":78.47571377279047,"gradient_rms":60.09664593107892,"update_rms":0.004412597859286752,"accepted":true,"wall_s":2.605536188930273}
{"iteration":14,"score":79.26909190917344,"best":79.26909190917344,"gradient_rms":106.7256144839996,"update_rms":0.005430325231451953,"accepted":true,"wall_s":2.5983555391430855}
{"iteration":15,"score":79.71533374409539,"best":79.71533374409539,"gradient_rms":61.935289407767925,"update_rms":0.005104227309911058,"accepted":true,"wall_s":2.591321963816881}
{"iteration":16,"score":80.00835658334337,"best":80.00835658334337,"gradient_rms":45.58671592481354,"update_rms":0.004220873884839304,"accepted":true,"wall_s":2.594522152096033}
{"iteration":17,"score":80.56100792455698,"best":80.56100792455698,"gradient_rms":94.28480122157232,"update_rms":0.005307714612491518,"accepted":true,"wall_s":2.5918935239315033}
{"iteration":18,"score":80.37478706096378,"best":80.56100792455698,"gradient_rms":17.277838117861634,"update_rms":0.003908863420371191,"accepted":true,"wall_s":2.5886146537959576}
{"iteration":19,"score":80.33854563047261,"best":80.56100792455698,"gradient_rms":61.68711187666467,"update_rms":0.004192165639338913,"accepted":true,"wall_s":2.5904243402183056}
{"iteration":20,"score":80.39125974313788,"best":80.56100792455698,"gradient_rms":62.94278892293235,"update_rms":0.004202321510029234,"accepted":true,"wall_s":2.5874485820531845}
{"iteration":21,"score":80.42280646737693,"best":80.56100792455698,"gradient_rms":52.71908801432129,"update_rms":0.003850433509334773,"accepted":true,"wall_s":2.588458839803934}
{"iteration":22,"score":81.02687107593913,"best":81.02687107593913,"gradient_rms":90.22005124833568,"update_rms":0.004846796231379244,"accepted":true,"wall_s":2.592504844069481}
{"iteration":23,"score":81.27508463644551,"best":81.27508463644551,"gradient_rms":16.345849102415773,"update_rms":0.003634472134372605,"accepted":true,"wall_s":2.462613381445408}
{"iteration":24,"score":81.54906444167386,"best":81.54906444167386,"gradient_rms":68.82190423343229,"update_rms":0.004120571298355904,"accepted":true,"wall_s":2.272232174873352}
{"iteration":25,"score":81.94870799845928,"best":81.94870799845928,"gradient_rms":46.09322401439869,"update_rms":0.0038363057426237727,"accepted":true,"wall_s":2.593406181782484}
{"iteration":26,"score":82.06395319799923,"best":82.06395319799923,"gradient_rms":13.869613898238187,"update_rms":0.002851857006508962,"accepted":true,"wall_s":2.4639606326818466}
{"iteration":27,"score":82.25171040478546,"best":82.25171040478546,"gradient_rms":37.165178139314314,"update_rms":0.0028150259489805596,"accepted":true,"wall_s":2.5893250331282616}
{"iteration":28,"score":82.32981143093465,"best":82.32981143093465,"gradient_rms":9.72054899014127,"update_rms":0.002076053181504597,"accepted":true,"wall_s":2.590508673340082}
{"iteration":29,"score":82.42525349493224,"best":82.42525349493224,"gradient_rms":9.781784617963455,"update_rms":0.0015951674112717794,"accepted":true,"wall_s":2.599211972206831}
{"iteration":30,"score":82.4437036608992,"best":82.4437036608992,"gradient_rms":21.66881992195435,"update_rms":0.0015943364097467374,"accepted":true,"wall_s":2.273252010345459}
{"iteration":31,"score":82.52667337187592,"best":82.52667337187592,"gradient_rms":41.11412010819931,"update_rms":0.00254805598724875,"accepted":true,"wall_s":2.5930088236927986}
{"iteration":32,"score":82.4214413765384,"best":82.52667337187592,"gradient_rms":23.781603696981435,"update_rms":0.002219919582446267,"accepted":true,"wall_s":2.271699335426092}
{"iteration":33,"score":82.57585484375075,"best":82.57585484375075,"gradient_rms":39.79679328200306,"update_rms":0.0026273138115880715,"accepted":true,"wall_s":2.597631525248289}
{"iteration":34,"score":82.47978143134257,"best":82.57585484375075,"gradient_rms":19.855159070350076,"update_rms":0.0022136440839578622,"accepted":true,"wall_s":2.5892522893846035}
{"iteration":35,"score":82.44199653375412,"best":82.57585484375075,"gradient_rms":15.61372666894073,"update_rms":0.0018080966015432927,"accepted":true,"wall_s":2.5910669676959515}
{"iteration":36,"score":83.171677008488,"best":83.171677008488,"gradient_rms":135.25110082565914,"update_rms":0.006603832676153758,"accepted":true,"wall_s":2.6016306318342686}
{"iteration":37,"score":83.51248109010537,"best":83.51248109010537,"gradient_rms":51.43161634067678,"update_rms":0.005661491958827324,"accepted":true,"wall_s":2.591645035892725}
{"iteration":38,"score":83.93710613506111,"best":83.93710613506111,"gradient_rms":57.680980182906886,"update_rms":0.005115020316943382,"accepted":true,"wall_s":2.592874839901924}
{"iteration":39,"score":84.03987431093147,"best":84.03987431093147,"gradient_rms":14.385011546858038,"update_rms":0.003728583645692611,"accepted":true,"wall_s":2.5949074141681194}
{"iteration":40,"score":84.00107979549716,"best":84.03987431093147,"gradient_rms":14.975292836638255,"update_rms":0.0027256275879427305,"accepted":true,"wall_s":2.587617240846157}
{"iteration":41,"score":83.97765129844272,"best":84.03987431093147,"gradient_rms":18.46539692205251,"update_rms":0.002161815840925151,"accepted":true,"wall_s":2.5898738242685795}
{"iteration":42,"score":83.98227074725754,"best":84.03987431093147,"gradient_rms":28.607197506976025,"update_rms":0.002208058048825867,"accepted":true,"wall_s":2.589556749910116}
{"iteration":43,"score":84.07230085702389,"best":84.07230085702389,"gradient_rms":72.08033747753309,"update_rms":0.004221777450886398,"accepted":true,"wall_s":2.5905567593872547}
{"iteration":44,"score":84.16092262871814,"best":84.16092262871814,"gradient_rms":65.53373637192846,"update_rms":0.00471445904901422,"accepted":true,"wall_s":2.273916259407997}
{"iteration":45,"score":83.85299832070494,"best":84.16092262871814,"gradient_rms":37.17733400294678,"update_rms":0.0037592859296801417,"accepted":true,"wall_s":2.272660367190838}
{"iteration":46,"score":83.53351824804956,"best":84.16092262871814,"gradient_rms":20.298794958566738,"update_rms":0.00278806371313011,"accepted":true,"wall_s":2.269916996359825}
{"iteration":47,"score":83.70838283010535,"best":84.16092262871814,"gradient_rms":74.55122019599825,"update_rms":0.004546190743060541,"accepted":true,"wall_s":2.5902786143124104}
{"iteration":48,"score":83.59560622751725,"best":84.16092262871814,"gradient_rms":40.7987843039556,"update_rms":0.003897008006799465,"accepted":true,"wall_s":2.591201838105917}
{"iteration":49,"score":83.47810760835331,"best":84.16092262871814,"gradient_rms":35.130299521567906,"update_rms":0.003487923787118311,"accepted":true,"wall_s":2.5894104056060314}
{"iteration":50,"score":84.16232448248155,"best":84.16232448248155,"gradient_rms":89.65151465184513,"update_rms":0.00520829957477586,"accepted":true,"wall_s":2.592044100165367}
{"iteration":51,"score":84.29197881078234,"best":84.29197881078234,"gradient_rms":23.29084842259509,"update_rms":0.003933615111119529,"accepted":true,"wall_s":2.4635496996343136}
{"iteration":52,"score":84.3502035566196,"best":84.3502035566196,"gradient_rms":56.119130955383326,"update_rms":0.003916880045711511,"accepted":true,"wall_s":2.603495966643095}
{"iteration":53,"score":84.48117028840524,"best":84.48117028840524,"gradient_rms":53.54222622395818,"update_rms":0.003860058202188049,"accepted":true,"wall_s":2.592745963484049}
{"iteration":54,"score":84.62882943644627,"best":84.62882943644627,"gradient_rms":103.66025158854019,"update_rms":0.006202050157229192,"accepted":true,"wall_s":2.596110761165619}
{"iteration":55,"score":84.14574453458422,"best":84.62882943644627,"gradient_rms":82.09500682428975,"update_rms":0.005720814716159098,"accepted":true,"wall_s":2.592477612197399}
{"iteration":56,"score":83.39147762399935,"best":84.62882943644627,"gradient_rms":14.397456177471256,"update_rms":0.004128476420071006,"accepted":true,"wall_s":2.586968921124935}
{"iteration":57,"score":83.28965877125529,"best":84.62882943644627,"gradient_rms":73.2162509273677,"update_rms":0.004734650948395324,"accepted":true,"wall_s":2.593783188611269}
{"iteration":58,"score":83.1421106713874,"best":84.62882943644627,"gradient_rms":13.179138835397923,"update_rms":0.003400934735662532,"accepted":true,"wall_s":2.5890195965766907}
{"iteration":59,"score":83.5925813175604,"best":84.62882943644627,"gradient_rms":125.167125406199,"update_rms":0.006602961704796913,"accepted":true,"wall_s":2.590933669358492}
{"iteration":60,"score":84.16364540974475,"best":84.62882943644627,"gradient_rms":54.35222857269745,"update_rms":0.005362678153982288,"accepted":true,"wall_s":2.587818082422018}
{"iteration":61,"score":84.66180047658337,"best":84.66180047658337,"gradient_rms":42.614886063950394,"update_rms":0.004078085605343753,"accepted":true,"wall_s":2.5905345380306244}
{"iteration":62,"score":84.86206264064413,"best":84.86206264064413,"gradient_rms":29.00687075632593,"update_rms":0.0032606427598665735,"accepted":true,"wall_s":2.2755213156342506}
{"iteration":63,"score":85.16216875477701,"best":85.16216875477701,"gradient_rms":24.462795684602973,"update_rms":0.0026983741425028003,"accepted":true,"wall_s":2.278156839311123}
{"iteration":64,"score":85.17829259708579,"best":85.17829259708579,"gradient_rms":7.594990040348604,"update_rms":0.0018847409453018724,"accepted":true,"wall_s":2.276209246367216}
{"iteration":65,"score":85.41011354212188,"best":85.41011354212188,"gradient_rms":25.224106021489018,"update_rms":0.0019020990894845742,"accepted":true,"wall_s":2.5912284925580025}
{"iteration":66,"score":85.33828315190827,"best":85.41011354212188,"gradient_rms":63.35395963916045,"update_rms":0.003485434981087535,"accepted":true,"wall_s":2.588373586535454}
{"iteration":67,"score":85.21900086793067,"best":85.41011354212188,"gradient_rms":24.93728862546662,"update_rms":0.002982461283532346,"accepted":true,"wall_s":2.5891640558838844}
{"iteration":68,"score":85.05530877847313,"best":85.41011354212188,"gradient_rms":3.9012142249170463,"update_rms":0.0020959542515470954,"accepted":true,"wall_s":2.272178251296282}
{"iteration":69,"score":85.16813913177762,"best":85.41011354212188,"gradient_rms":38.79134322397405,"update_rms":0.0026060371604085548,"accepted":true,"wall_s":2.5887971371412277}
{"iteration":70,"score":85.14746767250783,"best":85.41011354212188,"gradient_rms":13.216072323917498,"update_rms":0.0019395655450529636,"accepted":true,"wall_s":2.2706346474587917}
{"iteration":71,"score":85.09620332445138,"best":85.41011354212188,"gradient_rms":79.11043830866245,"update_rms":0.004422274223897684,"accepted":true,"wall_s":2.5896433107554913}
{"iteration":72,"score":84.7964523009721,"best":85.41011354212188,"gradient_rms":35.47954938860894,"update_rms":0.003636551762960629,"accepted":true,"wall_s":2.588468186557293}
{"iteration":73,"score":84.52957339475215,"best":85.41011354212188,"gradient_rms":31.848932217146547,"update_rms":0.00316526991291325,"accepted":true,"wall_s":2.58932588621974}
{"iteration":74,"score":84.92551263364926,"best":85.41011354212188,"gradient_rms":75.2992619408288,"update_rms":0.004762321644641803,"accepted":true,"wall_s":2.590253207832575}
{"iteration":75,"score":85.14531814095106,"best":85.41011354212188,"gradient_rms":37.69333890811576,"update_rms":0.00394736982911259,"accepted":true,"wall_s":2.589334797114134}
{"iteration":76,"score":84.99929379931673,"best":85.41011354212188,"gradient_rms":33.999073430026414,"update_rms":0.0033995100454346076,"accepted":true,"wall_s":2.589025992900133}
{"iteration":77,"score":84.82874779997117,"best":85.41011354212188,"gradient_rms":27.813755328361566,"update_rms":0.0027589485590867563,"accepted":true,"wall_s":2.5891481824219227}
{"iteration":78,"score":84.7257261728469,"best":85.41011354212188,"gradient_rms":131.56960578625893,"update_rms":0.006973407764779411,"accepted":true,"wall_s":2.5898261591792107}
{"iteration":79,"score":84.79562101442122,"best":85.41011354212188,"gradient_rms":80.66515774772485,"update_rms":0.006590053906883339,"accepted":true,"wall_s":2.591574750840664}
{"iteration":80,"score":85.03296215772345,"best":85.41011354212188,"gradient_rms":145.6178060457285,"update_rms":0.008586629516767497,"accepted":true,"wall_s":2.587015639990568}
{"iteration":81,"score":84.80551999421495,"best":85.41011354212188,"gradient_rms":27.950640357203717,"update_rms":0.006365753038528294,"accepted":true,"wall_s":2.2575103044509888}
{"iteration":82,"score":84.70582132916496,"best":85.41011354212188,"gradient_rms":36.61162846841815,"update_rms":0.004781485876392959,"accepted":true,"wall_s":2.575178734958172}
{"iteration":83,"score":84.54259500394036,"best":85.41011354212188,"gradient_rms":19.65142120847193,"update_rms":0.0034700610012650336,"accepted":true,"wall_s":2.2565471418201923}
{"iteration":84,"score":84.51336503928634,"best":85.41011354212188,"gradient_rms":18.175852945259876,"update_rms":0.0026202207047841307,"accepted":true,"wall_s":2.5749407447874546}
{"iteration":85,"score":84.77828175158984,"best":85.41011354212188,"gradient_rms":52.61634776233603,"update_rms":0.0033522059939111127,"accepted":true,"wall_s":2.258035458624363}
{"iteration":86,"score":84.83693723400903,"best":85.41011354212188,"gradient_rms":26.171590877018787,"update_rms":0.002840350365107694,"accepted":true,"wall_s":2.578328773379326}
{"iteration":87,"score":83.53354144656386,"best":85.41011354212188,"gradient_rms":155.14567042755962,"update_rms":0.007832548727106972,"accepted":true,"wall_s":2.573066368699074}
{"iteration":88,"score":82.11142919061129,"best":85.41011354212188,"gradient_rms":13.709302074425125,"update_rms":0.0055896958633896284,"accepted":true,"wall_s":2.578942682594061}
{"iteration":89,"score":81.14762052122423,"best":85.41011354212188,"gradient_rms":21.454431857157758,"update_rms":0.004137275439644279,"accepted":true,"wall_s":2.5753846764564514}
{"iteration":90,"score":80.47118145124617,"best":85.41011354212188,"gradient_rms":15.306376056302284,"update_rms":0.0029483722086366165,"accepted":true,"wall_s":2.575655233114958}
{"iteration":91,"score":80.62150949091267,"best":85.41011354212188,"gradient_rms":71.99171639803548,"update_rms":0.0042106617338454055,"accepted":true,"wall_s":2.5751039274036884}
{"iteration":92,"score":80.94896373760787,"best":85.41011354212188,"gradient_rms":54.63963182160774,"update_rms":0.004109676075077037,"accepted":true,"wall_s":2.5769463516771793}
{"iteration":93,"score":81.65528956536787,"best":85.41011354212188,"gradient_rms":75.40787488144568,"update_rms":0.0048148608475892035,"accepted":true,"wall_s":2.5757777467370033}
{"iteration":94,"score":81.97012889000197,"best":85.41011354212188,"gradient_rms":29.524913825424203,"update_rms":0.0036283243646578144,"accepted":true,"wall_s":2.577680543065071}
{"iteration":95,"score":81.819511222063,"best":85.41011354212188,"gradient_rms":45.98315532390071,"update_rms":0.003478998741493664,"accepted":true,"wall_s":2.5791907273232937}
{"iteration":96,"score":81.88494788954338,"best":85.41011354212188,"gradient_rms":59.51480719746031,"update_rms":0.0038633705376114828,"accepted":true,"wall_s":2.577403102070093}
{"iteration":97,"score":81.97047664364864,"best":85.41011354212188,"gradient_rms":30.396640871455926,"update_rms":0.0031784387560976715,"accepted":true,"wall_s":2.5749402083456516}
{"iteration":98,"score":82.0514475455018,"best":85.41011354212188,"gradient_rms":32.20227718724856,"update_rms":0.002731696463442419,"accepted":true,"wall_s":2.57337911054492}
{"iteration":99,"score":82.97292110039771,"best":85.41011354212188,"gradient_rms":90.83130036468599,"update_rms":0.005012558772900395,"accepted":true,"wall_s":2.576770830899477}
{"iteration":100,"score":83.25941406724506,"best":85.41011354212188,"gradient_rms":50.22602351061901,"update_rms":0.0042821797554809206,"accepted":true,"wall_s":2.5757473297417164}
{
  "status": "ok",
  "stop_reason": "completed_iterations",
  "initial_score": 73.45754670090389,
  "final_score": 83.25941406724506,
  "best_score": 85.41011354212188,
  "best_iteration": 65,
  "completed_iterations": 100,
  "completed_adam_steps": 100,
  "completed_optimizer_steps": 100,
  "total_wall_s": 254.0979398675263,
  "initial_decode_wall_s": 1.8686368130147457,
  "initial_score_wall_s": 1.008016873151064,
  "mean_iteration_wall_s": 2.5400975908339025,
  "manifest": {
    "algorithm": "adam_with_query_batched_local_gradient",
    "optimizer": "adam",
    "parameter_space": "data",
    "gradient_objective": "dynamic local full-density score with coordinate and maximum-surface-selection derivatives omitted",
    "formal_objective": "complete native QH score for every accepted center",
    "initial_case": "/home/scc/pb24511935/local_surface_evaluator/runs/summary1_review2_20260824/flow_pairs/cases/case_16.json",
    "initial_case_sha256": "57ce1b31e637dfd835f07d32ca7435c11194a87ae6307f3df27781c4a243cc84",
    "checkpoint": "/home/scc/pb24511935/local_surface_evaluator/runs/qh_flow_physical_lr_longselect_20260729/lr_3em4/checkpoint_latest.pt",
    "checkpoint_sha256": "39a3293a459e248a0d1ec062607a1a467128b14d8ca973aadd82e113532ab99f",
    "native_lib": "/home/scc/pb24511935/local_surface_evaluator/runs/summary1_review2_20260824/build_native/libstellarator_gpu.so",
    "native_lib_sha256": "7d3784e02172f5c3130bcf085efa8120dc059d5007daa4b18680edd97b077f94",
    "nfp": 6,
    "n_base_coils": 3,
    "iterations": 100,
    "max_wall_s": 4200.0,
    "flow": {
      "method": "rk4",
      "steps": 128,
      "dtype": "fp32",
      "use": "initial latent-to-coil decode only"
    },
    "flow_pipeline": false,
    "coordinate_gradient": {
      "dimension": 300,
      "mode": "random-orthogonal",
      "random_directions": 2,
      "endpoint_count": 4,
      "perturbation": 0.0025,
      "difference": "centered",
      "psi_grid": 48,
      "psi_iterations": 4,
      "alpha_iterations": 4,
      "formal_surface_theta_count": 128,
      "local_surface_theta_count": 64
    },
    "adam": {
      "learning_rate": 0.01,
      "beta1": 0.7,
      "beta2": 0.999,
      "epsilon": 1e-08,
      "weight_decay": 0.0
    },
    "bfgs": {
      "initial_trust_rms": 0.01,
      "min_trust_rms": 1e-05,
      "max_trust_rms": 0.05,
      "trust_growth": 1.2,
      "trust_shrink": 0.5,
      "min_improvement": 0.0
    },
    "seed": 2026082516,
    "axis_policy": "initial global search, then strict mixed-precision continuation",
    "devices": {
      "flow": 0,
      "score": 0
    },
    "initial_metadata_keys": [
      "flow_prior_screening",
      "nfp",
      "raw"
    ],
    "data_parameterization": {
      "definition": "per-coordinate training-set standardization",
      "physical_mapping": "CoilNormalizer.inverse with canonical current L1/sign",
      "initial_clipped_fraction": 0.0,
      "initial_roundtrip_relative_rms": 0.0,
      "flow_calls_after_initialization": 0
    }
  }
}
{"iteration":1,"score":78.53277244501527,"best":78.57485345183908,"gradient_rms":5.745239240910198,"update_rms":0.00999999985196526,"accepted":true,"wall_s":5.624124225229025}
{"iteration":2,"score":78.90328565777506,"best":78.90328565777506,"gradient_rms":21.340815508763434,"update_rms":0.007836185613614585,"accepted":true,"wall_s":4.414340440183878}
{"iteration":3,"score":79.1583603331239,"best":79.1583603331239,"gradient_rms":8.500015067194582,"update_rms":0.005973872755865631,"accepted":true,"wall_s":4.549537967890501}
{"iteration":4,"score":79.3835907839727,"best":79.3835907839727,"gradient_rms":12.673502853434803,"update_rms":0.005595889666732284,"accepted":true,"wall_s":4.553942147642374}
{"iteration":5,"score":79.50673421565489,"best":79.50673421565489,"gradient_rms":2.8517660461528944,"update_rms":0.004126026836325745,"accepted":true,"wall_s":4.397296745330095}
{"iteration":6,"score":79.57352994251792,"best":79.57352994251792,"gradient_rms":16.778450350464638,"update_rms":0.005088166377798628,"accepted":true,"wall_s":4.5649990402162075}
{"iteration":7,"score":79.42424841700993,"best":79.57352994251792,"gradient_rms":5.496602524611172,"update_rms":0.004113862316851063,"accepted":true,"wall_s":3.976509939879179}
{"iteration":8,"score":79.51270827102044,"best":79.57352994251792,"gradient_rms":7.075435316760063,"update_rms":0.0038888248999931875,"accepted":true,"wall_s":4.186375305056572}
{"iteration":9,"score":79.55735296481176,"best":79.57352994251792,"gradient_rms":4.279209018305281,"update_rms":0.0031175890268611665,"accepted":true,"wall_s":4.394799407571554}
{"iteration":10,"score":79.62807759323145,"best":79.62807759323145,"gradient_rms":15.30715019259681,"update_rms":0.004557387707502224,"accepted":true,"wall_s":4.0765205435454845}
{"iteration":11,"score":79.75373742101685,"best":79.75373742101685,"gradient_rms":8.24253443545461,"update_rms":0.00417664646081178,"accepted":true,"wall_s":4.050356168299913}
{"iteration":12,"score":79.78637725629599,"best":79.78637725629599,"gradient_rms":8.51149217667631,"update_rms":0.00417144858781711,"accepted":true,"wall_s":4.223316848278046}
{"iteration":13,"score":79.89295992101864,"best":79.89295992101864,"gradient_rms":5.335012602410926,"update_rms":0.003275302462739316,"accepted":true,"wall_s":4.115245167165995}
{"iteration":14,"score":79.99453188208625,"best":79.99453188208625,"gradient_rms":6.459180387430312,"update_rms":0.0031560436729979094,"accepted":true,"wall_s":4.060041543096304}
{"iteration":15,"score":80.07603128046902,"best":80.07603128046902,"gradient_rms":9.126698566483675,"update_rms":0.0035184775500565328,"accepted":true,"wall_s":4.11403439566493}
{"iteration":16,"score":80.20179922435828,"best":80.20179922435828,"gradient_rms":8.546859443878299,"update_rms":0.003652008609981385,"accepted":true,"wall_s":4.208739303052425}
{"iteration":17,"score":80.17264734457315,"best":80.20179922435828,"gradient_rms":12.558520251339583,"update_rms":0.004400219685216807,"accepted":true,"wall_s":4.216474063694477}
{"iteration":18,"score":80.37144901974037,"best":80.37144901974037,"gradient_rms":7.061948344103227,"update_rms":0.003842313004925798,"accepted":true,"wall_s":4.053316045552492}
{"iteration":19,"score":80.42031378119381,"best":80.42031378119381,"gradient_rms":5.029959077266866,"update_rms":0.003183422549251497,"accepted":true,"wall_s":4.011947426944971}
{"iteration":20,"score":80.29804646403625,"best":80.42031378119381,"gradient_rms":10.150876918466412,"update_rms":0.0037217086663020134,"accepted":true,"wall_s":4.217123135924339}
{"iteration":21,"score":80.36590516046682,"best":80.42031378119381,"gradient_rms":18.57540527727452,"update_rms":0.005495560975288478,"accepted":true,"wall_s":4.2088376842439175}
{"iteration":22,"score":80.41654575222174,"best":80.42031378119381,"gradient_rms":2.6582830087819214,"update_rms":0.004005224946931575,"accepted":true,"wall_s":4.028798218816519}
{"iteration":23,"score":80.47356105018386,"best":80.47356105018386,"gradient_rms":10.101958117744582,"update_rms":0.004150293803653971,"accepted":true,"wall_s":4.045423541218042}
{"iteration":24,"score":80.61864801548863,"best":80.61864801548863,"gradient_rms":4.2265305852236095,"update_rms":0.0031806509762979597,"accepted":true,"wall_s":4.181645907461643}
{"iteration":25,"score":80.72920961761855,"best":80.72920961761855,"gradient_rms":9.398644524136133,"update_rms":0.003681261803260134,"accepted":true,"wall_s":4.049989782273769}
{"iteration":26,"score":80.73539509673914,"best":80.73539509673914,"gradient_rms":6.853106918575486,"update_rms":0.0034392385950779768,"accepted":true,"wall_s":4.0411804765462875}
{"iteration":27,"score":80.77332948041055,"best":80.77332948041055,"gradient_rms":2.965818869316034,"update_rms":0.002568148823455088,"accepted":true,"wall_s":4.041782204061747}
{"iteration":28,"score":80.80246432938908,"best":80.80246432938908,"gradient_rms":4.058017548721479,"update_rms":0.0022400101863358397,"accepted":true,"wall_s":4.05042864009738}
{"iteration":29,"score":80.8343066363461,"best":80.8343066363461,"gradient_rms":1.6875689142746801,"update_rms":0.0016720803718106839,"accepted":true,"wall_s":4.054833050817251}
{"iteration":30,"score":80.89704568831455,"best":80.89704568831455,"gradient_rms":9.64837133537894,"update_rms":0.0034029331584610398,"accepted":true,"wall_s":4.033333983272314}
{"iteration":31,"score":81.03180794707785,"best":81.03180794707785,"gradient_rms":13.524926865931835,"update_rms":0.0047998306016189,"accepted":true,"wall_s":4.044827453792095}
{"iteration":32,"score":81.12451591463429,"best":81.12451591463429,"gradient_rms":3.4409204599515366,"update_rms":0.00355357263558445,"accepted":true,"wall_s":4.009662546217442}
{"iteration":33,"score":81.2248202480223,"best":81.2248202480223,"gradient_rms":3.24862274069002,"update_rms":0.0027727828690889142,"accepted":true,"wall_s":4.010672900825739}
{"iteration":34,"score":81.28545649834314,"best":81.28545649834314,"gradient_rms":2.725571121940791,"update_rms":0.002119603139946437,"accepted":true,"wall_s":4.034075506031513}
{"iteration":35,"score":81.33903572518408,"best":81.33903572518408,"gradient_rms":7.110146564248912,"update_rms":0.002906889148943297,"accepted":true,"wall_s":4.0455395840108395}
{"iteration":36,"score":81.35528443164321,"best":81.35528443164321,"gradient_rms":14.171168919962257,"update_rms":0.0049199293483794425,"accepted":true,"wall_s":4.219024747610092}
{"iteration":37,"score":81.57378967543887,"best":81.57378967543887,"gradient_rms":4.936699276301429,"update_rms":0.00373217727342962,"accepted":true,"wall_s":4.6129132099449635}
{"iteration":38,"score":81.5767205882266,"best":81.5767205882266,"gradient_rms":5.123471067382841,"update_rms":0.0031416361810732356,"accepted":true,"wall_s":4.03544295579195}
{"iteration":39,"score":81.57672058822658,"best":81.5767205882266,"gradient_rms":41.77262241900928,"update_rms":0.0,"accepted":false,"wall_s":2.9869410172104836}
{"iteration":40,"score":81.74748252601992,"best":81.74748252601992,"gradient_rms":14.14924094887147,"update_rms":0.004875883560675,"accepted":true,"wall_s":4.040322195738554}
{"iteration":41,"score":81.96296167696194,"best":81.96296167696194,"gradient_rms":16.575523390959884,"update_rms":0.005961585559757777,"accepted":true,"wall_s":4.039840690791607}
{"iteration":42,"score":81.88836268063348,"best":81.96296167696194,"gradient_rms":21.44562370551555,"update_rms":0.007264010198570977,"accepted":true,"wall_s":4.203339450061321}
{"iteration":43,"score":81.98699404040121,"best":81.98699404040121,"gradient_rms":12.285702387121088,"update_rms":0.0061607148340627575,"accepted":true,"wall_s":4.04551861807704}
{"iteration":44,"score":82.17263211852341,"best":82.17263211852341,"gradient_rms":13.182133782489746,"update_rms":0.005803065241517464,"accepted":true,"wall_s":4.051553834229708}
{"iteration":45,"score":82.3271543068814,"best":82.3271543068814,"gradient_rms":11.680690203530823,"update_rms":0.005472442643664751,"accepted":true,"wall_s":4.022810366004705}
{"iteration":46,"score":82.78493191028286,"best":82.78493191028286,"gradient_rms":19.62248204465976,"update_rms":0.006738114641248913,"accepted":true,"wall_s":4.608790643513203}
{"iteration":47,"score":82.86336114356608,"best":82.86336114356608,"gradient_rms":7.410784939441853,"update_rms":0.0052005089712402275,"accepted":true,"wall_s":4.038494437932968}
{"iteration":48,"score":83.01977519536214,"best":83.01977519536214,"gradient_rms":7.025182544110432,"update_rms":0.004038639031559332,"accepted":true,"wall_s":4.2023103050887585}
{"iteration":49,"score":83.18700419788577,"best":83.18700419788577,"gradient_rms":8.198936237079586,"update_rms":0.0036487847197298156,"accepted":true,"wall_s":4.035483729094267}
{"iteration":50,"score":83.26022146729645,"best":83.26022146729645,"gradient_rms":7.8910398125028784,"update_rms":0.003500906419581451,"accepted":true,"wall_s":4.038401540368795}
{"iteration":51,"score":83.34303997884473,"best":83.34303997884473,"gradient_rms":22.632194629842825,"update_rms":0.006390090358115308,"accepted":true,"wall_s":4.0542087107896805}
{"iteration":52,"score":83.44426537334323,"best":83.44426537334323,"gradient_rms":4.290932046897319,"update_rms":0.00476355243023213,"accepted":true,"wall_s":4.028334461152554}
{"iteration":53,"score":83.50584698425267,"best":83.50584698425267,"gradient_rms":5.97211438460257,"update_rms":0.0038370264202039145,"accepted":true,"wall_s":4.0385264828801155}
{"iteration":54,"score":83.5571615766133,"best":83.5571615766133,"gradient_rms":8.059660669886375,"update_rms":0.0035463555741224446,"accepted":true,"wall_s":4.041917711496353}
{"iteration":55,"score":83.59532685154463,"best":83.59532685154463,"gradient_rms":4.318782878524379,"update_rms":0.002742483762870424,"accepted":true,"wall_s":4.04184678196907}
{"iteration":56,"score":83.70114736816345,"best":83.70114736816345,"gradient_rms":12.246493140852253,"update_rms":0.003929782528080077,"accepted":true,"wall_s":4.044606760144234}
{"iteration":57,"score":83.78102014665889,"best":83.78102014665889,"gradient_rms":2.661690048699046,"update_rms":0.002875940560746719,"accepted":true,"wall_s":4.041752457618713}
{"iteration":58,"score":83.86838734261839,"best":83.86838734261839,"gradient_rms":7.121898069634817,"update_rms":0.002969558060960941,"accepted":true,"wall_s":4.062829293310642}
{"iteration":59,"score":83.95534466080416,"best":83.95534466080416,"gradient_rms":1.0669578762421468,"update_rms":0.002127489308203579,"accepted":true,"wall_s":4.017562780529261}
{"iteration":60,"score":84.01984644493986,"best":84.01984644493986,"gradient_rms":6.090070712230511,"update_rms":0.0024440128214816485,"accepted":true,"wall_s":4.041676145046949}
{"iteration":61,"score":84.11040638333067,"best":84.11040638333067,"gradient_rms":11.194218016429932,"update_rms":0.003627942243048547,"accepted":true,"wall_s":4.037754829972982}
{"iteration":62,"score":84.18743965126846,"best":84.18743965126846,"gradient_rms":10.217242300920615,"update_rms":0.0039975209659635,"accepted":true,"wall_s":4.046246193349361}
{"iteration":63,"score":84.27641093201693,"best":84.27641093201693,"gradient_rms":3.6460851857364656,"update_rms":0.003049866076841681,"accepted":true,"wall_s":4.103795770555735}
{"iteration":64,"score":84.36906020706273,"best":84.36906020706273,"gradient_rms":10.858180858579264,"update_rms":0.0039509479789164945,"accepted":true,"wall_s":4.05944187939167}
{"iteration":65,"score":84.49210354951916,"best":84.49210354951916,"gradient_rms":6.385347670202151,"update_rms":0.003428678657436118,"accepted":true,"wall_s":4.040886290371418}
{"iteration":66,"score":84.46584661676498,"best":84.49210354951916,"gradient_rms":16.335614788556803,"update_rms":0.005393784139336622,"accepted":true,"wall_s":4.012545194476843}
{"iteration":67,"score":84.4571060921384,"best":84.49210354951916,"gradient_rms":4.080759028003467,"update_rms":0.003987328050529581,"accepted":true,"wall_s":4.001551304012537}
{"iteration":68,"score":84.451325407523,"best":84.49210354951916,"gradient_rms":3.359331646546658,"update_rms":0.0030357152764460965,"accepted":true,"wall_s":4.0011282078921795}
{"iteration":69,"score":84.53234687555768,"best":84.53234687555768,"gradient_rms":9.637604206684898,"update_rms":0.003654024788267581,"accepted":true,"wall_s":4.002176094800234}
{"iteration":70,"score":84.58355757620046,"best":84.58355757620046,"gradient_rms":4.898755475821218,"update_rms":0.0028765819096594407,"accepted":true,"wall_s":4.103139739483595}
{"iteration":71,"score":84.67494054075891,"best":84.67494054075891,"gradient_rms":9.511196687517762,"update_rms":0.003575455776777032,"accepted":true,"wall_s":4.033237710595131}
{"iteration":72,"score":84.74557553030421,"best":84.74557553030421,"gradient_rms":6.776337020702945,"update_rms":0.0033327487800424785,"accepted":true,"wall_s":4.054792184382677}
{"iteration":73,"score":84.86251676552489,"best":84.86251676552489,"gradient_rms":6.91021872242948,"update_rms":0.0032392473931184542,"accepted":true,"wall_s":4.0140479020774364}
{"iteration":74,"score":84.92866940936776,"best":84.92866940936776,"gradient_rms":5.193726643281614,"update_rms":0.0026838987744469225,"accepted":true,"wall_s":4.0141215324401855}
{"iteration":75,"score":84.98003221577972,"best":84.98003221577972,"gradient_rms":10.491741427928291,"update_rms":0.003614130234077423,"accepted":true,"wall_s":4.01802022010088}
{"iteration":76,"score":85.09132427601863,"best":85.09132427601863,"gradient_rms":11.074802267475054,"update_rms":0.004200939034107358,"accepted":true,"wall_s":4.028046410530806}
{"iteration":77,"score":85.201783269909,"best":85.201783269909,"gradient_rms":10.002963592714762,"update_rms":0.004217423032470329,"accepted":true,"wall_s":4.027869276702404}
{"iteration":78,"score":85.30435567957724,"best":85.30435567957724,"gradient_rms":5.366187864451163,"update_rms":0.0035207653103826483,"accepted":true,"wall_s":4.012073207646608}
{"iteration":79,"score":85.38073558839899,"best":85.38073558839899,"gradient_rms":3.220305446650572,"update_rms":0.0026390516821973025,"accepted":true,"wall_s":4.025406673550606}
{"iteration":80,"score":85.42539255107208,"best":85.42539255107208,"gradient_rms":4.893669306025349,"update_rms":0.002413094873429738,"accepted":true,"wall_s":4.0171940214931965}
{"iteration":81,"score":85.4871175824564,"best":85.4871175824564,"gradient_rms":6.082496854418464,"update_rms":0.002650080912477564,"accepted":true,"wall_s":4.012520000338554}
{"iteration":82,"score":85.53248440458806,"best":85.53248440458806,"gradient_rms":0.5460890710960664,"update_rms":0.001874331157146912,"accepted":true,"wall_s":4.02227146551013}
{"iteration":83,"score":85.52133715620717,"best":85.53248440458806,"gradient_rms":4.054442701067725,"update_rms":0.001847052807564574,"accepted":true,"wall_s":4.0144198052585125}
{"iteration":84,"score":85.5495995105308,"best":85.5495995105308,"gradient_rms":2.2893329315677176,"update_rms":0.0015288061142833959,"accepted":true,"wall_s":4.017986088991165}
{"iteration":85,"score":85.58110576817087,"best":85.58110576817087,"gradient_rms":1.5722048714282784,"update_rms":0.001211214488768062,"accepted":true,"wall_s":4.015913434326649}
{"iteration":86,"score":85.5832251954583,"best":85.5832251954583,"gradient_rms":5.323242509716192,"update_rms":0.0018770931051478516,"accepted":true,"wall_s":4.036722779273987}
{"iteration":87,"score":85.6587833803439,"best":85.6587833803439,"gradient_rms":8.287082001589836,"update_rms":0.002957477654431766,"accepted":true,"wall_s":4.031504023820162}
{"iteration":88,"score":85.6997030259083,"best":85.6997030259083,"gradient_rms":6.014405964193581,"update_rms":0.002871601657911819,"accepted":true,"wall_s":4.044483546167612}
{"iteration":89,"score":85.73911239600805,"best":85.73911239600805,"gradient_rms":0.8351090069932872,"update_rms":0.0020431446955785112,"accepted":true,"wall_s":3.9943532161414623}
{"iteration":90,"score":85.79737825093648,"best":85.79737825093648,"gradient_rms":5.2353061796856455,"update_rms":0.0021806791972212368,"accepted":true,"wall_s":4.003659721463919}
{"iteration":91,"score":85.80175871856886,"best":85.80175871856886,"gradient_rms":2.6630195736779396,"update_rms":0.001738152345027968,"accepted":true,"wall_s":3.9882779866456985}
{"iteration":92,"score":85.80105061215673,"best":85.80175871856886,"gradient_rms":2.49842766020853,"update_rms":0.001399481542741275,"accepted":true,"wall_s":4.016328487545252}
{"iteration":93,"score":85.74388085671632,"best":85.80175871856886,"gradient_rms":12.027540716711483,"update_rms":0.0040999050614150415,"accepted":true,"wall_s":4.015121188014746}
{"iteration":94,"score":85.72255792528122,"best":85.80175871856886,"gradient_rms":1.6895576510789028,"update_rms":0.002943254540112142,"accepted":true,"wall_s":4.019875790923834}
{"iteration":95,"score":85.72208888818375,"best":85.80175871856886,"gradient_rms":5.963104410075467,"update_rms":0.002853152124112591,"accepted":true,"wall_s":4.017155397683382}
{"iteration":96,"score":85.79420864466104,"best":85.80175871856886,"gradient_rms":9.062392086275613,"update_rms":0.0035293176946928086,"accepted":true,"wall_s":4.002655401825905}
{"iteration":97,"score":85.83813119460387,"best":85.83813119460387,"gradient_rms":3.8273319818099916,"update_rms":0.002877523817292116,"accepted":true,"wall_s":4.014602694660425}
{"iteration":98,"score":85.88426830459072,"best":85.88426830459072,"gradient_rms":6.5509934747289975,"update_rms":0.0030455169766856784,"accepted":true,"wall_s":4.032071378082037}
{"iteration":99,"score":85.9158295339475,"best":85.9158295339475,"gradient_rms":1.6428224034981311,"update_rms":0.0022020768078574804,"accepted":true,"wall_s":4.009119227528572}
{"iteration":100,"score":85.94080991506166,"best":85.94080991506166,"gradient_rms":4.409448635275069,"update_rms":0.0021561639412751134,"accepted":true,"wall_s":3.9549704492092133}
{
  "status": "ok",
  "stop_reason": "completed_iterations",
  "initial_score": 78.57485345183908,
  "final_score": 85.94080991506166,
  "best_score": 85.94080991506166,
  "best_iteration": 100,
  "completed_iterations": 100,
  "completed_adam_steps": 99,
  "completed_optimizer_steps": 99,
  "total_wall_s": 409.4954265728593,
  "initial_decode_wall_s": 1.4937306977808475,
  "initial_score_wall_s": 1.273140586912632,
  "mean_iteration_wall_s": 4.09402007393539,
  "manifest": {
    "algorithm": "adam_with_query_batched_local_gradient",
    "optimizer": "adam",
    "parameter_space": "latent",
    "gradient_objective": "dynamic local full-density score with coordinate and maximum-surface-selection derivatives omitted",
    "formal_objective": "complete native QH score for every accepted center",
    "initial_case": "/home/scc/pb24511935/local_surface_evaluator/runs/summary1_review2_20260824/flow_pairs/cases/case_20.json",
    "initial_case_sha256": "48be8e4c6318c2143baa2b11c6f90f663e9e72f6bc3d1e3d0607e309cf09ba0a",
    "checkpoint": "/home/scc/pb24511935/local_surface_evaluator/runs/qh_flow_physical_lr_longselect_20260729/lr_3em4/checkpoint_latest.pt",
    "checkpoint_sha256": "39a3293a459e248a0d1ec062607a1a467128b14d8ca973aadd82e113532ab99f",
    "native_lib": "/home/scc/pb24511935/local_surface_evaluator/runs/summary1_review2_20260824/build_native/libstellarator_gpu.so",
    "native_lib_sha256": "7d3784e02172f5c3130bcf085efa8120dc059d5007daa4b18680edd97b077f94",
    "nfp": 5,
    "n_base_coils": 5,
    "iterations": 100,
    "max_wall_s": 4200.0,
    "flow": {
      "method": "rk4",
      "steps": 128,
      "dtype": "fp32",
      "use": "every gradient endpoint and accepted center"
    },
    "flow_pipeline": true,
    "coordinate_gradient": {
      "dimension": 500,
      "mode": "random-orthogonal",
      "random_directions": 2,
      "endpoint_count": 4,
      "perturbation": 0.005,
      "difference": "centered",
      "psi_grid": 48,
      "psi_iterations": 4,
      "alpha_iterations": 4,
      "formal_surface_theta_count": 128,
      "local_surface_theta_count": 64
    },
    "adam": {
      "learning_rate": 0.01,
      "beta1": 0.7,
      "beta2": 0.999,
      "epsilon": 1e-08,
      "weight_decay": 0.0
    },
    "bfgs": {
      "initial_trust_rms": 0.01,
      "min_trust_rms": 1e-05,
      "max_trust_rms": 0.05,
      "trust_growth": 1.2,
      "trust_shrink": 0.5,
      "min_improvement": 0.0
    },
    "seed": 2026082520,
    "axis_policy": "initial global search, then strict mixed-precision continuation",
    "devices": {
      "flow": 0,
      "score": 0
    },
    "initial_metadata_keys": [
      "flow_prior_screening",
      "nfp",
      "raw"
    ]
  }
}
{"iteration":1,"score":79.04949453910422,"best":79.04949453910422,"gradient_rms":77.04707602862466,"update_rms":0.009999999993297513,"accepted":true,"wall_s":3.39663065969944}
{"iteration":2,"score":80.26793168428749,"best":80.26793168428749,"gradient_rms":114.8091526577542,"update_rms":0.007460304119223586,"accepted":true,"wall_s":3.3990107141435146}
{"iteration":3,"score":81.10795890839215,"best":81.10795890839215,"gradient_rms":44.11810479882806,"update_rms":0.005495484923094045,"accepted":true,"wall_s":3.378301043063402}
{"iteration":4,"score":81.82895707493205,"best":81.82895707493205,"gradient_rms":58.84462179925221,"update_rms":0.0047871385486997105,"accepted":true,"wall_s":3.377250514924526}
{"iteration":5,"score":82.25896417399048,"best":82.25896417399048,"gradient_rms":28.276123098200998,"update_rms":0.003964534194753824,"accepted":true,"wall_s":3.3981212377548218}
{"iteration":6,"score":83.00429532928182,"best":83.00429532928182,"gradient_rms":96.11021692556355,"update_rms":0.004857416111882721,"accepted":true,"wall_s":2.9684611447155476}
{"iteration":7,"score":83.81473957018301,"best":83.81473957018301,"gradient_rms":60.00687881031644,"update_rms":0.004488717285511972,"accepted":true,"wall_s":3.3730346523225307}
{"iteration":8,"score":84.46750232310805,"best":84.46750232310805,"gradient_rms":65.09618967695256,"update_rms":0.004404246906599239,"accepted":true,"wall_s":3.3723814003169537}
{"iteration":9,"score":85.17808313839464,"best":85.17808313839464,"gradient_rms":76.5849714646499,"update_rms":0.004438798237286839,"accepted":true,"wall_s":3.3672687374055386}
{"iteration":10,"score":85.55110184238804,"best":85.55110184238804,"gradient_rms":66.53924891055028,"update_rms":0.0042708474877982665,"accepted":true,"wall_s":3.2048949040472507}
{"iteration":11,"score":85.29548225979661,"best":85.55110184238804,"gradient_rms":17.671612117066786,"update_rms":0.0032363866263040433,"accepted":true,"wall_s":3.3654085472226143}
{"iteration":12,"score":85.05263382263769,"best":85.55110184238804,"gradient_rms":30.40682810020117,"update_rms":0.002723091587818754,"accepted":true,"wall_s":3.371260844171047}
{"iteration":13,"score":84.88416466709455,"best":85.55110184238804,"gradient_rms":34.43956802884643,"update_rms":0.002532032380925382,"accepted":true,"wall_s":3.20797036960721}
{"iteration":14,"score":85.2827649729814,"best":85.55110184238804,"gradient_rms":84.45957727395668,"update_rms":0.004099041335401302,"accepted":true,"wall_s":3.199212498962879}
{"iteration":15,"score":85.5176757695063,"best":85.55110184238804,"gradient_rms":70.54986428047124,"update_rms":0.0043186283285015495,"accepted":true,"wall_s":3.3757365494966507}
{"iteration":16,"score":85.18538251233221,"best":85.55110184238804,"gradient_rms":17.26154276513564,"update_rms":0.0032540032632439337,"accepted":true,"wall_s":3.372661530971527}
{"iteration":17,"score":84.7173423061075,"best":85.55110184238804,"gradient_rms":21.427376027892464,"update_rms":0.0024726817450025766,"accepted":true,"wall_s":3.2111567221581936}
{"iteration":18,"score":84.19963307927792,"best":85.55110184238804,"gradient_rms":31.097356055612156,"update_rms":0.002342021594333069,"accepted":true,"wall_s":2.958993025124073}
{"iteration":19,"score":83.97292002470903,"best":85.55110184238804,"gradient_rms":23.816337823019616,"update_rms":0.0021417578090109604,"accepted":true,"wall_s":2.9671984016895294}
{"iteration":20,"score":84.570010774343,"best":85.55110184238804,"gradient_rms":84.88775591373704,"update_rms":0.004452607579692868,"accepted":true,"wall_s":3.3680739291012287}
{"iteration":21,"score":84.99902945390043,"best":85.55110184238804,"gradient_rms":57.86252816839803,"update_rms":0.00415939224525034,"accepted":true,"wall_s":2.9562771320343018}
{"iteration":22,"score":85.3318302387822,"best":85.55110184238804,"gradient_rms":48.022513399244126,"update_rms":0.0038563050813173482,"accepted":true,"wall_s":2.788365811109543}
{"iteration":23,"score":86.09449531881842,"best":86.09449531881842,"gradient_rms":113.42126455347011,"update_rms":0.00562404122716442,"accepted":true,"wall_s":2.8018521517515182}
{"iteration":24,"score":86.25294544679745,"best":86.25294544679745,"gradient_rms":32.672718243415964,"update_rms":0.004281401315933398,"accepted":true,"wall_s":2.8014149628579617}
{"iteration":25,"score":86.25671308209805,"best":86.25671308209805,"gradient_rms":42.50422635005248,"update_rms":0.003652394955111623,"accepted":true,"wall_s":3.20148753374815}
{"iteration":26,"score":86.21399546411091,"best":86.25671308209805,"gradient_rms":51.82908456120914,"update_rms":0.003657068726255853,"accepted":true,"wall_s":3.3729126378893852}
{"iteration":27,"score":86.08883051073322,"best":86.25671308209805,"gradient_rms":65.73061463759895,"update_rms":0.004053399828518018,"accepted":true,"wall_s":3.2131668999791145}
{"iteration":28,"score":85.71021123623028,"best":86.25671308209805,"gradient_rms":10.199801382943416,"update_rms":0.0029337869101453617,"accepted":true,"wall_s":3.2086951099336147}
{"iteration":29,"score":85.44089085591345,"best":86.25671308209805,"gradient_rms":57.47890202753686,"update_rms":0.003515971940220702,"accepted":true,"wall_s":2.9611318334937096}
{"iteration":30,"score":85.54199443566685,"best":86.25671308209805,"gradient_rms":44.2716404152499,"update_rms":0.0033202184322353783,"accepted":true,"wall_s":2.963069450110197}
{"iteration":31,"score":86.20523647088459,"best":86.25671308209805,"gradient_rms":95.04485193249346,"update_rms":0.0050669413777401275,"accepted":true,"wall_s":2.792330674827099}
{"iteration":32,"score":86.046266680224,"best":86.25671308209805,"gradient_rms":48.08664206304805,"update_rms":0.004258425242532802,"accepted":true,"wall_s":2.7874236926436424}
{"iteration":33,"score":86.04765762329379,"best":86.25671308209805,"gradient_rms":84.48416445698264,"update_rms":0.004732611299774128,"accepted":true,"wall_s":2.9594439938664436}
{"iteration":34,"score":85.60528031556039,"best":86.25671308209805,"gradient_rms":53.7873776182152,"update_rms":0.004167271103808392,"accepted":true,"wall_s":2.966310042887926}
{"iteration":35,"score":85.26870266081002,"best":86.25671308209805,"gradient_rms":57.391142517403324,"update_rms":0.004079970724045564,"accepted":true,"wall_s":3.200230725109577}
{"iteration":36,"score":85.06599791717832,"best":86.25671308209805,"gradient_rms":49.594616784342804,"update_rms":0.0038308844909003916,"accepted":true,"wall_s":3.3697886131703854}
{"iteration":37,"score":85.73856387740928,"best":86.25671308209805,"gradient_rms":118.30225035586068,"update_rms":0.005789593821304523,"accepted":true,"wall_s":3.2042460069060326}
{"iteration":38,"score":85.74268979104153,"best":86.25671308209805,"gradient_rms":20.238156971146257,"update_rms":0.004245833253938129,"accepted":true,"wall_s":3.381142731755972}
{"iteration":39,"score":85.54507261202312,"best":86.25671308209805,"gradient_rms":39.03572312838912,"update_rms":0.003568449116749415,"accepted":true,"wall_s":2.9563962928950787}
{"iteration":40,"score":85.86205287890954,"best":86.25671308209805,"gradient_rms":99.21740273511553,"update_rms":0.0051789890424983566,"accepted":true,"wall_s":3.208017587661743}
{"iteration":41,"score":85.73710937921243,"best":86.25671308209805,"gradient_rms":19.145219551144546,"update_rms":0.003771618081395326,"accepted":true,"wall_s":3.372284058481455}
{"iteration":42,"score":85.62454643845388,"best":86.25671308209805,"gradient_rms":37.353231244809834,"update_rms":0.003257407446994734,"accepted":true,"wall_s":3.367143265902996}
{"iteration":43,"score":85.60532684619844,"best":86.25671308209805,"gradient_rms":44.3434451463896,"update_rms":0.0031477470684127184,"accepted":true,"wall_s":3.2005053609609604}
{"iteration":44,"score":85.76095866163334,"best":86.25671308209805,"gradient_rms":68.19128243672712,"update_rms":0.004045941655115914,"accepted":true,"wall_s":2.9539178907871246}
{"iteration":45,"score":85.5610265261291,"best":86.25671308209805,"gradient_rms":26.562461727295528,"update_rms":0.0032781718385128263,"accepted":true,"wall_s":2.9580771923065186}
{"iteration":46,"score":85.37709020083484,"best":86.25671308209805,"gradient_rms":34.87512090871317,"update_rms":0.0029454572765141573,"accepted":true,"wall_s":2.9690400548279285}
{"iteration":47,"score":85.09032035433768,"best":86.25671308209805,"gradient_rms":21.61252249497863,"update_rms":0.0024026777575185615,"accepted":true,"wall_s":2.8035991452634335}
{"iteration":48,"score":84.8392185513871,"best":86.25671308209805,"gradient_rms":56.767373932127626,"update_rms":0.00329672521470895,"accepted":true,"wall_s":3.3689438365399837}
{"iteration":49,"score":84.6284887659663,"best":86.25671308209805,"gradient_rms":67.29430446091037,"update_rms":0.00410741988607514,"accepted":true,"wall_s":3.2131349705159664}
{"iteration":50,"score":84.28944115004137,"best":86.25671308209805,"gradient_rms":33.06677417785063,"update_rms":0.00334913335282012,"accepted":true,"wall_s":3.3810271583497524}
{"iteration":51,"score":84.42074664848712,"best":86.25671308209805,"gradient_rms":90.54933447951483,"update_rms":0.005023785766453781,"accepted":true,"wall_s":2.958114955574274}
{"iteration":52,"score":84.64139936108872,"best":86.25671308209805,"gradient_rms":46.44734253027661,"update_rms":0.0043315508659276395,"accepted":true,"wall_s":3.3700625635683537}
{"iteration":53,"score":84.559887451966,"best":86.25671308209805,"gradient_rms":23.166855563928753,"update_rms":0.003272331086805299,"accepted":true,"wall_s":2.9658308885991573}
{"iteration":54,"score":84.74049346823989,"best":86.25671308209805,"gradient_rms":31.840434860407473,"update_rms":0.002790929836647847,"accepted":true,"wall_s":3.367930293083191}
{"iteration":55,"score":84.76797954593,"best":86.25671308209805,"gradient_rms":9.286696518979689,"update_rms":0.0020560971275025365,"accepted":true,"wall_s":3.200635865330696}
{"iteration":56,"score":85.12556742099139,"best":86.25671308209805,"gradient_rms":68.44870846263588,"update_rms":0.003784333594248959,"accepted":true,"wall_s":3.371607158333063}
{"iteration":57,"score":85.14841624578258,"best":86.25671308209805,"gradient_rms":31.06078573253898,"update_rms":0.003214959726893034,"accepted":true,"wall_s":3.371594600379467}
{"iteration":58,"score":85.46323972438961,"best":86.25671308209805,"gradient_rms":67.28317651050904,"update_rms":0.004103619966878331,"accepted":true,"wall_s":3.3786372169852257}
{"iteration":59,"score":85.7679576619038,"best":86.25671308209805,"gradient_rms":49.75295331473292,"update_rms":0.0039053863364278065,"accepted":true,"wall_s":2.795920755714178}
{"iteration":60,"score":86.12979147812565,"best":86.25671308209805,"gradient_rms":81.09629202539068,"update_rms":0.005039749860796488,"accepted":true,"wall_s":3.210117120295763}
{"iteration":61,"score":85.71958611309522,"best":86.25671308209805,"gradient_rms":9.099859322157654,"update_rms":0.0035484044489694495,"accepted":true,"wall_s":3.211579255759716}
{"iteration":62,"score":85.15617785923797,"best":86.25671308209805,"gradient_rms":7.424782761062967,"update_rms":0.0025262463680472296,"accepted":true,"wall_s":3.4764676578342915}
{"iteration":63,"score":84.70145440735946,"best":86.25671308209805,"gradient_rms":13.884249735441205,"update_rms":0.0019357641504386077,"accepted":true,"wall_s":3.3692913725972176}
{"iteration":64,"score":84.58194292370304,"best":86.25671308209805,"gradient_rms":105.49553086453636,"update_rms":0.005388832063168061,"accepted":true,"wall_s":3.3773269839584827}
{"iteration":65,"score":84.23002493308127,"best":86.25671308209805,"gradient_rms":87.27149991443186,"update_rms":0.005724593938470351,"accepted":true,"wall_s":2.963869571685791}
{"iteration":66,"score":85.58477638706826,"best":86.25671308209805,"gradient_rms":160.08981223693678,"update_rms":0.00825736092127472,"accepted":true,"wall_s":3.206516731530428}
{"iteration":67,"score":85.16321100687189,"best":86.25671308209805,"gradient_rms":54.15910214896772,"update_rms":0.0064373794004853775,"accepted":true,"wall_s":3.2172667011618614}
{"iteration":68,"score":84.17929056403713,"best":86.25671308209805,"gradient_rms":29.665787598998428,"update_rms":0.004682865821191457,"accepted":true,"wall_s":3.3807620629668236}
{"iteration":69,"score":83.89714051449413,"best":86.25671308209805,"gradient_rms":93.46834302801928,"update_rms":0.005399521270373367,"accepted":true,"wall_s":3.375708132982254}
{"iteration":70,"score":83.05239743324337,"best":86.25671308209805,"gradient_rms":35.798692442887464,"update_rms":0.004166865982702658,"accepted":true,"wall_s":2.8017886206507683}
{"iteration":71,"score":82.9481766815232,"best":86.25671308209805,"gradient_rms":89.07671215444495,"update_rms":0.005048259954615314,"accepted":true,"wall_s":2.9734187722206116}
{"iteration":72,"score":83.55496605685858,"best":86.25671308209805,"gradient_rms":98.26341654147336,"update_rms":0.005773390155109793,"accepted":true,"wall_s":3.214611195027828}
{"iteration":73,"score":83.75433205682594,"best":86.25671308209805,"gradient_rms":53.09182445416379,"update_rms":0.004726631130406942,"accepted":true,"wall_s":2.967633191496134}
{"iteration":74,"score":83.75144367512571,"best":86.25671308209805,"gradient_rms":37.75905820307707,"update_rms":0.0036903791281976245,"accepted":true,"wall_s":2.7986481115221977}
{"iteration":75,"score":85.78179574131863,"best":86.25671308209805,"gradient_rms":188.27491771803963,"update_rms":0.008297181983500575,"accepted":true,"wall_s":3.372764740139246}
{"iteration":76,"score":84.36519901484144,"best":86.25671308209805,"gradient_rms":20.94847466361619,"update_rms":0.005907433107905675,"accepted":true,"wall_s":3.3875445760786533}
{"iteration":77,"score":82.6472810935807,"best":86.25671308209805,"gradient_rms":35.954758408757996,"update_rms":0.004429584972356353,"accepted":true,"wall_s":3.430324885994196}
{"iteration":78,"score":82.71193304664646,"best":86.25671308209805,"gradient_rms":137.5753320417048,"update_rms":0.0068075994599471395,"accepted":true,"wall_s":3.3954568058252335}
{"iteration":79,"score":83.21449887784777,"best":86.25671308209805,"gradient_rms":104.55931870816187,"update_rms":0.006484267931089518,"accepted":true,"wall_s":3.3796665482223034}
{"iteration":80,"score":83.40054935058329,"best":86.25671308209805,"gradient_rms":37.64857033204044,"update_rms":0.004765688882739342,"accepted":true,"wall_s":3.2067730240523815}
{"iteration":81,"score":83.6529464052947,"best":86.25671308209805,"gradient_rms":52.76747013592586,"update_rms":0.004099096832192623,"accepted":true,"wall_s":2.9712118916213512}
{"iteration":82,"score":84.66494649865287,"best":86.25671308209805,"gradient_rms":113.40068228150618,"update_rms":0.005713726205131848,"accepted":true,"wall_s":3.3736652806401253}
{"iteration":83,"score":84.36781673956719,"best":86.25671308209805,"gradient_rms":25.351700930888555,"update_rms":0.004153899541032834,"accepted":true,"wall_s":3.2028582505881786}
{"iteration":84,"score":83.68090674918253,"best":86.25671308209805,"gradient_rms":20.10407697798711,"update_rms":0.0030669344386001773,"accepted":true,"wall_s":3.205656174570322}
{"iteration":85,"score":83.3228307021106,"best":86.25671308209805,"gradient_rms":53.57235667726246,"update_rms":0.0033406799221971945,"accepted":true,"wall_s":3.2040512040257454}
{"iteration":86,"score":83.98296986518487,"best":86.25671308209805,"gradient_rms":107.33053207273522,"update_rms":0.005223248836061113,"accepted":true,"wall_s":3.199358306825161}
{"iteration":87,"score":84.4458085532538,"best":86.25671308209805,"gradient_rms":65.51851163382351,"update_rms":0.0046911002294935415,"accepted":true,"wall_s":3.3757531344890594}
{"iteration":88,"score":84.41099053213416,"best":86.25671308209805,"gradient_rms":27.413334107993172,"update_rms":0.003577282221485863,"accepted":true,"wall_s":3.2820667885243893}
{"iteration":89,"score":84.3215459959653,"best":86.25671308209805,"gradient_rms":41.85324642019101,"update_rms":0.0031784978050141445,"accepted":true,"wall_s":3.5781336463987827}
{"iteration":90,"score":84.90120994030205,"best":86.25671308209805,"gradient_rms":109.7005072598837,"update_rms":0.005335862850034872,"accepted":true,"wall_s":3.203512754291296}
{"iteration":91,"score":84.33513800977816,"best":86.25671308209805,"gradient_rms":25.766401348271806,"update_rms":0.003911764602757634,"accepted":true,"wall_s":2.956412322819233}
{"iteration":92,"score":84.42738247105525,"best":86.25671308209805,"gradient_rms":71.81618809921558,"update_rms":0.004033837703738314,"accepted":true,"wall_s":2.792589418590069}
{"iteration":93,"score":84.39730266292068,"best":86.25671308209805,"gradient_rms":37.61407489484276,"update_rms":0.0033747367029854317,"accepted":true,"wall_s":2.9625802151858807}
{"iteration":94,"score":84.44067832659512,"best":86.25671308209805,"gradient_rms":24.308633984250434,"update_rms":0.0025664339370553377,"accepted":true,"wall_s":2.794993195682764}
{"iteration":95,"score":84.46659634263422,"best":86.25671308209805,"gradient_rms":14.325165660867722,"update_rms":0.0019295408333103046,"accepted":true,"wall_s":2.7994398958981037}
{"iteration":96,"score":85.01547071797764,"best":86.25671308209805,"gradient_rms":109.67235749559552,"update_rms":0.005145711930569404,"accepted":true,"wall_s":2.9596997499465942}
{"iteration":97,"score":85.3091476077474,"best":86.25671308209805,"gradient_rms":68.6537723860008,"update_rms":0.0045559237707080875,"accepted":true,"wall_s":3.3729898892343044}
{"iteration":98,"score":85.2306918685065,"best":86.25671308209805,"gradient_rms":29.413378704250093,"update_rms":0.003493974248829664,"accepted":true,"wall_s":3.3809872306883335}
{"iteration":99,"score":85.32914086133623,"best":86.25671308209805,"gradient_rms":106.29386568617663,"update_rms":0.005289126949997395,"accepted":true,"wall_s":2.954692557454109}
{"iteration":100,"score":85.37205936832173,"best":86.25671308209805,"gradient_rms":41.46289930427946,"update_rms":0.0040832336669052996,"accepted":true,"wall_s":2.79524002969265}
{
  "status": "ok",
  "stop_reason": "completed_iterations",
  "initial_score": 78.56970666268019,
  "final_score": 85.37205936832173,
  "best_score": 86.25671308209805,
  "best_iteration": 25,
  "completed_iterations": 100,
  "completed_adam_steps": 100,
  "completed_optimizer_steps": 100,
  "total_wall_s": 317.28426649048924,
  "initial_decode_wall_s": 1.480816189199686,
  "initial_score_wall_s": 1.2766446508467197,
  "mean_iteration_wall_s": 3.1717816654220226,
  "manifest": {
    "algorithm": "adam_with_query_batched_local_gradient",
    "optimizer": "adam",
    "parameter_space": "data",
    "gradient_objective": "dynamic local full-density score with coordinate and maximum-surface-selection derivatives omitted",
    "formal_objective": "complete native QH score for every accepted center",
    "initial_case": "/home/scc/pb24511935/local_surface_evaluator/runs/summary1_review2_20260824/flow_pairs/cases/case_20.json",
    "initial_case_sha256": "48be8e4c6318c2143baa2b11c6f90f663e9e72f6bc3d1e3d0607e309cf09ba0a",
    "checkpoint": "/home/scc/pb24511935/local_surface_evaluator/runs/qh_flow_physical_lr_longselect_20260729/lr_3em4/checkpoint_latest.pt",
    "checkpoint_sha256": "39a3293a459e248a0d1ec062607a1a467128b14d8ca973aadd82e113532ab99f",
    "native_lib": "/home/scc/pb24511935/local_surface_evaluator/runs/summary1_review2_20260824/build_native/libstellarator_gpu.so",
    "native_lib_sha256": "7d3784e02172f5c3130bcf085efa8120dc059d5007daa4b18680edd97b077f94",
    "nfp": 5,
    "n_base_coils": 5,
    "iterations": 100,
    "max_wall_s": 4200.0,
    "flow": {
      "method": "rk4",
      "steps": 128,
      "dtype": "fp32",
      "use": "initial latent-to-coil decode only"
    },
    "flow_pipeline": false,
    "coordinate_gradient": {
      "dimension": 500,
      "mode": "random-orthogonal",
      "random_directions": 2,
      "endpoint_count": 4,
      "perturbation": 0.0025,
      "difference": "centered",
      "psi_grid": 48,
      "psi_iterations": 4,
      "alpha_iterations": 4,
      "formal_surface_theta_count": 128,
      "local_surface_theta_count": 64
    },
    "adam": {
      "learning_rate": 0.01,
      "beta1": 0.7,
      "beta2": 0.999,
      "epsilon": 1e-08,
      "weight_decay": 0.0
    },
    "bfgs": {
      "initial_trust_rms": 0.01,
      "min_trust_rms": 1e-05,
      "max_trust_rms": 0.05,
      "trust_growth": 1.2,
      "trust_shrink": 0.5,
      "min_improvement": 0.0
    },
    "seed": 2026082520,
    "axis_policy": "initial global search, then strict mixed-precision continuation",
    "devices": {
      "flow": 0,
      "score": 0
    },
    "initial_metadata_keys": [
      "flow_prior_screening",
      "nfp",
      "raw"
    ],
    "data_parameterization": {
      "definition": "per-coordinate training-set standardization",
      "physical_mapping": "CoilNormalizer.inverse with canonical current L1/sign",
      "initial_clipped_fraction": 0.0,
      "initial_roundtrip_relative_rms": 2.8547802360169945e-08,
      "flow_calls_after_initialization": 0
    }
  }
}
{"iteration":1,"score":78.9566778199016,"best":78.96075600540986,"gradient_rms":14.018675714687433,"update_rms":0.00999999997056026,"accepted":true,"wall_s":3.7681847773492336}
{"iteration":2,"score":78.98657026951545,"best":78.98657026951545,"gradient_rms":172.05405993934866,"update_rms":0.008270716397011333,"accepted":true,"wall_s":2.3832509629428387}
{"iteration":3,"score":79.09723037312318,"best":79.09723037312318,"gradient_rms":67.21611639690914,"update_rms":0.00645466268848532,"accepted":true,"wall_s":2.6175300627946854}
{"iteration":4,"score":79.15665072706614,"best":79.15665072706614,"gradient_rms":30.49210289190487,"update_rms":0.004785766373077095,"accepted":true,"wall_s":2.643256761133671}
{"iteration":5,"score":79.10609409260148,"best":79.15665072706614,"gradient_rms":44.49987909076076,"update_rms":0.003984974826326274,"accepted":true,"wall_s":2.5943550057709217}
{"iteration":6,"score":79.03630583562678,"best":79.15665072706614,"gradient_rms":39.11810154549217,"update_rms":0.0037256680128747188,"accepted":true,"wall_s":2.6714661307632923}
{"iteration":7,"score":78.8936992181703,"best":79.15665072706614,"gradient_rms":16.624117198183654,"update_rms":0.002691581893167953,"accepted":true,"wall_s":2.480089921504259}
{"iteration":8,"score":78.93633882452148,"best":79.15665072706614,"gradient_rms":7.122991542663282,"update_rms":0.002061670700116181,"accepted":true,"wall_s":2.4878127314150333}
{"iteration":9,"score":78.89501739687665,"best":79.15665072706614,"gradient_rms":12.537455726154285,"update_rms":0.0016924737517749696,"accepted":true,"wall_s":2.4864396676421165}
{"iteration":10,"score":78.9456842172485,"best":79.15665072706614,"gradient_rms":3.207006133995288,"update_rms":0.0011821997271021928,"accepted":true,"wall_s":2.4857068695127964}
{"iteration":11,"score":78.99459853843622,"best":79.15665072706614,"gradient_rms":43.363050329685684,"update_rms":0.00324368633702775,"accepted":true,"wall_s":2.491291768848896}
{"iteration":12,"score":79.02325230845342,"best":79.15665072706614,"gradient_rms":6.840306289006998,"update_rms":0.002540278292212443,"accepted":true,"wall_s":2.4875651001930237}
{"iteration":13,"score":78.9596571020256,"best":79.15665072706614,"gradient_rms":8.367264480013022,"update_rms":0.0019841340127420173,"accepted":true,"wall_s":2.483740422874689}
{"iteration":14,"score":78.96613349702386,"best":79.15665072706614,"gradient_rms":6.343387162916744,"update_rms":0.0015523120663003705,"accepted":true,"wall_s":2.412868198007345}
{"iteration":15,"score":78.94047287628283,"best":79.15665072706614,"gradient_rms":22.802792683751246,"update_rms":0.002105314956219882,"accepted":true,"wall_s":2.4053670205175877}
{"iteration":16,"score":78.98650873679634,"best":79.15665072706614,"gradient_rms":12.456646393934985,"update_rms":0.0018550647206800053,"accepted":true,"wall_s":2.484651818871498}
{"iteration":17,"score":78.99521870266005,"best":79.15665072706614,"gradient_rms":3.0292233070572006,"update_rms":0.001399214769449932,"accepted":true,"wall_s":2.4858899042010307}
{"iteration":18,"score":78.98353812238057,"best":79.15665072706614,"gradient_rms":8.367965184536416,"update_rms":0.0012869459492441703,"accepted":true,"wall_s":2.414298590272665}
{"iteration":19,"score":79.05589536513311,"best":79.15665072706614,"gradient_rms":8.620351668927777,"update_rms":0.001312305910377353,"accepted":true,"wall_s":2.4807266779243946}
{"iteration":20,"score":79.0013804483221,"best":79.15665072706614,"gradient_rms":33.46228327903205,"update_rms":0.0027424383036444523,"accepted":true,"wall_s":2.663585964590311}
{"iteration":21,"score":78.89290692376656,"best":79.15665072706614,"gradient_rms":30.77322405322526,"update_rms":0.0033814583484994137,"accepted":true,"wall_s":2.6668404527008533}
{"iteration":22,"score":78.78174943609879,"best":79.15665072706614,"gradient_rms":29.247349710091616,"update_rms":0.0031045764632146775,"accepted":true,"wall_s":2.4877796582877636}
{"iteration":23,"score":78.67815260649274,"best":79.15665072706614,"gradient_rms":50.55697828779281,"update_rms":0.0044565409373969935,"accepted":true,"wall_s":2.6685558035969734}
{"iteration":24,"score":78.56044403350464,"best":79.15665072706614,"gradient_rms":67.00807196416953,"update_rms":0.006089815594078558,"accepted":true,"wall_s":2.5939689464867115}
{"iteration":25,"score":78.30666137492845,"best":79.15665072706614,"gradient_rms":18.723319204019305,"update_rms":0.004480706117265944,"accepted":true,"wall_s":2.6679822392761707}
{"iteration":26,"score":78.24421280358474,"best":79.15665072706614,"gradient_rms":70.81342768508134,"update_rms":0.00573454770876391,"accepted":true,"wall_s":2.406917355954647}
{"iteration":27,"score":78.55965275701497,"best":79.15665072706614,"gradient_rms":86.47332732857865,"update_rms":0.006503838988568123,"accepted":true,"wall_s":2.432039115577936}
{"iteration":28,"score":78.79849925622013,"best":79.15665072706614,"gradient_rms":75.6429130487664,"update_rms":0.006815939686292641,"accepted":true,"wall_s":2.6665309220552444}
{"iteration":29,"score":78.80729699072764,"best":79.15665072706614,"gradient_rms":20.713757317165324,"update_rms":0.005162856124982037,"accepted":true,"wall_s":2.4861106872558594}
{"iteration":30,"score":79.15601114730845,"best":79.15665072706614,"gradient_rms":12.87087366648774,"update_rms":0.0038701809356786773,"accepted":true,"wall_s":2.4873577766120434}
{"iteration":31,"score":78.90893280586386,"best":79.15665072706614,"gradient_rms":51.937241361119824,"update_rms":0.004380703108242099,"accepted":true,"wall_s":2.669144120067358}
{"iteration":32,"score":79.05477132287099,"best":79.15665072706614,"gradient_rms":91.23194046519986,"update_rms":0.005996139521441852,"accepted":true,"wall_s":2.4867434836924076}
{"iteration":33,"score":79.21752356297851,"best":79.21752356297851,"gradient_rms":8.911545042841826,"update_rms":0.004385414877461359,"accepted":true,"wall_s":2.487413566559553}
{"iteration":34,"score":79.31451043137294,"best":79.31451043137294,"gradient_rms":16.344419133687953,"update_rms":0.0031757203061731545,"accepted":true,"wall_s":2.4218088760972023}
{"iteration":35,"score":79.39256059945745,"best":79.39256059945745,"gradient_rms":13.277142344519934,"update_rms":0.00246296895011715,"accepted":true,"wall_s":2.422326009720564}
{"iteration":36,"score":79.47668838044919,"best":79.47668838044919,"gradient_rms":9.102362175558062,"update_rms":0.0018156736796685596,"accepted":true,"wall_s":2.413391061127186}
{"iteration":37,"score":79.47606446649648,"best":79.47668838044919,"gradient_rms":22.358019680493904,"update_rms":0.0019589943640477077,"accepted":true,"wall_s":2.485679317265749}
{"iteration":38,"score":79.47396633280194,"best":79.47668838044919,"gradient_rms":15.004074322825716,"update_rms":0.001636049121443759,"accepted":true,"wall_s":2.486743774265051}
{"iteration":39,"score":79.52470209183224,"best":79.52470209183224,"gradient_rms":15.128034986810537,"update_rms":0.0014355662307064697,"accepted":true,"wall_s":2.4199017509818077}
{"iteration":40,"score":79.62703614555579,"best":79.62703614555579,"gradient_rms":6.42139453753536,"update_rms":0.001120899966090415,"accepted":true,"wall_s":2.4980858266353607}
{"iteration":41,"score":79.4426276459427,"best":79.62703614555579,"gradient_rms":74.33914561655256,"update_rms":0.005183024989428393,"accepted":true,"wall_s":2.6748193949460983}
{"iteration":42,"score":79.34459143070123,"best":79.62703614555579,"gradient_rms":10.820055912616787,"update_rms":0.003787763838521865,"accepted":true,"wall_s":2.943565897643566}
{"iteration":43,"score":79.18683810247312,"best":79.62703614555579,"gradient_rms":20.215244142600703,"update_rms":0.002959549284380185,"accepted":true,"wall_s":2.4901228100061417}
{"iteration":44,"score":79.28169645521469,"best":79.62703614555579,"gradient_rms":24.263647323513425,"update_rms":0.0029511892487073814,"accepted":true,"wall_s":2.669274304062128}
{"iteration":45,"score":79.391978667609,"best":79.62703614555579,"gradient_rms":37.20639678060013,"update_rms":0.0035224348330285607,"accepted":true,"wall_s":2.4879509583115578}
{"iteration":46,"score":79.438920049273,"best":79.62703614555579,"gradient_rms":24.336701620409617,"update_rms":0.0033620740736793053,"accepted":true,"wall_s":2.460410337895155}
{"iteration":47,"score":79.79638049045548,"best":79.79638049045548,"gradient_rms":31.456148269617128,"update_rms":0.003611916528338398,"accepted":true,"wall_s":2.633777629584074}
{"iteration":48,"score":79.94481481741737,"best":79.94481481741737,"gradient_rms":1.2157112491780993,"update_rms":0.002553345717280927,"accepted":true,"wall_s":2.54838652536273}
{"iteration":49,"score":80.02568584820051,"best":80.02568584820051,"gradient_rms":126.48261000774752,"update_rms":0.007856441341137456,"accepted":true,"wall_s":2.3658240474760532}
{"iteration":50,"score":79.8622809347238,"best":80.02568584820051,"gradient_rms":68.90861154690754,"update_rms":0.007449257693756265,"accepted":true,"wall_s":2.6144906505942345}
{"iteration":51,"score":79.80365922317344,"best":80.02568584820051,"gradient_rms":44.6476212777734,"update_rms":0.006298410728910231,"accepted":true,"wall_s":2.5397870540618896}
{"iteration":52,"score":79.72976773859139,"best":80.02568584820051,"gradient_rms":10.690155524130228,"update_rms":0.004462579334618782,"accepted":true,"wall_s":2.6185793355107307}
{"iteration":53,"score":79.3850005412977,"best":80.02568584820051,"gradient_rms":76.27077367593209,"update_rms":0.005790706106974886,"accepted":true,"wall_s":2.462922915816307}
{"iteration":54,"score":79.11179093750559,"best":80.02568584820051,"gradient_rms":6.671327567722573,"update_rms":0.004059770983258706,"accepted":true,"wall_s":2.4069492518901825}
{"iteration":55,"score":78.4927297744064,"best":80.02568584820051,"gradient_rms":47.8855050820997,"update_rms":0.004533803908989209,"accepted":true,"wall_s":2.458733346313238}
{"iteration":56,"score":77.54349007640047,"best":80.02568584820051,"gradient_rms":43.91719107980758,"update_rms":0.004184303103489233,"accepted":true,"wall_s":2.6369116343557835}
{"iteration":57,"score":78.04070160747963,"best":80.02568584820051,"gradient_rms":52.573001818442464,"update_rms":0.004878203765465254,"accepted":true,"wall_s":2.390621356666088}
{"iteration":58,"score":77.9380443557709,"best":80.02568584820051,"gradient_rms":5.751498089104601,"update_rms":0.003448315433817359,"accepted":true,"wall_s":2.4358889497816563}
{"iteration":59,"score":77.9373693324725,"best":80.02568584820051,"gradient_rms":10.665414550534406,"update_rms":0.0025501262835241445,"accepted":true,"wall_s":2.4167746528983116}
{"iteration":60,"score":78.12908694113658,"best":80.02568584820051,"gradient_rms":106.31366035137322,"update_rms":0.006877803707489061,"accepted":true,"wall_s":2.61752650141716}
{"iteration":61,"score":78.07530714498048,"best":80.02568584820051,"gradient_rms":12.7454934610057,"update_rms":0.004921505991440354,"accepted":true,"wall_s":2.461019206792116}
{"iteration":62,"score":79.14342264005043,"best":80.02568584820051,"gradient_rms":77.7771164476896,"update_rms":0.0060197482360474005,"accepted":true,"wall_s":2.4625299349427223}
{"iteration":63,"score":79.83083761714796,"best":80.02568584820051,"gradient_rms":35.650750531681034,"update_rms":0.005132273937980239,"accepted":true,"wall_s":2.6444701068103313}
{"iteration":64,"score":79.90574983662547,"best":80.02568584820051,"gradient_rms":54.276048939318976,"update_rms":0.004712337428213382,"accepted":true,"wall_s":2.674300789833069}
{"iteration":65,"score":79.32900014686949,"best":80.02568584820051,"gradient_rms":86.33342899672846,"update_rms":0.006451524712752387,"accepted":true,"wall_s":2.4200953878462315}
{"iteration":66,"score":78.65287755986999,"best":80.02568584820051,"gradient_rms":6.152828066188957,"update_rms":0.004601950252686601,"accepted":true,"wall_s":2.53049885481596}
{"iteration":67,"score":78.97749466182307,"best":80.02568584820051,"gradient_rms":115.55805961669255,"update_rms":0.0074738402966988745,"accepted":true,"wall_s":2.412297409027815}
{"iteration":68,"score":79.2678243092118,"best":80.02568584820051,"gradient_rms":47.711429635499705,"update_rms":0.005900603650111754,"accepted":true,"wall_s":2.47947209328413}
{"iteration":69,"score":79.56510734832851,"best":80.02568584820051,"gradient_rms":11.716151833137308,"update_rms":0.004165061160128814,"accepted":true,"wall_s":2.490230292081833}
{"iteration":70,"score":79.70662071624304,"best":80.02568584820051,"gradient_rms":21.782330632550156,"update_rms":0.003307159482844206,"accepted":true,"wall_s":2.4879140369594097}
{"iteration":71,"score":80.52335207395892,"best":80.52335207395892,"gradient_rms":132.99388464207473,"update_rms":0.007217310822140626,"accepted":true,"wall_s":2.4947821870446205}
{"iteration":72,"score":80.99665734206704,"best":80.99665734206704,"gradient_rms":3.3955519998418877,"update_rms":0.005047640184419339,"accepted":true,"wall_s":2.4905657581984997}
{"iteration":73,"score":81.17821714609862,"best":81.17821714609862,"gradient_rms":13.467936408017328,"update_rms":0.003672247085606454,"accepted":true,"wall_s":2.4873497374355793}
{"iteration":74,"score":81.09636254767109,"best":81.17821714609862,"gradient_rms":82.94171932392926,"update_rms":0.005500663534066718,"accepted":true,"wall_s":2.517789836972952}
{"iteration":75,"score":81.14679694254284,"best":81.17821714609862,"gradient_rms":18.722042424772717,"update_rms":0.003723042018472379,"accepted":true,"wall_s":2.4948120191693306}
{"iteration":76,"score":81.15354874189477,"best":81.17821714609862,"gradient_rms":12.284829952963518,"update_rms":0.0027094792545680952,"accepted":true,"wall_s":2.4889212772250175}
{"iteration":77,"score":81.11126282612622,"best":81.17821714609862,"gradient_rms":27.383392080375348,"update_rms":0.0025125277047579587,"accepted":true,"wall_s":2.4148706682026386}
{"iteration":78,"score":81.06677511277779,"best":81.17821714609862,"gradient_rms":8.279871122436793,"update_rms":0.0018859650285227216,"accepted":true,"wall_s":2.7598028108477592}
{"iteration":79,"score":80.8564194837331,"best":81.17821714609862,"gradient_rms":39.39162633892656,"update_rms":0.002745999278902367,"accepted":true,"wall_s":2.4863283410668373}
{"iteration":80,"score":80.57055630890153,"best":81.17821714609862,"gradient_rms":134.70714413572094,"update_rms":0.007551265625484767,"accepted":true,"wall_s":2.4850238114595413}
{"iteration":81,"score":80.57901113815456,"best":81.17821714609862,"gradient_rms":81.48920726193107,"update_rms":0.006882916351252078,"accepted":true,"wall_s":2.491173181682825}
{"iteration":82,"score":80.73657527098415,"best":81.17821714609862,"gradient_rms":32.525876307869915,"update_rms":0.0049489957445775275,"accepted":true,"wall_s":2.5510343462228775}
{"iteration":83,"score":81.02184590413748,"best":81.17821714609862,"gradient_rms":67.64094722283484,"update_rms":0.005361964285255659,"accepted":true,"wall_s":2.666631191968918}
{"iteration":84,"score":81.2083142465252,"best":81.2083142465252,"gradient_rms":18.81299191676274,"update_rms":0.003857112830036386,"accepted":true,"wall_s":2.5980373732745647}
{"iteration":85,"score":81.04595187301751,"best":81.2083142465252,"gradient_rms":47.3035639806757,"update_rms":0.003600571566925417,"accepted":true,"wall_s":2.487637210637331}
{"iteration":86,"score":81.04646486339911,"best":81.2083142465252,"gradient_rms":4.647933267537738,"update_rms":0.0025249714115043002,"accepted":true,"wall_s":2.4896211810410023}
{"iteration":87,"score":81.13684660088472,"best":81.2083142465252,"gradient_rms":89.97680077369218,"update_rms":0.0054520780714948135,"accepted":true,"wall_s":2.486097875982523}
{"iteration":88,"score":81.15181573312849,"best":81.2083142465252,"gradient_rms":1.760837611596411,"update_rms":0.0038522787187794958,"accepted":true,"wall_s":2.424217388033867}
{"iteration":89,"score":81.23028245188185,"best":81.23028245188185,"gradient_rms":26.25649728919794,"update_rms":0.0033066314064223693,"accepted":true,"wall_s":2.4152876175940037}
{"iteration":90,"score":81.33294529070685,"best":81.33294529070685,"gradient_rms":7.502145461967381,"update_rms":0.0023415913300842642,"accepted":true,"wall_s":2.48714492097497}
{"iteration":91,"score":81.44450019708766,"best":81.44450019708766,"gradient_rms":20.562172088333842,"update_rms":0.0019898181262766107,"accepted":true,"wall_s":2.4867240004241467}
{"iteration":92,"score":81.53125567103189,"best":81.53125567103189,"gradient_rms":6.1727883500264396,"update_rms":0.0014733941339961788,"accepted":true,"wall_s":2.487999089062214}
{"iteration":93,"score":81.61188213094916,"best":81.61188213094916,"gradient_rms":17.614040453053498,"update_rms":0.0014570371514816378,"accepted":true,"wall_s":2.492393158376217}
{"iteration":94,"score":81.64304448532401,"best":81.64304448532401,"gradient_rms":27.04717056689021,"update_rms":0.0018583215459747687,"accepted":true,"wall_s":2.4863488413393497}
{"iteration":95,"score":81.98741684082272,"best":81.98741684082272,"gradient_rms":153.51420108079776,"update_rms":0.008649502046154557,"accepted":true,"wall_s":2.644066881388426}
{"iteration":96,"score":82.27740481223779,"best":82.27740481223779,"gradient_rms":19.74024243378097,"update_rms":0.006322666672042826,"accepted":true,"wall_s":2.621603664010763}
{"iteration":97,"score":82.47687528268986,"best":82.47687528268986,"gradient_rms":10.950664911066692,"update_rms":0.004558025225131742,"accepted":true,"wall_s":2.6314518973231316}
{"iteration":98,"score":82.54360119497629,"best":82.54360119497629,"gradient_rms":66.88014942583074,"update_rms":0.005147450176226709,"accepted":true,"wall_s":2.646845493465662}
{"iteration":99,"score":82.41864558341864,"best":82.54360119497629,"gradient_rms":44.71099958106438,"update_rms":0.0044872726038885005,"accepted":true,"wall_s":2.6820984333753586}
{"iteration":100,"score":82.1284810973498,"best":82.54360119497629,"gradient_rms":94.15673106778665,"update_rms":0.005605714595056674,"accepted":true,"wall_s":2.477526292204857}
{
  "status": "ok",
  "stop_reason": "completed_iterations",
  "initial_score": 78.96075600540986,
  "final_score": 82.1284810973498,
  "best_score": 82.54360119497629,
  "best_iteration": 98,
  "completed_iterations": 100,
  "completed_adam_steps": 100,
  "completed_optimizer_steps": 100,
  "total_wall_s": 253.8059097342193,
  "initial_decode_wall_s": 2.2881266996264458,
  "initial_score_wall_s": 1.0598885007202625,
  "mean_iteration_wall_s": 2.535937312543392,
  "manifest": {
    "algorithm": "adam_with_query_batched_local_gradient",
    "optimizer": "adam",
    "parameter_space": "latent",
    "gradient_objective": "dynamic local full-density score with coordinate and maximum-surface-selection derivatives omitted",
    "formal_objective": "complete native QH score for every accepted center",
    "initial_case": "/home/scc/pb24511935/local_surface_evaluator/runs/summary1_review2_20260824/flow_pairs/cases/case_24.json",
    "initial_case_sha256": "3f1787af34fe4dc2dd8a26c24969f5e5f3be92be31bb6e87654d5e9127e46b29",
    "checkpoint": "/home/scc/pb24511935/local_surface_evaluator/runs/qh_flow_physical_lr_longselect_20260729/lr_3em4/checkpoint_latest.pt",
    "checkpoint_sha256": "39a3293a459e248a0d1ec062607a1a467128b14d8ca973aadd82e113532ab99f",
    "native_lib": "/home/scc/pb24511935/local_surface_evaluator/runs/summary1_review2_20260824/build_native/libstellarator_gpu.so",
    "native_lib_sha256": "7d3784e02172f5c3130bcf085efa8120dc059d5007daa4b18680edd97b077f94",
    "nfp": 8,
    "n_base_coils": 1,
    "iterations": 100,
    "max_wall_s": 4200.0,
    "flow": {
      "method": "rk4",
      "steps": 128,
      "dtype": "fp32",
      "use": "every gradient endpoint and accepted center"
    },
    "flow_pipeline": true,
    "coordinate_gradient": {
      "dimension": 100,
      "mode": "random-orthogonal",
      "random_directions": 2,
      "endpoint_count": 4,
      "perturbation": 0.005,
      "difference": "centered",
      "psi_grid": 48,
      "psi_iterations": 4,
      "alpha_iterations": 4,
      "formal_surface_theta_count": 128,
      "local_surface_theta_count": 64
    },
    "adam": {
      "learning_rate": 0.01,
      "beta1": 0.7,
      "beta2": 0.999,
      "epsilon": 1e-08,
      "weight_decay": 0.0
    },
    "bfgs": {
      "initial_trust_rms": 0.01,
      "min_trust_rms": 1e-05,
      "max_trust_rms": 0.05,
      "trust_growth": 1.2,
      "trust_shrink": 0.5,
      "min_improvement": 0.0
    },
    "seed": 2026082524,
    "axis_policy": "initial global search, then strict mixed-precision continuation",
    "devices": {
      "flow": 0,
      "score": 0
    },
    "initial_metadata_keys": [
      "flow_prior_screening",
      "nfp",
      "raw"
    ]
  }
}
{"iteration":1,"score":79.93419509723556,"best":79.93419509723556,"gradient_rms":60.636568176958654,"update_rms":0.00999999999313689,"accepted":true,"wall_s":1.5540092214941978}
{"iteration":2,"score":80.5760830249646,"best":80.5760830249646,"gradient_rms":31.775821190637462,"update_rms":0.007243834456170176,"accepted":true,"wall_s":1.5513263009488583}
{"iteration":3,"score":79.10275493653842,"best":80.5760830249646,"gradient_rms":114.37349537138986,"update_rms":0.007252422532735774,"accepted":true,"wall_s":1.5583295747637749}
{"iteration":4,"score":78.04751539543643,"best":80.5760830249646,"gradient_rms":93.42403144561072,"update_rms":0.006205176974671885,"accepted":true,"wall_s":1.5822308883070946}
{"iteration":5,"score":76.03160915641017,"best":80.5760830249646,"gradient_rms":147.6826324271877,"update_rms":0.005960067765899452,"accepted":true,"wall_s":1.5691909343004227}
{"iteration":6,"score":75.50330631683671,"best":80.5760830249646,"gradient_rms":119.87902468512961,"update_rms":0.005591974478622062,"accepted":true,"wall_s":1.5613979548215866}
{"iteration":7,"score":77.3657064884728,"best":80.5760830249646,"gradient_rms":408.74157463612016,"update_rms":0.007243101029678219,"accepted":true,"wall_s":1.5595857203006744}
{"iteration":8,"score":78.84671725774378,"best":80.5760830249646,"gradient_rms":95.16772079852811,"update_rms":0.00567521410084502,"accepted":true,"wall_s":1.3545631878077984}
{"iteration":9,"score":79.24289667776158,"best":80.5760830249646,"gradient_rms":38.60137585310519,"update_rms":0.004201748070155053,"accepted":true,"wall_s":1.5345914661884308}
{"iteration":10,"score":79.45131738269109,"best":80.5760830249646,"gradient_rms":30.09117473653494,"update_rms":0.00319228076125655,"accepted":true,"wall_s":1.3775187879800797}
{"iteration":11,"score":81.66243845664545,"best":81.66243845664545,"gradient_rms":107.38831930025417,"update_rms":0.0033936353008558505,"accepted":true,"wall_s":1.560790579766035}
{"iteration":12,"score":82.34065604939246,"best":82.34065604939246,"gradient_rms":55.67001687619575,"update_rms":0.002745803887992538,"accepted":true,"wall_s":1.3800173364579678}
{"iteration":13,"score":81.90272364219545,"best":82.34065604939246,"gradient_rms":225.19844663867858,"update_rms":0.0048997378485927,"accepted":true,"wall_s":1.5584636218845844}
{"iteration":14,"score":81.6544776483905,"best":82.34065604939246,"gradient_rms":120.12487717700466,"update_rms":0.00419280707074447,"accepted":true,"wall_s":1.534052461385727}
{"iteration":15,"score":81.01895590936013,"best":82.34065604939246,"gradient_rms":23.186028322502892,"update_rms":0.0030651008994274096,"accepted":true,"wall_s":1.5583438649773598}
{"iteration":16,"score":81.03199214594845,"best":82.34065604939246,"gradient_rms":21.193195906901828,"update_rms":0.002220325690845707,"accepted":true,"wall_s":1.5605352744460106}
{"iteration":17,"score":81.62961146580822,"best":82.34065604939246,"gradient_rms":441.3509759858082,"update_rms":0.007234171221429728,"accepted":true,"wall_s":1.5368478894233704}
{"iteration":18,"score":82.48100568986402,"best":82.48100568986402,"gradient_rms":28.39618418874864,"update_rms":0.005304450887525943,"accepted":true,"wall_s":1.5376031026244164}
{"iteration":19,"score":82.69737920771114,"best":82.69737920771114,"gradient_rms":31.97149335443975,"update_rms":0.0038292520204816997,"accepted":true,"wall_s":1.5401408784091473}
{"iteration":20,"score":82.85464646839748,"best":82.85464646839748,"gradient_rms":83.13553260247569,"update_rms":0.003137725421917017,"accepted":true,"wall_s":1.5379942543804646}
{"iteration":21,"score":83.15404099639942,"best":83.15404099639942,"gradient_rms":50.8685594011014,"update_rms":0.0024837721972943458,"accepted":true,"wall_s":1.5388311184942722}
{"iteration":22,"score":83.39136715192419,"best":83.39136715192419,"gradient_rms":23.824390360127158,"update_rms":0.00188031765598762,"accepted":true,"wall_s":1.5712910145521164}
{"iteration":23,"score":81.61184842160117,"best":83.39136715192419,"gradient_rms":279.46801519824334,"update_rms":0.005388957385487226,"accepted":true,"wall_s":1.588182456791401}
{"iteration":24,"score":79.752336054679,"best":83.39136715192419,"gradient_rms":239.20374335636538,"update_rms":0.005970359000269687,"accepted":true,"wall_s":1.5839196778833866}
{"iteration":25,"score":77.93235311582237,"best":83.39136715192419,"gradient_rms":207.51369663641907,"update_rms":0.0057870396361576594,"accepted":true,"wall_s":1.5846914239227772}
{"iteration":26,"score":76.4858817343843,"best":83.39136715192419,"gradient_rms":221.57121345973303,"update_rms":0.005743058374806802,"accepted":true,"wall_s":1.5146330744028091}
{"iteration":27,"score":75.75171341406593,"best":83.39136715192419,"gradient_rms":39.4687532392182,"update_rms":0.004191652387447187,"accepted":true,"wall_s":1.5849174670875072}
{"iteration":28,"score":75.45631196101182,"best":83.39136715192419,"gradient_rms":90.62755647017883,"update_rms":0.0033312217220070324,"accepted":true,"wall_s":1.596332412213087}
{"iteration":29,"score":75.35193343645633,"best":83.39136715192419,"gradient_rms":98.65076592886936,"update_rms":0.0031699120541069997,"accepted":true,"wall_s":1.3818693347275257}
{"iteration":30,"score":75.33378208445663,"best":83.39136715192419,"gradient_rms":70.95435850548863,"update_rms":0.0026624464657116964,"accepted":true,"wall_s":1.3829101622104645}
{"iteration":31,"score":74.724104242391,"best":83.39136715192419,"gradient_rms":23.148344927286583,"update_rms":0.0019292405473498979,"accepted":true,"wall_s":1.3936053030192852}
{"iteration":32,"score":73.91729534656105,"best":83.39136715192419,"gradient_rms":19.534388819859405,"update_rms":0.001484314580985129,"accepted":true,"wall_s":1.5623674467206001}
{"iteration":33,"score":73.91849987887548,"best":83.39136715192419,"gradient_rms":171.66110461415005,"update_rms":0.0034343497489805323,"accepted":true,"wall_s":1.585926577448845}
{"iteration":34,"score":74.64574515787848,"best":83.39136715192419,"gradient_rms":87.82833579606896,"update_rms":0.0030663255750912684,"accepted":true,"wall_s":1.6219022572040558}
{"iteration":35,"score":75.10363660980593,"best":83.39136715192419,"gradient_rms":59.87228069018098,"update_rms":0.0023198699706856465,"accepted":true,"wall_s":1.5637425370514393}
{"iteration":36,"score":75.61331682818427,"best":83.39136715192419,"gradient_rms":111.32562272181103,"update_rms":0.0027597111371386322,"accepted":true,"wall_s":1.5865210108458996}
{"iteration":37,"score":76.45143476131422,"best":83.39136715192419,"gradient_rms":91.93009404476206,"update_rms":0.0028140393186711866,"accepted":true,"wall_s":1.4920361265540123}
{"iteration":38,"score":76.62281071449084,"best":83.39136715192419,"gradient_rms":47.98815482314093,"update_rms":0.0021853587039374857,"accepted":true,"wall_s":1.563070647418499}
{"iteration":39,"score":77.39787822237105,"best":83.39136715192419,"gradient_rms":73.50547091426344,"update_rms":0.0023073005790733756,"accepted":true,"wall_s":1.527234222739935}
{"iteration":40,"score":77.93261090867676,"best":83.39136715192419,"gradient_rms":19.107308023660845,"update_rms":0.001701980885666526,"accepted":true,"wall_s":1.7172243930399418}
{"iteration":41,"score":78.38300426524901,"best":83.39136715192419,"gradient_rms":37.539468378123146,"update_rms":0.001406196917366291,"accepted":true,"wall_s":1.5884661301970482}
{"iteration":42,"score":78.76649318320702,"best":83.39136715192419,"gradient_rms":17.369758147576675,"update_rms":0.0009979262881268224,"accepted":true,"wall_s":1.5878682844340801}
{"iteration":43,"score":79.38850531134534,"best":83.39136715192419,"gradient_rms":54.12099533691958,"update_rms":0.0014368720696371236,"accepted":true,"wall_s":1.5630672238767147}
{"iteration":44,"score":79.8510130827702,"best":83.39136715192419,"gradient_rms":31.439921659585828,"update_rms":0.0013236662015911657,"accepted":true,"wall_s":1.538614571094513}
{"iteration":45,"score":79.92598424275184,"best":83.39136715192419,"gradient_rms":2.3029623010634053,"update_rms":0.0009357345707553042,"accepted":true,"wall_s":1.358051747083664}
{"iteration":46,"score":80.00903658040174,"best":83.39136715192419,"gradient_rms":27.11142000761395,"update_rms":0.0009459405696748823,"accepted":true,"wall_s":1.3570883348584175}
{"iteration":47,"score":80.26955263429143,"best":83.39136715192419,"gradient_rms":36.505491067900884,"update_rms":0.0010596148636661928,"accepted":true,"wall_s":1.284044224768877}
{"iteration":48,"score":80.64781278113588,"best":83.39136715192419,"gradient_rms":24.654957996754796,"update_rms":0.0009112447134572897,"accepted":true,"wall_s":1.3573559932410717}
{"iteration":49,"score":81.094099987231,"best":83.39136715192419,"gradient_rms":26.258307350386204,"update_rms":0.0009246907104102894,"accepted":true,"wall_s":1.3808209411799908}
{"iteration":50,"score":81.12023320417721,"best":83.39136715192419,"gradient_rms":229.43702078402603,"update_rms":0.0051943160831473415,"accepted":true,"wall_s":1.5910624861717224}
{"iteration":51,"score":80.56518181431723,"best":83.39136715192419,"gradient_rms":103.70260480906417,"update_rms":0.004739305623878391,"accepted":true,"wall_s":1.587542936205864}
{"iteration":52,"score":80.20524585074297,"best":83.39136715192419,"gradient_rms":48.3810375918195,"update_rms":0.0033653655305350655,"accepted":true,"wall_s":1.5629339441657066}
{"iteration":53,"score":79.43854536418397,"best":83.39136715192419,"gradient_rms":258.3641969961447,"update_rms":0.0062478783721713615,"accepted":true,"wall_s":1.5424891747534275}
{"iteration":54,"score":78.64812578138495,"best":83.39136715192419,"gradient_rms":80.6813025192412,"update_rms":0.004823732141945736,"accepted":true,"wall_s":1.5383788794279099}
{"iteration":55,"score":78.32141002867249,"best":83.39136715192419,"gradient_rms":154.51232429973882,"update_rms":0.005004078375061685,"accepted":true,"wall_s":1.5397644378244877}
{"iteration":56,"score":78.83950926256819,"best":83.39136715192419,"gradient_rms":91.64306910944029,"update_rms":0.004182600861559779,"accepted":true,"wall_s":1.5391730777919292}
{"iteration":57,"score":79.00445969113846,"best":83.39136715192419,"gradient_rms":76.90410885751383,"update_rms":0.0035439176920468675,"accepted":true,"wall_s":1.5383336655795574}
{"iteration":58,"score":79.96235188375243,"best":83.39136715192419,"gradient_rms":106.29264156702551,"update_rms":0.003840065684564007,"accepted":true,"wall_s":1.5403575897216797}
{"iteration":59,"score":80.0956742624013,"best":83.39136715192419,"gradient_rms":162.66229871080992,"update_rms":0.00458863366691635,"accepted":true,"wall_s":1.308880776166916}
{"iteration":60,"score":82.36819210638228,"best":83.39136715192419,"gradient_rms":250.8532208316374,"update_rms":0.006105882328114599,"accepted":true,"wall_s":1.4895540215075016}
{"iteration":61,"score":82.69770645505888,"best":83.39136715192419,"gradient_rms":95.59981986760161,"update_rms":0.004884278632100653,"accepted":true,"wall_s":1.542026150971651}
{"iteration":62,"score":83.45650673744183,"best":83.45650673744183,"gradient_rms":196.71520810824828,"update_rms":0.005349239002431561,"accepted":true,"wall_s":1.3595438860356808}
{"iteration":63,"score":83.64080690051296,"best":83.64080690051296,"gradient_rms":109.55654227892296,"update_rms":0.00467866451389192,"accepted":true,"wall_s":1.551622100174427}
{"iteration":64,"score":83.54406575555117,"best":83.64080690051296,"gradient_rms":41.791445686339955,"update_rms":0.003422574568996898,"accepted":true,"wall_s":1.5387120321393013}
{"iteration":65,"score":83.49632905049626,"best":83.64080690051296,"gradient_rms":22.08955260540693,"update_rms":0.002565550482616585,"accepted":true,"wall_s":1.362444445490837}
{"iteration":66,"score":83.61596974009282,"best":83.64080690051296,"gradient_rms":28.621315733816868,"update_rms":0.0018035136398383788,"accepted":true,"wall_s":1.3574406132102013}
{"iteration":67,"score":83.6187539410619,"best":83.64080690051296,"gradient_rms":56.46080289093693,"update_rms":0.00185873576789332,"accepted":true,"wall_s":1.3586208671331406}
{"iteration":68,"score":84.04727770007466,"best":84.04727770007466,"gradient_rms":120.78146435401673,"update_rms":0.0032479691349615297,"accepted":true,"wall_s":1.544105302542448}
{"iteration":69,"score":84.46828090375007,"best":84.46828090375007,"gradient_rms":98.76512231820558,"update_rms":0.00324390677451445,"accepted":true,"wall_s":1.5422673374414444}
{"iteration":70,"score":84.84779226467575,"best":84.84779226467575,"gradient_rms":371.38096172587734,"update_rms":0.007700962677590074,"accepted":true,"wall_s":1.4665252342820168}
{"iteration":71,"score":84.42256031634432,"best":84.84779226467575,"gradient_rms":175.9337325396795,"update_rms":0.005806658073606991,"accepted":true,"wall_s":1.3580713793635368}
{"iteration":72,"score":84.8759108188591,"best":84.8759108188591,"gradient_rms":96.8612797403359,"update_rms":0.004521887294653616,"accepted":true,"wall_s":1.5412036888301373}
{"iteration":73,"score":85.00238442476616,"best":85.00238442476616,"gradient_rms":11.955764157020404,"update_rms":0.003185868220130438,"accepted":true,"wall_s":1.5407160893082619}
{"iteration":74,"score":84.90062525285408,"best":85.00238442476616,"gradient_rms":77.2335790271481,"update_rms":0.0026152250942947756,"accepted":true,"wall_s":1.5393301285803318}
{"iteration":75,"score":84.47387056258754,"best":85.00238442476616,"gradient_rms":155.82128769087328,"update_rms":0.0039025006574908384,"accepted":true,"wall_s":1.3685020878911018}
{"iteration":76,"score":84.50781826311967,"best":85.00238442476616,"gradient_rms":101.3615593807907,"update_rms":0.0036372667847081866,"accepted":true,"wall_s":1.541209902614355}
{"iteration":77,"score":84.48061081961745,"best":85.00238442476616,"gradient_rms":33.82493112600055,"update_rms":0.0026238711330704555,"accepted":true,"wall_s":1.4683787897229195}
{"iteration":78,"score":84.45044228153986,"best":85.00238442476616,"gradient_rms":194.09889270909025,"update_rms":0.004641998925036769,"accepted":true,"wall_s":1.540132261812687}
{"iteration":79,"score":84.25131779935536,"best":85.00238442476616,"gradient_rms":135.52592372046905,"update_rms":0.004623479969580557,"accepted":true,"wall_s":1.5419235825538635}
{"iteration":80,"score":83.36476312107303,"best":85.00238442476616,"gradient_rms":102.21728180319232,"update_rms":0.0038862707551288343,"accepted":true,"wall_s":1.562711764127016}
{"iteration":81,"score":82.55827006590644,"best":85.00238442476616,"gradient_rms":27.152846772945093,"update_rms":0.002762397466447589,"accepted":true,"wall_s":1.465344239026308}
{"iteration":82,"score":82.22793928720469,"best":85.00238442476616,"gradient_rms":67.09348095892074,"update_rms":0.0020797099288129587,"accepted":true,"wall_s":1.542054109275341}
{"iteration":83,"score":81.94861611046798,"best":85.00238442476616,"gradient_rms":45.843910402494785,"update_rms":0.0018842101705301873,"accepted":true,"wall_s":1.465519055724144}
{"iteration":84,"score":81.88019805467303,"best":85.00238442476616,"gradient_rms":39.53122654811147,"update_rms":0.0015606678968667677,"accepted":true,"wall_s":1.3572784140706062}
{"iteration":85,"score":82.16343768814045,"best":85.00238442476616,"gradient_rms":56.43687233309882,"update_rms":0.0017453125247477016,"accepted":true,"wall_s":1.286068819463253}
{"iteration":86,"score":82.32526150444652,"best":85.00238442476616,"gradient_rms":166.1181685481037,"update_rms":0.003787810318126941,"accepted":true,"wall_s":1.5387075245380402}
{"iteration":87,"score":82.57188393792799,"best":85.00238442476616,"gradient_rms":82.84223789763189,"update_rms":0.003410384437441033,"accepted":true,"wall_s":1.5385569483041763}
{"iteration":88,"score":82.78532366700456,"best":85.00238442476616,"gradient_rms":117.46697949776907,"update_rms":0.0036856323669885193,"accepted":true,"wall_s":1.5396990701556206}
{"iteration":89,"score":82.72967953916437,"best":85.00238442476616,"gradient_rms":87.42870943386886,"update_rms":0.002965710046162744,"accepted":true,"wall_s":1.360163763165474}
{"iteration":90,"score":83.23182224905722,"best":85.00238442476616,"gradient_rms":93.98622027091064,"update_rms":0.0029409191231002866,"accepted":true,"wall_s":1.2868220396339893}
{"iteration":91,"score":84.1211491489661,"best":85.00238442476616,"gradient_rms":60.909091845094835,"update_rms":0.00263202274177805,"accepted":true,"wall_s":1.2840561904013157}
{"iteration":92,"score":84.3100384332875,"best":85.00238442476616,"gradient_rms":48.97930922298861,"update_rms":0.002034718013205359,"accepted":true,"wall_s":1.3616411685943604}
{"iteration":93,"score":84.37432947737727,"best":85.00238442476616,"gradient_rms":67.26624014723781,"update_rms":0.0019581231745030895,"accepted":true,"wall_s":1.5417475067079067}
{"iteration":94,"score":84.28189683217256,"best":85.00238442476616,"gradient_rms":49.45965402059612,"update_rms":0.0018417923100334114,"accepted":true,"wall_s":1.5391528010368347}
{"iteration":95,"score":84.27852722878544,"best":85.00238442476616,"gradient_rms":76.52624856786481,"update_rms":0.002268756501367326,"accepted":true,"wall_s":1.4217550791800022}
{"iteration":96,"score":84.34648885779855,"best":85.00238442476616,"gradient_rms":90.46569738329548,"update_rms":0.0026063452467940244,"accepted":true,"wall_s":1.2850993685424328}
{"iteration":97,"score":84.29942602118854,"best":85.00238442476616,"gradient_rms":60.760408110735554,"update_rms":0.002239375767731277,"accepted":true,"wall_s":1.3612000346183777}
{"iteration":98,"score":84.13429914607751,"best":85.00238442476616,"gradient_rms":251.46785728743336,"update_rms":0.006122007857068447,"accepted":true,"wall_s":1.5383426994085312}
{"iteration":99,"score":83.44375707505633,"best":85.00238442476616,"gradient_rms":17.04902948657826,"update_rms":0.0044174784010925505,"accepted":true,"wall_s":1.538007441908121}
{"iteration":100,"score":82.9609654488269,"best":85.00238442476616,"gradient_rms":17.6429089206093,"update_rms":0.0031313098546217485,"accepted":true,"wall_s":1.5417961403727531}
{
  "status": "ok",
  "stop_reason": "completed_iterations",
  "initial_score": 78.96075600540988,
  "final_score": 82.9609654488269,
  "best_score": 85.00238442476616,
  "best_iteration": 73,
  "completed_iterations": 100,
  "completed_adam_steps": 100,
  "completed_optimizer_steps": 100,
  "total_wall_s": 149.76066905632615,
  "initial_decode_wall_s": 2.2952201552689075,
  "initial_score_wall_s": 1.095377080142498,
  "mean_iteration_wall_s": 1.4966109046339988,
  "manifest": {
    "algorithm": "adam_with_query_batched_local_gradient",
    "optimizer": "adam",
    "parameter_space": "data",
    "gradient_objective": "dynamic local full-density score with coordinate and maximum-surface-selection derivatives omitted",
    "formal_objective": "complete native QH score for every accepted center",
    "initial_case": "/home/scc/pb24511935/local_surface_evaluator/runs/summary1_review2_20260824/flow_pairs/cases/case_24.json",
    "initial_case_sha256": "3f1787af34fe4dc2dd8a26c24969f5e5f3be92be31bb6e87654d5e9127e46b29",
    "checkpoint": "/home/scc/pb24511935/local_surface_evaluator/runs/qh_flow_physical_lr_longselect_20260729/lr_3em4/checkpoint_latest.pt",
    "checkpoint_sha256": "39a3293a459e248a0d1ec062607a1a467128b14d8ca973aadd82e113532ab99f",
    "native_lib": "/home/scc/pb24511935/local_surface_evaluator/runs/summary1_review2_20260824/build_native/libstellarator_gpu.so",
    "native_lib_sha256": "7d3784e02172f5c3130bcf085efa8120dc059d5007daa4b18680edd97b077f94",
    "nfp": 8,
    "n_base_coils": 1,
    "iterations": 100,
    "max_wall_s": 4200.0,
    "flow": {
      "method": "rk4",
      "steps": 128,
      "dtype": "fp32",
      "use": "initial latent-to-coil decode only"
    },
    "flow_pipeline": false,
    "coordinate_gradient": {
      "dimension": 100,
      "mode": "random-orthogonal",
      "random_directions": 2,
      "endpoint_count": 4,
      "perturbation": 0.0025,
      "difference": "centered",
      "psi_grid": 48,
      "psi_iterations": 4,
      "alpha_iterations": 4,
      "formal_surface_theta_count": 128,
      "local_surface_theta_count": 64
    },
    "adam": {
      "learning_rate": 0.01,
      "beta1": 0.7,
      "beta2": 0.999,
      "epsilon": 1e-08,
      "weight_decay": 0.0
    },
    "bfgs": {
      "initial_trust_rms": 0.01,
      "min_trust_rms": 1e-05,
      "max_trust_rms": 0.05,
      "trust_growth": 1.2,
      "trust_shrink": 0.5,
      "min_improvement": 0.0
    },
    "seed": 2026082524,
    "axis_policy": "initial global search, then strict mixed-precision continuation",
    "devices": {
      "flow": 0,
      "score": 0
    },
    "initial_metadata_keys": [
      "flow_prior_screening",
      "nfp",
      "raw"
    ],
    "data_parameterization": {
      "definition": "per-coordinate training-set standardization",
      "physical_mapping": "CoilNormalizer.inverse with canonical current L1/sign",
      "initial_clipped_fraction": 0.0,
      "initial_roundtrip_relative_rms": 0.0,
      "flow_calls_after_initialization": 0
    }
  }
}
{"iteration":1,"score":80.26381664938148,"best":80.26381664938148,"gradient_rms":11.010112960212764,"update_rms":0.009999999863728048,"accepted":true,"wall_s":4.306271135807037}
{"iteration":2,"score":80.40404830229188,"best":80.40404830229188,"gradient_rms":12.6746023645284,"update_rms":0.006998490019374603,"accepted":true,"wall_s":3.132292278110981}
{"iteration":3,"score":80.52941674937345,"best":80.52941674937345,"gradient_rms":8.669847165959977,"update_rms":0.005674520724806363,"accepted":true,"wall_s":2.865130938589573}
{"iteration":4,"score":80.63778636593572,"best":80.63778636593572,"gradient_rms":10.469362660093879,"update_rms":0.005146084772344572,"accepted":true,"wall_s":3.1126906536519527}
{"iteration":5,"score":80.70607373351926,"best":80.70607373351926,"gradient_rms":5.995456288525072,"update_rms":0.004321050614764559,"accepted":true,"wall_s":2.7727392725646496}
{"iteration":6,"score":80.78899341654278,"best":80.78899341654278,"gradient_rms":6.333769483444425,"update_rms":0.0037129058235588672,"accepted":true,"wall_s":3.1079042330384254}
{"iteration":7,"score":80.71473197269273,"best":80.78899341654278,"gradient_rms":7.251694973850579,"update_rms":0.0036070491145397563,"accepted":true,"wall_s":2.7672614753246307}
{"iteration":8,"score":80.9173753539254,"best":80.9173753539254,"gradient_rms":4.8107553766434235,"update_rms":0.0031552431510626896,"accepted":true,"wall_s":2.873579453676939}
{"iteration":9,"score":80.93894878685022,"best":80.93894878685022,"gradient_rms":4.6736739813181485,"update_rms":0.0028188823907049263,"accepted":true,"wall_s":2.862590804696083}
{"iteration":10,"score":81.06036493718258,"best":81.06036493718258,"gradient_rms":9.761699941415921,"update_rms":0.003944017010051041,"accepted":true,"wall_s":3.1009929850697517}
{"iteration":11,"score":81.17836106760656,"best":81.17836106760656,"gradient_rms":10.869121438622505,"update_rms":0.004547444142433313,"accepted":true,"wall_s":2.8715373910963535}
{"iteration":12,"score":81.43784289417019,"best":81.43784289417019,"gradient_rms":12.483595544694316,"update_rms":0.005274971001555869,"accepted":true,"wall_s":3.091282356530428}
{"iteration":13,"score":81.66406413617875,"best":81.66406413617875,"gradient_rms":6.965886836150722,"update_rms":0.004555294437641074,"accepted":true,"wall_s":3.098055139183998}
{"iteration":14,"score":81.7742175683455,"best":81.7742175683455,"gradient_rms":6.448832823667651,"update_rms":0.004199594928043791,"accepted":true,"wall_s":2.988603126257658}
{"iteration":15,"score":81.95888900080372,"best":81.95888900080372,"gradient_rms":9.396300353576697,"update_rms":0.004284154168194033,"accepted":true,"wall_s":3.094788823276758}
{"iteration":16,"score":82.15943970451085,"best":82.15943970451085,"gradient_rms":9.753251839630387,"update_rms":0.0046149270980063075,"accepted":true,"wall_s":3.001717023551464}
{"iteration":17,"score":82.34037569901378,"best":82.34037569901378,"gradient_rms":7.954676719338907,"update_rms":0.004337435731506374,"accepted":true,"wall_s":2.998292747884989}
{"iteration":18,"score":82.33757846849534,"best":82.34037569901378,"gradient_rms":5.778007397368421,"update_rms":0.003635773009555696,"accepted":true,"wall_s":2.8644553422927856}
{"iteration":19,"score":82.48093649905746,"best":82.48093649905746,"gradient_rms":5.207027063004789,"update_rms":0.0032400448566108934,"accepted":true,"wall_s":2.8637887462973595}
{"iteration":20,"score":82.6233821202672,"best":82.6233821202672,"gradient_rms":3.1392280612687897,"update_rms":0.002608720685233739,"accepted":true,"wall_s":2.864093191921711}
{"iteration":21,"score":82.68626849079561,"best":82.68626849079561,"gradient_rms":4.459322277983706,"update_rms":0.00253951400633127,"accepted":true,"wall_s":2.864465046674013}
{"iteration":22,"score":82.8070156709197,"best":82.8070156709197,"gradient_rms":7.259507143086135,"update_rms":0.0033250480563570706,"accepted":true,"wall_s":3.1119821965694427}
{"iteration":23,"score":82.93353097226007,"best":82.93353097226007,"gradient_rms":12.889324051568822,"update_rms":0.005042393014095513,"accepted":true,"wall_s":3.098322808742523}
{"iteration":24,"score":83.05792780672057,"best":83.05792780672057,"gradient_rms":13.46995702387309,"update_rms":0.005781737115782728,"accepted":true,"wall_s":3.1083038933575153}
{"iteration":25,"score":83.17300143973218,"best":83.17300143973218,"gradient_rms":6.3634193957913086,"update_rms":0.004783593385257219,"accepted":true,"wall_s":3.093511465936899}
{"iteration":26,"score":83.34442621328488,"best":83.34442621328488,"gradient_rms":9.585895874662503,"update_rms":0.004833829433436106,"accepted":true,"wall_s":3.099002428352833}
{"iteration":27,"score":83.44507946337193,"best":83.44507946337193,"gradient_rms":4.219095655412274,"update_rms":0.0038696258511642496,"accepted":true,"wall_s":3.0059286430478096}
{"iteration":28,"score":83.53256662506342,"best":83.53256662506342,"gradient_rms":2.6832909158873295,"update_rms":0.0029650481152941684,"accepted":true,"wall_s":3.0944480299949646}
{"iteration":29,"score":83.64817392705532,"best":83.64817392705532,"gradient_rms":7.798401477191893,"update_rms":0.0035587250609547282,"accepted":true,"wall_s":3.0967542082071304}
{"iteration":30,"score":83.7337904594333,"best":83.7337904594333,"gradient_rms":3.4257142086467254,"update_rms":0.00275262453153922,"accepted":true,"wall_s":3.0929789766669273}
{"iteration":31,"score":83.79263574993439,"best":83.79263574993439,"gradient_rms":1.3886335073181613,"update_rms":0.002050187373637071,"accepted":true,"wall_s":4.164396807551384}
{"iteration":32,"score":83.82638872001954,"best":83.82638872001954,"gradient_rms":1.389966077609288,"update_rms":0.0015942862804066678,"accepted":true,"wall_s":3.3703399896621704}
{"iteration":33,"score":83.85846988308587,"best":83.85846988308587,"gradient_rms":1.6985499838715872,"update_rms":0.0013214678781547963,"accepted":true,"wall_s":3.10228081792593}
{"iteration":34,"score":83.83046111036683,"best":83.85846988308587,"gradient_rms":2.7309581965466965,"update_rms":0.0013832589149813104,"accepted":true,"wall_s":2.853969357907772}
{"iteration":35,"score":83.95219096699483,"best":83.95219096699483,"gradient_rms":6.2779713357756455,"update_rms":0.0026705600798457075,"accepted":true,"wall_s":3.1037252508103848}
{"iteration":36,"score":84.00656102575537,"best":84.00656102575537,"gradient_rms":2.423399859960006,"update_rms":0.0021347414715954527,"accepted":true,"wall_s":3.105175331234932}
{"iteration":37,"score":84.0500215793041,"best":84.0500215793041,"gradient_rms":7.0781750225381455,"update_rms":0.0030868336158824026,"accepted":true,"wall_s":2.969111356884241}
{"iteration":38,"score":84.09299523777723,"best":84.09299523777723,"gradient_rms":3.371593271692187,"update_rms":0.0025725523655579416,"accepted":true,"wall_s":2.8698242530226707}
{"iteration":39,"score":84.14295696977165,"best":84.14295696977165,"gradient_rms":0.949432680836843,"update_rms":0.0018862353946761438,"accepted":true,"wall_s":2.810096349567175}
{"iteration":40,"score":84.17529758762323,"best":84.17529758762323,"gradient_rms":2.78732731275978,"update_rms":0.0018463571049178818,"accepted":true,"wall_s":2.7674693316221237}
{"iteration":41,"score":84.17635266454405,"best":84.17635266454405,"gradient_rms":2.7520624912138536,"update_rms":0.001797333035356018,"accepted":true,"wall_s":2.867500726133585}
{"iteration":42,"score":84.1902965582693,"best":84.1902965582693,"gradient_rms":3.851271870082836,"update_rms":0.0020906695664463354,"accepted":true,"wall_s":2.7752282321453094}
{"iteration":43,"score":84.24777078938169,"best":84.24777078938169,"gradient_rms":5.505208356985262,"update_rms":0.0028136577552488806,"accepted":true,"wall_s":2.768657024949789}
{"iteration":44,"score":84.38535967496513,"best":84.38535967496513,"gradient_rms":6.401985367148797,"update_rms":0.003386457759618969,"accepted":true,"wall_s":3.099371038377285}
{"iteration":45,"score":84.4167037140621,"best":84.4167037140621,"gradient_rms":2.0799757352603603,"update_rms":0.00258547473870322,"accepted":true,"wall_s":3.1048166379332542}
{"iteration":46,"score":84.47239469919451,"best":84.47239469919451,"gradient_rms":9.328078959827213,"update_rms":0.0041720080496777095,"accepted":true,"wall_s":3.1018079109489918}
{"iteration":47,"score":84.48516294424874,"best":84.48516294424874,"gradient_rms":1.5698589752219818,"update_rms":0.003008037422664473,"accepted":true,"wall_s":3.0990428365767}
{"iteration":48,"score":84.51737502014028,"best":84.51737502014028,"gradient_rms":0.7729908305988726,"update_rms":0.002184041824706698,"accepted":true,"wall_s":3.0977867767214775}
{"iteration":49,"score":84.56703548030826,"best":84.56703548030826,"gradient_rms":5.030933573219881,"update_rms":0.0026539462375170663,"accepted":true,"wall_s":3.1011347882449627}
{"iteration":50,"score":84.60287482174729,"best":84.60287482174729,"gradient_rms":0.6961878446904409,"update_rms":0.0019143473670517406,"accepted":true,"wall_s":3.0965169593691826}
{"iteration":51,"score":84.58612667118176,"best":84.60287482174729,"gradient_rms":2.5975205299795947,"update_rms":0.0018108153695033788,"accepted":true,"wall_s":3.0939470380544662}
{"iteration":52,"score":84.50783788076168,"best":84.60287482174729,"gradient_rms":3.995993807460961,"update_rms":0.002102044525093052,"accepted":true,"wall_s":2.764154378324747}
{"iteration":53,"score":84.62715900330916,"best":84.62715900330916,"gradient_rms":1.0786495940301721,"update_rms":0.0015700801341537727,"accepted":true,"wall_s":2.865780830383301}
{"iteration":54,"score":84.67307330940547,"best":84.67307330940547,"gradient_rms":4.777008224392696,"update_rms":0.0025205564453269266,"accepted":true,"wall_s":3.1049528904259205}
{"iteration":55,"score":84.72252978020623,"best":84.72252978020623,"gradient_rms":2.2722782062631093,"update_rms":0.002113357299432988,"accepted":true,"wall_s":3.0934260822832584}
{"iteration":56,"score":84.74022170905522,"best":84.74022170905522,"gradient_rms":4.27269360517041,"update_rms":0.0024656738272962574,"accepted":true,"wall_s":3.111204080283642}
{"iteration":57,"score":84.77823182495818,"best":84.77823182495818,"gradient_rms":4.6871092000994965,"update_rms":0.0027835490358746693,"accepted":true,"wall_s":2.8614339642226696}
{"iteration":58,"score":84.77761720392533,"best":84.77823182495818,"gradient_rms":1.1560746929544252,"update_rms":0.0020306085389263837,"accepted":true,"wall_s":2.860957682132721}
{"iteration":59,"score":84.80945295291804,"best":84.80945295291804,"gradient_rms":2.4754535351555162,"update_rms":0.0018485582810101708,"accepted":true,"wall_s":2.8653326891362667}
{"iteration":60,"score":84.845105250393,"best":84.845105250393,"gradient_rms":0.7310822965401936,"update_rms":0.001363471391794222,"accepted":true,"wall_s":2.8648500628769398}
{"iteration":61,"score":84.89142267813331,"best":84.89142267813331,"gradient_rms":5.369402069406411,"update_rms":0.0027552297516178193,"accepted":true,"wall_s":3.098493840545416}
{"iteration":62,"score":84.76499044232214,"best":84.89142267813331,"gradient_rms":2.542792219199991,"update_rms":0.0023013668828635093,"accepted":true,"wall_s":2.7683737128973007}
{"iteration":63,"score":84.82378938194759,"best":84.89142267813331,"gradient_rms":1.0204185245834425,"update_rms":0.0016803853555911138,"accepted":true,"wall_s":2.8623276874423027}
{"iteration":64,"score":85.01391482563764,"best":85.01391482563764,"gradient_rms":7.76881928201332,"update_rms":0.0038436241532369066,"accepted":true,"wall_s":3.095265407115221}
{"iteration":65,"score":85.04631269728758,"best":85.04631269728758,"gradient_rms":2.2513922135609996,"update_rms":0.0029812726674230275,"accepted":true,"wall_s":3.1004808768630028}
{"iteration":66,"score":85.09214174949942,"best":85.09214174949942,"gradient_rms":1.829093792491918,"update_rms":0.0022514672029051155,"accepted":true,"wall_s":3.100931391119957}
{"iteration":67,"score":85.06060726180972,"best":85.09214174949942,"gradient_rms":1.9135141668028341,"update_rms":0.0019242008390211972,"accepted":true,"wall_s":2.7700501792132854}
{"iteration":68,"score":85.15605126032442,"best":85.15605126032442,"gradient_rms":3.7586933929973156,"update_rms":0.002325778478631618,"accepted":true,"wall_s":2.7745786160230637}
{"iteration":69,"score":85.15689230649295,"best":85.15689230649295,"gradient_rms":1.9307359051602122,"update_rms":0.0019464179458260403,"accepted":true,"wall_s":2.866072341799736}
{"iteration":70,"score":85.19876469931934,"best":85.19876469931934,"gradient_rms":2.0288685246730407,"update_rms":0.0017432208452267373,"accepted":true,"wall_s":2.8623183146119118}
{"iteration":71,"score":85.19708390633315,"best":85.19876469931934,"gradient_rms":2.322161826042168,"update_rms":0.0017205717044989977,"accepted":true,"wall_s":2.860616348683834}
{"iteration":72,"score":85.1529664562196,"best":85.19876469931934,"gradient_rms":3.5501621354115853,"update_rms":0.002130068358996571,"accepted":true,"wall_s":2.8545928969979286}
{"iteration":73,"score":85.29206701548553,"best":85.29206701548553,"gradient_rms":4.30337689898061,"update_rms":0.0026094681738873973,"accepted":true,"wall_s":2.866133440285921}
{"iteration":74,"score":85.3172642580049,"best":85.3172642580049,"gradient_rms":2.977726368388356,"update_rms":0.0025406631335452893,"accepted":true,"wall_s":3.179912082850933}
{"iteration":75,"score":85.24341651140041,"best":85.3172642580049,"gradient_rms":0.4728007096725064,"update_rms":0.001778698637103605,"accepted":true,"wall_s":5.072998940944672}
{"iteration":76,"score":85.19919387091764,"best":85.3172642580049,"gradient_rms":1.5795761492291618,"update_rms":0.001512439190890858,"accepted":true,"wall_s":2.9922373481094837}
{"iteration":77,"score":85.23354616539598,"best":85.3172642580049,"gradient_rms":0.9996202840663293,"update_rms":0.0012223756039145622,"accepted":true,"wall_s":2.772103726863861}
{"iteration":78,"score":85.36413301554123,"best":85.36413301554123,"gradient_rms":3.814924984073846,"update_rms":0.0021953094541210653,"accepted":true,"wall_s":2.771968826651573}
{"iteration":79,"score":85.3710616398899,"best":85.3710616398899,"gradient_rms":7.493982553694079,"update_rms":0.00418283956200713,"accepted":true,"wall_s":2.8635011836886406}
{"iteration":80,"score":85.39943051889307,"best":85.39943051889307,"gradient_rms":0.29989009267389455,"update_rms":0.0029593041090897002,"accepted":true,"wall_s":2.9531964287161827}
{"iteration":81,"score":85.30894563361221,"best":85.39943051889307,"gradient_rms":1.9599142071588478,"update_rms":0.0022854710256902788,"accepted":true,"wall_s":2.876978278160095}
{"iteration":82,"score":85.42000049397505,"best":85.42000049397505,"gradient_rms":3.8395947518129687,"update_rms":0.0025646344277078675,"accepted":true,"wall_s":3.009096246212721}
{"iteration":83,"score":85.45619845340647,"best":85.45619845340647,"gradient_rms":3.6940073940178006,"update_rms":0.002771546029547753,"accepted":true,"wall_s":3.0051214396953583}
{"iteration":84,"score":85.34340065614155,"best":85.45619845340647,"gradient_rms":1.7372689687209797,"update_rms":0.002170796257583037,"accepted":true,"wall_s":2.7646888308227062}
{"iteration":85,"score":85.38900516858675,"best":85.45619845340647,"gradient_rms":0.7283963856885487,"update_rms":0.001572983656394614,"accepted":true,"wall_s":2.761317554861307}
{"iteration":86,"score":85.47704455294776,"best":85.47704455294776,"gradient_rms":4.2664808696395005,"update_rms":0.002607808308045628,"accepted":true,"wall_s":2.863106172531843}
{"iteration":87,"score":85.53279881255905,"best":85.53279881255905,"gradient_rms":2.447957202319445,"update_rms":0.002372830785502463,"accepted":true,"wall_s":3.0998395904898643}
{"iteration":88,"score":85.54878152607563,"best":85.54878152607563,"gradient_rms":3.1926664866109573,"update_rms":0.002390239529275908,"accepted":true,"wall_s":3.005415890365839}
{"iteration":89,"score":85.44707017687385,"best":85.54878152607563,"gradient_rms":2.961527396448895,"update_rms":0.0024189088233404076,"accepted":true,"wall_s":2.763371754437685}
{"iteration":90,"score":85.56561608042277,"best":85.56561608042277,"gradient_rms":1.8794994990375997,"update_rms":0.002004242864901943,"accepted":true,"wall_s":2.8650423139333725}
{"iteration":91,"score":85.54226887622539,"best":85.56561608042277,"gradient_rms":4.181083371392515,"update_rms":0.0026796150596908753,"accepted":true,"wall_s":2.8596618697047234}
{"iteration":92,"score":85.5706761506959,"best":85.5706761506959,"gradient_rms":4.7519870104972135,"update_rms":0.0033765590912904087,"accepted":true,"wall_s":2.8652219846844673}
{"iteration":93,"score":85.58459541849578,"best":85.58459541849578,"gradient_rms":1.5616519215733249,"update_rms":0.002506398504795744,"accepted":true,"wall_s":2.76896333694458}
{"iteration":94,"score":85.63646464158178,"best":85.63646464158178,"gradient_rms":0.28548435667922656,"update_rms":0.0017792560449579199,"accepted":true,"wall_s":2.9612642489373684}
{"iteration":95,"score":85.6769837083144,"best":85.6769837083144,"gradient_rms":2.497264492389767,"update_rms":0.0019900553478925226,"accepted":true,"wall_s":3.1051778569817543}
{"iteration":96,"score":85.55851335733882,"best":85.6769837083144,"gradient_rms":2.6791384784321557,"update_rms":0.0020537586412081154,"accepted":true,"wall_s":2.8653004057705402}
{"iteration":97,"score":85.73082628804428,"best":85.73082628804428,"gradient_rms":2.142800296610291,"update_rms":0.001920165999662641,"accepted":true,"wall_s":3.0990455485880375}
{"iteration":98,"score":85.7579549268386,"best":85.7579549268386,"gradient_rms":4.016879486662439,"update_rms":0.0026732292303621344,"accepted":true,"wall_s":3.1073094233870506}
{"iteration":99,"score":85.7657874346145,"best":85.7657874346145,"gradient_rms":1.1581227908078051,"update_rms":0.0020414571281897292,"accepted":true,"wall_s":3.1066258028149605}
{"iteration":100,"score":85.70534223780218,"best":85.7657874346145,"gradient_rms":0.9781911818187435,"update_rms":0.001535543488624718,"accepted":true,"wall_s":2.8593687526881695}
{
  "status": "ok",
  "stop_reason": "completed_iterations",
  "initial_score": 80.2449412578665,
  "final_score": 85.70534223780218,
  "best_score": 85.7657874346145,
  "best_iteration": 99,
  "completed_iterations": 100,
  "completed_adam_steps": 100,
  "completed_optimizer_steps": 100,
  "total_wall_s": 301.34762297570705,
  "initial_decode_wall_s": 1.5731186419725418,
  "initial_score_wall_s": 0.7931262217462063,
  "mean_iteration_wall_s": 3.011161271855235,
  "manifest": {
    "algorithm": "adam_with_query_batched_local_gradient",
    "optimizer": "adam",
    "parameter_space": "latent",
    "gradient_objective": "dynamic local full-density score with coordinate and maximum-surface-selection derivatives omitted",
    "formal_objective": "complete native QH score for every accepted center",
    "initial_case": "/home/scc/pb24511935/local_surface_evaluator/runs/summary1_review2_20260824/flow_pairs/cases/case_28.json",
    "initial_case_sha256": "bd467e5a1297a0d359ea0ae3d470a28a67455f97f8f997b8e9e31708f1eb95d6",
    "checkpoint": "/home/scc/pb24511935/local_surface_evaluator/runs/qh_flow_physical_lr_longselect_20260729/lr_3em4/checkpoint_latest.pt",
    "checkpoint_sha256": "39a3293a459e248a0d1ec062607a1a467128b14d8ca973aadd82e113532ab99f",
    "native_lib": "/home/scc/pb24511935/local_surface_evaluator/runs/summary1_review2_20260824/build_native/libstellarator_gpu.so",
    "native_lib_sha256": "7d3784e02172f5c3130bcf085efa8120dc059d5007daa4b18680edd97b077f94",
    "nfp": 4,
    "n_base_coils": 3,
    "iterations": 100,
    "max_wall_s": 4200.0,
    "flow": {
      "method": "rk4",
      "steps": 128,
      "dtype": "fp32",
      "use": "every gradient endpoint and accepted center"
    },
    "flow_pipeline": true,
    "coordinate_gradient": {
      "dimension": 300,
      "mode": "random-orthogonal",
      "random_directions": 2,
      "endpoint_count": 4,
      "perturbation": 0.005,
      "difference": "centered",
      "psi_grid": 48,
      "psi_iterations": 4,
      "alpha_iterations": 4,
      "formal_surface_theta_count": 128,
      "local_surface_theta_count": 64
    },
    "adam": {
      "learning_rate": 0.01,
      "beta1": 0.7,
      "beta2": 0.999,
      "epsilon": 1e-08,
      "weight_decay": 0.0
    },
    "bfgs": {
      "initial_trust_rms": 0.01,
      "min_trust_rms": 1e-05,
      "max_trust_rms": 0.05,
      "trust_growth": 1.2,
      "trust_shrink": 0.5,
      "min_improvement": 0.0
    },
    "seed": 2026082528,
    "axis_policy": "initial global search, then strict mixed-precision continuation",
    "devices": {
      "flow": 0,
      "score": 0
    },
    "initial_metadata_keys": [
      "flow_prior_screening",
      "nfp",
      "raw"
    ]
  }
}
{"iteration":1,"score":80.08368461983395,"best":80.22599280076348,"gradient_rms":45.03444651575223,"update_rms":0.009999999991483167,"accepted":true,"wall_s":1.9829176366329193}
{"iteration":2,"score":81.43538143181195,"best":81.43538143181195,"gradient_rms":68.39491765953026,"update_rms":0.007414197380993109,"accepted":true,"wall_s":1.990657452493906}
{"iteration":3,"score":82.86841595769947,"best":82.86841595769947,"gradient_rms":39.35302146039052,"update_rms":0.005917576122609924,"accepted":true,"wall_s":1.9750603213906288}
{"iteration":4,"score":82.29368125545054,"best":82.86841595769947,"gradient_rms":404.3124033562271,"update_rms":0.007341473650284783,"accepted":true,"wall_s":1.9815934598445892}
{"iteration":5,"score":81.8596312368989,"best":82.86841595769947,"gradient_rms":30.050259038018332,"update_rms":0.0054502095515862855,"accepted":true,"wall_s":1.9713852629065514}
{"iteration":6,"score":80.76819174366261,"best":82.86841595769947,"gradient_rms":301.1053760276891,"update_rms":0.006150776342418997,"accepted":true,"wall_s":1.975965440273285}
{"iteration":7,"score":80.03566933565088,"best":82.86841595769947,"gradient_rms":51.30403287470461,"update_rms":0.0047931793957286676,"accepted":true,"wall_s":1.939565472304821}
{"iteration":8,"score":78.9027757613426,"best":82.86841595769947,"gradient_rms":350.8521073447259,"update_rms":0.005668956415330882,"accepted":true,"wall_s":1.901730976998806}
{"iteration":9,"score":77.64991218811019,"best":82.86841595769947,"gradient_rms":119.06552634097858,"update_rms":0.004643241933151061,"accepted":true,"wall_s":1.899171371012926}
{"iteration":10,"score":76.58108578263364,"best":82.86841595769947,"gradient_rms":51.34222110809811,"update_rms":0.003531315708777529,"accepted":true,"wall_s":1.933584962040186}
{"iteration":11,"score":76.13173073627082,"best":82.86841595769947,"gradient_rms":114.83781399512608,"update_rms":0.0033421365460161658,"accepted":true,"wall_s":1.9791295900940895}
{"iteration":12,"score":75.63805128070234,"best":82.86841595769947,"gradient_rms":118.93344226608338,"update_rms":0.003243560765265797,"accepted":true,"wall_s":1.9678709208965302}
{"iteration":13,"score":75.43015865862952,"best":82.86841595769947,"gradient_rms":105.66619051752464,"update_rms":0.0029008396321153203,"accepted":true,"wall_s":1.9856261685490608}
{"iteration":14,"score":75.33923624422647,"best":82.86841595769947,"gradient_rms":98.64124541835928,"update_rms":0.0027516249624716643,"accepted":true,"wall_s":1.9724307172000408}
{"iteration":15,"score":75.57080522775487,"best":82.86841595769947,"gradient_rms":241.8130418014452,"update_rms":0.004459586667457181,"accepted":true,"wall_s":1.9927701726555824}
{"iteration":16,"score":75.74811578632817,"best":82.86841595769947,"gradient_rms":142.89678857634604,"update_rms":0.00418221703353609,"accepted":true,"wall_s":1.9728840067982674}
{"iteration":17,"score":76.75520435161985,"best":82.86841595769947,"gradient_rms":277.98590123203,"update_rms":0.005251266974008657,"accepted":true,"wall_s":1.9386134408414364}
{"iteration":18,"score":77.92310531082711,"best":82.86841595769947,"gradient_rms":264.0569895926921,"update_rms":0.005515647183662511,"accepted":true,"wall_s":1.9044376090168953}
{"iteration":19,"score":78.53231968583405,"best":82.86841595769947,"gradient_rms":51.191717498441236,"update_rms":0.0040733455004721975,"accepted":true,"wall_s":1.9037615358829498}
{"iteration":20,"score":78.96195785681842,"best":82.86841595769947,"gradient_rms":52.08373731713464,"update_rms":0.0030355054747338785,"accepted":true,"wall_s":1.9428994581103325}
{"iteration":21,"score":79.30596464113503,"best":82.86841595769947,"gradient_rms":38.75622709952304,"update_rms":0.002230251328712146,"accepted":true,"wall_s":1.9865963160991669}
{"iteration":22,"score":79.58878822416372,"best":82.86841595769947,"gradient_rms":30.264982896945607,"update_rms":0.0016645176462490357,"accepted":true,"wall_s":2.00080843642354}
{"iteration":23,"score":80.43622974985209,"best":82.86841595769947,"gradient_rms":103.31735896059958,"update_rms":0.002427226668370268,"accepted":true,"wall_s":2.0034683607518673}
{"iteration":24,"score":81.57673817925514,"best":82.86841595769947,"gradient_rms":325.37594174623104,"update_rms":0.00533407354561336,"accepted":true,"wall_s":1.9448529854416847}
{"iteration":25,"score":81.79522918689281,"best":82.86841595769947,"gradient_rms":8.20922001676515,"update_rms":0.003807207667172055,"accepted":true,"wall_s":1.9029203243553638}
{"iteration":26,"score":81.6409532544668,"best":82.86841595769947,"gradient_rms":107.65237159099964,"update_rms":0.003405342823967317,"accepted":true,"wall_s":1.9028119705617428}
{"iteration":27,"score":81.77342373790016,"best":82.86841595769947,"gradient_rms":98.06879916690923,"update_rms":0.0028924496456694416,"accepted":true,"wall_s":1.9013252556324005}
{"iteration":28,"score":81.85620013669735,"best":82.86841595769947,"gradient_rms":35.526580738894516,"update_rms":0.0021572458103864198,"accepted":true,"wall_s":1.9067789539694786}
{"iteration":29,"score":81.90999024284727,"best":82.86841595769947,"gradient_rms":65.32627163928638,"update_rms":0.0019584547580544266,"accepted":true,"wall_s":1.9023395292460918}
{"iteration":30,"score":81.91803677590654,"best":82.86841595769947,"gradient_rms":27.331712267728903,"update_rms":0.0014925820887008179,"accepted":true,"wall_s":1.9037996344268322}
{"iteration":31,"score":81.94299167345837,"best":82.86841595769947,"gradient_rms":34.160634418103626,"update_rms":0.0012540107486372785,"accepted":true,"wall_s":1.9433746971189976}
{"iteration":32,"score":81.70519126245537,"best":82.86841595769947,"gradient_rms":186.17738561825993,"update_rms":0.0036681150745615566,"accepted":true,"wall_s":1.9830763973295689}
{"iteration":33,"score":81.1552456650977,"best":82.86841595769947,"gradient_rms":124.27307988153095,"update_rms":0.003547563434574946,"accepted":true,"wall_s":2.036604132503271}
{"iteration":34,"score":80.94443718944831,"best":82.86841595769947,"gradient_rms":174.46712727071196,"update_rms":0.00393263775853587,"accepted":true,"wall_s":1.9796742796897888}
{"iteration":35,"score":81.0084212727232,"best":82.86841595769947,"gradient_rms":76.4045204114441,"update_rms":0.0032196632114590887,"accepted":true,"wall_s":1.9944335483014584}
{"iteration":36,"score":81.07135500915864,"best":82.86841595769947,"gradient_rms":46.949996849945805,"update_rms":0.0025116728246614446,"accepted":true,"wall_s":1.9858184717595577}
{"iteration":37,"score":81.31692324054632,"best":82.86841595769947,"gradient_rms":45.77881118909723,"update_rms":0.002034454799721521,"accepted":true,"wall_s":1.9797522686421871}
{"iteration":38,"score":80.79938025793584,"best":82.86841595769947,"gradient_rms":275.2425214415023,"update_rms":0.005333683104914927,"accepted":true,"wall_s":1.9791556112468243}
{"iteration":39,"score":80.0982700301036,"best":82.86841595769947,"gradient_rms":144.80090033215427,"update_rms":0.00480544386300624,"accepted":true,"wall_s":1.978281993418932}
{"iteration":40,"score":79.7722258297173,"best":82.86841595769947,"gradient_rms":84.00064705982945,"update_rms":0.003809312507644017,"accepted":true,"wall_s":1.972243271768093}
{"iteration":41,"score":79.75975405605865,"best":82.86841595769947,"gradient_rms":80.16958665256635,"update_rms":0.003159929818865832,"accepted":true,"wall_s":1.9769858457148075}
{"iteration":42,"score":79.79624326499363,"best":82.86841595769947,"gradient_rms":351.75560347604437,"update_rms":0.006559977163874841,"accepted":true,"wall_s":2.00483363494277}
{"iteration":43,"score":79.60707168487939,"best":82.86841595769947,"gradient_rms":48.994039374714404,"update_rms":0.004694135842703444,"accepted":true,"wall_s":1.883453007787466}
{"iteration":44,"score":79.4697348757653,"best":82.86841595769947,"gradient_rms":48.98153122601339,"update_rms":0.003530998398448307,"accepted":true,"wall_s":1.9926419258117676}
{"iteration":45,"score":79.51834616290132,"best":82.86841595769947,"gradient_rms":69.09727283896595,"update_rms":0.002714285791751192,"accepted":true,"wall_s":1.9455598406493664}
{"iteration":46,"score":79.49425062552282,"best":82.86841595769947,"gradient_rms":136.7518918518934,"update_rms":0.0033840712875708337,"accepted":true,"wall_s":1.97372467815876}
{"iteration":47,"score":79.49777202030805,"best":82.86841595769947,"gradient_rms":20.63933018335255,"update_rms":0.0024610957071284343,"accepted":true,"wall_s":1.9803657792508602}
{"iteration":48,"score":79.4961355818352,"best":82.86841595769947,"gradient_rms":24.193247670425993,"update_rms":0.0017920025794657274,"accepted":true,"wall_s":1.986293874680996}
{"iteration":49,"score":79.56419161626627,"best":82.86841595769947,"gradient_rms":36.725713235890254,"update_rms":0.0013644179383504832,"accepted":true,"wall_s":1.8863682486116886}
{"iteration":50,"score":79.57604352095515,"best":82.86841595769947,"gradient_rms":5.648928630639568,"update_rms":0.0009721168327910332,"accepted":true,"wall_s":1.9842374324798584}
{"iteration":51,"score":79.79309823525483,"best":82.86841595769947,"gradient_rms":57.948429704349934,"update_rms":0.0015083007845991478,"accepted":true,"wall_s":1.9805663153529167}
{"iteration":52,"score":80.01888089971163,"best":82.86841595769947,"gradient_rms":49.31206615896522,"update_rms":0.0014759050676755414,"accepted":true,"wall_s":1.9834942892193794}
{"iteration":53,"score":80.19506500434316,"best":82.86841595769947,"gradient_rms":12.610718621369953,"update_rms":0.0010747477028224552,"accepted":true,"wall_s":1.7423829399049282}
{"iteration":54,"score":80.2925034992529,"best":82.86841595769947,"gradient_rms":27.12091600204433,"update_rms":0.0008899361689734134,"accepted":true,"wall_s":1.7466293536126614}
{"iteration":55,"score":80.49487977382957,"best":82.86841595769947,"gradient_rms":43.40701103743585,"update_rms":0.001186362604051476,"accepted":true,"wall_s":1.7461361289024353}
{"iteration":56,"score":80.81543843791388,"best":82.86841595769947,"gradient_rms":69.17012279016369,"update_rms":0.0017526076589790922,"accepted":true,"wall_s":1.9864066056907177}
{"iteration":57,"score":81.07624998798667,"best":82.86841595769947,"gradient_rms":52.90971290412201,"update_rms":0.0017177651608481462,"accepted":true,"wall_s":1.7470808699727058}
{"iteration":58,"score":82.70676265401362,"best":82.86841595769947,"gradient_rms":396.8264636260345,"update_rms":0.007506535735220862,"accepted":true,"wall_s":1.9784935340285301}
{"iteration":59,"score":83.19161492107392,"best":83.19161492107392,"gradient_rms":26.076304125589665,"update_rms":0.005369060282427821,"accepted":true,"wall_s":1.9768989235162735}
{"iteration":60,"score":83.11858513585113,"best":83.19161492107392,"gradient_rms":55.44588843977341,"update_rms":0.003964278548854234,"accepted":true,"wall_s":1.9713200479745865}
{"iteration":61,"score":82.86799208724318,"best":83.19161492107392,"gradient_rms":29.033671486423447,"update_rms":0.0028426319405379327,"accepted":true,"wall_s":1.8782602734863758}
{"iteration":62,"score":82.48556885327972,"best":83.19161492107392,"gradient_rms":37.22224954116796,"update_rms":0.00216624677300243,"accepted":true,"wall_s":1.9750652201473713}
{"iteration":63,"score":82.10348248212932,"best":83.19161492107392,"gradient_rms":105.26196424800712,"update_rms":0.0027897436231966136,"accepted":true,"wall_s":1.9709248915314674}
{"iteration":64,"score":81.70188770532165,"best":83.19161492107392,"gradient_rms":20.491460605778173,"update_rms":0.001995829929121574,"accepted":true,"wall_s":1.9739105626940727}
{"iteration":65,"score":81.52785678907911,"best":83.19161492107392,"gradient_rms":82.72032299890046,"update_rms":0.0022028108209026405,"accepted":true,"wall_s":1.73416917771101}
{"iteration":66,"score":81.56832195257576,"best":83.19161492107392,"gradient_rms":61.95304414586343,"update_rms":0.002071480817426912,"accepted":true,"wall_s":1.733689907938242}
{"iteration":67,"score":81.75602642650617,"best":83.19161492107392,"gradient_rms":57.89842767050494,"update_rms":0.00195864389169422,"accepted":true,"wall_s":1.9735494181513786}
{"iteration":68,"score":81.97902531895764,"best":83.19161492107392,"gradient_rms":84.1938194873169,"update_rms":0.0022608528109309555,"accepted":true,"wall_s":1.970901183784008}
{"iteration":69,"score":82.20964910375247,"best":83.19161492107392,"gradient_rms":31.74277119574367,"update_rms":0.0017104163513565176,"accepted":true,"wall_s":1.9823582991957664}
{"iteration":70,"score":82.47398070454818,"best":83.19161492107392,"gradient_rms":47.30719487511926,"update_rms":0.001712034510256505,"accepted":true,"wall_s":1.974246971309185}
{"iteration":71,"score":82.65915240969606,"best":83.19161492107392,"gradient_rms":28.45546699542596,"update_rms":0.0013302241146284012,"accepted":true,"wall_s":1.9774595275521278}
{"iteration":72,"score":82.8628239584756,"best":83.19161492107392,"gradient_rms":37.56683740982056,"update_rms":0.001288788813877881,"accepted":true,"wall_s":1.976234383881092}
{"iteration":73,"score":83.45788392770982,"best":83.45788392770982,"gradient_rms":89.45084236911694,"update_rms":0.002240525446265674,"accepted":true,"wall_s":1.9877163954079151}
{"iteration":74,"score":83.37553803302083,"best":83.45788392770982,"gradient_rms":126.2194039729889,"update_rms":0.003152816555205369,"accepted":true,"wall_s":2.0026464201509953}
{"iteration":75,"score":83.45881556712557,"best":83.45881556712557,"gradient_rms":87.25360265370712,"update_rms":0.0029594864178057946,"accepted":true,"wall_s":1.9866181910037994}
{"iteration":76,"score":84.02544240466557,"best":84.02544240466557,"gradient_rms":120.13290528123048,"update_rms":0.003548687913745908,"accepted":true,"wall_s":1.7492579594254494}
{"iteration":77,"score":84.43874876101466,"best":84.43874876101466,"gradient_rms":16.48704275572801,"update_rms":0.0025295802520430514,"accepted":true,"wall_s":1.749420639127493}
{"iteration":78,"score":84.73389743325532,"best":84.73389743325532,"gradient_rms":39.855305120081546,"update_rms":0.0020302431948610077,"accepted":true,"wall_s":1.983950112015009}
{"iteration":79,"score":84.96960107725947,"best":84.96960107725947,"gradient_rms":40.00366249089635,"update_rms":0.0017246741132452789,"accepted":true,"wall_s":1.9859427064657211}
{"iteration":80,"score":85.14067269034706,"best":85.14067269034706,"gradient_rms":30.472069581024886,"update_rms":0.0014400426396766533,"accepted":true,"wall_s":1.9931867495179176}
{"iteration":81,"score":85.27604994470056,"best":85.27604994470056,"gradient_rms":39.82042129922341,"update_rms":0.0013714014024292882,"accepted":true,"wall_s":1.9961895979940891}
{"iteration":82,"score":85.33589654503727,"best":85.33589654503727,"gradient_rms":19.714181716032993,"update_rms":0.0010445354399350366,"accepted":true,"wall_s":1.9828210845589638}
{"iteration":83,"score":85.39259621073192,"best":85.39259621073192,"gradient_rms":41.312956787926986,"update_rms":0.0012314796801093154,"accepted":true,"wall_s":1.9856214858591557}
{"iteration":84,"score":85.2869648820868,"best":85.39259621073192,"gradient_rms":257.4260484181943,"update_rms":0.005883630654569429,"accepted":true,"wall_s":1.9863325655460358}
{"iteration":85,"score":84.90383873975564,"best":85.39259621073192,"gradient_rms":50.396955469208706,"update_rms":0.0043708633885886665,"accepted":true,"wall_s":1.9847188740968704}
{"iteration":86,"score":84.5975518712392,"best":85.39259621073192,"gradient_rms":39.22857733676399,"update_rms":0.0032522291627423436,"accepted":true,"wall_s":1.9805391058325768}
{"iteration":87,"score":84.4313298688972,"best":85.39259621073192,"gradient_rms":27.720050587652974,"update_rms":0.002380485360851668,"accepted":true,"wall_s":1.9845831207931042}
{"iteration":88,"score":84.49799342504024,"best":85.39259621073192,"gradient_rms":51.75290208178965,"update_rms":0.0020986200111752238,"accepted":true,"wall_s":1.9832713417708874}
{"iteration":89,"score":84.58835103779275,"best":85.39259621073192,"gradient_rms":41.99899331191269,"update_rms":0.0017518764110849461,"accepted":true,"wall_s":1.981797706335783}
{"iteration":90,"score":84.67089492489332,"best":85.39259621073192,"gradient_rms":21.90626067007556,"update_rms":0.0013081109715479323,"accepted":true,"wall_s":1.9795404486358166}
{"iteration":91,"score":84.84372965554633,"best":85.39259621073192,"gradient_rms":56.06760990784177,"update_rms":0.0015845742105342292,"accepted":true,"wall_s":1.9838157929480076}
{"iteration":92,"score":84.91951890937449,"best":85.39259621073192,"gradient_rms":60.68789151446647,"update_rms":0.0018839103621394251,"accepted":true,"wall_s":1.983501523733139}
{"iteration":93,"score":84.85332808935956,"best":85.39259621073192,"gradient_rms":45.15635856056616,"update_rms":0.0016753060232907516,"accepted":true,"wall_s":1.9857062809169292}
{"iteration":94,"score":84.69403591215227,"best":85.39259621073192,"gradient_rms":13.311714471603368,"update_rms":0.001203732188528461,"accepted":true,"wall_s":1.987063940614462}
{"iteration":95,"score":84.58937970985716,"best":85.39259621073192,"gradient_rms":26.13140599972951,"update_rms":0.0010704802737898104,"accepted":true,"wall_s":1.9833283610641956}
{"iteration":96,"score":84.3718860070362,"best":85.39259621073192,"gradient_rms":31.11507402972202,"update_rms":0.001023613723049468,"accepted":true,"wall_s":1.749571032822132}
{"iteration":97,"score":84.47184721926511,"best":85.39259621073192,"gradient_rms":8.17346085891368,"update_rms":0.0007448938597068736,"accepted":true,"wall_s":1.7433818951249123}
{"iteration":98,"score":84.46121436687154,"best":85.39259621073192,"gradient_rms":8.3539972911834,"update_rms":0.0005798665189994545,"accepted":true,"wall_s":1.7421449460089207}
{"iteration":99,"score":84.47074396943471,"best":85.39259621073192,"gradient_rms":36.02989770418546,"update_rms":0.0010440304147796469,"accepted":true,"wall_s":1.9863582402467728}
{"iteration":100,"score":84.51486376815605,"best":85.39259621073192,"gradient_rms":48.183237100553015,"update_rms":0.0014362035474706273,"accepted":true,"wall_s":1.7451019920408726}
{
  "status": "ok",
  "stop_reason": "completed_iterations",
  "initial_score": 80.22599280076348,
  "final_score": 84.51486376815605,
  "best_score": 85.39259621073192,
  "best_iteration": 83,
  "completed_iterations": 100,
  "completed_adam_steps": 100,
  "completed_optimizer_steps": 100,
  "total_wall_s": 194.17586429789662,
  "initial_decode_wall_s": 2.0835411995649338,
  "initial_score_wall_s": 1.1545065939426422,
  "mean_iteration_wall_s": 1.9406894401833414,
  "manifest": {
    "algorithm": "adam_with_query_batched_local_gradient",
    "optimizer": "adam",
    "parameter_space": "data",
    "gradient_objective": "dynamic local full-density score with coordinate and maximum-surface-selection derivatives omitted",
    "formal_objective": "complete native QH score for every accepted center",
    "initial_case": "/home/scc/pb24511935/local_surface_evaluator/runs/summary1_review2_20260824/flow_pairs/cases/case_28.json",
    "initial_case_sha256": "bd467e5a1297a0d359ea0ae3d470a28a67455f97f8f997b8e9e31708f1eb95d6",
    "checkpoint": "/home/scc/pb24511935/local_surface_evaluator/runs/qh_flow_physical_lr_longselect_20260729/lr_3em4/checkpoint_latest.pt",
    "checkpoint_sha256": "39a3293a459e248a0d1ec062607a1a467128b14d8ca973aadd82e113532ab99f",
    "native_lib": "/home/scc/pb24511935/local_surface_evaluator/runs/summary1_review2_20260824/build_native/libstellarator_gpu.so",
    "native_lib_sha256": "7d3784e02172f5c3130bcf085efa8120dc059d5007daa4b18680edd97b077f94",
    "nfp": 4,
    "n_base_coils": 3,
    "iterations": 100,
    "max_wall_s": 4200.0,
    "flow": {
      "method": "rk4",
      "steps": 128,
      "dtype": "fp32",
      "use": "initial latent-to-coil decode only"
    },
    "flow_pipeline": false,
    "coordinate_gradient": {
      "dimension": 300,
      "mode": "random-orthogonal",
      "random_directions": 2,
      "endpoint_count": 4,
      "perturbation": 0.0025,
      "difference": "centered",
      "psi_grid": 48,
      "psi_iterations": 4,
      "alpha_iterations": 4,
      "formal_surface_theta_count": 128,
      "local_surface_theta_count": 64
    },
    "adam": {
      "learning_rate": 0.01,
      "beta1": 0.7,
      "beta2": 0.999,
      "epsilon": 1e-08,
      "weight_decay": 0.0
    },
    "bfgs": {
      "initial_trust_rms": 0.01,
      "min_trust_rms": 1e-05,
      "max_trust_rms": 0.05,
      "trust_growth": 1.2,
      "trust_shrink": 0.5,
      "min_improvement": 0.0
    },
    "seed": 2026082528,
    "axis_policy": "initial global search, then strict mixed-precision continuation",
    "devices": {
      "flow": 0,
      "score": 0
    },
    "initial_metadata_keys": [
      "flow_prior_screening",
      "nfp",
      "raw"
    ],
    "data_parameterization": {
      "definition": "per-coordinate training-set standardization",
      "physical_mapping": "CoilNormalizer.inverse with canonical current L1/sign",
      "initial_clipped_fraction": 0.0,
      "initial_roundtrip_relative_rms": 9.027217427501337e-08,
      "flow_calls_after_initialization": 0
    }
  }
}
