case_id,helicity,nfp,status,score,wall_s,metadata_qs_error,metadata_mean_iota,surface_level,inverse_aspect_ratio,iota,qs_global_error,qs_edge_error,flux_attempt_count
971,0,2,ok,62.765596140949334,2.0519733913242817,0.0005978649102434427,0.1,0.04,0.015395729955342906,0.10284149646759033,0.40379542193106754,0.4035301156089919,1
1956,0,2,ok,63.266018435410864,2.0251118391752243,0.0004056805274109366,0.2,0.08,0.019691012759002147,0.18833231925964355,0.421004544738252,0.4204712150509101,1
3161,0,2,ok,63.44017320187265,2.067189045250416,0.00036582018871153006,0.3,0.08,0.020758103835365523,0.2705039381980896,0.3387104533841779,0.33829959052327097,2
10463,0,2,ok,70.70205672364094,2.320669800043106,2.307357374388468e-06,0.1,0.08,0.022656939189757228,0.11015084385871887,0.025359647338868203,0.025702100122040984,1
10992,0,2,ok,73.7673377387766,2.383649429306388,2.5724796358803824e-05,0.2,0.36,0.031188376951663703,0.19098222255706787,0.031099818395459437,0.03681830647968711,1
11307,0,2,ok,70.6721880537429,2.4064838010817766,2.464070589709719e-06,0.2,0.08,0.020710538678281393,0.18836770951747894,0.017032420219314063,0.018085592437388373,1
11919,0,2,ok,67.84037303018118,2.350037971511483,0.00047006807294687464,0.3,0.25,0.029327719695488665,0.29665592312812805,0.19895689852890197,0.20456308669188936,1
11987,0,2,ok,69.27710773885795,2.351801924407482,3.1913561926515794e-05,0.3,0.16,0.02390453262205405,0.2768302857875824,0.06047617728436153,0.06405952916482568,1
12563,0,2,no_surface,35.038666093679396,1.8494059201329947,3.508636897495523e-06,0.3,nan,nan,nan,nan,nan,0
13700,0,2,no_surface,33.30486139912469,1.8122958540916443,9.365495658620477e-09,0.4,nan,nan,nan,nan,nan,0
14792,0,2,ok,65.03898471151635,2.3069562762975693,2.5839271974884737e-08,0.5,0.04,0.01588586137514538,0.4273657202720642,0.011888634841050209,0.015634617611378,1
15887,0,2,ok,65.05323074564248,2.3852790277451277,9.135703177523256e-07,0.6,0.04,0.014718699031669202,0.4949377775192261,0.022115841058046114,0.02537920169605434,2
18932,0,2,no_surface,41.79080353606772,1.8345564436167479,0.0003454969635234704,0.9,nan,nan,nan,nan,nan,0
19139,0,2,no_surface,31.477440438573893,1.8358502183109522,2.130568511863636e-07,0.9,nan,nan,nan,nan,nan,0
19803,0,2,ok,77.61058824363741,2.8454553820192814,8.247976070000892e-10,0.1,0.36,0.03335024167675649,0.09675189107656479,0.008249832547180775,0.011023454456347268,2
20559,0,2,ok,75.22879202763367,2.945074114948511,1.6288395171932587e-08,0.2,0.16,0.02683065978463606,0.19092968106269836,0.009458048038417662,0.01259662630837872,3
21519,0,2,ok,71.5403721029367,2.886428249999881,3.83990409213179e-08,0.3,0.08,0.018706600440525696,0.2772064507007599,0.011485297865633504,0.014678533031171353,4
28842,0,2,ok,77.03623851543014,3.289429297670722,4.102978970114534e-08,0.1,0.25,0.03040751741052027,0.11419067531824112,0.008419980904427441,0.010941717885975148,3
28863,0,2,ok,77.83396680704365,3.375567188486457,4.844487662186525e-08,0.1,0.36,0.03540067884175295,0.10863377898931503,0.012538700124145792,0.016469961695961103,2
30038,0,2,ok,72.32777068382576,3.2839553486555815,2.7789891876330785e-10,0.2,0.08,0.021807044778289583,0.19612286984920502,0.00593056213430886,0.008000797861023817,1
30496,0,2,ok,73.5257900135224,3.284616179764271,2.63047348897585e-07,0.3,0.16,0.026855039723126133,0.2858596444129944,0.018274183155888527,0.02294907165435174,3
31893,0,2,ok,68.44731766240355,3.4021149408072233,6.75308788406739e-08,0.5,0.08,0.019696763181695765,0.43723419308662415,0.016702744411913693,0.02243906579588936,2
31935,0,2,ok,66.5870216222499,3.320062465965748,9.604477783080864e-08,0.5,0.08,0.017830574836368636,0.4374103546142578,0.03740238249630528,0.05004018642481004,1
32210,0,2,no_surface,30.236680796574454,2.5134478826075792,2.0679532707742337e-08,0.5,nan,nan,nan,nan,nan,0
32926,0,2,ok,65.60169595859813,3.3769996743649244,3.452785240646373e-07,0.6,0.04,0.015145793099778947,0.4896467626094818,0.015707225024142502,0.01989146596953529,2
38999,0,2,ok,71.56992586536443,4.1997110564261675,6.384322189347346e-09,0.2,0.08,0.01946713964330694,0.19629749655723572,0.009640156620251477,0.012840782974382237,1
40430,0,3,ok,67.75437648792301,2.1908996049314737,0.006068969020449247,0.1,0.36,0.03746120237393267,0.15593580901622772,0.8591148883331156,0.878352500107771,2
40460,0,3,ok,65.11436155037127,2.163994073867798,4.641607584344208e-05,0.1,0.16,0.024841167788824725,0.09047505259513855,0.3452990501326503,0.34240178803839627,1
40531,0,3,ok,66.18008184421649,2.188760394230485,0.0001376137858064374,0.1,0.16,0.02384875367457587,0.0912948027253151,0.3320627610412257,0.3290091315812566,2
40584,0,3,ok,69.85251674910099,2.159481607377529,0.0020544029327704424,0.1,0.36,0.03886091723106457,0.15653273463249207,0.20848477043080454,0.2277667193582536,1
41147,0,3,ok,74.52520550088994,2.190116072073579,1.0641250281622547e-06,0.1,0.36,0.03489098552617952,0.11459414660930634,0.03456937092968033,0.03573798856083381,1
41356,0,3,ok,72.90579075197412,2.160470724105835,2.0794087552404554e-07,0.1,0.16,0.027182958504996555,0.09543496370315552,0.01740624927621957,0.0180924913550368,1
43049,0,3,ok,68.47663644549928,2.188442511484027,0.0037199341635551168,0.3,0.25,0.0318939885594645,0.25889062881469727,0.30734301380759205,0.30689323132769797,1
43620,0,3,ok,62.82348417532344,2.2175017576664686,0.004349137136688441,0.4,0.08,0.019565124707135572,0.37732386589050293,0.7872391653991383,0.794330095246947,2
44310,0,3,ok,68.44844682958004,2.2312500085681677,2.2722709904989216e-07,0.4,0.08,0.02138871714771946,0.3664304316043854,0.026655058538402752,0.02910750348551247,1
44879,0,3,no_surface,36.49852763904073,1.7242006473243237,0.0003146043947781751,0.5,nan,nan,nan,nan,nan,0
45082,0,3,ok,65.26883836522775,2.231645032763481,0.0002917528012839223,0.5,0.08,0.018871091312315576,0.43634483218193054,0.23653555483727312,0.23563822424836725,2
48314,0,3,ok,63.88828213829619,2.2334923669695854,1.0904361702087977e-06,0.8,0.04,0.01605546336088527,0.657398521900177,0.03812550031854903,0.04288878318672556,1
48645,0,3,ok,62.418000687914734,2.155501874163747,1.3476712906553877e-05,0.8,0.04,0.016250086497046935,0.6716105937957764,0.09229545084519346,0.09509174009880977,1
48793,0,3,ok,51.064794979878926,2.153915658593178,6.286969430044256e-05,0.8,0.02,0.007979726916738398,0.35582804679870605,66.14259364237259,67.76543395461731,1
50006,0,3,ok,72.85117521229596,2.8782190922647715,0.00012284663302167576,0.1,0.36,0.03937219900386411,0.14772234857082367,0.10324735948789782,0.10863380585492413,2
50884,0,3,ok,77.55176737420308,2.8460616040974855,1.0265299612932535e-08,0.1,0.25,0.03332177335169482,0.1108645424246788,0.007607940827223729,0.0101085830454922,2
50943,0,3,ok,69.9704368290139,2.9207654502242804,1.6146063063080953e-06,0.1,0.08,0.023800324132694707,0.12411262840032578,0.02663194329740579,0.027299286179639903,1
52522,0,3,ok,73.40243687773189,2.9214957170188427,1.3227161288284087e-07,0.3,0.25,0.031242707814811685,0.31179147958755493,0.025151566004434897,0.03352895012467519,1
52597,0,3,ok,65.68470749749653,2.8407931495457888,0.0011305901793524787,0.3,0.08,0.021438891729734923,0.2619698941707611,0.1934413656552107,0.19454611123190904,1
52621,0,3,ok,72.66455199662471,2.943606911227107,8.560142888462968e-07,0.3,0.16,0.027994011711898522,0.32180309295654297,0.026146961484452173,0.031642498531569495,2
54672,0,3,ok,62.38283033070257,2.940379563719034,1.3178056782843406e-05,0.5,0.04,0.01738862270938502,0.45086541771888733,0.31928310530727383,0.32628703348512444,1
55559,0,3,ok,68.92052997803535,2.8423503655940294,2.331290889231229e-07,0.6,0.08,0.019812365304748943,0.5263218283653259,0.024001633121829093,0.0320124185216436,2
56637,0,3,ok,68.38304431183064,2.919575711712241,2.402307998672851e-08,0.7,0.16,0.023952445919021983,0.6085799336433411,0.0452192557836407,0.05925106438702504,1
60111,0,3,flux_rejected,35.29103535654564,3.3843576684594154,5.594997797603591e-07,0.2,0.02,0.0050263553970038375,nan,nan,nan,5
60827,0,3,ok,65.78808564014437,3.6054891031235456,1.3805364656518192e-05,0.3,0.04,0.017764706050149504,0.30823367834091187,0.07662113487502958,0.07715200687317492,1
62139,0,3,ok,69.84889123587891,3.5485940258949995,1.0889228127165757e-07,0.6,0.16,0.025463203970407713,0.5345518589019775,0.036245834259624,0.0479678065661008,1
64351,0,3,ok,73.81682429776978,4.262221727520227,1.3038517041123336e-06,0.3,0.36,0.034238541218026775,0.2801704704761505,0.042382964021138704,0.05464708842908964,1
65138,0,3,ok,59.55473842594344,4.074606038630009,2.0230141187240624e-05,0.7,0.02,0.012194401361653404,0.6120857000350952,1.2711755068466757,1.3115467945352957,1
65638,0,4,ok,69.81302127287837,2.39812183752656,0.00278201981950326,0.1,0.36,0.041221435151855376,0.16733933985233307,0.43923268968499557,0.45692469101505273,1
66129,0,4,ok,75.4895286882577,2.4012301955372095,1.5231628074130175e-06,0.1,0.36,0.03690127626943182,0.10504752397537231,0.02579862615950784,0.0326133598507276,1
66866,0,4,ok,68.73464160552187,2.397851213812828,0.0001409996753055717,0.2,0.25,0.03154378473656834,0.22118215262889862,0.18697655017369222,0.1865317740473697,1
67098,0,4,ok,66.20946150943892,2.381843624636531,0.0001681811475245597,0.2,0.08,0.024889902659088286,0.19269691407680511,0.21162308679369213,0.21405890416277726,1
67810,0,4,ok,68.51071096284849,2.3181554470211267,9.37363083641809e-05,0.3,0.25,0.030509281964987808,0.29258453845977783,0.20185438770251443,0.19410503053363976,1
67886,0,4,ok,70.11954120328407,2.404610576108098,6.515387006560245e-06,0.3,0.25,0.029719886848502384,0.2937842309474945,0.07702892908039535,0.07624926978138885,1
68888,0,4,ok,66.63364098255504,2.3996611293405294,8.112972409164018e-05,0.4,0.16,0.025190166620490558,0.40286096930503845,0.21472666864298007,0.21031059139300295,2
69034,0,4,ok,69.76674893575611,2.347680715844035,1.7927120793077997e-05,0.4,0.25,0.030449666275153192,0.36566466093063354,0.11804199416576094,0.11720372819001429,1
70267,0,4,ok,65.28497604939807,2.3852205835282803,2.3341163539750944e-05,0.5,0.08,0.02208884109160789,0.4832890033721924,0.1107316151846785,0.11503848827086552,1
71818,0,4,ok,66.14376947239515,2.3995869550853968,0.006513051999502408,0.6,0.16,0.026832449294605324,0.41868728399276733,0.3136813113657653,0.32277824217556433,1
72821,0,4,ok,63.318972035165736,2.3850274924188852,1.0309408043072588e-06,0.7,0.04,0.015260536481943296,0.6224228143692017,0.04109190491053906,0.045414504882001314,1
73222,0,4,ok,63.891137608718765,2.3249664194881916,0.0005747212726296616,0.8,0.08,0.021217813641411273,0.6792949438095093,0.43706073280963037,0.4399561541768506,1
79692,0,4,ok,65.20797810751355,3.3230335116386414,0.001648040850806025,0.7,0.08,0.02077217373715269,0.6448429226875305,0.23651002734663404,0.24264458473788533,2
81873,0,4,ok,48.270407747024045,4.077736396342516,2.2532520869351004e-06,0.2,0.02,0.0070219456208274154,0.34852609038352966,26.940816770543506,26.964977527390626,1
104185,0,1,ok,64.69920153688997,2.18820290453732,6.882529317356737e-05,0.2,0.16,0.027256284196652963,0.19538579881191254,0.09588851229801018,0.09584791879046228,1
113830,0,1,ok,70.02638401117349,2.353738008067012,5.107272883687454e-07,0.2,0.08,0.02123294613402082,0.19251634180545807,0.019882978062226605,0.020716173289907772,2
116718,0,1,no_axis,10.024545660320294,2.985595900565386,3.8581213909995017e-07,0.5,nan,nan,nan,nan,nan,0
118224,0,1,ok,62.7890345533762,2.3576560467481613,1.121901470188537e-08,0.6,0.04,0.015061950093648871,0.4774360954761505,0.014146914456602147,0.01884891784786746,1
125167,0,1,ok,67.71320152604818,2.6684680078178644,2.155145861177476e-08,0.4,0.08,0.018529304243960154,0.3568144738674164,0.01406128083980758,0.018726263761521682,2
142976,0,1,ok,70.14699837936611,3.166168324649334,1.0645942950273101e-09,0.3,0.08,0.020258188900144435,0.2775689959526062,0.009536968008386278,0.012849669385281462,3
161931,0,1,no_axis,10.344177490394989,4.9537963550537825,5.010265482627317e-08,0.5,nan,nan,nan,nan,nan,0
169930,0,2,ok,62.281448117517805,2.0544280111789703,0.0005153574989616187,0.2,0.04,0.015637254107463125,0.19782403111457825,0.3965525318453147,0.3965348873763445,2
171009,0,2,ok,64.13125665895298,2.0664772484451532,0.0009453706267271299,0.3,0.08,0.022502388949392275,0.2789270877838135,0.36344796461719725,0.36352861673873915,2
172002,0,2,ok,64.06294795652863,2.0055301003158092,0.001307440643905922,0.4,0.08,0.020346431919677617,0.36568933725357056,0.40780659190304597,0.4092597163046455,2
178285,0,2,ok,76.42442310816955,2.3584217187017202,4.397319930989739e-08,0.1,0.25,0.03210814481575304,0.11305426061153412,0.00825581830960698,0.01054230713343326,1
178374,0,2,ok,77.15571030681139,2.3213134985417128,3.913955011861438e-09,0.1,0.49,0.03452934648377369,0.0962303951382637,0.009893592969007194,0.013146802504829174,1
178987,0,2,ok,73.27488201712605,2.319598963484168,9.285574954222028e-06,0.2,0.25,0.03152330053287187,0.20434683561325073,0.04442776293829314,0.04684306945906007,2
179506,0,2,ok,68.19404812617793,2.320802154019475,1.2682908905567537e-06,0.2,0.04,0.016507070846819998,0.1929059624671936,0.01899287338423276,0.01945143149106362,1
181008,0,2,ok,69.8602256057481,2.3501675315201283,3.1569379067779196e-06,0.4,0.16,0.02520742483641824,0.35812807083129883,0.034934044364734664,0.03962116719914277,1
181135,0,2,flux_rejected,35.76267913075042,2.023401126265526,4.895443140828091e-06,0.4,0.004,0.0025012423005411314,nan,nan,nan,3
181930,0,2,ok,68.53392643808307,2.3842037599533796,2.160254277315419e-06,0.5,0.16,0.024843804868211767,0.43788251280784607,0.05546689472126854,0.05973499986187076,1
187243,0,2,ok,78.39045204963482,2.84341287240386,3.184073239831131e-09,0.1,0.36,0.03413460880119518,0.09704014658927917,0.007872377492585809,0.010484327021199214,2
188374,0,2,ok,72.89748797918071,2.9404299203306437,9.737366120844582e-07,0.2,0.16,0.02572103292898228,0.20440299808979034,0.019690038030438572,0.022274495993500787,1
189099,0,2,ok,71.61328927151811,2.9297543354332447,4.665162106511663e-10,0.2,0.08,0.019679988037528386,0.19349154829978943,0.006463970932847228,0.00871901561952911,1
189173,0,2,ok,69.96608302846136,2.941491313278675,0.0001579150767700761,0.3,0.16,0.025332264831169356,0.29048705101013184,0.056182326934517884,0.05972542919406528,2
189673,0,2,ok,71.78834664365446,2.885901940986514,6.670013276338788e-10,0.3,0.08,0.019821138071156454,0.27854812145233154,0.009654833780705032,0.013024436037987537,4
190999,0,2,ok,69.12404471675603,2.944693960249424,2.228587030925043e-08,0.4,0.08,0.02010826272966426,0.3619334101676941,0.013854542132797005,0.01841257199528719,1
192269,0,2,ok,68.51556103366242,2.882691513746977,1.3563516139842568e-09,0.5,0.08,0.01831866892804749,0.43521368503570557,0.017152137074054292,0.022892955325163687,2
192615,0,2,ok,65.74260419674196,2.8415945824235678,6.127914763081526e-07,0.6,0.08,0.01990309668772602,0.4981520473957062,0.027998084637276204,0.03319357737079914,1
194083,0,2,ok,64.47742740412058,2.5991533920168877,2.1469086744867146e-09,0.7,0.02,0.012079237846543859,0.5342887043952942,0.01133095737369768,0.015237819417410366,1
194636,0,2,drift_rejected,44.352999513619935,2.1879885476082563,2.1990424426020468e-07,0.8,nan,nan,nan,nan,nan,0
197115,0,2,no_surface,28.89913977890604,2.5069750398397446,5.914458600458444e-10,0.1,nan,nan,nan,nan,nan,0
198490,0,2,ok,70.16707663066158,3.4020052887499332,5.930989902311931e-08,0.3,0.08,0.021013389453832777,0.28384000062942505,0.013371557676199974,0.01759483724327901,1
199840,0,2,ok,68.69655750597661,3.3295594695955515,1.8366850855703507e-08,0.5,0.08,0.020378713991494962,0.4338147044181824,0.016723720445982495,0.022406159343066286,2
200568,0,2,ok,65.9484684031522,3.282915296033025,6.988725855024117e-08,0.6,0.04,0.014790218232329164,0.4937380254268646,0.01484086429393026,0.019339119090638363,2
201013,0,2,ok,64.50889362487818,3.0021935403347015,9.772468999691553e-09,0.7,0.04,0.01591835787064,0.5435699224472046,0.01691343796364966,0.022288328240692455,1
201491,0,2,ok,64.2123853978342,3.093071036040783,4.3297273301584746e-09,0.7,0.02,0.01221623567133187,0.5283983945846558,0.011054238214406981,0.014873324917590157,2
201532,0,2,no_surface,29.420118153795823,2.4488578867167234,2.3151492940771236e-08,0.7,nan,nan,nan,nan,nan,0
203427,0,2,ok,78.02825953335407,3.7675461564213037,1.4664165261140933e-10,0.1,0.36,0.03434909300082001,0.09620208293199539,0.007739562553794631,0.01029522848345644,2
205538,0,2,ok,60.60817890537109,3.171996457502246,7.809053391591906e-07,0.7,0.04,0.014075077483191435,0.5426144003868103,0.03127276904421265,0.034317705696135695,1
206752,0,2,ok,78.29926771016088,4.251413671299815,1.1624285680167391e-11,0.1,0.36,0.033421194914032386,0.0964096263051033,0.007863967226105866,0.010500793389064865,2
207595,0,2,ok,65.54328771385164,3.706386039033532,1.2492495889136302e-09,0.6,0.04,0.015213879651063458,0.4910295009613037,0.013668482900767866,0.018439088584123804,1
208773,0,3,ok,67.30117638014177,2.236349556595087,0.0002271247240065505,0.1,0.08,0.022837193065498265,0.11728719621896744,0.20474582018600648,0.20515935985303488,4
209972,0,3,ok,74.1072851992888,2.192579321563244,3.9885676663677537e-07,0.2,0.25,0.03136218497908987,0.19681447744369507,0.023031218624292065,0.02707667737076937,1
210086,0,3,ok,71.2708112417483,2.234731687232852,4.332319258169393e-06,0.2,0.25,0.03329027952544733,0.23156829178333282,0.06562725012986347,0.06746259255352183,1
210189,0,3,ok,74.14313723242765,2.1875923480838537,1.3244239333717554e-08,0.2,0.25,0.03099476607009586,0.22543033957481384,0.019459539138813636,0.02408149274080345,1
210725,0,3,ok,69.4181471197848,2.216035161167383,0.0015815475272842744,0.3,0.25,0.03130969071803554,0.27509939670562744,0.16169766416192252,0.1673498119070644,1
211116,0,3,ok,66.8733003116187,2.1587988510727882,2.768524449807276e-05,0.3,0.08,0.021362474785450197,0.3017798066139221,0.09428697573494939,0.09572347118063254,1
212576,0,3,ok,64.4495520187243,2.2316456716507673,0.00010167545775604663,0.5,0.08,0.019734345035214314,0.42953693866729736,0.23698778502762932,0.23640472465307122,1
213921,0,3,ok,64.75344131052809,2.159129273146391,1.8753800796541178e-05,0.6,0.08,0.020448038203627037,0.5404914617538452,0.10881770063550807,0.11085774392592614,2
216064,0,3,ok,61.05546423302483,2.21776170283556,0.00014835940122761215,0.8,0.04,0.01527723103748567,0.6996259093284607,0.23069608763795202,0.23282738272717163,2
216436,0,3,no_surface,35.74093360568015,1.7083297036588192,8.341071273071627e-05,0.8,nan,nan,nan,nan,nan,0
216460,0,3,ok,57.17997214397299,2.1100184097886086,0.001470863187150746,0.8,0.008,0.00789629121711963,0.6806345582008362,0.6973176166153627,0.6973889656793343,1
217575,0,3,ok,62.989402012669125,2.2214160412549973,4.5611148429390805e-06,0.9,0.04,0.01672310189177919,0.7186465859413147,0.052536693659265915,0.058531628086435736,1
217876,0,3,no_surface,30.483771525563448,2.157593769952655,1.4107768408863316e-06,0.1,nan,nan,nan,nan,nan,0
217892,0,3,ok,73.39769226410166,2.9384529441595078,1.4399743521291772e-05,0.1,0.36,0.03597771804715034,0.13671456277370453,0.062338039980465755,0.06445845001957737,1
218051,0,3,ok,77.92904219163088,2.9384680781513453,1.2535287916890304e-07,0.1,0.36,0.03715157731255651,0.11761293560266495,0.013808163741298866,0.016826122245568675,1
218171,0,3,no_surface,31.731430694634742,2.1629411727190018,6.87861930462616e-07,0.1,nan,nan,nan,nan,nan,0
219795,0,3,ok,70.43688857415253,2.940835313871503,3.238001482953474e-07,0.2,0.08,0.021563713343867478,0.20242857933044434,0.015425269268163653,0.0172519766064969,1
220210,0,3,ok,67.18659038391861,2.877529976889491,2.1669843442399065e-05,0.3,0.08,0.02367103035411549,0.31205838918685913,0.07768252897435919,0.07943369595712582,1
221093,0,3,ok,67.56460296838364,2.8810911495238543,0.0009199790063708585,0.4,0.08,0.0204031611089039,0.36351826786994934,0.1173648602277616,0.11891630267666704,3
222058,0,3,ok,65.62089654248459,2.8810235410928726,0.00015310360076748407,0.5,0.08,0.02065628963489212,0.5057010650634766,0.1755225067938094,0.17834099316973326,3
222961,0,3,ok,66.95728027683188,2.920094771310687,0.000393141942312222,0.5,0.08,0.019682851695683776,0.4501659870147705,0.07413712854953437,0.07718821446796077,1
224024,0,3,ok,66.14932282503844,2.9382391553372145,5.695817574475852e-05,0.6,0.08,0.021334251714471314,0.5538823008537292,0.04540422182319481,0.05255687886680669,1
224248,0,3,ok,65.69915976891394,2.8373483028262854,3.356743929660486e-05,0.7,0.08,0.02094348587711533,0.6289636492729187,0.0763476417301333,0.08251617443705173,1
224627,0,3,ok,63.03068635185603,2.9608494825661182,4.5339554273140685e-05,0.7,0.04,0.016188690754999388,0.5937375426292419,0.13007723468140026,0.13191811396319406,1
224658,0,3,drift_rejected,32.33414059960635,2.2283721659332514,1.3784240126281879e-08,0.7,nan,nan,nan,nan,nan,0
227053,0,3,ok,64.36714817521752,2.8799252212047577,1.5351976234202097e-07,0.9,0.04,0.016507367339176994,0.7407862544059753,0.027298716231213768,0.03634488111862233,1
227138,0,3,ok,63.38851196849631,2.724642015993595,8.847238337258559e-07,0.9,0.02,0.012197141319636923,0.7465466260910034,0.02639387382366572,0.03138108354911681,1
227157,0,3,ok,63.0768555569491,2.760373132303357,5.735121985624023e-08,0.9,0.02,0.011611091389093955,0.7302529811859131,0.02010571493238075,0.026052257874515074,1
227844,0,3,ok,74.43341311519823,3.632206993177533,2.0217257030382404e-07,0.2,0.25,0.030651273475531978,0.21813809871673584,0.019374763416453406,0.024662406354719897,1
231466,0,3,ok,60.11182507747388,3.433492759242654,4.3027032041966174e-05,0.9,0.02,0.011506714363019524,0.7676834464073181,0.11619654837176277,0.11787652535049276,1
232760,0,3,ok,64.03363069829842,4.205158220604062,0.0002520300328500692,0.6,0.08,0.0204535054232894,0.5234031677246094,0.3826483661584071,0.4480965380120927,2
232996,0,3,ok,65.06241861041964,4.19869733043015,6.425883712413308e-07,0.7,0.08,0.020468302897776035,0.6161834597587585,0.060269051120129605,0.0787276523538744,1
233353,0,4,ok,70.52549287187021,2.3856087923049927,0.00010765744317166788,0.1,0.36,0.033180753254032795,0.09200599789619446,0.15209960387625052,0.14602616241990354,1
233573,0,4,ok,70.94780943056901,2.3493237905204296,0.0007023384164656654,0.1,0.36,0.03703824769345958,0.1323835551738739,0.16978203604213016,0.18546467937495995,1
233735,0,4,ok,69.75838613595306,2.3819326646625996,0.0006793515588159254,0.1,0.36,0.03958424435480305,0.18559758365154266,0.31126711928283707,0.319215729598583,1
234332,0,4,ok,74.7871585940657,2.381791504099965,1.27027722664306e-08,0.1,0.25,0.032446572407634766,0.13685759902000427,0.01080301052463474,0.013976579907462088,1
235991,0,4,ok,70.91455713513736,2.35501997359097,2.4165965255238207e-06,0.3,0.25,0.030117898866857673,0.31540995836257935,0.0516036431670996,0.057750247109045055,1
236602,0,4,ok,67.39597933072302,2.3971641957759857,0.0005557640975644324,0.4,0.25,0.030872670775104433,0.3921351432800293,0.332096646287965,0.3248431072054022,1
237203,0,4,ok,64.77096597648438,2.348515387624502,1.2982439512436295e-05,0.4,0.16,0.018144194970009825,0.1929170787334442,5.1967099278507085,5.216756449106301,3
238212,0,4,ok,62.84993308616901,2.38366355933249,0.00011965793138380284,0.5,0.04,0.016965086414731673,0.43327537178993225,0.22267212203915612,0.2237465362155244,1
238672,0,4,ok,66.3326310255346,2.3564109969884157,4.42810694581795e-05,0.6,0.16,0.023319232577270498,0.5343382954597473,0.20295599637733747,0.20577972414899826,2
238971,0,4,ok,64.08214885564323,2.381762158125639,0.005684684556004627,0.6,0.08,0.02126783403299724,0.5596777200698853,0.6670934471910323,0.6706632484141698,1
239951,0,4,ok,63.93458946815041,2.348600247874856,0.008576986343502454,0.7,0.08,0.020067031884005822,0.6499503254890442,0.7040471690472603,0.7136377967670425,1
240599,0,4,ok,65.14081093628042,2.3843035139143467,0.0003074514084991987,0.7,0.08,0.019587603377898007,0.6219254732131958,0.1727628295214152,0.17800123751581517,2
243426,0,4,ok,63.67737440287774,3.4010117165744305,4.64703767078566e-07,0.1,0.08,0.017829889980059622,0.1901833862066269,1.0075637784248694,0.998845276342518,1
243978,0,4,ok,66.33459345069997,3.3280505277216434,7.476068369883968e-08,0.2,0.36,0.02562795844525453,0.20961812138557434,3.4966851300412185,3.558166078577207,2
245291,0,4,ok,69.48810979608824,3.396275719627738,0.001983856903498059,0.4,0.25,0.02979401744245451,0.33671367168426514,0.16771367980282412,0.17494405843304495,2
248553,0,4,ok,65.04729379587488,3.372849155217409,0.003005089362797722,0.8,0.08,0.019415362025401794,0.6824992299079895,0.1865462316138401,0.19038175579988315,1
249616,0,4,no_axis,10.337694549475195,5.552289225161076,2.6330456276659107e-06,0.1,nan,nan,nan,nan,nan,0
249635,0,4,no_surface,29.555077832328546,3.0535223837941885,2.795232552145793e-07,0.1,nan,nan,nan,nan,nan,0
249837,0,4,ok,71.26675020893505,4.2901445385068655,9.902825769450894e-08,0.3,0.25,0.029474770014663955,0.3504723012447357,0.033824700929679756,0.04351267819515158,2
251490,0,5,ok,71.60017615799246,2.7021922785788774,1.05477149284322e-05,0.1,0.16,0.030776973501060644,0.11317338049411774,0.05459947129716337,0.05789136417624968,1
251695,0,5,ok,65.66117504555557,2.7036659624427557,6.656207562008022e-05,0.1,0.16,0.031080013193910547,0.24761299788951874,0.1560226582853429,0.16493240295540504,2
253386,0,5,ok,71.13978498672274,2.657975062727928,1.5217753540010463e-05,0.3,0.36,0.03394141833938603,0.293040931224823,0.08746003362766908,0.09781056914351742,1
254504,0,5,ok,68.8147221528679,2.7191946264356375,0.009900889138580391,0.4,0.36,0.03557776267062571,0.2696196734905243,0.4403850688430622,0.45368028815479167,1
256634,0,5,ok,64.21390124550626,2.6511264331638813,7.009774788978338e-06,0.6,0.08,0.02252718032394608,0.5556604266166687,0.08557520816777374,0.08716708991842702,1
257392,0,5,ok,67.97197961784796,2.7007496021687984,0.0018417217577067564,0.7,0.25,0.030539141811108977,0.601720929145813,0.3230762474518018,0.35658833189361283,1
258438,0,5,ok,66.76264834113083,2.6343301720917225,0.01224969801137716,0.7,0.16,0.025785202163244852,0.44202134013175964,0.4936069071386524,0.5021877455279298,3
258720,0,5,ok,66.29861971712806,2.6252186838537455,2.518873624259321e-05,0.8,0.16,0.02762849535457084,0.7216143012046814,0.11334102187305602,0.12735805705349,1
260386,0,5,ok,64.522689468092,2.62565596960485,1.0275711729210451e-05,0.9,0.36,0.02104024358537876,0.18034301698207855,8.942181464084866,9.00343112946167,2
261415,0,5,ok,68.19024044840813,3.829353703185916,4.135119285676792e-06,0.3,0.25,0.031287684778626916,0.3403429090976715,0.07559450956113119,0.09162720708075767,1
262157,0,5,ok,70.55105939456666,3.7663851007819176,3.965695706199662e-05,0.5,0.36,0.03072562514820712,0.4565260410308838,0.10700972226732541,0.12688624528239117,2
263196,0,5,ok,67.43340541793054,3.8455489091575146,0.0032777458794174784,0.7,0.25,0.02890012239497809,0.561233401298523,0.35394006963653124,0.36671703653583215,1
263830,0,5,ok,67.12731461700099,3.825964719057083,2.1128232920331665e-05,0.9,0.16,0.02719784563506506,0.7709574103355408,0.10149360967893602,0.12007404097647058,1
305054,0,1,ok,69.20492551514425,2.6323972195386887,6.115971180092583e-08,0.3,0.16,0.02547589893515451,0.2770001292228699,0.015948211147392057,0.020834211518256287,2
359777,0,2,ok,70.91006205453927,2.320262696594,0.00010541346504946487,0.2,0.25,0.030610211934442765,0.20363159477710724,0.0796332982696907,0.08355131698479175,2
362817,0,2,ok,67.51156501192447,2.312089094892144,6.6894385028798554e-06,0.5,0.16,0.024227183589623266,0.4359101951122284,0.08842286058974595,0.09021102085226929,1
368302,0,2,ok,74.63062572521898,2.8478006906807423,1.0016870258911224e-06,0.1,0.16,0.026943354944614528,0.11434944719076157,0.017534306829835204,0.018475561586552513,4
371140,0,2,ok,68.6309675014406,2.924663392826915,8.06662970195311e-07,0.4,0.08,0.020413373185139635,0.3575652241706848,0.029076072229823755,0.030724083958917965,2
393134,0,3,ok,69.918475954208,2.2330714017152786,1.8629420909201065e-06,0.4,0.25,0.027400967392100847,0.376554012298584,0.0437648496441545,0.051411279584439896,2
394842,0,3,ok,65.16056760195644,2.233458675444126,2.952953055470432e-05,0.6,0.08,0.01944546906286092,0.5179978609085083,0.1430013325112429,0.1432782672801355,1
395433,0,3,ok,66.03814587342328,2.2187077440321445,0.00045356774180094103,0.6,0.08,0.02081319019811963,0.527066171169281,0.1220618336837896,0.12681383540948457,2
398132,0,3,ok,60.69502756070187,2.1551979333162308,1.104605728041762e-05,0.9,0.02,0.011250792002954422,0.7119153738021851,0.08350829102956722,0.08492765530030803,1
494613,0,2,no_axis,10.933502385466525,3.0076749473810196,4.074247610189019e-05,0.9,nan,nan,nan,nan,nan,0
498043,0,2,drift_rejected,44.09440980869735,1.8120119720697403,9.435887732575392e-07,0.9,nan,nan,nan,nan,nan,0
500983,0,2,drift_rejected,42.175810021842864,1.8542197737842798,1.411357546282377e-07,0.9,nan,nan,nan,nan,nan,0
503790,0,2,flux_rejected,46.526278566984146,1.93463028781116,3.2283053773818714e-08,0.9,0.02,0.011751770098883509,nan,nan,nan,1
504231,0,2,ok,58.62129770209119,2.097136575728655,8.238375911484883e-08,0.9,0.002,0.005385930091320024,0.567774772644043,0.0075878223563218055,0.008683324880144724,2
504385,0,2,flux_rejected,46.60300070503909,1.912781748920679,3.554755025196124e-07,0.9,0.008,0.008265846872941567,nan,nan,nan,1
540848,0,2,flux_rejected,45.866010628963295,1.9103268329054117,8.49735701137492e-08,0.9,0.008,0.008062058155299935,nan,nan,nan,1
597695,0,2,ok,65.42931815050109,1.9989176001399755,1.1301772583174589e-05,0.3,0.08,0.017403447741085588,0.2610158324241638,0.09195575994674583,0.09197059925232347,2
604654,0,2,ok,75.77913681527217,2.349861243739724,4.505370216489363e-07,0.1,0.49,0.033444261874099136,0.11375167220830917,0.019516995639437318,0.02277198902576241,1
606666,0,2,ok,70.18453710311965,2.319832554087043,0.00016358549680796965,0.3,0.25,0.030774521685495264,0.2859671115875244,0.12491164414569095,0.12917589381703104,1
607902,0,2,ok,69.70433683940357,2.3246042616665363,3.3473365438289886e-07,0.4,0.08,0.018421310994142834,0.3571791648864746,0.017948782666646464,0.021771779301315925,3
607905,0,2,ok,65.40721409480753,2.3526495695114136,6.167523219120144e-05,0.4,0.08,0.019142813079996032,0.35838431119918823,0.12043571024572175,0.12112944683603077,3
614432,0,2,ok,77.0550419686177,2.8762147128582,4.0434066851761997e-10,0.1,0.36,0.03244565689033877,0.09606795012950897,0.008333814130305517,0.01082021114552003,1
614467,0,2,ok,78.32716899232271,2.840144459158182,5.279348282931182e-10,0.1,0.49,0.03685618298858233,0.09601031243801117,0.00951014638730026,0.012630044189285292,1
615104,0,2,ok,74.12577886168538,2.9431055057793856,2.881551072806153e-07,0.2,0.36,0.028781645229519603,0.18849124014377594,0.019097018288776593,0.024276172601216246,1
615622,0,2,ok,73.36158379741752,2.9226981177926064,7.222658104798111e-08,0.2,0.16,0.025787600992136762,0.19032630324363708,0.010166065090796435,0.013315855226975043,1
615696,0,2,ok,70.9318526948211,2.844965059310198,7.997048230564916e-08,0.2,0.04,0.017423931037545668,0.1939373016357422,0.004541193389902768,0.005691995355285136,2
616165,0,2,ok,71.06553702630225,2.827240753918886,4.450592538142033e-06,0.3,0.16,0.024613482445636534,0.28807103633880615,0.03542094161699433,0.03871687308517063,1
616745,0,2,ok,71.65305258574017,2.926616884768009,5.061065866573309e-09,0.3,0.08,0.01996147139578017,0.28186488151550293,0.01007934011478313,0.013520285531760495,4
617551,0,2,ok,67.67130126645606,2.94851010479033,1.5803696121448136e-07,0.4,0.08,0.01964120824555233,0.36334797739982605,0.04293365296661599,0.056620274739491244,3
619904,0,2,ok,64.44302100299095,2.7599067352712154,5.263960680525202e-07,0.6,0.04,0.014900081017099786,0.4943445026874542,0.020689456301931534,0.024135323972722604,1
620655,0,2,no_surface,28.657849774298533,2.1852654721587896,2.2784799261052735e-09,0.7,nan,nan,nan,nan,nan,0
621119,0,2,ok,64.54729977786292,2.6062358133494854,4.361879662598582e-07,0.7,0.04,0.015135516351700075,0.5338158011436462,0.021628154001083807,0.025695163773217053,1
623954,0,2,no_surface,29.549653866380687,2.523345023393631,7.446576631496463e-10,0.1,nan,nan,nan,nan,nan,0
626040,0,2,ok,69.39291392318046,3.291030017659068,4.790342454485479e-09,0.4,0.08,0.01955297861262959,0.3596060574054718,0.02002161758376214,0.02689525433446069,3
626084,0,2,ok,67.59399991489038,3.3730877842754126,6.306753960982408e-08,0.4,0.08,0.020601596105998626,0.36016884446144104,0.025683924281550734,0.033267995469836394,1
629657,0,2,no_surface,36.573550973643655,2.5307899471372366,3.713439107161438e-09,0.9,nan,nan,nan,nan,nan,0
632100,0,2,ok,60.87327923726459,3.087803700938821,2.425124966587849e-09,0.6,0.02,0.011568173841613067,0.44913268089294434,0.015827254338282033,0.01763978946107104,1
633857,0,2,ok,73.79181719894572,4.275388160720468,2.1888752779006746e-10,0.3,0.25,0.028302623765026142,0.2775605320930481,0.019910599519795295,0.026832684785268367,2
634221,0,2,ok,68.47532019189217,4.200185602530837,1.7863823205544378e-09,0.5,0.16,0.022557296246381055,0.438259094953537,0.05361940260410253,0.07238567863816793,1
636284,0,3,ok,67.36383870245416,2.1668742150068283,0.002395401557847746,0.2,0.25,0.0340539916312445,0.28652679920196533,0.3030268061866886,0.3125278414936372,1
636384,0,3,ok,70.50321743692913,2.2175661604851484,5.5470622518696125e-06,0.2,0.25,0.029229890514102304,0.18783332407474518,0.06695317851875116,0.06427226829996484,1
636416,0,3,ok,65.38868022791999,2.2208195589482784,0.0007917968572728088,0.2,0.16,0.02689295616598756,0.2633666694164276,0.36103813685155856,0.35970691617869693,1
636637,0,3,ok,70.50081741613566,2.182314297184348,1.0795906296661925e-05,0.2,0.16,0.026904747246963706,0.20349708199501038,0.068012281866944,0.06947490338439116,2
639135,0,3,ok,70.8302964221186,2.1593689434230328,2.668299350678231e-08,0.4,0.16,0.02581828938795228,0.38696858286857605,0.02639932576707259,0.03393958329820705,1
639180,0,3,ok,64.82710932968808,2.1903110276907682,5.521769708235065e-05,0.4,0.04,0.016697798851391336,0.3695337176322937,0.11126718895874824,0.11249967894402244,2
639634,0,3,ok,64.58402627007129,2.160912660881877,0.0004957277696628236,0.5,0.08,0.018678649644427826,0.43510985374450684,0.36187996020146035,0.36052728245922677,1
639995,0,3,ok,66.34085645041304,2.1607480384409428,0.003424627882912476,0.5,0.16,0.026836822558674697,0.41806238889694214,0.39764599727091227,0.4003953841276365,1
640192,0,3,no_surface,33.74536284581371,1.7477565556764603,3.384123067831604e-06,0.5,nan,nan,nan,nan,nan,0
640287,0,3,ok,64.41188253464499,2.16359138302505,0.00043735211990496476,0.5,0.08,0.020681622007123795,0.4439634680747986,0.2856835000934375,0.28663865369413905,3
643379,0,3,ok,62.27637267870476,2.2329939622431993,1.2096241646567023e-05,0.8,0.04,0.01624836919500287,0.671504020690918,0.09587573711828296,0.09848079664500686,1
644266,0,3,ok,61.13219681711753,2.074065361171961,2.489358304746239e-07,0.9,0.008,0.007649484781829226,0.7198593616485596,0.02676497856797537,0.02865765460802607,1
644688,0,3,ok,73.60009945988786,2.8642160650342703,6.374179542546325e-06,0.1,0.16,0.027643295456586135,0.10296528786420822,0.01899177387010998,0.022931987791173978,1
645800,0,3,ok,73.54224211710546,2.8779110945761204,7.332177441451533e-07,0.2,0.36,0.031819668305764194,0.2325979322195053,0.02846913357202655,0.036385560486519884,1
646387,0,3,ok,72.98129222663532,2.9191402476280928,1.0709387944896271e-08,0.2,0.25,0.028132379471546693,0.21230606734752655,0.016858895856213942,0.02230016199817237,1
647319,0,3,ok,72.05060575677473,2.9426926597952843,1.1212020030623636e-07,0.3,0.16,0.02727948817182509,0.30061477422714233,0.01878418649937548,0.024717580033158246,1
647510,0,3,ok,69.85957404887255,2.8268195912241936,4.007225444009041e-06,0.3,0.08,0.02276178170654367,0.31008973717689514,0.029832070693779356,0.03226885334203603,2
647515,0,3,drift_rejected,39.66829486220015,2.217232273891568,2.7809194356632664e-08,0.3,nan,nan,nan,nan,nan,0
648210,0,3,ok,68.73062977756997,2.8479782193899155,3.6109894772576586e-06,0.4,0.08,0.021105212341382712,0.43886563181877136,0.039312339265552554,0.043987931646373525,3
650499,0,3,ok,65.8357753151003,2.938200555741787,3.641199883412636e-05,0.6,0.08,0.020539287157941656,0.5488094091415405,0.06698138957880263,0.07237128622572046,1
650785,0,3,ok,67.30720231419154,2.9472327809780836,6.650408168134375e-07,0.6,0.08,0.02076625559052964,0.5753933191299438,0.028747281528576016,0.037924908880596846,2
650867,0,3,ok,68.76691362302839,2.949712822213769,2.9297216294929783e-06,0.6,0.08,0.020348859682209366,0.5231868028640747,0.026290077400122857,0.03390819475751155,2
651728,0,3,ok,65.8657788226794,2.8421948608011007,1.2200113594133862e-08,0.7,0.08,0.020967030788293785,0.6064306497573853,0.03212538657928949,0.04056703995016895,1
652085,0,3,ok,64.99441390187518,2.8219765573740005,7.727576183631493e-08,0.8,0.02,0.012220866041736465,0.6604456901550293,0.01872166433434368,0.0232922917603945,1
652114,0,3,ok,63.70279797758593,2.8761211913079023,3.4316448054259577e-06,0.8,0.04,0.015427981444685521,0.6718109846115112,0.03890897701674228,0.04458107130281153,1
652984,0,3,ok,61.60986078275429,2.718361385166645,3.025403941216363e-05,0.8,0.02,0.011705702569694056,0.7359625697135925,0.039052751633646465,0.04263151397655464,1
653424,0,3,ok,63.97459787698523,2.9211208019405603,8.59832839772497e-06,0.9,0.04,0.01614917139686798,0.7649490237236023,0.043873795358414854,0.050905209478812406,1
654081,0,3,ok,63.99862481588248,2.7224593944847584,4.693198161405215e-08,0.9,0.02,0.011844740695275928,0.7414780855178833,0.01942571978148492,0.02569644753655157,1
654242,0,3,ok,78.0583809995993,3.630762718617916,4.547132950546006e-08,0.1,0.25,0.03326575627588552,0.10782766342163086,0.008931160460213767,0.011340350163011124,2
654494,0,3,ok,72.55418466147395,3.624207591637969,1.9116203733606612e-08,0.1,0.08,0.0219437787082422,0.09838568419218063,0.00681386032838347,0.007532281504317033,1
655231,0,3,ok,68.36016257063179,3.539281375706196,9.773193386071492e-06,0.3,0.08,0.021355462071914747,0.3113566040992737,0.055541179913088386,0.05781121248284036,1
656624,0,3,ok,68.6529035022659,3.5469477884471416,0.00019646050009111565,0.5,0.16,0.026742596269042254,0.4481225609779358,0.08633359832147118,0.09189148532870708,1
656910,0,3,ok,66.28682385606258,3.552110366523266,8.300822821977244e-07,0.6,0.08,0.020681893741519856,0.5759746432304382,0.04721629447864101,0.05964136920721828,2
656929,0,3,no_axis,10.324069819463693,4.762619582936168,5.18690002122455e-08,0.6,nan,nan,nan,nan,nan,0
660242,0,4,ok,70.89398236047033,2.381853636354208,0.000274970354032042,0.1,0.36,0.03479719110829018,0.09922672808170319,0.14646942309540775,0.15114001448836806,1
660501,0,4,ok,72.24740723339158,2.398120626807213,9.055599171237893e-05,0.1,0.36,0.03730624264456325,0.10990748554468155,0.11238321975062951,0.11509696532330432,1
660502,0,4,ok,71.60537151515284,2.3814900871366262,0.0002170809468156255,0.1,0.36,0.03729994252407848,0.12435396760702133,0.14409945911332472,0.1507200713753554,1
661406,0,4,ok,69.59650818793074,2.3534541726112366,0.0014156661832153863,0.2,0.36,0.037203645066398346,0.258549302816391,0.2479695130857736,0.2656966135259091,1
661713,0,4,drift_rejected,43.54174828857877,1.8341182302683592,0.0002447202259859088,0.2,nan,nan,nan,nan,nan,0
661809,0,4,ok,67.0117807085793,2.344161355867982,8.85499118581271e-06,0.2,0.08,0.022410232843528183,0.2125747948884964,0.07428142521212433,0.07498055005380734,1
661821,0,4,ok,66.64237920946458,2.383700169622898,0.0013605843537884642,0.2,0.16,0.03376997993231132,0.3116288185119629,0.3741178500257947,0.37930829586802095,1
663386,0,4,ok,67.66889700099989,2.381554814055562,0.002126114914259125,0.4,0.25,0.030561171129955857,0.3914792239665985,0.29603579194203133,0.31819899415985925,1
663929,0,4,ok,70.76295783503967,2.3177705965936184,1.5876813081675144e-05,0.4,0.25,0.029539645202196194,0.36538663506507874,0.06816181592303251,0.07302720508684002,1
664904,0,4,ok,64.60170260828782,2.3834404163062572,0.0001346512520288907,0.5,0.08,0.023044414010897046,0.46849051117897034,0.20685456457170323,0.21036338592746656,1
668041,0,4,ok,63.86894588266014,2.320523362606764,0.002893003908338879,0.8,0.08,0.01958106842125138,0.6811707615852356,0.9849648826469105,0.9883604945986957,1
668109,0,4,ok,61.38438375711215,2.34915935061872,4.886958846358768e-05,0.8,0.04,0.015598822336246036,0.7204428911209106,0.15244224360758798,0.15586282483407052,1
668339,0,4,ok,67.43707338904504,2.3826031275093555,2.8402975345033488e-05,0.8,0.08,0.01933691594741623,0.6839360594749451,0.04900097617762086,0.05730552392245017,1
669026,0,4,ok,60.270644931403204,2.2888730634003878,8.558283460549517e-05,0.9,0.02,0.012057510646731507,0.7326797246932983,0.11516935670685759,0.11790888110826268,1
669172,0,4,ok,60.44653132273085,2.256091305986047,4.782916186805533e-06,0.9,0.008,0.008012456307336767,0.7196854948997498,0.08970774280223194,0.09015640798687255,1
673767,0,4,ok,67.98927239594367,3.2771744411438704,0.0008677009428243724,0.6,0.16,0.026476043988702787,0.5374144315719604,0.14834000823384175,0.15931771302470507,1
754763,0,2,ok,64.17610092874162,2.06575121358037,7.126708705446582e-05,0.2,0.08,0.018243511072908194,0.1869015395641327,0.21679160853677926,0.21639234764722237,1
756871,0,2,no_surface,37.06242338166726,1.643116069957614,0.00022076538141838485,0.4,nan,nan,nan,nan,nan,0
757736,0,2,drift_rejected,45.70815368140045,1.6196119915693998,0.0001440924278852608,0.5,nan,nan,nan,nan,nan,0
762670,0,2,ok,76.01931743046961,2.3196348436176777,5.1178035250486954e-05,0.1,0.49,0.04338523355067636,0.12644605338573456,0.04669173449324842,0.05040128730446921,1
764098,0,2,ok,70.48347212524914,2.405324501916766,7.24170086326133e-06,0.2,0.08,0.022109231927980092,0.19370250403881073,0.03927591601044991,0.039953623697545515,3
764213,0,2,ok,75.20792658654061,2.3826901987195015,9.352436306444943e-08,0.2,0.36,0.033449558834703026,0.19668078422546387,0.017395486068796477,0.0231560900922079,1
765039,0,2,ok,71.00045771635402,2.353436406701803,3.1344025077198195e-07,0.3,0.08,0.02027551557771794,0.27559590339660645,0.014701784279570312,0.01717945036109022,3
765239,0,2,ok,69.35424269450156,2.351880680769682,2.642338105645392e-05,0.3,0.16,0.027304377562041918,0.28845304250717163,0.09021275699807182,0.09174754373233063,3
765748,0,2,no_surface,31.94283978977092,1.7887398302555084,7.392226814875888e-05,0.4,nan,nan,nan,nan,nan,0
765857,0,2,ok,64.80373368407145,2.384918987751007,3.7110417631811665e-06,0.4,0.04,0.015225916058423569,0.3641642928123474,0.05056347162408134,0.05155151415454156,1
767156,0,2,ok,64.93235146638348,2.3840175066143274,1.9166585276108813e-05,0.5,0.08,0.018220559833910903,0.44340136647224426,0.06758425703251039,0.06982015115389227,1
769078,0,2,ok,63.19294068399245,2.1072927806526423,4.677879019480164e-06,0.7,0.04,0.01496978446426879,0.5449563264846802,0.03616842187240768,0.03923839858660337,2
772299,0,2,ok,72.91153456822911,2.9203920383006334,3.704112768654971e-08,0.1,0.08,0.021871267452921173,0.11766496300697327,0.0051664701558240276,0.006123048935827074,1
772473,0,2,ok,75.79909769910657,2.922150755301118,1.4982098333208057e-08,0.1,0.25,0.02984280732526377,0.1131880059838295,0.007771916597785469,0.010343463761032663,1
773074,0,2,ok,73.71321227516191,2.846215946599841,5.3639438758404954e-08,0.2,0.16,0.025148512992122257,0.1923218071460724,0.011271014756172794,0.014441162014920057,1
773362,0,2,no_surface,30.309106667372394,2.2339415587484837,2.9930559209503124e-08,0.2,nan,nan,nan,nan,nan,0
773895,0,2,no_surface,32.845422689792535,2.2322471886873245,3.2314912465641346e-06,0.2,nan,nan,nan,nan,nan,0
775630,0,2,ok,68.74463127291104,2.877303471788764,2.4923482568869497e-08,0.4,0.08,0.019968279634655323,0.35920044779777527,0.01963797825097388,0.0261131440608639,1
776392,0,2,ok,68.0696362551969,2.947963347658515,6.702455927038922e-09,0.5,0.08,0.01910717430562697,0.4342880845069885,0.016874684964118935,0.022670740709508617,1
776786,0,2,no_surface,30.91447897114606,2.2333137653768063,7.548761155359228e-07,0.5,nan,nan,nan,nan,nan,0
777854,0,2,ok,67.55770646686764,2.876916538923979,9.821154029931414e-10,0.6,0.08,0.019598900962298663,0.4976544678211212,0.019740127151725996,0.02659392044015418,1
781347,0,2,drift_rejected,45.021150792290555,2.217528149485588,7.418896283422931e-09,0.9,nan,nan,nan,nan,nan,0
781973,0,2,ok,74.085494652239,3.3753051068633795,3.364970856328825e-09,0.1,0.08,0.023733548422282827,0.12044689059257507,0.0038291305248248386,0.005085459485560519,2
782456,0,2,ok,71.7791786345602,3.2799694407731295,1.4335541126735862e-08,0.2,0.08,0.02008893965253186,0.19883033633232117,0.008229200109667947,0.010863925115992986,1
782588,0,2,ok,71.76929343006961,3.2829331755638123,1.1528291449117965e-09,0.2,0.08,0.02031066616434372,0.196463480591774,0.006755959184438723,0.009074356995628256,1
782635,0,2,ok,74.10939577149632,3.282920278608799,1.9902641554582627e-08,0.2,0.25,0.02844373196350433,0.18985018134117126,0.01813604575672468,0.023895890796823145,2
782817,0,2,ok,74.6839042783258,3.2834885083138943,1.1550726715640207e-07,0.2,0.36,0.03051836178198142,0.18827316164970398,0.016660731566284375,0.022049430380680378,2
783834,0,2,ok,70.42849325821803,3.286285076290369,7.056683408207491e-09,0.4,0.08,0.019078666658884906,0.3604905605316162,0.01363517094459154,0.01826817844898883,3
783954,0,2,ok,69.99683819196967,3.333829713985324,5.285634752885931e-09,0.4,0.08,0.019665481407732784,0.36130666732788086,0.013463627760915158,0.018111841043339,3
793128,0,3,ok,66.32078383134463,2.233396615833044,2.216621248926967e-05,0.1,0.16,0.023710338659555363,0.09190167486667633,0.21502061406447262,0.21241827120713558,1
793439,0,3,ok,64.10126684559289,2.2214483078569174,0.00019017861555762765,0.1,0.04,0.017975341945209552,0.09308616816997528,0.2459759612045294,0.24619149812057128,1
794145,0,3,ok,62.729055952271565,2.2218628525733948,0.0008935164800206193,0.2,0.08,0.018175361067455674,0.18818330764770508,0.5621038932860564,0.5608740284427031,2
794400,0,3,ok,67.43844397288359,2.1923038493841887,0.0019140612577381831,0.2,0.16,0.02809448929679848,0.20172938704490662,0.24469800599000496,0.2516197485814789,1
794499,0,3,ok,66.97123622237449,2.2310295067727566,0.0010920745528556215,0.2,0.16,0.032428723676286866,0.27144232392311096,0.32562118569612686,0.325970007525204,1
794569,0,3,ok,65.70599362661761,2.190500305965543,0.0008153501131057373,0.2,0.08,0.02333400443676611,0.2696022689342499,0.3207908645241745,0.32163152244558396,3
795655,0,3,ok,69.03116656631778,2.155084630474448,8.33750007060064e-06,0.3,0.16,0.024348437711323438,0.2770799696445465,0.07463078297247662,0.07325821411159208,1
796019,0,3,ok,72.87324202787407,2.216954216361046,3.0781739396136115e-06,0.3,0.25,0.0297696126564353,0.2783876061439514,0.030193224538531398,0.035364104399770994,1
796455,0,3,ok,66.31665847679558,2.164765091612935,0.0003352911385113443,0.4,0.16,0.02621808326501529,0.3703959584236145,0.31508705201065756,0.3124968258204206,1
796578,0,3,ok,64.97160667918011,2.1901769936084747,0.0045805653094470496,0.4,0.08,0.020573699494954748,0.37313881516456604,0.6438482681599478,0.6469544681078228,3
797695,0,3,ok,64.02691162116658,2.1600192077457905,0.0002992054644662809,0.5,0.08,0.021623014403561295,0.47947004437446594,0.2646025022418368,0.26759998717417316,1
798535,0,3,ok,62.66868942720936,2.2305863108485937,0.0017164112618551627,0.6,0.08,0.020951800186200336,0.5621946454048157,0.5042275809740531,0.5098091675828734,1
798770,0,3,ok,66.50133465146024,2.185146726667881,1.6567665679371894e-05,0.6,0.08,0.020071742766460524,0.5183060169219971,0.11514661399191739,0.11495524021446556,2
798935,0,3,ok,64.45186146120339,2.1876973006874323,0.0010511400202012945,0.6,0.08,0.020303747566163984,0.5194782018661499,0.35974744552455146,0.36133208052075055,2
799925,0,3,ok,65.09638268312465,2.2414335031062365,3.651970720405383e-07,0.7,0.04,0.015254763192650948,0.5945505499839783,0.029853198696070882,0.03424422164767652,2
800019,0,3,ok,63.9125003617516,2.15964550152421,0.00011620713768425683,0.7,0.08,0.021247390390742894,0.623075544834137,0.18118499620966944,0.18513699884259066,2
802193,0,3,ok,63.54888110611482,2.216128835454583,2.7121847650978603e-07,0.9,0.04,0.016528008125200482,0.7225801944732666,0.030879506320174055,0.03875186957461005,1
802196,0,3,ok,60.62251931996131,2.2318492364138365,0.00012631435098387286,0.9,0.04,0.01642793906681685,0.7601368427276611,0.20035657521827827,0.20341823734543132,1
802548,0,3,ok,72.82984569085166,2.9410325456410646,0.0001800381656715863,0.1,0.36,0.039136774539244475,0.14049477875232697,0.11856214379284384,0.12474740348121865,2
803326,0,3,ok,69.48809964257804,2.9202972128987312,3.457536244523226e-05,0.1,0.16,0.03248496266691706,0.1540229320526123,0.08600897630589106,0.08786576538282286,1
804944,0,3,ok,73.77003758760779,2.9205569364130497,2.5809802040239987e-06,0.3,0.25,0.030576238944806242,0.27819719910621643,0.026799098511987463,0.03200312385714086,1
806598,0,3,ok,70.00337239149944,2.9467716459184885,4.115498929765597e-07,0.4,0.08,0.020698641737188113,0.40885308384895325,0.01990882266821536,0.025336296804542704,3
806632,0,3,ok,69.7521648464341,2.9193858355283737,3.038848589972833e-07,0.4,0.08,0.02135388535529549,0.37660548090934753,0.015307099352526218,0.02029543130074878,1
807515,0,3,ok,68.24403337529066,2.8502510506659746,4.792779455741801e-07,0.5,0.08,0.021442347317466037,0.4899316728115082,0.02562551117655368,0.031865137855573336,2
808920,0,3,ok,65.41555377791427,2.8391045946627855,3.7512406586172263e-07,0.7,0.04,0.016388551171492825,0.5994936227798462,0.035733363239698765,0.03895568809256286,1
809935,0,3,ok,68.59499955146123,2.876583158969879,3.5432161271652926e-09,0.7,0.16,0.025873200478703583,0.6126899123191833,0.04232719116128027,0.05673015985137606,1
810409,0,3,ok,58.42780525819495,2.7552588041871786,0.000536715015713277,0.8,0.02,0.012788271345770826,0.6980167627334595,1.0590745245084385,1.061636368384591,1
810853,0,3,ok,63.36956669017258,2.760329145938158,1.7404775879303758e-07,0.8,0.02,0.010880692742747009,0.6777511239051819,0.01929633428641871,0.02445432348917454,1
811279,0,3,no_surface,29.32229474367703,2.189026763662696,2.8930850904326514e-05,0.9,nan,nan,nan,nan,nan,0
811552,0,3,ok,62.28237989470231,2.656691459938884,1.694488852671787e-08,0.9,0.008,0.008256923453336347,0.7121738195419312,0.012362559016094399,0.015939710917195534,1
812137,0,3,ok,72.97836474035302,3.5518396236002445,2.3956372125649386e-05,0.1,0.16,0.03123326578417375,0.1120489090681076,0.05452069935453803,0.056587365919144185,3
812387,0,3,ok,72.3995569685441,3.557166876271367,1.9586207506867e-07,0.1,0.08,0.02200010674884236,0.10160206258296967,0.01482570908069139,0.01539678604129489,3
813780,0,3,ok,66.95444207157111,3.608916386961937,5.0514195692200886e-06,0.4,0.04,0.01678789213910626,0.38510268926620483,0.04220297946609446,0.04395087681645331,2
814670,0,3,ok,63.60535584019842,3.62864725664258,2.443298220863695e-05,0.6,0.08,0.02254085743399773,0.5725658535957336,0.22948051926198662,0.24460908410704824,1
814942,0,3,ok,66.87523398243285,3.506998226046562,4.219935761129738e-07,0.6,0.08,0.021047117515760994,0.5790957808494568,0.037052594485869034,0.0445266616354956,2
816660,0,3,no_surface,28.65097197545088,3.1073442306369543,8.074430259804692e-06,0.1,nan,nan,nan,nan,nan,0
816672,0,3,ok,75.0878849217916,4.289817146956921,2.7087559159406836e-05,0.1,0.36,0.03576255275403456,0.11647311598062515,0.03836917768883336,0.042430265355652086,1
817840,0,3,ok,60.014019533021425,3.934358088299632,1.7359938491823268e-06,0.8,0.02,0.011802595736723489,0.6816383004188538,0.33268928653360913,0.3842337625866867,1
819237,0,4,ok,69.16142910872408,2.383007448166609,0.0077579970862026604,0.2,0.36,0.04091243298973791,0.25878477096557617,0.7934827757438677,0.8173382676046018,1
819277,0,4,ok,69.21538628307766,2.351097747683525,0.002645617049785018,0.2,0.36,0.036716418657788144,0.21388113498687744,0.42833627416220965,0.45367196268876453,1
819947,0,4,ok,66.53234007851334,2.347352748736739,1.9741962363438888e-05,0.2,0.08,0.022224758455163057,0.2752589285373688,0.12509297481448484,0.12545247715641997,2
819988,0,4,ok,64.95915794104225,2.401366425678134,3.892696642869294e-06,0.2,0.04,0.018966500696334192,0.18179841339588165,0.05863510170983563,0.05962848370282674,1
820810,0,4,ok,63.34645335907248,2.397196352481842,0.0007264513446778871,0.3,0.04,0.019194870474265463,0.31040045619010925,0.32979328219394966,0.33247027968870363,1
821198,0,4,ok,68.3751340391517,2.409060785546899,5.964338314767734e-07,0.3,0.25,0.028743491885000756,0.35743317008018494,0.04795796563767312,0.056004595799465234,2
821205,0,4,ok,70.70093897330295,2.384423015639186,1.188264679075236e-07,0.3,0.25,0.032374764849262744,0.3243272602558136,0.035477268318825445,0.04432886609946554,1
822427,0,4,ok,66.23148456997329,2.3227032497525215,0.0052415588543856875,0.5,0.16,0.02699747373039641,0.49109500646591187,0.5608547625687572,0.5780589975665835,2
822430,0,4,ok,67.1747463537203,2.3837969936430454,5.956034562032819e-05,0.5,0.16,0.02295536441673273,0.4492329955101013,0.13603052931373832,0.1486591995453505,2
822507,0,4,ok,65.01907796284138,2.385134732350707,5.318778634751705e-05,0.5,0.08,0.02229099837925846,0.4576760530471802,0.17950463114380147,0.18767641525652534,2
823628,0,4,ok,63.97248438289884,2.319680420681834,0.0001303036038643723,0.6,0.08,0.019112162944404123,0.567011296749115,0.2870937792880589,0.2840117782471002,2
824463,0,4,ok,63.70052098843229,2.4000982120633125,0.0004832463075403237,0.6,0.08,0.023734750268938017,0.5330365896224976,0.3945035407577733,0.396731043570925,1
824586,0,4,ok,65.44902695621778,2.31917698122561,6.483762411196503e-05,0.7,0.16,0.023880779990852554,0.6179925799369812,0.21269439857641909,0.22441076764293208,1
825253,0,4,ok,64.49193783974276,2.320204747840762,0.00018499268638752937,0.7,0.08,0.021651430058101398,0.6457050442695618,0.14582866867070696,0.1523480795820362,1
825839,0,4,ok,65.47589413387519,2.399486906826496,3.2624102066698895e-05,0.8,0.08,0.020415650570690513,0.6853232979774475,0.15449386529445613,0.15417572292781928,1
827296,0,4,ok,61.08970749367166,2.318823179230094,3.742045388346648e-05,0.9,0.04,0.016452109656525594,0.759725034236908,0.19392610868572202,0.19580306738743622,1
827897,0,4,ok,76.24417098197112,3.2801814693957567,9.057960406161042e-08,0.1,0.25,0.03365284132957472,0.11474432051181793,0.015937541486279235,0.017663261514023015,1
827908,0,4,ok,70.58993477304445,3.317291460931301,9.892949090575935e-05,0.1,0.36,0.041702975025722074,0.20803266763687134,0.1973234096693581,0.2059870691957886,1
828548,0,4,ok,67.14421992885454,3.370949376374483,1.4880397300348466e-07,0.2,0.25,0.03452399250081926,0.21946974098682404,0.2303347923242746,0.27897550965996154,1
828583,0,4,ok,70.24991969372208,3.3298271484673023,6.53039760587248e-08,0.2,0.25,0.026003620714407757,0.2836528718471527,0.027346029929037667,0.035434618126369395,2
842009,0,2,no_surface,40.43237918891667,1.836746197193861,7.117703638422117e-07,0.9,nan,nan,nan,nan,nan,0
845257,0,2,drift_rejected,41.15500274150784,1.8150800447911024,1.817975391071972e-06,0.9,nan,nan,nan,nan,nan,0
874161,0,2,ok,67.33577200685728,2.0534083787351847,3.109898649889437e-05,0.1,0.16,0.023764020874580672,0.09423642605543137,0.15399837869034202,0.15371541019904408,2
875319,0,2,ok,66.55787896979595,2.004014352336526,0.0003787242954185113,0.2,0.16,0.025433626171160136,0.19132456183433533,0.23291721078083572,0.23238663521877348,2
880636,0,2,ok,60.615663440763626,1.9880853593349457,4.771474448019625e-05,0.7,0.02,0.01256723640913286,0.5599696040153503,0.14139527549619654,0.1430923042091136,1
883700,0,2,ok,72.00997950544966,2.3261314053088427,3.2953125740899906e-06,0.1,0.08,0.022208644906721704,0.11236957460641861,0.02105447467645157,0.021481286472648766,3
883790,0,2,ok,69.94875540230447,2.358867200091481,1.1878258555178922e-06,0.1,0.04,0.017504815308046946,0.11254602670669556,0.01945994088338511,0.019622268524310458,3
883813,0,2,ok,76.90684971222362,2.3503235206007957,2.869563506852714e-09,0.1,0.36,0.03369137640330721,0.09613534063100815,0.0081923516874473,0.010636405097650448,1
884639,0,2,ok,74.99492506210295,2.323735101148486,2.965402428390477e-07,0.2,0.25,0.029801155414984175,0.18882867693901062,0.014815818570137812,0.018307406674768864,2
884892,0,2,ok,74.17278310276758,2.404184753075242,1.2228535262144513e-06,0.2,0.25,0.028399368804458796,0.18965010344982147,0.017030350159890788,0.0205066032520926,3
886123,0,2,ok,69.48301646916734,2.3841664381325245,1.622482075430898e-05,0.4,0.25,0.028221103593297266,0.36725667119026184,0.08389286321481973,0.08220526093474362,1
886871,0,2,ok,66.98980462130456,2.3840127885341644,6.208284234198417e-06,0.4,0.08,0.020157468781436063,0.36257579922676086,0.04167849098792532,0.04359977291954896,1
886961,0,2,no_surface,35.450775950034625,1.8156762216240168,1.486574898253415e-06,0.4,nan,nan,nan,nan,nan,0
888505,0,2,ok,63.57323539230369,2.1986361518502235,5.6472857267111335e-06,0.6,0.08,0.019259588909032642,0.4937865436077118,0.04694835553498577,0.05052368576218532,1
889761,0,2,ok,59.254521570656024,2.1158231385052204,7.826054463130493e-05,0.7,0.04,0.014377143265395053,0.5547513365745544,0.14425304202746023,0.14515805906616594,2
892754,0,2,ok,77.09956152220958,2.8800067845731974,3.3443990499025485e-08,0.1,0.36,0.03324645594684814,0.11410927772521973,0.010107687538261995,0.013424410420762718,2
894807,0,2,ok,71.94831862085128,2.928250188007951,2.361171992903555e-06,0.3,0.16,0.025084505046587675,0.2930999994277954,0.029585204061457846,0.03328537149007428,3
894838,0,2,no_surface,32.93839260239196,2.1605477519333363,2.5835808427027542e-09,0.3,nan,nan,nan,nan,nan,0
897169,0,2,ok,68.18265615789839,2.945205954834819,2.5618532517590895e-07,0.5,0.08,0.017732376489411145,0.43482497334480286,0.024244674059118006,0.028782269512010027,2
902268,0,2,ok,73.53829661358189,3.392520137131214,8.167026803226805e-09,0.1,0.08,0.023134150138471702,0.12001417577266693,0.0037323167442501882,0.004808157955319391,1
902293,0,2,ok,77.64352626684114,3.368007028475404,3.4093772240690403e-10,0.1,0.25,0.03085340510359401,0.09674578160047531,0.006372013621029307,0.00830837015919263,3
902919,0,2,ok,73.25019974991493,3.289907496422529,8.530051584096636e-09,0.2,0.08,0.020336330195076368,0.19940035045146942,0.007078549658728836,0.009313583944025447,4
904092,0,2,ok,70.57531751589205,3.284148719161749,1.5667232450646715e-09,0.3,0.16,0.023576234533344363,0.2772597372531891,0.023174127256246232,0.030969497754625635,1
905065,0,2,ok,70.14644209176859,3.3743447437882423,1.7630909500128974e-08,0.5,0.16,0.024309988561996256,0.4371090829372406,0.02507395831948198,0.033645934475391215,1
912745,0,2,ok,66.9957015952751,4.2856359500437975,5.534422040292956e-09,0.5,0.08,0.019587814837484667,0.43348342180252075,0.028658237302805544,0.03855521131828352,1
913819,0,3,ok,68.12569592900493,2.1622003708034754,0.0009815880575066028,0.1,0.25,0.03251845134049539,0.12084400653839111,0.239111022536751,0.24544246481817655,1
914563,0,3,ok,70.93580582421815,2.1633149906992912,0.00021023624726898972,0.1,0.08,0.025276990623998793,0.10235181450843811,0.03467670915023992,0.039673393318549285,3
915070,0,3,ok,64.15760723491564,2.218428935855627,9.62062137073428e-05,0.2,0.04,0.016340702826374932,0.1881745159626007,0.2386931782319534,0.23856622922600365,2
915828,0,3,ok,66.08757654607415,2.1891270484775305,0.003114214093025567,0.3,0.16,0.02603751798796937,0.2950776219367981,0.42306786798102486,0.43279393915089076,2
916395,0,3,ok,66.54691798405621,2.237297408282757,0.00025903427516938614,0.3,0.08,0.02138117002030598,0.2731839120388031,0.22196969148778584,0.22277456426920048,4
918129,0,3,ok,64.83481518147451,2.232156490907073,0.00041896402193473633,0.5,0.08,0.018698645262313872,0.44524627923965454,0.2589130213824919,0.2579652032515432,2
918477,0,3,ok,69.759631506548,2.1871402133256197,2.874670235976218e-06,0.5,0.16,0.02587695328684803,0.44870656728744507,0.052833257499819375,0.05795653375852267,1
919410,0,3,no_surface,36.33274720520282,1.7573285102844238,0.00011386714524503955,0.6,nan,nan,nan,nan,nan,0
921544,0,3,ok,63.72629996107393,2.2347099911421537,9.054495624838628e-06,0.8,0.04,0.015946517930151855,0.6683629155158997,0.058460316394942397,0.06326444239018271,1
921795,0,3,ok,61.59340622609227,1.970825120806694,1.2862861021932224e-07,0.8,0.004,0.005337909676101916,0.6598783731460571,0.01578396876416617,0.01696273149856873,1
922910,0,3,ok,60.457529394295385,2.082063978537917,2.068105952819986e-05,0.9,0.02,0.011645686456007427,0.7352097034454346,0.08884766037795643,0.09087284092104932,1
923672,0,3,ok,76.75573685083806,2.882879877462983,2.8859813153271235e-08,0.1,0.25,0.03317563879137017,0.11124186217784882,0.008134307025025392,0.010761493936912421,1
924184,0,3,ok,71.76315811222966,2.948781795799732,1.68834189426969e-05,0.2,0.36,0.031068718631555792,0.24948634207248688,0.060374176444249895,0.06632927430271157,3
924742,0,3,ok,75.25244571107224,2.9418146442621946,4.542784920226785e-09,0.2,0.36,0.03311273560943783,0.20246091485023499,0.019044354161662128,0.025434613855820482,2
925913,0,3,ok,70.03177843002655,2.922656510025263,4.969283174669716e-07,0.3,0.08,0.020081909365439448,0.3220849931240082,0.015431615730811536,0.019497986378636378,1
926005,0,3,ok,68.14228267319265,2.8683226723223925,7.825066486338157e-06,0.3,0.08,0.023555091167152646,0.2975301146507263,0.06664512336580172,0.06824631801825314,1
926410,0,3,ok,70.57118779225654,2.919920552521944,1.1594192315961863e-05,0.4,0.16,0.026314717887042594,0.3823741376399994,0.046959713468245574,0.053468450048158526,1
926426,0,3,ok,69.32507986263488,2.9429342970252037,0.00032591178194977307,0.4,0.16,0.02726977660239905,0.38314366340637207,0.11791003733502822,0.12161482066298421,2
927472,0,3,ok,71.52251702854394,2.875607766211033,2.0163614000384862e-06,0.5,0.25,0.029082588138412878,0.4521888196468353,0.04129132423829727,0.053822977827716535,1
927647,0,3,ok,70.63930156584055,2.881618021056056,1.3354515921403937e-06,0.5,0.16,0.025109907138831516,0.44842180609703064,0.03192826862403392,0.0408810488050009,1
928067,0,3,ok,70.92397432185068,2.861095791682601,4.2445253851101234e-06,0.5,0.16,0.02595525792515163,0.4483993351459503,0.03267490415017153,0.04327240995106982,1
928691,0,3,ok,67.45329534932777,2.843402847647667,5.422309283456903e-07,0.6,0.08,0.019950732949748484,0.5567582845687866,0.033879990273699104,0.041164177530799304,1
929938,0,3,ok,63.50024639315124,2.9211421124637127,1.7715168332216383e-06,0.7,0.04,0.015119739498975973,0.6208136081695557,0.03465023366654917,0.03978323803819432,1
930384,0,3,ok,66.45549748119325,2.84068264067173,3.1088960927378795e-08,0.7,0.08,0.01992897657003365,0.5986771583557129,0.028727947674380833,0.038329668361337735,1
930624,0,3,ok,65.75467825726484,2.87138345092535,1.41151372820865e-05,0.8,0.08,0.021451301833517736,0.6806201934814453,0.052127018699458315,0.06190940471353371,1
931434,0,3,ok,66.69345764759255,2.84142111800611,5.795088515934165e-09,0.8,0.08,0.01969809281856711,0.6759653091430664,0.03409498674923263,0.04535765886632703,1
931679,0,3,no_surface,35.76287805801807,2.1879215948283672,1.365017652472422e-07,0.9,nan,nan,nan,nan,nan,0
933116,0,3,ok,72.86383070742666,3.606253730133176,1.0575645287966792e-07,0.1,0.08,0.022711220873919753,0.1030215173959732,0.006858849805979138,0.007734156042117107,2
933996,0,3,ok,72.85435928895411,3.5112460739910603,2.7401543412974474e-06,0.3,0.25,0.029059663247688633,0.27810654044151306,0.03204642268529118,0.042580960809669284,2
936152,0,3,ok,66.89241821090376,3.59947657212615,9.028685858431304e-10,0.7,0.08,0.02029388298112479,0.622837245464325,0.03530126635961242,0.04292691545874232,2
936181,0,3,ok,67.13648506431169,3.5053969528526068,1.4512104993146864e-07,0.7,0.08,0.020201057644409437,0.6197420954704285,0.03072630358082652,0.04093423855183345,2
938830,0,4,ok,69.9628834887938,2.397426299750805,0.0012566318433374392,0.1,0.36,0.03622054582623068,0.11817649006843567,0.27541432614381245,0.2945167221869936,1
939134,0,4,ok,72.89930282553873,2.319959497079253,2.1093733463022834e-06,0.1,0.25,0.03026303284107543,0.10226059705018997,0.03578550122475062,0.03680175421862835,1
939967,0,4,ok,71.31263474427006,2.3886217083781958,6.861601293816348e-06,0.2,0.25,0.02897484579262842,0.1957375556230545,0.06589260604137463,0.06372416394508595,1
940514,0,4,ok,68.31241619557915,2.385387796908617,2.809161101793616e-06,0.2,0.16,0.028252570395917758,0.27171483635902405,0.047476153035607226,0.04986768641593989,1
941081,0,4,ok,57.68280361582835,2.3228458147495985,5.8175057816119233e-05,0.3,0.04,0.010249706986741108,0.5162648558616638,55.53568582621802,55.975229314706816,1
941351,0,4,ok,68.73726283273731,2.3826033007353544,0.0035552462991866353,0.3,0.25,0.03123661003297571,0.2547333836555481,0.23869000705895962,0.24305416364573396,1
941433,0,4,ok,67.38287854677552,2.3513617273420095,0.00017379440299557502,0.3,0.16,0.030871415526323564,0.3889630138874054,0.2039621065927869,0.20762892356724683,2
943397,0,4,ok,69.36637853059108,2.3849677983671427,1.7593170374553278e-05,0.5,0.16,0.02463402546175499,0.451545774936676,0.07450061872195417,0.07703244577682872,2
943530,0,4,ok,69.59198124815332,2.4052644595503807,1.8355442354462535e-05,0.5,0.16,0.02497070700404327,0.4510597884654999,0.05565154669766561,0.05975502153800662,1
943785,0,4,ok,66.45119908179294,2.38257834687829,0.0011731139246162568,0.5,0.16,0.025532499517425894,0.42894989252090454,0.28244526567931355,0.28751355822013946,1
943967,0,4,ok,66.90309950050438,2.3499296121299267,0.0006186157065258748,0.5,0.16,0.028602807667920723,0.44461119174957275,0.28664061112738043,0.29339767678423045,1
946337,0,4,ok,65.07830444296543,2.400114681571722,4.998602846560441e-05,0.8,0.08,0.02028254240449606,0.6842320561408997,0.22539232919649824,0.22255463906155692,2
947611,0,4,drift_rejected,42.68023773361022,1.8006270248442888,5.183650491200295e-06,0.9,nan,nan,nan,nan,nan,0
947933,0,4,ok,62.51628892794897,2.32068720087409,2.5228334382571247e-06,0.9,0.04,0.015381638786590745,0.7445133328437805,0.05390985554688003,0.0598563951046144,1
948585,0,4,no_surface,30.860852221531786,2.5357751920819283,1.3714138582134563e-06,0.1,nan,nan,nan,nan,nan,0
949482,0,4,ok,64.18503006287118,3.3733749706298113,9.485622399306539e-06,0.2,0.16,0.030627871354607556,0.33852094411849976,0.08775743472138424,0.08982210823353572,1
951432,0,4,ok,66.59893180225914,3.277496727183461,0.007055828434428103,0.5,0.16,0.026377603035858583,0.3976162075996399,0.36550429240992016,0.37123826641092883,1
952302,0,4,ok,64.31461440338296,3.371528510004282,1.2702202267665454e-05,0.6,0.04,0.016122950036867187,0.5311186909675598,0.04532507614121213,0.05042254348777495,1
953409,0,4,ok,67.18694805500829,3.391109887510538,0.0006425460175386723,0.8,0.16,0.025790266495178935,0.6946117281913757,0.1891644756009526,0.19714083974425203,1
954514,0,4,ok,62.6984883604726,3.398047972470522,5.817929938283353e-06,0.9,0.04,0.015510734463289837,0.8539515137672424,0.05963534398712046,0.067477348442237,1
965230,0,2,ok,64.33195476023319,2.38978155516088,1.494784668112355e-05,0.9,0.08,0.01923942357986582,0.7724258303642273,0.07753562260497582,0.08708185021161252,2
1032161,0,2,ok,63.908776591819105,2.024950919672847,0.000356432029629162,0.1,0.08,0.0206004598913203,0.10105137526988983,0.36671720116253004,0.36600878679830334,1
1033215,0,2,ok,67.05272931040045,2.025501737371087,3.540358998642275e-05,0.2,0.16,0.024127244987864678,0.1840916872024536,0.16261262138122942,0.16253190789032437,1
1034254,0,2,ok,63.44742306615666,2.0052924063056707,0.0006615590799625975,0.3,0.08,0.020485698666792392,0.2626713514328003,0.4167085057463704,0.41653425286041584,2
1041496,0,2,ok,76.51595329463515,2.3826641589403152,4.245663436326211e-08,0.1,0.49,0.03412813688388448,0.10944103449583054,0.011970781489798262,0.01575049662737061,1
1041636,0,2,ok,70.09145571221376,2.408185111358762,3.459476708645645e-08,0.1,0.02,0.013957931492796822,0.11747018992900848,0.004451390606220074,0.004580495256117077,3
1042678,0,2,ok,72.41626405690648,2.382860852405429,1.9018421249860174e-07,0.2,0.36,0.02614787514499918,0.19064560532569885,0.01751074104938475,0.02350612798637115,1
1044260,0,2,ok,69.35993375802349,2.405140271410346,1.6934246374253084e-06,0.4,0.16,0.02315779463686174,0.3619353175163269,0.04719888859751456,0.05080085024934683,1
1044542,0,2,ok,69.45308154821136,2.353366771712899,5.792185304419358e-07,0.4,0.08,0.019359977686552392,0.3571891486644745,0.02117911983983186,0.024421989067867005,3
1045340,0,2,ok,66.34258435941864,2.3186546191573143,2.2646374369304525e-05,0.5,0.08,0.018380088765375995,0.44167885184288025,0.04861821398073622,0.05199527730118587,1
1050865,0,2,ok,72.38489379697506,2.8438963275402784,1.8395335754302258e-07,0.1,0.08,0.02200184049489494,0.11733990162611008,0.009562359040238536,0.01016900000570578,1
1051067,0,2,no_surface,28.778102056928102,2.2164285723119974,6.104759183139368e-09,0.1,nan,nan,nan,nan,nan,0
1051329,0,2,ok,72.13053724783371,2.8449308034032583,3.577416814231173e-08,0.1,0.04,0.01976597382634551,0.12052184343338013,0.002608379404232635,0.0030858536462795294,2
1051611,0,2,drift_rejected,31.426691545750103,2.1598693635314703,1.6353104163781777e-07,0.2,nan,nan,nan,nan,nan,0
1052224,0,2,ok,69.87380376665658,2.9206529557704926,5.543728355718386e-08,0.2,0.04,0.016464631475198582,0.19815444946289062,0.006008362421416261,0.007114979808129373,1
1052698,0,2,ok,71.80060495093082,2.921240219846368,1.1531765676263106e-06,0.3,0.16,0.02611105396126149,0.2821851968765259,0.024912583327889315,0.028578332826307524,1
1052885,0,2,ok,71.72747298787411,2.9448782075196505,1.8955793808559594e-09,0.3,0.08,0.01994799886775306,0.27859118580818176,0.009719932782796448,0.01305165630352564,4
1055472,0,2,ok,65.73680471304331,2.924129555001855,1.6862024812977835e-07,0.5,0.04,0.014775983644938416,0.43330663442611694,0.029181271664034655,0.03683676855027551,2
1056175,0,2,ok,66.09466833402803,2.9352364353835583,1.4636989260900343e-09,0.6,0.04,0.014940004613877888,0.49359914660453796,0.013907452935446886,0.018731114391044006,2
1057183,0,2,ok,65.62629538128503,2.6246095821261406,1.1662128776168248e-08,0.7,0.04,0.015994403189354436,0.5439581871032715,0.016373194195506334,0.02186816976761364,1
1058687,0,2,no_surface,29.886500793852587,2.2143686562776566,2.7218667758378095e-09,0.8,nan,nan,nan,nan,nan,0
1060103,0,2,ok,75.07101261241691,3.3704992700368166,8.96665315039031e-09,0.1,0.16,0.026697920885748534,0.11538714915513992,0.005996070300439709,0.0079005191034024,1
1060481,0,2,ok,75.16548454940734,3.391178172081709,3.0138286723183993e-09,0.1,0.16,0.028055160052199168,0.11628513038158417,0.005429634726512121,0.007299128036972125,1
1062300,0,2,ok,70.47300448435439,3.286727814003825,2.0146792198718083e-09,0.4,0.08,0.018675052423407404,0.3594456911087036,0.013521082812350331,0.018197009401009875,3
1062397,0,2,no_surface,31.817315756861557,2.5325413662940264,8.776272122850847e-08,0.4,nan,nan,nan,nan,nan,0
1063354,0,2,ok,64.12658374733495,3.387383621186018,6.263625749568161e-07,0.5,0.04,0.01464428876708563,0.43335914611816406,0.029794377954114507,0.03455920957481003,1
1063801,0,2,ok,64.05643422730394,3.3730663154274225,1.9553557143667945e-06,0.6,0.08,0.018719852269182453,0.5057816505432129,0.06541129734033055,0.07770169258182828,1
1064653,0,2,ok,65.70271208449158,3.0912585239857435,7.761137138158568e-09,0.7,0.04,0.016207316216998124,0.5424056649208069,0.016130949185716906,0.02163428607924304,1
1067213,0,2,ok,71.4572799531539,3.813549568876624,1.6791869585044415e-09,0.2,0.25,0.029663991408379112,0.1890111118555069,0.046802018552435154,0.06299659252297778,1
1071780,0,3,ok,66.29458309135231,2.1642774548381567,0.0007640309409467807,0.1,0.16,0.025913738777923374,0.09651297330856323,0.31329453047974753,0.3129076961828143,2
1071881,0,3,ok,70.45045187675987,2.1694158613681793,0.0015143314696344494,0.1,0.36,0.043357943640855066,0.18252167105674744,0.23511736953347825,0.2385594860855975,1
1072026,0,3,no_axis,10.604861388356806,2.7122427374124527,0.0002344428280211149,0.1,nan,nan,nan,nan,nan,0
1072702,0,3,ok,64.74650225460748,2.1620095893740654,0.00026953348597060314,0.2,0.16,0.025007907982145954,0.1812313050031662,0.5090650389820179,0.5054901929727238,1
1072706,0,3,ok,66.37855072028715,2.2350348196923733,0.004911740251196792,0.2,0.25,0.03230264876307269,0.2920466661453247,0.5215799411070043,0.5408719226786306,2
1073360,0,3,ok,72.56475339730463,2.1595959924161434,1.1193121157398147e-06,0.2,0.25,0.030083066081858165,0.24941006302833557,0.032872723126999695,0.03715449916321895,1
1074061,0,3,ok,66.80237256639352,2.232395689934492,0.00020308831966906057,0.3,0.16,0.024556091424211,0.2795327603816986,0.18793002665317787,0.185064180979535,1
1074154,0,3,ok,67.92344086209782,2.229977011680603,0.0008406473919180809,0.3,0.16,0.027033644090821665,0.28235355019569397,0.15074276017596488,0.15078567276139915,1
1074998,0,3,ok,63.70123690841045,2.2163491547107697,7.594351576576624e-05,0.4,0.08,0.01831855754975809,0.37272295355796814,0.23164590113627906,0.23011044667066255,1
1075141,0,3,ok,64.17289011680998,2.2332012616097927,0.003961506870420967,0.4,0.16,0.023999080915288913,0.36180901527404785,0.8642892350515824,0.8618279688781223,1
1075607,0,3,ok,67.44106499032462,2.157661559060216,6.0179390196138446e-06,0.4,0.08,0.021529852228691373,0.37218332290649414,0.059071971311192864,0.060929507727544865,3
1076234,0,3,ok,62.75232176177451,2.1673318929970264,0.0017770207971893933,0.5,0.08,0.02273970518318725,0.4893808960914612,0.5981395942500625,0.5977839432206644,2
1076451,0,3,ok,66.54814249065295,2.2336934227496386,0.0022751682857587202,0.5,0.16,0.026435464097550637,0.42664390802383423,0.3480516877608937,0.35177933417559876,1
1076504,0,3,ok,67.48773369553925,2.160846158862114,1.2362275482856905e-05,0.5,0.08,0.02088367430270912,0.46638739109039307,0.04620698189424354,0.051629743332088585,1
1079643,0,3,ok,61.649513193856784,2.195786751806736,0.0021907658022957723,0.8,0.04,0.015410226494834858,0.692693293094635,0.6630756588380471,0.6644610102451685,2
1081408,0,3,ok,71.97139672345493,2.874954968690872,8.772861908708582e-05,0.1,0.36,0.04123612475686226,0.196129709482193,0.13652557010790287,0.1409697380544717,1
1081845,0,3,ok,72.25784344523049,2.8410962484776974,1.0236934833599447e-07,0.1,0.08,0.02194697527509621,0.10557883232831955,0.007500461131688439,0.008340288963330453,1
1081958,0,3,ok,75.93011867065053,2.9241451993584633,2.4083059091261536e-07,0.1,0.16,0.0305708595838493,0.12211557477712631,0.009321033337808794,0.01129496566553738,2
1081993,0,3,ok,69.5806907366867,2.8400209825485945,1.912356619419854e-06,0.1,0.08,0.02197326160191116,0.11767491698265076,0.027781351838768724,0.02844935894695865,1
1082251,0,3,ok,69.56895258729028,2.8432791326195,1.462209176104891e-05,0.2,0.08,0.021341055785685764,0.2049749344587326,0.05939264283543179,0.06126411231370764,3
1083588,0,3,ok,72.03432754506844,2.9256645496934652,1.4493024561076397e-06,0.3,0.16,0.028211102303700202,0.31436946988105774,0.033922577484543436,0.0386891096974308,2
1083972,0,3,ok,71.34032684689919,2.8728764578700066,1.2188465224083258e-07,0.3,0.16,0.02671298673205724,0.30346688628196716,0.01967466045615778,0.025610569841039623,1
1084198,0,3,ok,69.19816525673329,2.8403781726956367,3.001243688168217e-06,0.3,0.08,0.021687738462671,0.32555654644966125,0.02856263724077956,0.03145471241225079,1
1084223,0,3,ok,73.12556110785091,2.946884823963046,2.6886817737673285e-06,0.3,0.25,0.029452493193742015,0.27799323201179504,0.021753970535569288,0.029043432300785117,1
1086389,0,3,ok,67.90157979026333,2.926287727430463,7.606145898233101e-06,0.5,0.08,0.022084830209328277,0.4947356581687927,0.031905525465005996,0.03762213547685357,2
1087704,0,3,ok,65.69139979255893,2.8306287191808224,7.422005436129729e-06,0.7,0.08,0.02119409046468806,0.6139851808547974,0.06418996686960834,0.07069969263768207,1
1089536,0,3,ok,67.05223101443843,2.9191351570189,4.1258578871399465e-09,0.8,0.08,0.020365250506925506,0.6737956404685974,0.03294255729130986,0.04449135235458318,1
1091661,0,3,ok,68.11829397636407,3.4937167335301638,5.40155548044148e-06,0.2,0.08,0.02317851495263718,0.2711000442504883,0.07920800650308807,0.0786815511438025,3
1091867,0,3,ok,73.01818597355285,3.554660553112626,2.200961566937153e-06,0.3,0.25,0.028945057829217608,0.278825581073761,0.0301204401152173,0.0363945247676114,1
1093157,0,3,ok,59.997729184037226,3.3819950465112925,3.7927779260383305e-06,0.5,0.02,0.01300753259332121,0.4563165009021759,0.5411429850252991,0.5620116365987589,1
1094324,0,3,ok,65.03189592188097,3.390285747125745,1.5575538578142535e-08,0.8,0.02,0.011883432602609097,0.6612741351127625,0.017272467885438174,0.02260952400888285,1
1096704,0,4,ok,71.79740744726361,2.3466638177633286,1.1821390355723652e-05,0.1,0.36,0.03252701715879517,0.09431590884923935,0.08705421088066,0.08378607745838106,1
1096900,0,4,ok,73.9357667021701,2.401022518053651,5.285517214340081e-06,0.1,0.36,0.03339418499954923,0.09841613471508026,0.04042388886521878,0.04112752384391982,1
1097201,0,4,ok,73.871747902994,2.358423078432679,1.6568016551277033e-06,0.1,0.25,0.0302274942661055,0.10129500180482864,0.033631990330410866,0.03461696612668911,2
1097230,0,4,ok,73.06068112467646,2.399656379595399,1.0015196983821207e-05,0.1,0.25,0.03293968761718637,0.10631155967712402,0.06125506895244533,0.06123303849181765,2
1097565,0,4,ok,74.10205187836975,2.4054678473621607,1.7896281726611796e-07,0.1,0.36,0.03206204830060721,0.13953927159309387,0.021257177219100407,0.024958238427096175,2
1097882,0,4,ok,68.18524918030668,2.3526084292680025,0.000281551683349938,0.2,0.25,0.029781680929080796,0.20499145984649658,0.22255964014437918,0.21998429020562876,1
1098422,0,4,ok,69.12177595800233,2.351639796048403,0.00011040676607304193,0.2,0.16,0.031148578126477967,0.2415800392627716,0.16345249268443415,0.16577655654628037,2
1098744,0,4,ok,63.12539221858826,2.3227651305496693,1.723182731093415e-05,0.2,0.08,0.023676247202082622,0.3781205415725708,0.09128411742469864,0.0928846364442364,1
1100232,0,4,ok,70.37943757215858,2.3997606579214334,1.5499838687386618e-05,0.4,0.25,0.030194918862649425,0.3656192719936371,0.08411692923599579,0.08589578379261781,1
1101297,0,4,ok,64.91422967180702,2.3818747084587812,3.8492861622891995e-05,0.5,0.08,0.01996540529199488,0.4994578957557678,0.1498282067050806,0.15162352185234582,1
1103133,0,4,ok,63.94034254050162,2.32234138995409,0.004173096825204257,0.7,0.08,0.019036353941011427,0.6437620520591736,0.9270463763804577,0.9368448919480489,2
1103175,0,4,ok,63.80354450167539,2.384449787437916,0.0025245206046608593,0.7,0.08,0.0207475822463017,0.6646319031715393,0.36358239243302637,0.3674123293693395,2
1103537,0,4,ok,63.47007118895508,2.319382932037115,4.1843164365692286e-05,0.7,0.08,0.022394516199393005,0.6355823278427124,0.1557439838749262,0.1607010520787418,1
1104096,0,4,ok,63.65142906354093,2.321424378082156,1.571895837971419e-06,0.7,0.04,0.015898961368250017,0.6094576716423035,0.03870976168334142,0.04321112442779124,1
1107643,0,4,ok,67.05361338664557,3.3218772020190954,0.001220627875105965,0.2,0.16,0.0302809541753118,0.1967235803604126,0.2835707371047734,0.29242937491055515,1
1108311,0,4,ok,67.99976382823779,3.4043878074735403,2.0650486372921026e-06,0.3,0.08,0.022896090766092482,0.31695276498794556,0.0416970402931044,0.04460571905721223,2
1111519,0,4,ok,64.00094340308878,3.372216733172536,0.0010137730591116723,0.8,0.08,0.020843325059971766,0.7009451389312744,0.3949103851049244,0.3987292451479367,1
1112867,0,4,ok,71.7292436784262,4.289121525362134,3.9709681483967816e-08,0.1,0.36,0.035569166609064375,0.10414184629917145,0.07428206988765264,0.09399438102773967,1
1115929,1,3,ok,59.32832680335704,3.767042327672243,5.991797494830943e-11,1.3,0.02,0.011920476009604556,0.9293113350868225,0.03545159435211418,0.04490637299719128,1
1120274,1,5,ok,63.43997879472359,3.847208846360445,5.544156267478498e-06,1.4,0.16,0.023754707241031427,1.2249318361282349,0.35357236105925804,0.4581220050460862,1
1121113,1,5,ok,66.53634588393872,4.88150398619473,2.1266208643145222e-07,1.3,0.25,0.028299293587234414,1.2692440748214722,0.5826414845590541,0.7862019705809726,1
1121254,1,5,ok,61.98604880280795,4.81744116730988,0.0004339242496892627,1.5,0.08,0.019588166183226466,1.2016468048095703,0.8845567073625118,0.8920120265627061,1
1152690,1,3,ok,62.456157673742894,4.8926773481070995,2.7368160953808947e-08,1.7,0.16,0.019652588811701836,1.678374171257019,0.5125925418715703,0.6910029493871206,3
1153771,1,4,ok,61.91367278593734,4.150343572720885,2.216640794673077e-07,1.1,0.08,0.017828196333716535,1.023804783821106,0.3635968346483291,0.4903533452977437,3
1154034,1,4,ok,57.21822635003372,4.051376663148403,2.2428216922314065e-05,1.4,0.008,0.010211516934174141,1.095015048980713,0.2555194772394007,0.27300746628445627,2
1155887,1,5,ok,64.3383505294076,3.842369630932808,4.289994970852312e-05,1.4,0.16,0.023494842664512065,1.273340106010437,0.395886670780048,0.5119391541545516,1
1156557,1,5,drift_rejected,42.65087786122891,2.808042448014021,1.5902253487971381e-06,2.0,nan,nan,nan,nan,nan,0
1191197,1,5,ok,64.26855387599615,3.8241067677736282,0.0015783780080475037,1.1,0.08,0.020088150577261744,0.9618451595306396,0.487619216664995,0.542222387317876,2
1191939,1,5,ok,67.11142861359455,3.760436473414302,4.656453266493005e-06,1.8,0.36,0.03028231740544499,1.6941941976547241,0.6112385765391273,0.823254093888966,2
1257679,1,4,ok,61.64787201767753,5.105907708406448,9.97859785692277e-09,1.3,0.16,0.022514297210940015,1.13985013961792,0.1900011192641768,0.25697799713024155,1
1259070,1,4,ok,64.12237745586471,4.272741781547666,9.567374595025373e-09,1.1,0.08,0.01788867717590874,1.0395889282226562,0.18850197641205868,0.25430219624979916,4
1259625,1,4,ok,67.4255928798166,4.2692825347185135,1.771128228630234e-09,1.8,0.25,0.02608958216254988,1.7323870658874512,0.37944429492722226,0.509435368644564,5
1259725,1,4,ok,64.06896279753131,4.208234528079629,1.6388140589360578e-07,1.9,0.16,0.024016169431367012,1.6618356704711914,0.40992001601949823,0.5447306446429322,2
1261910,1,3,ok,61.50662137079201,4.672894034534693,4.803401869273708e-10,1.1,0.04,0.015182932202458043,0.905076801776886,0.060651691351840474,0.0815211708819483,1
1262434,1,3,ok,61.855440871381674,4.880347639322281,9.849982442095304e-10,1.9,0.08,0.0172149409915927,1.7345011234283447,0.13850992681043683,0.1844870230516419,1
1262886,1,3,no_axis,10.422838560806772,5.670605992898345,2.819461161274574e-07,1.5,nan,nan,nan,nan,nan,0
1264013,1,3,ok,62.736233889905144,4.284880684688687,3.173625049192599e-08,1.8,0.08,0.017034751156596938,1.555629849433899,0.14628908189222484,0.19376295538459778,1
1264746,1,3,ok,63.404517200877756,3.628530368208885,1.5312416922801088e-06,1.5,0.08,0.018069620663741973,1.2804450988769531,0.17642326209682296,0.22714704364510635,1
1265195,1,3,ok,63.01328980842974,3.5007536001503468,3.4651668406460036e-09,1.1,0.04,0.016633577594867926,0.883700966835022,0.06280393430633308,0.08418544814280235,1
1265210,1,3,ok,61.905952240147954,3.002536652609706,1.6386510364226664e-09,1.1,0.04,0.015434428486117181,0.8836377263069153,0.058349702173177,0.07863561430204509,1
1265512,1,3,no_axis,10.112680704493881,4.576886720955372,3.358077924293686e-07,1.7,nan,nan,nan,nan,nan,0
1266122,1,3,ok,62.74948415704591,2.8393309116363525,7.79221842994819e-06,1.5,0.08,0.019426401856883484,1.2640838623046875,0.19743880627610555,0.24926720672777503,1
1266321,1,3,ok,63.927033374050204,2.884867211803794,5.397154210254301e-08,1.1,0.04,0.016659065963950608,0.8973385095596313,0.07487615229887144,0.09403837680435935,2
1292588,1,4,ok,67.4387195383555,6.127534365281463,8.788898048639316e-09,1.7,0.36,0.030560219315733182,1.6542738676071167,0.3382656969292624,0.4568221012009414,1
1292912,1,4,ok,64.56142433327172,5.220609189942479,2.368454747239786e-07,1.5,0.25,0.027375655821652512,1.4551570415496826,0.31668405050817,0.4267570528844096,2
1293894,1,4,ok,61.06066353720635,4.140172401443124,8.488947388189358e-07,1.4,0.08,0.017459845539492383,1.1609758138656616,0.1339668626712,0.1765789390767099,1
1294747,1,4,ok,63.520299435235074,4.265855131670833,1.747271536042991e-07,1.3,0.16,0.022795823555034945,1.1626261472702026,0.200249974610061,0.27042784578279605,2
1295709,1,4,no_surface,27.997240824834275,2.445312298834324,4.1403804101245995e-06,1.4,nan,nan,nan,nan,nan,0
1296257,1,4,ok,64.84453492537654,3.326817786321044,3.799420207915848e-07,1.1,0.16,0.024287541761122355,1.0522103309631348,0.2731963561433457,0.3680659620337392,1
1296357,1,4,ok,65.25790813162654,3.3708218224346638,2.0784879358960062e-07,1.3,0.25,0.026657823827459338,1.2461066246032715,0.28394148302373967,0.38332280360529547,1
1296412,1,4,ok,61.72971410946165,3.006066855043173,1.0774039556241634e-07,1.3,0.16,0.020179920460469066,1.1786080598831177,0.17825632085475046,0.24087888563525345,2
1296578,1,4,ok,64.85529733116499,3.326342822983861,9.5410007212876e-05,1.8,0.16,0.021423026253247945,1.5584765672683716,0.42884013596208886,0.5290059889973915,3
1297541,1,3,flux_rejected,44.88779483581059,3.7303647492080927,1.8721533670592446e-07,1.3,0.02,0.012599569000415225,nan,nan,nan,1
1298937,1,3,drift_rejected,44.416480931062665,3.0550668463110924,5.970909857196581e-08,1.1,nan,nan,nan,nan,nan,0
1300737,1,3,ok,60.76278426689875,3.176672078669071,1.9137828820116804e-07,1.1,0.02,0.012006566991473715,0.8561955094337463,0.048927066457743335,0.06239445268347577,2
1328273,1,4,ok,65.69191525036379,6.106223424896598,2.9297993062332565e-07,1.9,0.25,0.02567344285541771,1.7873088121414185,0.3073767348641739,0.41304929525454576,2
1328303,1,4,ok,63.22369113770661,5.179908351972699,2.687947293137394e-06,1.2,0.16,0.023573285847697967,1.1143878698349,0.2559402746784584,0.3351513316508888,1
1329025,1,4,ok,65.65753065252339,5.176920898258686,1.5514166629094353e-05,1.8,0.25,0.02577570321148575,1.6486858129501343,0.3864068129190422,0.5005225414347314,1
1331483,1,4,ok,58.99636956806461,3.135837960988283,1.3046815675156802e-05,1.5,0.08,0.017096699345914842,1.2060155868530273,0.16486658666737913,0.1944446290427886,1
1331495,1,4,ok,58.83443626829112,3.319240527227521,8.087394150641142e-06,1.5,0.08,0.017022332645417353,1.210525393486023,0.16073961632470396,0.19146328616215294,1
1333868,1,3,ok,62.1228424530001,4.28439424186945,8.715247849403181e-05,1.4,0.16,0.023197176709614107,1.270913004875183,0.2890396770396128,0.338958051635146,1
1337474,1,3,ok,59.140493533964836,2.5681666415184736,1.128945276724493e-05,1.1,0.02,0.012965480075906553,0.8384610414505005,0.12545425979368438,0.13181148801375656,2
1337624,1,3,no_axis,10.73421009863488,3.767878582701087,0.00010513242481917738,1.7,nan,nan,nan,nan,nan,0
1406563,1,3,ok,64.80311612011229,4.932297319173813,8.835410328403884e-10,1.4,0.16,0.022092964396085147,1.3435213565826416,0.17708102540931522,0.23821387537386618,1
1410225,1,3,ok,63.21764675218191,4.276622299104929,6.826521438531315e-10,1.7,0.08,0.016898562338060447,1.5481542348861694,0.14312642983651544,0.1911406597026918,2
1415695,1,3,ok,64.46629181965734,2.8407321367412806,5.661347047005855e-06,1.5,0.08,0.019970998809048054,1.2544151544570923,0.20600789036449108,0.2576373313123374,2
1438526,1,2,drift_rejected,41.861865092892295,2.447623463347554,3.104471333035604e-07,1.4,nan,nan,nan,nan,nan,0
1444976,1,3,ok,59.31144156641094,4.142204269766808,1.819914827161519e-05,1.4,0.08,0.017273573786463922,1.248986005783081,0.31748168423582923,0.34442927039280713,2
1445287,1,3,no_axis,10.229521309695272,5.672233523800969,3.0494115545014807e-07,1.5,nan,nan,nan,nan,nan,0
1445784,1,3,ok,59.09382453990253,3.6227352526038885,2.639129748981456e-07,1.7,0.16,0.0209522178180307,1.6265491247177124,0.13689304270388392,0.18329135551366038,1
1446077,1,3,ok,63.53855654751469,4.29125221259892,1.231054332157e-08,1.8,0.16,0.019760318398377365,1.769731044769287,0.10899443742702217,0.14685104828823906,2
1446116,1,3,ok,64.52360509436117,4.152358716353774,1.0900843382009938e-08,1.8,0.16,0.019361963799254117,1.7711000442504883,0.10222121466741411,0.13770232968697801,3
1448188,1,3,no_surface,28.30046705691259,2.596173904836178,1.4805157464168516e-08,1.1,nan,nan,nan,nan,nan,0
1448331,1,3,ok,59.161639599645255,3.0026307702064514,9.1691917585693e-08,1.2,0.02,0.012229334476373484,0.9006550908088684,0.039906709273103066,0.052348387874726496,1
1449278,1,3,no_axis,9.759681336344423,4.7313372194767,4.355303016913643e-07,1.7,nan,nan,nan,nan,nan,0
1449860,1,3,ok,63.3338453393315,3.548240054398775,1.3722567822955952e-07,2.0,0.16,0.021226163907709303,1.812951922416687,0.13606824785750218,0.18233652537979672,1
1451364,1,3,ok,63.921993467389214,2.8461007829755545,0.00010197504930656014,1.6,0.08,0.018237006906107935,1.2990256547927856,0.30608295342312375,0.33877386231438383,2
1477224,1,3,ok,58.532035099747844,4.125669518485665,3.0858702169377714e-08,1.1,0.04,0.013857779139172187,0.8980889320373535,0.055920023152245396,0.07485570384934162,1
1478215,1,3,ok,58.30220775835899,4.329751620069146,9.017317637551531e-07,1.7,0.16,0.0210860917885046,1.6401466131210327,0.14526339483785336,0.19030644590461715,1
1481352,1,3,ok,61.10084719314205,4.210823219269514,8.825834021234102e-07,1.7,0.16,0.020528806197164445,1.5567463636398315,0.1389351369705035,0.18376569161420728,2
1512838,1,3,ok,58.42855522366401,4.19386119954288,6.121146917015877e-08,1.1,0.04,0.013084926103446448,0.9112206697463989,0.05484086752427434,0.07297421720605136,1
1513488,1,3,ok,65.31582111298798,4.9506627302616835,4.5806025049541636e-06,1.5,0.25,0.025750918617640575,1.372498631477356,0.18594642279174342,0.24652318000327364,1
1513993,1,3,ok,55.99160352626061,4.985181022435427,2.9892730122508575e-06,1.8,0.08,0.01421172627036833,1.7600736618041992,0.11597973810462697,0.1397638959265119,1
1514272,1,3,no_surface,38.70532254711238,3.4601099863648415,4.422990101163012e-05,2.0,nan,nan,nan,nan,nan,0
1516176,1,3,no_axis,11.03246681954766,5.475430756807327,3.240979305965521e-05,1.4,nan,nan,nan,nan,nan,0
1548548,1,3,ok,67.10832258135582,4.960749862715602,4.5102163244953845e-09,1.2,0.16,0.022592708077611295,1.1559244394302368,0.1807858288156661,0.24319333509194,4
1555958,1,3,no_axis,10.017712229825072,4.647729139775038,4.353487565511298e-08,1.7,nan,nan,nan,nan,nan,0
1556373,1,3,ok,63.92557269488551,3.5092207845300436,3.9533752880884343e-07,1.9,0.08,0.016981703079701767,1.5765892267227173,0.14463598340052897,0.19148333335435994,3
1559423,1,4,ok,62.626463052840144,6.105285791680217,1.3420092773518066e-07,1.7,0.16,0.023194089555132087,1.5909312963485718,0.3808584232733123,0.5104776910292361,2
1560321,1,4,ok,66.62635383231034,5.175627533346415,6.451741690134006e-08,1.1,0.25,0.02928088956992555,1.0433104038238525,0.3580037887799887,0.48276008468700665,1
1562092,1,4,no_axis,10.300011250671426,6.8645251505076885,5.729281797894462e-09,2.3,nan,nan,nan,nan,nan,0
1563043,1,4,ok,65.99258812006025,4.274620169773698,1.5196636829071384e-09,1.2,0.25,0.027935033069470344,1.1367216110229492,0.3011274477711032,0.4068519949771762,1
1564160,1,4,ok,67.04095069496536,4.162014355883002,1.9779546442393155e-08,1.7,0.25,0.027047827806857227,1.617072343826294,0.4144801467505871,0.5559056440350691,4
1566827,1,4,ok,62.46346962968068,3.3741642963141203,3.3774799185172065e-08,1.3,0.04,0.01471515027500397,1.0841575860977173,0.10741069826047348,0.14456597604896776,2
1567152,1,4,ok,61.13566289363971,3.3703819774091244,1.2286604690729e-07,1.5,0.04,0.015321992864975846,1.1671944856643677,0.08908801934926334,0.11934944801102619,1
1567433,1,4,ok,65.82850955392404,3.407978445291519,4.478893551313454e-08,1.7,0.16,0.022195645039448056,1.5472999811172485,0.3698194261211364,0.49181948169650697,4
1568415,1,4,no_axis,10.214782498599027,4.317734904587269,1.6011411019256376e-08,2.3,nan,nan,nan,nan,nan,0
1569836,1,5,ok,65.2597591794046,6.021537266671658,1.4956430171449292e-07,1.4,0.25,0.026302309111967525,1.3470723628997803,0.4624811610343649,0.6233920143333433,1
1570256,1,5,drift_rejected,42.351970144355334,4.3263946902006865,2.5853111821461047e-07,1.9,nan,nan,nan,nan,nan,0
1571463,1,5,ok,66.41720306080533,4.8838776014745235,3.23408556189632e-07,1.4,0.25,0.027298135679935668,1.3517793416976929,0.4888201321862192,0.6585848491802485,3
1571703,1,5,ok,64.11211783484337,4.945051206275821,1.5427826435347626e-08,1.5,0.25,0.024523932902561732,1.425744891166687,0.3919375614074397,0.5285141978947729,1
1573000,1,5,flux_rejected,47.90008029200443,4.046239396557212,0.00010902941142699595,2.3,0.002,0.007203168267396932,nan,nan,nan,2
1573621,1,5,ok,63.90414911789204,3.705716360360384,3.827946508831451e-06,1.1,0.08,0.019996451865570492,1.0020127296447754,0.3365069512324366,0.44095984219177436,1
1575133,1,5,no_surface,36.16957084945962,2.7318706698715687,6.79275452164399e-07,1.8,nan,nan,nan,nan,nan,0
1575253,1,5,ok,56.48699807045149,3.2822033278644085,4.013103413252368e-08,1.8,0.08,0.016568219031379276,1.449808120727539,0.23217109198607702,0.27459300232108874,1
1575320,1,5,ok,53.145293612500396,3.022908529266715,1.0294356108014338e-06,1.9,0.04,0.013198239073658717,1.4438674449920654,0.16472296250414636,0.19430531062831238,1
1575645,1,5,ok,59.05496382124302,3.5379515197128057,6.969298298535691e-05,2.0,0.02,0.013920949553213751,1.4218987226486206,0.20843981628623773,0.22420507265405032,1
1584166,1,3,ok,58.31282971237633,3.9074853770434856,2.043785662932293e-09,1.2,0.04,0.013456370309271716,0.950713038444519,0.04734533087926408,0.06346035566785949,1
1584922,1,3,ok,55.637802973352535,4.950314659625292,5.929951912325575e-07,1.7,0.08,0.015148030273608174,1.5815932750701904,0.11933919786294853,0.15598704118199416,1
1586957,1,3,ok,58.103388315873374,3.3886287603527308,1.134457945201412e-08,1.2,0.02,0.010859763540275846,0.9231781959533691,0.03635365684548892,0.04858128911774769,1
1587186,1,3,ok,64.68477045841752,4.203536152839661,3.474838442696509e-08,1.3,0.25,0.02626634545615308,1.265408992767334,0.1497689356365905,0.20213399537473636,1
1587490,1,3,no_surface,29.832048840267657,3.092080745846033,1.3329617667306662e-08,1.4,nan,nan,nan,nan,nan,0
1587598,1,3,no_axis,10.129700244008172,5.557947143912315,7.587467709761679e-07,1.5,nan,nan,nan,nan,nan,0
1588900,1,3,ok,61.842919278058176,4.270631717517972,9.385082714225842e-07,2.0,0.08,0.017424496507911055,1.8467782735824585,0.13441004129490036,0.17527138962112065,2
1589053,1,3,no_surface,38.46074514056111,3.0936456862837076,3.894668665176771e-06,2.1,nan,nan,nan,nan,nan,0
1590909,1,3,ok,63.89773041440695,3.501808363944292,4.6055574959088936e-08,1.3,0.25,0.02705094973088891,1.2621076107025146,0.1451359233669661,0.19581287098060218,1
1593364,1,3,ok,59.67176976141083,2.5463465098291636,1.474943274406897e-06,1.1,0.008,0.008900393576518738,0.8129937052726746,0.06364531140509151,0.06854932413938987,1
1593653,1,3,ok,59.639051264586385,2.8790763691067696,0.00037842162153586,1.5,0.04,0.014012563765007535,1.223279356956482,0.35776288712639437,0.3713243017760984,2
1596862,1,4,no_surface,42.93928567347205,3.693311193957925,5.249892994094212e-08,1.7,nan,nan,nan,nan,nan,0
1599214,1,4,ok,65.02043881199005,4.268935177475214,1.9870555429507613e-06,1.5,0.25,0.027376112958733437,1.417670726776123,0.38665631921720356,0.5179535791001053,2
1602187,1,4,ok,62.04225827932832,3.3741177078336477,9.285918439941494e-06,1.2,0.04,0.015578464398632166,1.0030839443206787,0.17556803800181486,0.20727305599121387,2
1602361,1,4,ok,62.38497111710885,3.282119756564498,7.912127410759215e-05,1.3,0.04,0.016004568776192347,1.1050244569778442,0.282547593733132,0.30895313277244607,2
1602538,1,4,ok,64.63935317209881,3.319503152742982,1.1101073275681772e-06,1.4,0.25,0.026417600871621923,1.3514752388000488,0.29993925441007807,0.40262166813933814,1
1606787,1,5,ok,66.43548910111701,4.852276287972927,1.622112540532648e-06,1.2,0.25,0.029611652620007037,1.1591941118240356,0.5932372385274355,0.7984339468241269,1
1608206,1,5,ok,66.07005024178964,4.884335145354271,4.177109530276312e-05,2.1,0.25,0.027434317858592246,1.773024559020996,0.8118925046230467,1.031703749029117,2
1610109,1,5,ok,67.22560660953584,3.8530208859592676,9.735400454690354e-07,1.5,0.36,0.030931256759647134,1.4578286409378052,0.6193228780325404,0.8363970660612612,1
1610249,1,5,ok,61.08647907339997,3.356083082035184,6.390300305473272e-05,1.6,0.16,0.023021363507691395,1.3744488954544067,0.4565200487279507,0.532800423276509,1
1610599,1,5,ok,59.68389219444566,3.7144037280231714,9.081029575294762e-06,1.7,0.16,0.021353311584184152,1.477876901626587,0.3087210067438818,0.38270782514877666,1
1610911,1,5,drift_rejected,44.148077561955915,2.764654077589512,3.082915328212921e-05,1.9,nan,nan,nan,nan,nan,0
1611665,1,5,drift_rejected,44.76807493660521,2.7222264297306538,2.279415199423163e-06,2.2,nan,nan,nan,nan,nan,0
1611825,1,5,ok,67.86080374861196,3.8358176816254854,3.348497433478151e-06,2.3,0.36,0.02959045876499321,2.1785082817077637,0.6173529520006796,0.8264374601110721,4
1612453,1,5,no_axis,10.248346732838993,4.931272877380252,2.9363996973806316e-06,2.6,nan,nan,nan,nan,nan,0
1623052,1,3,ok,63.59280904422185,4.148402718827128,8.367641198005314e-08,1.4,0.25,0.02658594846324927,1.3619976043701172,0.1343439597873727,0.1798205190851234,2
1624219,1,3,ok,58.52594249071598,3.7238551769405603,1.3706671997908268e-06,1.9,0.08,0.015220839456807298,1.8144065141677856,0.11247867600823705,0.1424560992066347,2
1625170,1,3,drift_rejected,41.92461913235598,3.0918285567313433,2.1524819472062305e-06,2.3,nan,nan,nan,nan,nan,0
1627179,1,3,ok,60.77336715803735,3.5515807401388884,3.7750122519703675e-05,1.7,0.08,0.015702971243126425,1.5504337549209595,0.3206441276883066,0.339196640017851,2
1630366,1,4,ok,61.41799415918266,6.126458516344428,6.668754051282583e-07,1.4,0.16,0.021384835486339883,1.2524489164352417,0.1806654566501659,0.24204323611790982,1
1631837,1,4,ok,61.72747213425184,5.177985949441791,6.405310490394492e-07,1.3,0.16,0.021369087636759227,1.1989688873291016,0.20240051097918316,0.27223895929979275,1
1635030,1,4,no_surface,39.767635465605494,3.049190826714039,8.432451595932704e-05,1.6,nan,nan,nan,nan,nan,0
1636140,1,4,ok,67.58896410377355,4.1426138412207365,5.1204717812077214e-08,2.0,0.36,0.029622956065376165,1.897588849067688,0.32413775525092625,0.4365176503574142,1
1636360,1,4,no_axis,10.117573473431053,5.637178493663669,3.425334025389048e-07,2.1,nan,nan,nan,nan,nan,0
1636480,1,4,no_surface,39.085547206637735,3.04530349932611,0.0010639953859032597,2.2,nan,nan,nan,nan,nan,0
1638190,1,4,ok,59.14091831584787,3.395693575963378,4.050726104025046e-06,1.4,0.08,0.016555793757380807,1.18584144115448,0.15299320011240908,0.1900327522036573,1
1638237,1,4,ok,56.48083251864193,3.1800410207360983,0.0003165596815033928,1.5,0.008,0.008811667317880603,1.2384302616119385,0.32053708329369424,0.3249664083370253,1
1638259,1,4,ok,59.58933742561459,3.005138248205185,3.163284067732305e-05,1.5,0.08,0.01841647417549457,1.1989712715148926,0.26147789772388713,0.28374772131905757,1
1638661,1,4,ok,68.00502903309969,3.272808078676462,2.449090500201592e-06,1.7,0.36,0.03006656773829489,1.582572340965271,0.35891101022091426,0.4815406919361688,1
1638880,1,4,ok,64.93034402160222,3.2791834585368633,1.5162670176391909e-05,1.9,0.25,0.025567462518640897,1.6712285280227661,0.3353007829503426,0.4432733003447276,2
1641251,1,5,ok,56.20208167519678,5.084354231134057,5.706048989129036e-05,1.7,0.16,0.02021502487475941,1.5743191242218018,0.6201433589183107,0.6643222512634392,2
1644900,1,5,ok,59.68181869302527,3.165355771780014,1.6636789021728197e-05,1.1,0.36,0.027303382100966764,1.0852746963500977,0.46902295751586015,0.6264406140788583,1
1658344,1,3,no_surface,41.64354877692793,3.0108766984194517,4.2778824719469475e-07,1.3,nan,nan,nan,nan,nan,0
1658581,1,3,ok,65.95215212961233,4.287743823602796,2.583280275617006e-05,1.4,0.25,0.024639944714649115,1.2948722839355469,0.19548005072768573,0.24497207844211888,1
1658638,1,3,ok,63.77934691719791,3.830859625712037,1.4318961746046647e-07,1.4,0.25,0.026502050729999307,1.353927731513977,0.12753928700317124,0.16978783869412556,1
1659381,1,3,ok,65.33586397840834,4.293637000024319,3.572223422607863e-07,1.7,0.25,0.02377488762652731,1.63190495967865,0.1301062271623127,0.17430633899809908,2
1662409,1,3,ok,63.46617527430253,3.6032684054225683,8.183584919651778e-05,1.5,0.16,0.02107575459058908,1.3323851823806763,0.26412319507126514,0.3017778322188803,1
1667568,1,4,ok,62.80730919968243,4.607856905087829,1.5594000495364572e-06,1.4,0.16,0.020966335378705063,1.2999231815338135,0.19485195776862552,0.25925873667968036,2
1669411,1,4,ok,60.77526222947748,4.202443435788155,0.00017076616556560193,1.1,0.08,0.018560214312253492,1.0283358097076416,0.5009015394165695,0.5296323966104364,1
1669413,1,4,ok,64.3017087578879,4.285082379356027,6.0563026465482864e-05,1.1,0.16,0.02487240272144443,1.0205285549163818,0.4607380039531383,0.5253182222951144,1
1669455,1,4,ok,62.54356619042718,4.2837047800421715,1.1529692628131357e-05,1.1,0.08,0.01763743677849256,1.0233017206192017,0.25142079562277764,0.30330779605618163,1
1669746,1,4,ok,63.772377382703425,4.184652162715793,2.3649968571376316e-06,1.2,0.16,0.02334857275728423,1.125012993812561,0.24598943819662417,0.3283572681653126,1
1670465,1,4,ok,67.34955671157549,4.201803943142295,6.034967422621021e-07,1.5,0.36,0.030478613258658412,1.4354618787765503,0.3314640957368969,0.44740424487667113,1
1670972,1,4,ok,66.90426316723094,4.260822832584381,2.493814611528451e-06,1.7,0.36,0.030722612090413312,1.560492753982544,0.3432256783645492,0.4624314848683839,1
1673855,1,4,ok,66.36045473849255,3.285148274153471,6.224988065164905e-05,1.5,0.36,0.03157384218442493,1.3824026584625244,0.4730277927072,0.5889772646428548,1
1674487,1,4,ok,64.0277284773821,3.2813588306307793,0.0001169187165309143,1.9,0.25,0.025631417752676855,1.7303476333618164,0.43076209127871373,0.519988022823317,2
1680459,1,5,ok,54.9172636369841,3.023834876716137,0.00014608849991513948,1.1,0.08,0.02231984915766938,1.0239797830581665,0.9455787303463083,0.9927174652961128,1
1681242,1,5,ok,65.02429837557884,3.7196354623883963,0.0003373273621131817,1.5,0.25,0.026464188020370524,1.4406040906906128,1.1428648065061096,1.2314984268194153,1
1682103,1,5,flux_rejected,46.85595161885675,2.923529190942645,0.0008512735803758106,1.9,0.02,0.010502458152730569,nan,nan,nan,1
1682174,1,5,ok,67.60855249887376,3.826056055724621,2.4643646554096528e-05,1.9,0.36,0.030358785269820637,1.862093210220337,0.573687755070102,0.7631032365990319,2
1691324,1,3,ok,61.386626576300465,4.98367203399539,2.4905634291268115e-08,1.5,0.08,0.01825044957479454,1.3456003665924072,0.16930432044138718,0.22217180750947557,1
1693463,1,3,ok,62.852916715270915,3.8315309826284647,3.5521215074714765e-10,1.1,0.04,0.01434016654317616,0.9216736555099487,0.0598733530369854,0.08029301377805657,2
1695384,1,3,ok,62.83124978134313,4.198456566780806,5.82828538191598e-10,1.9,0.08,0.017040652000163435,1.7416046857833862,0.13226559252272388,0.17736750201104806,1
1697362,1,3,ok,64.53301896725935,3.554572517052293,4.442514544106552e-07,1.2,0.08,0.017883383585130728,1.0996919870376587,0.17030516247851776,0.21611149310508795,3
1700524,1,3,no_axis,10.170053315766546,3.793403895571828,3.29227465405181e-07,1.7,nan,nan,nan,nan,nan,0
1700677,1,3,ok,61.264823588355775,2.840514937415719,2.87533031032317e-07,1.9,0.04,0.013838495312313426,1.5054670572280884,0.1407862314995027,0.1743195570998238,1
1701379,1,4,ok,63.954592850366424,5.935263449326158,7.617029640782275e-09,1.2,0.16,0.023667856669744,1.1194133758544922,0.23870229127902529,0.3224914507435126,1
1701533,1,4,ok,66.9468328888267,6.13308135420084,3.293748112750237e-09,1.4,0.25,0.027938771478791896,1.3636274337768555,0.41553006791065916,0.5584371673352548,3
1702495,1,4,no_surface,38.20321963689095,4.306990968063474,1.5996900312720583e-07,2.5,nan,nan,nan,nan,nan,0
1702586,1,4,no_surface,29.056047122237338,4.326357360929251,3.574994201472705e-08,2.6,nan,nan,nan,nan,nan,0
1703299,1,4,ok,56.90057397634652,5.106399724259973,1.1539884075089401e-07,1.5,0.04,0.014663559062947779,1.169280767440796,0.09644724140437184,0.12405080477340864,1
1704424,1,4,no_surface,39.24080804920185,3.6031252071261406,3.6928797535366265e-08,2.3,nan,nan,nan,nan,nan,0
1705033,1,4,ok,64.10978709541236,4.144922351464629,2.5677140570203393e-08,1.1,0.16,0.024697769807855374,1.019349217414856,0.257868381476034,0.34695886221518746,1
1705411,1,4,ok,65.13570201007553,4.145629681646824,1.191509847705899e-09,1.2,0.16,0.022933330400936952,1.1252878904342651,0.23783496724200245,0.3212925927811867,2
1707980,1,4,no_axis,10.273077585989464,5.667054144665599,1.8272109671594337e-07,2.3,nan,nan,nan,nan,nan,0
1708287,1,4,drift_rejected,42.69966771984906,3.000434475019574,3.288816269580327e-06,2.4,nan,nan,nan,nan,nan,0
1708894,1,4,ok,63.17963279824952,3.370677275583148,4.719026142179581e-08,1.1,0.08,0.018449187357498578,1.007568597793579,0.18589239603097235,0.24950415712792273,1
1710671,1,4,ok,63.97815831505805,3.3247603327035904,1.2565172996720965e-07,2.3,0.08,0.016864502662954556,1.7966853380203247,0.2982572360512694,0.3886794249809168,3
1712159,1,5,ok,65.32097963107543,6.102856172248721,9.389509309999345e-08,1.4,0.36,0.02733127408282537,1.378452181816101,0.47594330241671445,0.641222584019808,2
1712301,1,5,ok,63.107453984679886,5.931647626683116,1.5658765254015263e-07,1.6,0.25,0.025225718044158567,1.5126543045043945,0.38218955484886385,0.5123382181236235,1
1712687,1,5,ok,59.43543264261374,5.618567356839776,0.00015799519836578733,2.0,0.02,0.014814438148509046,1.4012608528137207,0.2961190227811873,0.3212042897501684,1
1713560,1,5,ok,64.82486819792666,4.879315024241805,1.1799718299755271e-08,1.2,0.16,0.02474734156307464,1.1704005002975464,0.47805113878205885,0.6450352325563787,1
1713949,1,5,no_surface,28.256758648509805,3.438806725665927,1.6866596870300647e-06,1.5,nan,nan,nan,nan,nan,0
1715218,1,5,no_axis,10.314075589948477,6.436963992193341,8.419401005484468e-06,2.2,nan,nan,nan,nan,nan,0
1715715,1,5,no_axis,10.44304308872623,6.532546626403928,6.9025864440424865e-06,2.5,nan,nan,nan,nan,nan,0
1716104,1,5,ok,64.87402384146,3.84342572838068,1.2846276298099847e-07,1.1,0.16,0.024968859046235133,1.0686756372451782,0.479427180915327,0.6473180385588526,1
1726489,1,3,ok,57.82129565137093,3.7958777230232954,2.7819776384609426e-09,1.2,0.04,0.013634055230956666,0.9495994448661804,0.0478562393445161,0.06413658325726125,1
1726784,1,3,ok,60.605098624437815,4.879805451259017,1.0522045413894058e-07,1.4,0.16,0.020943179689581624,1.3579574823379517,0.13409323991189726,0.17928116641281294,2
1727320,1,3,ok,61.408649063854625,4.823253098875284,6.28692992694696e-08,1.7,0.16,0.020247419945658016,1.642795443534851,0.12230794125088114,0.16412652710518544,2
1727331,1,3,ok,61.495052335122324,4.880960339680314,7.293110315716434e-08,1.7,0.16,0.02076765797522964,1.664498209953308,0.13229705197088334,0.1778253818383698,1
1727454,1,3,ok,60.08580168957849,4.888080110773444,1.7864504558563712e-07,1.8,0.16,0.021491089011892294,1.677866816520691,0.14284375908468439,0.19090887883604682,1
1729109,1,3,ok,61.551047132713876,3.6170344594866037,6.327263606756042e-09,1.1,0.04,0.014632645145305915,0.8920395374298096,0.0568417094574254,0.07657829764979927,1
1730016,1,3,no_axis,10.274601277402551,5.638653369620442,2.3350058900960963e-08,1.5,nan,nan,nan,nan,nan,0
1731421,1,3,ok,59.464461197001775,3.7423006426542997,1.9185191283677854e-06,2.1,0.08,0.018602144811252073,1.854987382888794,0.15769110226497002,0.19952060774829472,1
1732777,1,3,ok,57.76335822759502,3.087995272129774,5.087190930838314e-07,1.1,0.02,0.012739580968951798,0.8267293572425842,0.05854946327921979,0.07043539274536773,1
1733047,1,3,ok,59.76371392117761,3.251605872064829,2.911574027850314e-08,1.2,0.02,0.011507002113558032,0.9131984114646912,0.03748674809864829,0.049981029692682574,1
1733628,1,3,ok,64.94690776707289,3.497112810611725,3.5446844045564133e-06,1.5,0.16,0.02208353356809334,1.3479002714157104,0.18990535514822207,0.2513068129364073,1
1735679,1,3,ok,61.06653500849764,2.621627913787961,2.5886223927391065e-06,1.1,0.008,0.008943953952223093,0.8065943121910095,0.06698815198650422,0.07172467022144863,1
1737589,1,4,ok,67.2750854897149,6.017650227993727,6.9630339827016385e-09,1.9,0.36,0.03096246032336672,1.8391478061676025,0.3360785026362756,0.45345077695010527,1
1738925,1,4,ok,67.99494074860331,5.213410280644894,1.0464419943456008e-08,1.5,0.36,0.030543642871024995,1.4667956829071045,0.34335401554595785,0.46380413717315705,2
1739363,1,4,ok,67.49964087918866,5.174761349335313,5.458530471653346e-09,1.8,0.36,0.03000155859862768,1.7480939626693726,0.328522159295027,0.4435274579268374,1
1739733,1,4,no_axis,10.283587326071707,6.945407688617706,2.477573795901828e-07,2.1,nan,nan,nan,nan,nan,0
1740755,1,4,ok,62.96144776590049,4.152440179139376,7.633084499799181e-08,1.1,0.08,0.017696772867831195,1.0302073955535889,0.18607858266657662,0.25067120145151855,3
1742812,1,4,ok,67.20537124299037,4.192723032087088,1.2974471378940488e-06,2.0,0.25,0.025879559388848065,1.755890965461731,0.3736125447539975,0.4984481924249574,4
1743945,1,4,drift_rejected,35.22778663564154,3.009127639234066,1.2787570356616586e-05,2.5,nan,nan,nan,nan,nan,0
1744190,1,4,no_surface,36.27551655181185,3.1059354562312365,2.8454557856170365e-05,2.6,nan,nan,nan,nan,nan,0
1744414,1,4,ok,62.9059451714988,3.392719654366374,2.7846045268724262e-06,1.1,0.16,0.0253234306631378,1.035595417022705,0.27998813897405195,0.37396221084785586,1
1744626,1,4,ok,62.218012289833815,3.393571639433503,4.889926789554024e-07,1.2,0.08,0.01780408199567144,1.0818945169448853,0.16767445725459093,0.22461075318416904,1
1745400,1,4,ok,68.34299903569598,3.281383667141199,5.383818089644351e-07,1.7,0.36,0.029721342241741333,1.633530616760254,0.36361634377117585,0.4896237460119774,3
1745455,1,4,ok,65.79909420396052,3.3808889146894217,4.5449520339016366e-05,1.8,0.16,0.021544381059069074,1.522879958152771,0.38296665901045995,0.4903272498643567,4
1745521,1,4,flux_rejected,45.10484528695949,2.7606428246945143,2.4097317112166617e-05,1.8,0.002,0.00696517243698642,nan,nan,nan,2
1748931,1,5,ok,60.38924273512305,4.5855244230479,2.234066670756492e-06,1.1,0.08,0.019974143185137395,1.0755879878997803,0.352774064199345,0.4701341359620059,1
1749312,1,5,ok,66.04056449494709,4.819341596215963,9.918126408447922e-07,1.3,0.25,0.028248129907075314,1.26621675491333,0.5784546520546746,0.779778306022412,1
1750064,1,5,ok,55.83832223693157,4.165469203144312,1.20203954175439e-05,1.8,0.08,0.01524651795468429,1.5715564489364624,0.3412628712782469,0.38101911379911246,2
1751709,1,5,ok,61.27432535083527,3.252446971833706,4.85220979952142e-06,1.1,0.36,0.026673650380788682,1.0921955108642578,0.48078626823689385,0.643217736339447,1
1755252,1,2,no_surface,39.87647760828636,2.8117840867489576,5.484706728830968e-07,1.2,nan,nan,nan,nan,nan,0
1755450,1,2,flux_rejected,47.22690550818002,3.009054308757186,7.44885868835094e-07,1.3,0.16,0.023468379752163034,nan,nan,nan,1
1762932,1,3,ok,62.13653721774922,4.991711290553212,9.817129258223337e-08,1.7,0.16,0.019492252775857873,1.658074140548706,0.10965187588208554,0.1471662272504079,2
1763546,1,3,no_surface,38.80460067064772,3.568117644637823,9.709652108563308e-06,2.1,nan,nan,nan,nan,nan,0
1771379,1,3,ok,59.976722587564836,2.498440032824874,3.686461411047183e-06,1.2,0.04,0.01487214074591179,0.9369009733200073,0.06828128617658771,0.08184172909416779,1
1773933,1,4,ok,62.68707475800503,5.0326158832758665,4.984634673459188e-07,1.1,0.16,0.024874099944151722,1.0360366106033325,0.2674919836553758,0.359815429199699,1
1774358,1,4,ok,61.587395113149725,5.033658230677247,1.312401279589044e-07,1.4,0.16,0.0203637429793123,1.2487599849700928,0.16553197312049603,0.2228868545135253,1
1775631,1,4,no_surface,36.38584913932772,3.698042545467615,3.610511005229953e-06,2.3,nan,nan,nan,nan,nan,0
1777702,1,4,ok,67.34962343068077,4.19599530287087,2.531751448141466e-07,1.7,0.36,0.03051855260370043,1.6194486618041992,0.3435059545774037,0.46349529039614823,1
1777871,1,4,ok,67.20863291560778,4.2711108811199665,5.096783003130451e-05,1.8,0.25,0.025373488080839588,1.6087206602096558,0.4582535592256916,0.5643930871763068,3
1779389,1,4,ok,65.4304842820423,4.2676207553595304,1.1747734972567993e-06,2.4,0.25,0.024950347568649507,2.1682426929473877,0.3077581461301473,0.411724607638526,1
1780004,1,4,ok,63.1989329235119,3.281252045184374,1.3934852693654003e-05,1.1,0.08,0.0198245919256568,0.9836993217468262,0.25087930816485493,0.3013674784057964,2
1780201,1,4,ok,59.237215205345706,3.3206712678074837,5.0517499925690125e-06,1.2,0.08,0.018086681858874038,1.0689992904663086,0.2231740378745091,0.2683209486180491,1
1780360,1,4,ok,65.35420532726533,3.3955400809645653,1.7795289740487757e-06,1.3,0.25,0.02649398938879666,1.2319183349609375,0.27767511203767703,0.37306686955802304,1
1780480,1,4,ok,59.26855158950241,2.9861858040094376,4.957966851451414e-06,1.4,0.08,0.015944389718810216,1.190647006034851,0.15321938633469806,0.18903421980979213,2
1783326,1,5,ok,66.51228387697888,6.125312440097332,1.7782982084643406e-05,1.4,0.25,0.0281552212963192,1.3711669445037842,0.6007912892546524,0.7928456404176899,1
1783343,1,5,ok,66.86272158605779,6.129453970119357,0.00011310921817021273,1.4,0.36,0.03113562256477007,1.373538613319397,0.7447621125720795,0.9579264864924711,1
1783487,1,5,ok,66.31554033599627,6.035347959026694,5.8842778205520623e-05,1.6,0.25,0.026203125128868,1.5561139583587646,0.5367946439497396,0.6623623765103333,3
1784220,1,5,no_axis,10.612776041079748,8.276623452082276,1.8467587768658013e-06,2.4,nan,nan,nan,nan,nan,0
1784480,1,5,ok,63.960343425025144,4.997615713626146,0.0001309509529886823,1.1,0.08,0.019432091569981696,1.070576548576355,0.8996581160115581,0.9624084910339689,4
1800633,1,3,ok,63.72387677688304,4.293964967131615,7.644299873896043e-06,1.3,0.16,0.02105689267664382,1.2220631837844849,0.1799142992232697,0.220075541592288,2
1800869,1,3,no_axis,10.874740936558892,5.47289196588099,2.9238731759963354e-05,1.4,nan,nan,nan,nan,nan,0
1801102,1,3,ok,55.230116463323995,4.261465447023511,0.0006315193138679163,1.5,0.04,0.00950537845006718,1.2925227880477905,0.306403413335973,0.31655616340740705,1
1802111,1,3,ok,56.18103134925191,3.6102050598710775,2.7095777448844476e-05,1.9,0.08,0.016625768714450224,1.8149677515029907,0.3183946606927327,0.3358832990785426,1
1808635,1,4,ok,64.85317616847244,6.108802126720548,7.357232986756955e-06,1.8,0.25,0.026403503977238105,1.6570842266082764,0.33667635177830824,0.4407642102968726,2
1810062,1,4,ok,59.07101042799605,4.084643475711346,1.2235868521558013e-06,1.5,0.16,0.020981260393249976,1.3841217756271362,0.18121672508799178,0.2392764528781495,1
1810917,1,4,no_axis,10.56834232481251,6.9829519726336,1.2532189367642442e-05,2.1,nan,nan,nan,nan,nan,0
1816277,1,4,drift_rejected,44.72174895582567,2.4410895742475986,7.206567993270075e-06,1.5,nan,nan,nan,nan,nan,0
1820174,1,5,flux_rejected,45.65133781577667,4.527190629392862,4.9254476671058595e-05,1.1,0.02,0.010556202659603373,nan,nan,nan,5
1822746,1,5,ok,65.14942188347189,3.7592464610934258,0.0004987143205402119,1.1,0.16,0.02485704956024205,1.0432697534561157,0.9942180125482492,1.1086600512761775,1
1826200,1,2,ok,62.72053337202469,3.8466865196824074,1.0871948676055493e-09,1.1,0.04,0.012714142725393476,1.05267333984375,0.04241474290524089,0.054863020412451204,4
1829385,1,2,drift_rejected,41.59346767238118,2.532141888514161,1.1776866132367597e-07,1.1,nan,nan,nan,nan,nan,0
1836277,1,3,ok,66.47861227547546,4.286235190927982,2.6282461470059415e-09,1.3,0.16,0.02274777319494361,1.2486740350723267,0.18687387773416173,0.251232797387758,3
1837367,1,3,ok,59.93826475860836,4.273594217374921,2.267313555637313e-07,1.8,0.04,0.013935475868872733,1.486261248588562,0.15244906690760454,0.18493877969738093,3
1840057,1,3,ok,61.87673645556585,3.5475137028843164,8.756610472477053e-08,1.4,0.08,0.018285604772141553,1.2682617902755737,0.17377970550091013,0.22502867508715052,1
1840147,1,3,ok,66.16389983690809,3.604930931702256,3.661362847634472e-09,1.4,0.16,0.023156656882595005,1.3243097066879272,0.19914383055113435,0.26658031893249184,3
1841478,1,3,ok,64.07659349638517,3.5544784404337406,3.1227175205363376e-09,2.1,0.08,0.016410304514845785,1.6906092166900635,0.12788907489706308,0.17090253311905937,3
1842979,1,3,ok,64.03407122253128,2.9379385635256767,1.9506069772404437e-05,1.8,0.08,0.02006925447458041,1.4892245531082153,0.2095271586834569,0.27081525728970524,1
1843617,1,4,ok,65.18926484747286,6.106148447841406,6.645715818636378e-09,1.1,0.16,0.02445640961200044,1.0747805833816528,0.3168403388694931,0.427023831238342,3
1845438,1,4,ok,60.77565712174201,4.413255898281932,9.62344213072242e-08,1.4,0.08,0.019566354114509688,1.1408597230911255,0.1369444966919553,0.1821500424725677,1
1845577,1,4,ok,64.67020632134435,5.035882756114006,1.0029268094515486e-07,1.5,0.16,0.023016672724039868,1.3917627334594727,0.3831111473306847,0.5112350470389857,1
1846716,1,4,no_axis,10.553013838769727,6.764845971018076,2.422802191676033e-07,2.3,nan,nan,nan,nan,nan,0
1846775,1,4,no_surface,39.40637550182399,3.6949047204107046,1.788280626970723e-08,2.3,nan,nan,nan,nan,nan,0
1847548,1,4,ok,63.7968173949628,4.266096267849207,3.1686807188531396e-07,1.2,0.08,0.017923412932583403,1.0753206014633179,0.18830258648545226,0.24118905558950132,2
1848130,1,4,no_surface,28.592757505534692,3.111562244594097,2.8214086369578294e-08,1.4,nan,nan,nan,nan,nan,0
1849043,1,4,ok,64.19683802811954,4.204065823927522,2.410684357345438e-08,1.8,0.16,0.022921321235076765,1.6300631761550903,0.3829098884834885,0.5105166664884109,1
1849809,1,4,no_axis,9.85746961374128,5.553659051656723,2.4842075333345375e-09,2.1,nan,nan,nan,nan,nan,0
1850665,1,4,drift_rejected,38.87190783847076,3.0914622247219086,3.676419789559804e-05,2.5,nan,nan,nan,nan,nan,0
1851162,1,4,ok,65.26729160668943,3.3247994538396597,7.995679895265367e-08,1.1,0.16,0.024779926643921146,1.0234261751174927,0.27254503989063633,0.36512393134206245,1
1852043,1,4,ok,63.75432508452786,3.4042657986283302,4.532093157342188e-07,1.7,0.16,0.02442425985682163,1.4698597192764282,0.4274723555255484,0.5596555326834054,2
1853816,1,5,ok,65.94741547875066,7.076859435066581,1.7234017739783226e-08,1.7,0.36,0.03178284351379879,1.6694796085357666,0.534513156287248,0.7214278796212505,2
1854203,1,5,ok,61.67299974737396,5.281939974054694,1.5321564580478315e-07,1.1,0.36,0.027957172476473512,1.1034493446350098,0.6200148182742506,0.8262512361455714,1
1855105,1,5,ok,58.13643390156818,5.113701893016696,1.401734706402566e-07,2.1,0.04,0.011427387987174903,1.8666290044784546,0.1266882177310424,0.16018389239512323,2
1856017,1,5,ok,66.06125444092422,4.815813589841127,1.2825932277360115e-08,1.3,0.25,0.027700143359879036,1.2640528678894043,0.5500904161245175,0.7430500751688156,1
1858047,1,5,no_axis,10.371178677074147,6.538030046969652,7.507775802764644e-06,2.5,nan,nan,nan,nan,nan,0
1858985,1,5,ok,63.98391756222047,3.769366931170225,2.3211487886000551e-07,1.4,0.16,0.022114563513117573,1.2837308645248413,0.3390675418402269,0.45596489527785256,2
1859937,1,5,ok,55.78165130245758,3.7454185523092747,1.8849941095208516e-06,1.8,0.08,0.016491388242046625,1.3573931455612183,0.2416216920375659,0.2798333238988544,1
1859970,1,5,no_surface,34.556666096533945,2.724707966670394,2.638377562491974e-06,1.9,nan,nan,nan,nan,nan,0
1859990,1,5,no_surface,34.58743950426041,2.825953232124448,1.4233376932409881e-06,1.9,nan,nan,nan,nan,nan,0
1860916,1,5,drift_rejected,45.86577939669402,2.8077212013304234,7.125101374621502e-08,2.3,nan,nan,nan,nan,nan,0
1861367,1,5,no_axis,10.015094887571342,4.936502367258072,4.30514137641165e-06,2.5,nan,nan,nan,nan,nan,0
1861563,1,5,no_axis,10.200454736673157,5.038642166182399,7.800734440157097e-08,2.6,nan,nan,nan,nan,nan,0
1869847,1,3,ok,61.49949668645361,4.178289528936148,3.280318887198626e-08,1.8,0.16,0.020332926923903132,1.7599228620529175,0.11671982504519622,0.15698595901801593,1
1871302,1,3,ok,57.11768195295196,3.2966210953891277,1.2031779007996418e-07,1.1,0.02,0.012093457376996478,0.8446721434593201,0.04679164605101908,0.06063962120039674,1
1872754,1,3,ok,60.291832074981535,4.200998270884156,4.7980196159715e-07,1.7,0.16,0.021649048248524844,1.5925729274749756,0.15493609516273685,0.20672167592914326,1
1875279,1,3,ok,58.314898153813466,3.109432416036725,3.474800241868211e-06,1.2,0.02,0.013315421085879778,0.889607310295105,0.08248346831647128,0.08995407549005789,1
1876274,1,3,ok,63.15102562554553,3.553882522508502,5.184220650083372e-07,1.7,0.16,0.020809940816563878,1.5799559354782104,0.14655996342625627,0.19534072995412136,2
1881211,1,4,ok,66.64201303896368,5.0385394264012575,6.939061593187123e-08,1.5,0.36,0.03287140635957313,1.4644557237625122,0.38632669937641745,0.5216970972355025,1
1881988,1,4,no_axis,10.163921142120092,6.94387592189014,3.798313753792647e-08,2.0,nan,nan,nan,nan,nan,0
1887058,1,4,ok,63.93145194485814,3.3154429383575916,2.736676392661916e-06,1.3,0.08,0.01965652359846999,1.0990488529205322,0.1579804990522369,0.20892881396069776,2
1887959,1,4,ok,65.91298499588468,3.394512141123414,7.042651172027278e-06,1.9,0.25,0.026682930360054417,1.5976498126983643,0.43226545908170316,0.5659543553665629,1
1888147,1,4,ok,67.49792602010987,3.288580045104027,1.1546511868623432e-06,2.0,0.25,0.025241092626616706,1.8366223573684692,0.33242674855490406,0.44515429769920745,4
1888262,1,4,ok,64.4888166646284,3.402146849781275,4.786653502180216e-05,2.1,0.08,0.016496644367716962,1.7161418199539185,0.3564296977793332,0.4306205890039899,4
1889342,1,5,ok,67.66639721342271,7.073060819879174,7.300748559174469e-07,1.6,0.36,0.0316420676144018,1.5631107091903687,0.6659341905405067,0.8982567829062407,2
1889799,1,5,ok,66.65525489066836,5.930024337023497,2.189755639909241e-05,1.1,0.25,0.02986390016506447,1.056533694267273,0.6731830927325512,0.8940193405381927,1
1892817,1,5,drift_rejected,44.65413854778399,3.5742761492729187,2.0016527406094998e-07,2.0,nan,nan,nan,nan,nan,0
1893977,1,5,ok,63.886499596029175,3.8250303380191326,5.344292278898952e-06,1.1,0.16,0.02508361550450096,1.072176218032837,0.5222902454734869,0.6950844716201673,1
1894745,1,5,ok,60.8874905973228,3.376552566885948,1.626245369069961e-05,1.5,0.16,0.02035241975100452,1.3501198291778564,0.3601649100744302,0.4416371808487606,2
1895033,1,5,ok,67.69350671262896,3.8512249290943146,7.734393118823605e-07,1.6,0.36,0.030740980344725093,1.5534498691558838,0.6201356488340649,0.8369014417438769,1
1895445,1,5,ok,59.38746310970367,3.704652912914753,3.0449056083010117e-06,1.8,0.08,0.01733723939355119,1.614148497581482,0.22569513057635346,0.28877629386421294,1
1895886,1,5,ok,56.55115320090465,3.5424337033182383,0.00012145698012151453,2.0,0.008,0.010868370687749268,1.540050983428955,0.20835599920763426,0.21610962093209393,1
1905219,1,3,ok,60.768791357565874,4.82070317864418,6.272566763011582e-07,1.7,0.16,0.020663276099164542,1.6290417909622192,0.13697254265859343,0.1805506162712801,2
1905584,1,3,ok,59.45876642620212,4.104175554588437,3.4965419597594637e-07,1.9,0.16,0.020808805440858037,1.806351900100708,0.1258292072732509,0.16768499385365163,1
1906937,1,3,ok,57.3311957753214,3.3874873016029596,1.0248874640593452e-07,1.1,0.04,0.014433771354891751,0.8854358196258545,0.05957947146705725,0.07823934063224701,1
1907960,1,3,no_axis,10.057854730723845,5.638421503826976,2.649906975842766e-08,1.5,nan,nan,nan,nan,nan,0
1910724,1,3,ok,59.73302603493143,3.3319822289049625,6.1461191587086775e-06,1.1,0.04,0.016269390755798675,0.8904181718826294,0.19685699721353553,0.20437581181954492,1
1913757,1,3,ok,61.98985809372449,2.8847314435988665,0.0002986810524334141,1.3,0.04,0.014299967900043094,1.1631121635437012,0.5874783314196926,0.5946258441602623,2
1915231,1,4,ok,67.2806365612779,6.132512452080846,2.172701555866766e-07,1.6,0.36,0.03160762849439253,1.5335423946380615,0.3592736288353402,0.48478107465899095,1
1916193,1,4,ok,62.764393537483386,5.01214649528265,1.9552931717809013e-06,1.1,0.16,0.0249604375249519,1.035399317741394,0.2830945255745213,0.37425745955205597,1
1916448,1,4,ok,62.36143420876129,5.1032356563955545,1.4552169583449048e-05,1.3,0.16,0.022874957841014114,1.1721240282058716,0.3223439022890738,0.3763124311814131,1
1918456,1,4,ok,62.853905446767065,4.28770955838263,0.0001518312155087002,1.1,0.08,0.017992348110058214,1.0043249130249023,0.6671623924997302,0.6977258088154019,1
1918511,1,4,ok,62.84717283868994,4.139736520126462,9.9111281967949e-06,1.1,0.08,0.01867929212150007,1.0050280094146729,0.2158349926386406,0.2745905041763283,1
1918787,1,4,ok,63.030762219669626,4.188829744234681,2.0264678995994614e-06,1.2,0.16,0.023571080667148355,1.1161353588104248,0.2564729937654763,0.3359974238698531,2
1920317,1,4,ok,67.18123270567771,4.139678517356515,1.7104396756909496e-07,1.8,0.36,0.03040014203399035,1.666672706604004,0.3365189339678401,0.45425869324562906,1
1922659,1,4,ok,62.73558256260714,3.3250590544193983,9.506497462652136e-06,1.3,0.08,0.016909538957877623,1.151689887046814,0.17990108451010153,0.22427958093594358,2
1922809,1,4,ok,61.2247781235647,3.138247461989522,7.943641736608527e-06,1.4,0.08,0.0171472462316718,1.1865378618240356,0.16344707411611775,0.201339325613071,2
1922936,1,4,ok,57.948212842482306,3.235646229237318,9.835441681335893e-05,1.5,0.02,0.012657680942526152,1.2265915870666504,0.21439564106564463,0.22186617194660643,1
1924717,1,5,no_surface,34.52449067497895,5.075506363064051,0.00046715770240469837,1.1,nan,nan,nan,nan,nan,0
1924818,1,5,ok,67.15122405518608,7.2557172905653715,0.0003577113636062627,1.3,0.36,0.029440627836073794,1.2576639652252197,0.8079768847271613,1.009110704769934,1
1927501,1,5,ok,67.77229197486987,4.886504555121064,5.901839961102144e-06,1.5,0.36,0.03148230103777323,1.4414520263671875,0.6532899977696249,0.8788362600322136,2
1929535,1,5,ok,66.66278093363792,3.8539492525160313,5.391737402403453e-05,1.1,0.16,0.02546502872819142,1.0635870695114136,0.6287217387833732,0.792868331431781,4
1929967,1,5,ok,66.61350232196072,3.7668676022440195,2.301728467917818e-05,1.3,0.25,0.027643653420066968,1.25261652469635,0.5881463008681541,0.7800120115185053,2
1930386,1,5,ok,67.28573764204016,3.8473209738731384,4.751740997731933e-06,1.5,0.36,0.031155088909566604,1.445131540298462,0.6252310954072282,0.8431654000763114,1
1930391,1,5,ok,60.97377143644276,3.373512178659439,1.3642010437167228e-05,1.5,0.36,0.0286844193121134,1.439050555229187,0.4524139558011009,0.5968631538599602,1
1931438,1,5,ok,59.283861058886586,3.8444643151015043,1.483570824078637e-05,2.0,0.08,0.01773584415843342,1.7397733926773071,0.2432484587180421,0.28852040871177076,1
1943061,1,3,drift_rejected,43.985698908801396,3.11127950809896,4.3917818023062065e-06,1.3,nan,nan,nan,nan,nan,0
1946380,1,3,ok,59.94048181005902,3.039468063041568,4.107938749455811e-07,1.1,0.04,0.013688023524300591,0.9028742909431458,0.060018523577901994,0.07760809709324724,1
1952804,1,4,ok,63.26757557648629,5.212480561807752,2.1333247813119452e-05,1.8,0.25,0.026743841592892656,1.7141125202178955,0.4271740569857866,0.5243043968272829,2
1952818,1,4,ok,64.46894077250366,5.037605868652463,4.494773063196748e-06,1.8,0.25,0.026087627177509395,1.6826629638671875,0.34197612019398776,0.4404338669054357,2
1957774,1,4,ok,58.55598184851777,4.259697267785668,7.198705859513203e-05,2.6,0.08,0.0163540789046503,2.5923471450805664,0.3601921954144969,0.40208647161111893,1
1958107,1,4,ok,62.732255909739095,3.326889656484127,1.5904198293523646e-05,1.2,0.08,0.017151120782823076,1.095925211906433,0.22016052824567492,0.26647073685054756,3
1961031,1,5,ok,68.71335349004255,6.019549019634724,0.0019097564206028003,1.2,0.49,0.03492371334811611,1.1550164222717285,1.1555012264127147,1.3772457346224327,1
1961624,1,5,ok,64.67045782657864,6.019160272553563,0.00020307305436921284,1.8,0.25,0.0245721295784513,1.7615114450454712,0.6099695310176722,0.6922949649088316,1
1963603,1,5,ok,66.19935212826907,4.88906898163259,3.397481491123888e-05,1.8,0.25,0.02549343038974645,1.7508918046951294,0.5210531313856036,0.6399291495819449,3
1965728,1,5,ok,67.19990925204168,3.84261772967875,0.0001774990539863456,1.4,0.36,0.03155631498884209,1.3537731170654297,0.8833715848255529,1.0565468284915986,1
1965768,1,5,ok,66.78476338825133,3.769873196259141,4.660029095906617e-05,1.4,0.25,0.027484377581543724,1.3446345329284668,0.6044282769975013,0.7926260444713007,3
1966180,1,5,ok,67.2930735226872,3.8282627128064632,1.8652523620492713e-05,1.6,0.36,0.03095309382843544,1.5206208229064941,0.6203917755789595,0.829788255924471,2
1966621,1,5,ok,67.73302979013202,3.7665377482771873,8.751912617359777e-06,1.8,0.36,0.030296500844342846,1.6928964853286743,0.5651022563277351,0.7599932319951845,2
1969030,1,6,drift_rejected,39.16531072476498,5.70666660182178,5.2356323296984805e-06,3.2,nan,nan,nan,nan,nan,0
1970634,1,6,drift_rejected,41.86393611515716,4.867701463401318,1.2281502082707078e-05,2.8,nan,nan,nan,nan,nan,0
1971739,1,6,no_surface,39.1129041720217,4.803784055635333,1.1032189636934962e-07,3.7,nan,nan,nan,nan,nan,0
1971956,1,6,no_surface,37.70527936259958,4.919896544888616,8.024576169569604e-07,3.9,nan,nan,nan,nan,nan,0
1973059,1,6,no_axis,11.026673342068582,7.3994560688734055,0.00022112823728394072,2.7,nan,nan,nan,nan,nan,0
1974872,1,6,drift_rejected,38.6386237519619,3.870484631508589,1.3468167048786662e-06,3.8,nan,nan,nan,nan,nan,0
1978515,1,6,drift_rejected,43.75652323065167,3.0918962005525827,3.3169353112927435e-05,4.0,nan,nan,nan,nan,nan,0
1978948,1,6,no_axis,10.378040571781638,5.636738253757358,8.588600826972105e-06,4.2,nan,nan,nan,nan,nan,0
1979872,1,7,drift_rejected,36.82088212622751,6.579884763807058,1.333019863952684e-05,3.1,nan,nan,nan,nan,nan,0
1980388,1,7,ok,53.85129913098138,9.615811195224524,6.763370318746096e-06,3.9,0.04,0.010009182037646343,3.826930046081543,0.5260148229503816,0.5758058594906574,1
1984371,1,7,no_axis,10.714962520212149,8.500789102166891,2.778598239530203e-05,3.6,nan,nan,nan,nan,nan,0
1984496,1,7,no_axis,10.80140999536349,8.605904402211308,1.7010522449001943e-05,3.7,nan,nan,nan,nan,nan,0
1986101,1,7,ok,65.37445317358228,4.571484766900539,2.1094378259799802e-06,2.7,0.25,0.027257210214377364,2.576310634613037,0.6809456023831876,0.90119562560938,2
1986488,1,7,no_surface,35.14234719752983,3.390628857538104,1.0101506953410246e-06,2.9,nan,nan,nan,nan,nan,0
1986540,1,7,ok,68.91001409695583,4.59294749610126,2.0379133007688397e-07,2.9,0.49,0.036848258692911195,2.8147270679473877,1.3899267708283147,1.8566623351933886,2
1988203,1,7,drift_rejected,40.875339388619075,3.294588580727577,2.834108595164318e-06,3.8,nan,nan,nan,nan,nan,0
1990385,1,8,drift_rejected,37.09662911061072,7.3665998838841915,1.0348319260049087e-05,4.2,nan,nan,nan,nan,nan,0
1993573,1,8,ok,58.01345613816943,7.012249648571014,3.101479618186364e-06,3.7,0.16,0.022000519479697653,3.5520710945129395,0.5729687189001305,0.750155266725829,1
1996336,1,8,no_axis,10.981412241988728,6.75418253429234,0.00013616968428059272,3.5,nan,nan,nan,nan,nan,0
2005259,1,6,no_surface,36.99809498275097,5.857357479631901,5.776838344502898e-06,3.9,nan,nan,nan,nan,nan,0
2006544,1,6,no_axis,11.016006737288501,9.369680443778634,0.0002699104544369635,3.1,nan,nan,nan,nan,nan,0
2007171,1,6,drift_rejected,39.96489209695127,4.8757354356348515,5.243931565203545e-05,3.6,nan,nan,nan,nan,nan,0
2011793,1,6,ok,55.98944055375025,3.737580068409443,2.068117071466872e-06,2.5,0.08,0.015870532897450287,2.325411319732666,0.27153785111949136,0.34730502644173283,1
2021247,1,7,drift_rejected,40.482947742926456,4.47616988606751,2.407567363814147e-06,4.5,nan,nan,nan,nan,nan,0
2021413,1,7,ok,68.03008626278192,4.725268103182316,1.1048425917486846e-05,2.5,0.49,0.03489600480430557,2.4772231578826904,1.3026215717248513,1.739430702549686,2
2023636,1,7,ok,54.52770521022736,4.63975016772747,3.4150418661488507e-06,3.7,0.04,0.013298134266472961,3.455113649368286,0.19708010608172236,0.24155199659113297,1
2025968,1,8,no_axis,10.89093586909746,15.036109467968345,9.2567722647387e-05,4.2,nan,nan,nan,nan,nan,0
2027384,1,8,no_axis,10.98899120749682,12.352900026366115,0.0005366744101708138,4.2,nan,nan,nan,nan,nan,0
2045741,1,6,drift_rejected,39.827394396447374,3.9465761687606573,0.0001262521383698115,3.6,nan,nan,nan,nan,nan,0
2057650,1,7,ok,65.75271885608765,4.724646447226405,0.00019382798121571858,2.9,0.36,0.029981221848636,2.8386104106903076,1.1645090298288614,1.4095667155134128,3
2112041,1,2,ok,63.014157828678954,2.3859344758093357,2.6970743906682e-07,1.1,0.04,0.01504817377424496,1.0142877101898193,0.0647651078319219,0.07707103681916029,2
2112087,1,2,ok,60.22290856111985,2.382312148809433,1.1299139342208057e-07,1.1,0.04,0.013995031519084466,1.0288035869598389,0.05930599082159923,0.07096187174594454,1
2112755,1,2,ok,61.540580108573664,4.291762266308069,2.5195277583606747e-05,1.4,0.02,0.01219030452081695,1.1218516826629639,0.06733764215424735,0.07626540379972713,2
2115581,1,2,ok,57.77826973857668,2.8828671351075172,4.840279678442187e-08,1.1,0.04,0.014883621659890192,1.0021744966506958,0.06537749594098202,0.07818815860342873,1
2120950,1,2,ok,59.58828180007748,3.3256573025137186,1.405649842538827e-09,1.4,0.04,0.013183747740200924,1.2375245094299316,0.0358331102077757,0.04610125723249027,2
2122803,1,2,no_axis,9.977922930549015,4.877996591851115,9.167113090936594e-09,1.0,nan,nan,nan,nan,nan,0
2125213,1,3,no_axis,10.260590972515166,4.569419018924236,1.991600152367858e-05,1.5,nan,nan,nan,nan,nan,0
2156097,1,2,no_surface,42.92928706635724,2.4803457595407963,6.615472082168508e-08,1.3,nan,nan,nan,nan,nan,0
2158243,1,2,no_axis,9.820303924466284,5.070025395601988,5.285520658168197e-07,1.0,nan,nan,nan,nan,nan,0
2193631,1,2,drift_rejected,41.06697603034988,2.7301904764026403,4.622785866528061e-07,0.9,nan,nan,nan,nan,nan,0
2194624,1,2,drift_rejected,41.91741938409376,2.7326651122421026,5.811458862974165e-07,1.3,nan,nan,nan,nan,nan,0
2197483,1,3,ok,57.6322922706593,3.407403590157628,8.17860662930359e-08,1.1,0.04,0.014309910855280187,0.8876400589942932,0.05846365669936247,0.07727351102330184,1
2229254,1,2,drift_rejected,42.46061464542831,2.7327758222818375,9.207542361159253e-07,0.9,nan,nan,nan,nan,nan,0
2230564,1,2,no_surface,41.65359972407815,2.826842002570629,1.322018426727184e-06,1.4,nan,nan,nan,nan,nan,0
2233355,1,3,no_surface,38.622548873435356,3.105550417676568,3.480495513286157e-05,1.3,nan,nan,nan,nan,nan,0
2234442,1,3,drift_rejected,44.60299290618425,3.5784960445016623,1.0479502415380825e-06,0.8,nan,nan,nan,nan,nan,0
2254379,1,2,ok,63.91503032751278,3.3646912816911936,2.946383169570354e-09,0.95,0.08,0.018605319587421273,0.8844353556632996,0.05810991258528154,0.07604852656063142,1
2259039,1,2,drift_rejected,43.87475310613038,2.767761569470167,3.862611760943311e-09,0.9,nan,nan,nan,nan,nan,0
2259646,1,2,ok,64.62889405700888,2.9389127139002085,6.0266011389961174e-09,0.91,0.08,0.018798552872031582,0.8352537155151367,0.056731249276385266,0.07391482884277802,1
2262592,1,2,ok,62.366431188639126,3.8210736848413944,2.328303095615296e-09,0.93,0.04,0.013548954832099868,0.8527964949607849,0.049752796253631805,0.06298670788922504,2
2264559,1,2,no_axis,10.007250279837708,3.6909294351935387,2.54441898655374e-06,0.99,nan,nan,nan,nan,nan,0
2265977,1,2,no_axis,10.246840688523957,2.9145122189074755,1.3975695404418884e-06,1.0,nan,nan,nan,nan,nan,0
2291661,1,2,no_axis,9.706084800742342,3.7941607404500246,5.5398989816044034e-08,0.96,nan,nan,nan,nan,nan,0
2293128,1,2,ok,64.39344237093353,2.35269383713603,1.9073567053078387e-05,0.97,0.08,0.017827341220816563,0.8813865780830383,0.09522663752250125,0.10783107594320539,2
2293134,1,2,ok,60.49337045569027,2.322482530027628,5.5470944556226856e-05,0.97,0.08,0.015835904270010897,0.8775940537452698,0.1621353850161734,0.17072591452140523,1
2293473,1,2,no_axis,9.840323858416516,5.063997004181147,1.4301169150012185e-08,0.97,nan,nan,nan,nan,nan,0
2298078,1,2,ok,61.046081409315114,2.4012047071009874,3.885476385803011e-07,0.93,0.08,0.01543327427822783,0.8413459658622742,0.04464107555296969,0.05243101698965096,1
2298940,1,2,no_axis,9.817461953603216,3.768243184313178,4.033990928097259e-07,0.98,nan,nan,nan,nan,nan,0
2299955,1,2,no_axis,9.683262279619173,3.700225593522191,5.435138456910034e-06,0.99,nan,nan,nan,nan,nan,0
2300845,1,2,drift_rejected,41.714426102259914,2.5324519742280245,1.65429683872151e-06,1.0,nan,nan,nan,nan,nan,0
2301270,1,2,no_axis,9.569192145140944,3.700933465734124,5.600264623959314e-07,1.0,nan,nan,nan,nan,nan,0
2328914,1,2,no_axis,9.577385230375809,5.042404616251588,2.884281097637963e-06,0.97,nan,nan,nan,nan,nan,0
2336063,1,2,no_axis,9.627743095339438,2.9326568506658077,0.0006908136030876727,0.99,nan,nan,nan,nan,nan,0
2363859,1,2,ok,58.783700737909314,2.8832809906452894,0.0002446895422682909,0.97,0.04,0.014223708972588112,0.8713465929031372,0.4165286487299775,0.41830811499009124,1
2368694,1,2,drift_rejected,43.29669255030319,2.2183968126773834,0.0001412897098953193,0.93,nan,nan,nan,nan,nan,0
2402857,1,3,ok,64.1506453382785,4.839427512139082,4.310784852390967e-09,1.4,0.08,0.017450548746451605,1.2960443496704102,0.1585418909265954,0.21038772810059586,3
2404508,1,3,ok,53.26593192405527,4.821068570017815,1.0659345748420103e-06,2.4,0.04,0.014901449617696877,1.8067373037338257,0.1476375504052441,0.17519613567301076,1
2405118,1,3,no_surface,28.657184465065104,3.049842592328787,1.90903078782305e-09,1.1,nan,nan,nan,nan,nan,0
2405423,1,3,ok,67.50098673986626,4.153293203562498,5.21038120580314e-09,1.2,0.25,0.025947648895964293,1.1660196781158447,0.1749088581583844,0.2359123419687979,3
2405632,1,3,ok,59.6513136890183,3.9369898289442062,7.917827398081107e-10,1.3,0.02,0.012516046576674959,0.9309564232826233,0.03368822234085818,0.04424977571674741,1
2406820,1,3,ok,62.12948968600111,4.295088533312082,7.472736781899016e-08,1.8,0.08,0.01843264985298366,1.5600188970565796,0.16266279436829958,0.21518297795918823,2
2407084,1,3,ok,63.992138544840614,4.260294722393155,1.2957167231034502e-09,1.9,0.08,0.018206066531123076,1.7582683563232422,0.14176585964249022,0.19016119816321056,3
2409467,1,3,flux_rejected,47.15590393960197,3.026208996772766,7.988864795681091e-09,1.4,0.002,0.007195874265933799,nan,nan,nan,2
2409485,1,3,flux_rejected,46.162626877751286,2.8635619413107634,4.077003385088096e-09,1.4,0.001,0.004987518872713505,nan,nan,nan,1
2412368,1,3,ok,59.830739485864385,2.84379156306386,1.0823542960034155e-05,1.9,0.04,0.01419636773332811,1.644970417022705,0.14743142150562247,0.1756243139857642,2
2413630,1,4,ok,63.763987110397615,6.127542726695538,1.6620558238864203e-08,1.9,0.16,0.023409119915930147,1.7334887981414795,0.3778568291918134,0.5048542522043646,1
2413931,1,4,no_axis,10.408728424649544,8.055093536153436,2.1856384814314507e-09,2.2,nan,nan,nan,nan,nan,0
2414103,1,4,no_axis,10.373217036190136,8.297967670485377,4.977904831355542e-08,2.4,nan,nan,nan,nan,nan,0
2416682,1,4,ok,63.15916769128535,4.145236473530531,5.684323032077861e-08,1.1,0.08,0.020230581900231755,0.9862147569656372,0.1874241706002667,0.2527484194860181,1
2417258,1,4,ok,63.819809384619944,4.067173928022385,7.272511508775382e-09,1.3,0.16,0.023202026149900464,1.1596729755401611,0.20227781724324256,0.2735653373680458,1
2419041,1,4,drift_rejected,38.364548939538885,3.1096595972776413,6.026096133697683e-06,2.1,nan,nan,nan,nan,nan,0
2419096,1,4,ok,64.0697264080477,7.8248880337923765,2.1864292435837485e-08,2.1,0.16,0.02209812221017875,1.868744969367981,0.34313550375367985,0.45877503546320564,1
2419208,1,4,no_surface,41.13728993460392,3.0470183081924915,8.402557604433293e-09,2.1,nan,nan,nan,nan,nan,0
2419838,1,4,no_axis,10.279647457968087,5.635022085160017,6.924101935052123e-07,2.4,nan,nan,nan,nan,nan,0
2420683,1,4,ok,64.26218317958424,3.374708965420723,5.8206471373510944e-08,1.2,0.08,0.019744556666830764,1.049763560295105,0.16790874156611674,0.22542369354962552,2
2421025,1,4,drift_rejected,32.682731003591186,2.5208652205765247,2.997465851196755e-08,1.4,nan,nan,nan,nan,nan,0
2421274,1,4,ok,63.95402891424236,3.3264520093798637,9.557575325530445e-07,1.6,0.16,0.02395521627331838,1.4812556505203247,0.40634350259489865,0.5398324008343406,1
2421604,1,4,no_surface,31.211849455252743,2.476862534880638,6.389949548924001e-06,1.8,nan,nan,nan,nan,nan,0
2422136,1,4,ok,63.563956744062466,3.4106917958706617,8.331447836285979e-07,2.2,0.08,0.01699109039124963,1.709652304649353,0.31346458971468344,0.402775366587106,3
2422235,1,4,no_surface,34.54421597543849,2.475833235308528,1.9556034348515473e-07,2.2,nan,nan,nan,nan,nan,0
2422337,1,4,drift_rejected,40.88108517915408,2.5333073288202286,5.706959859584287e-07,2.3,nan,nan,nan,nan,nan,0
2422972,1,5,ok,66.73686010080158,7.305677244439721,1.6753596941332994e-07,1.3,0.25,0.02882104834814488,1.2760100364685059,0.6508660786726504,0.8774188070269969,2
2422998,1,5,ok,66.54485490856015,7.1589020900428295,2.98657759267112e-07,1.3,0.36,0.03087345619692696,1.2696374654769897,0.6869759566841621,0.9272894555949409,1
2423047,1,5,ok,67.51667939829252,7.1721876952797174,3.909471630740947e-08,1.4,0.36,0.03191981414422362,1.377110481262207,0.6494637422084606,0.8769519277220817,1
2424829,1,5,no_axis,10.366865674705442,8.058051522821188,3.6472099011280974e-07,2.5,nan,nan,nan,nan,nan,0
2425218,1,5,ok,67.75280412283168,4.895360939204693,2.117177302161844e-08,1.2,0.25,0.030524144781217614,1.1761679649353027,0.6487447486653283,0.8746414567248652,3
2426244,1,5,ok,60.84677184426736,4.943218974396586,2.04415523458855e-08,1.8,0.16,0.021204478766834484,1.6066408157348633,0.25606104288778736,0.34141783343997034,1
2426751,1,5,ok,67.29523431302607,4.877056451514363,4.7403816547559335e-09,2.1,0.36,0.03044145987919069,2.0369784832000732,0.6478197881635666,0.8661296573415007,1
2427182,1,5,ok,66.08283477304225,4.8266893196851015,4.12632775160195e-08,2.4,0.25,0.026321080602930202,2.193413257598877,0.627465928764075,0.8380709437842366,3
2429887,1,5,flux_rejected,45.48013769850298,3.0060902684926987,1.465385144646483e-07,2.1,0.04,0.012730213946479236,nan,nan,nan,1
2430844,1,5,no_axis,10.332892344071997,4.949371967464685,6.532905009726901e-07,2.6,nan,nan,nan,nan,nan,0
2434664,1,2,no_surface,39.30660170872619,2.463114343583584,1.5038085566164765e-06,1.3,nan,nan,nan,nan,nan,0
2438610,1,3,ok,60.926995897984504,4.867512118071318,3.1583651393771965e-06,1.5,0.16,0.023368320657171128,1.381209373474121,0.22216758660586092,0.28249460701477835,1
2439349,1,3,ok,63.05897736945612,4.821501266211271,2.2621688232805386e-08,1.9,0.16,0.020429537964124948,1.8379377126693726,0.11367728061025331,0.15314213574577812,2
2440701,1,3,ok,59.12435306433046,3.5664234701544046,1.8497248374407432e-08,1.1,0.04,0.01546744958620119,0.8734312653541565,0.05865925088537491,0.07866988889494822,1
2440771,1,3,ok,61.395470545703745,3.6304176449775696,4.96000349597691e-09,1.1,0.08,0.018741233875858358,0.9294025301933289,0.0775833595488653,0.1044964196288868,1
2441165,1,3,ok,55.95136843180574,3.4090819228440523,8.955405539076271e-08,1.3,0.02,0.011528971994257732,0.9306384921073914,0.032818927168273754,0.04263762518355463,1
2442841,1,3,ok,53.985319322971705,6.937394168227911,8.913212899717498e-06,2.0,0.04,0.014417052177923367,1.7943840026855469,0.18577545233917953,0.2100723619478666,1
2442894,1,3,ok,62.092179095416775,4.265950091183186,8.559455905196138e-08,2.0,0.08,0.015282264396057963,1.9035605192184448,0.09186764565317768,0.12306740556099306,2
2447448,1,3,ok,59.411756983736566,2.5578094758093357,1.7485035626116557e-06,1.2,0.008,0.008524878496350616,0.8730515241622925,0.04672454794887851,0.051879437433118875,2
2448592,1,4,ok,62.85257840382166,6.096694760024548,3.7199941640298307e-07,1.2,0.16,0.02373095848303725,1.1098670959472656,0.23921010939539666,0.32210256256531344,1
2448595,1,4,ok,61.33032748811094,6.145065167918801,6.14122801522747e-07,1.2,0.16,0.02322682443015523,1.1293973922729492,0.25807759227249205,0.34230455452429076,2
2450306,1,4,ok,65.14724334245679,5.105167519301176,1.3789365005837366e-08,1.3,0.25,0.026765835748708142,1.2364763021469116,0.2732271458513133,0.36911647355308697,1
2450322,1,4,ok,65.1927285885916,5.206226885318756,1.912247325882807e-08,1.3,0.25,0.02657814152112526,1.247817039489746,0.2826816039311905,0.3818676111650456,1
2450552,1,4,ok,67.3212061850425,5.173266030848026,4.2368363132388436e-08,1.5,0.36,0.031197654482627835,1.4649081230163574,0.35259195197495474,0.4762526003187329,1
2451789,1,4,no_surface,37.47844912500577,3.712201315909624,3.871586386899655e-05,2.4,nan,nan,nan,nan,nan,0
2452767,1,4,ok,60.059510030328426,3.887777466326952,7.043307275349822e-07,1.3,0.08,0.017106278232711523,1.1397539377212524,0.15373146301148738,0.20170248602242807,2
2453822,1,4,no_surface,42.83910043311228,3.108470546081662,6.77412405178381e-08,1.7,nan,nan,nan,nan,nan,0
2456262,1,4,ok,58.80743169125253,3.392616353929043,3.226413219733163e-06,1.2,0.04,0.013755132168548971,1.0388836860656738,0.1765849191316212,0.20632863653013703,1
2457207,1,4,ok,68.03658617902857,3.3727189768105745,4.711007384507806e-07,1.8,0.36,0.030168502443132034,1.7225099802017212,0.36921978590574045,0.49726400020526706,1
2458655,1,5,ok,67.30898431208067,7.256334261968732,1.0868092247237296e-06,1.5,0.36,0.03199314115344598,1.466623067855835,0.6678475124408794,0.9003674820123979,1
2459712,1,5,ok,66.41331611711882,6.141485586762428,1.1326441876961963e-06,1.7,0.36,0.0301608531200983,1.6528903245925903,0.5073859776918213,0.6835412713588143,2
2459744,1,5,ok,60.14626448528908,6.12985953502357,0.0004057849797339062,1.8,0.04,0.018044478821157603,1.4362314939498901,0.29775664678150915,0.33013639054860544,1
2460867,1,5,ok,67.73558376217602,4.947999490424991,2.029089913821814e-05,1.3,0.36,0.03357646187745795,1.2411534786224365,0.7777278382796088,1.0392114190408257,1
2462873,1,5,no_axis,10.754918722797994,6.667426751926541,0.000256799737391301,2.5,nan,nan,nan,nan,nan,0
2463483,1,5,ok,64.96710776475527,3.841401681303978,1.0579016068071178e-05,1.2,0.16,0.023584150742469324,1.1322476863861084,0.46857785819941034,0.6145551184492491,1
2464566,1,5,ok,59.24547104892758,3.2607345562428236,6.2689096247615525e-06,1.7,0.16,0.0214315828985273,1.4508377313613892,0.2617732305114644,0.3433563475932709,1
2474579,1,3,ok,60.419195761791954,4.892017686739564,2.755050829508382e-07,1.7,0.16,0.02016145415591574,1.6507596969604492,0.12340191133591123,0.16423986154381595,2
2475087,1,3,ok,57.945312528091165,4.0537689588963985,0.0005794685417027652,2.0,0.08,0.019632560800925267,1.868039846420288,0.3966844293240159,0.4221013757929558,1
2476790,1,3,ok,66.5326850809505,4.12147325836122,1.4488990958304269e-06,1.3,0.25,0.02589626424930339,1.2486802339553833,0.17660722388410688,0.2349661457278308,2
2477504,1,3,no_axis,9.890755534880453,5.672462148591876,7.167577995711312e-07,1.6,nan,nan,nan,nan,nan,0
2485033,1,4,no_axis,10.552618220093573,8.268368581309915,1.715680548114366e-06,2.1,nan,nan,nan,nan,nan,0
2487055,1,4,no_surface,36.54835557454146,3.7245573960244656,4.19265757617373e-07,2.1,nan,nan,nan,nan,nan,0
2487160,1,4,no_surface,36.94174820538623,3.581278767436743,1.8159006673468128e-06,2.2,nan,nan,nan,nan,nan,0
2487269,1,4,no_surface,38.55739936066425,3.6474563647061586,2.0841721373475253e-05,2.3,nan,nan,nan,nan,nan,0
2488299,1,4,ok,61.74871474384187,4.197893986478448,6.578800407549661e-05,1.3,0.08,0.0176656003825411,1.1348271369934082,0.4462632036239511,0.4707597597292576,1
2488368,1,4,ok,64.15077680727673,4.274304334074259,1.2705796426488334e-06,1.3,0.16,0.02266266706666022,1.175162672996521,0.20785350078013184,0.2780030847937294,2
2488629,1,4,ok,61.57808179023293,4.142131509259343,7.869498881783277e-07,1.4,0.16,0.021812972647326748,1.2074923515319824,0.1694592532967988,0.22846842102050302,1
2488876,1,4,ok,67.37216146737418,4.2047865726053715,8.178409289254318e-07,1.5,0.36,0.03088535763604176,1.4408341646194458,0.3650686154050598,0.4923228228713819,1
2492276,1,4,ok,67.37733366050242,3.2785231731832027,3.579512397575236e-05,1.5,0.36,0.0312448188559989,1.333038091659546,0.4636028085204615,0.6110534447451689,1
2492307,1,4,ok,52.36816045826336,2.741447776556015,1.0118974214814469e-05,1.5,0.04,0.012607496826840594,1.1788876056671143,0.1934647323113897,0.2073038917344541,1
2492590,1,4,ok,67.30282558578578,3.3781427685171366,2.9981594802071288e-05,1.7,0.25,0.02549534350674434,1.4729431867599487,0.396252514444918,0.5174657842111386,3
2493869,1,4,ok,63.6011746388461,3.2739306893199682,2.6461140910288825e-05,2.5,0.16,0.02274400788666868,2.309408187866211,0.36558432925305734,0.4679141812686097,1
2495441,1,5,ok,67.76807760931723,6.007932340726256,2.1912317138646843e-06,1.9,0.36,0.0307372227148667,1.804571509361267,0.6003148539536975,0.80829840776618,2
2495888,1,5,drift_rejected,40.510439594588675,4.304533818736672,4.224023042126295e-06,2.4,nan,nan,nan,nan,nan,0
2497183,1,5,ok,67.78692962526462,4.871800344437361,3.9707339701296495e-06,1.7,0.36,0.030682261601512252,1.5896496772766113,0.6303403678393658,0.8492233029792087,2
2497207,1,5,ok,67.74149536064373,4.9922128189355135,3.7587924334932433e-06,1.7,0.36,0.031153068752271917,1.6538364887237549,0.6476898652301643,0.873720903673889,2
2497519,1,5,ok,56.37389473945712,4.101582702249289,1.7400880694142223e-05,1.9,0.08,0.014475900773505001,1.6776481866836548,0.3046531938665752,0.3397461913530166,1
2499271,1,5,ok,66.08605586310573,3.8455481249839067,7.657422311305218e-05,1.3,0.25,0.027257157526756653,1.2251121997833252,0.6660906501777072,0.8187668634526613,2
2499707,1,5,ok,67.12854943108093,3.8227953147143126,1.4234266466400153e-05,1.5,0.36,0.030864203829485043,1.4565776586532593,0.5959619868086193,0.798103124263286,1
2511832,1,3,ok,56.638118492754415,3.6108333468437195,2.3218381436766103e-06,1.1,0.04,0.013977487975300127,0.8894710540771484,0.08745809065538696,0.10082007707297944,1
2512354,1,3,drift_rejected,44.2496784495524,3.0928736440837383,8.64594645802134e-07,1.3,nan,nan,nan,nan,nan,0
2517581,1,3,drift_rejected,44.352020217240046,2.59108654782176,1.1759543686780222e-05,2.1,nan,nan,nan,nan,nan,0
2523493,1,4,ok,64.09818893582215,4.303651757538319,6.5076573685592695e-06,1.1,0.08,0.017745220097512025,1.0262444019317627,0.21144956786474897,0.2697978262702133,4
2524238,1,4,ok,60.14079172274438,3.5094223972409964,1.2460711033776216e-06,1.4,0.16,0.02016733663064831,1.2350218296051025,0.16472399403226035,0.21950798011389733,1
2527924,1,4,ok,67.94292111194876,3.2727042008191347,6.6376606183572676e-06,1.5,0.36,0.030069584364090456,1.4126873016357422,0.3558175306790654,0.4770902394545798,1
2532105,1,5,ok,67.68168216814945,4.823892744258046,0.00018552814232489367,1.3,0.36,0.03262615443332661,1.2191931009292603,0.7746112545864575,1.0171604035746682,1
2534656,1,5,ok,66.44046020989039,3.8344633523374796,0.00028301754781976795,1.2,0.16,0.024729484183809002,1.16808021068573,0.8793853533584299,0.9967793222525847,4
2535718,1,5,ok,61.56065538543798,3.642460970208049,0.0001643795454387753,1.7,0.16,0.020536085934542925,1.5674437284469604,0.5075319044678407,0.5610011138154745,2
2535807,1,5,ok,67.57943888376765,3.85120378062129,5.144444658092595e-06,1.7,0.36,0.030353624649662264,1.5725048780441284,0.5989681609558976,0.8081346499183041,2
2535923,1,5,ok,62.59815204208691,3.841751156374812,6.753498770980408e-05,1.8,0.16,0.02049909727562015,1.706493616104126,0.5663464546472159,0.6227524936877399,1
2537039,1,5,drift_rejected,45.39406455786983,2.819851530715823,2.3493667147940286e-05,2.3,nan,nan,nan,nan,nan,0
2543068,1,3,ok,63.07196388153883,2.938665883615613,8.255839401731921e-06,1.4,0.08,0.018306597310020635,1.2605854272842407,0.26860829504822276,0.3036211179115446,1
2547291,1,4,ok,61.82677427366697,3.318231213837862,1.197848293507588e-06,1.5,0.04,0.01606430619945527,1.1626842021942139,0.10715347164931784,0.13421857327780717,1
2549320,1,5,ok,57.534164762548244,2.592046620324254,0.0002320168567698821,1.5,0.02,0.011793562878298035,1.1916481256484985,0.6531079102806202,0.6573593646705485,1
2552285,1,5,no_axis,11.25953324823996,5.037286464124918,0.0009468565945386016,2.5,nan,nan,nan,nan,nan,0
2557788,1,7,ok,62.29812118300715,3.0524514839053154,8.966583821107031e-05,3.2,0.25,0.02580584608928732,2.9958717823028564,1.2922386789474882,1.6182112712240841,1
2561299,1,8,ok,69.39531430806024,3.322442952543497,7.421663499501943e-05,2.8,0.49,0.03446464965644962,2.7042086124420166,2.060703421504087,2.740354997271755,2
2561312,1,8,ok,68.68848169903549,3.369468281045556,4.075803738449463e-05,2.8,0.49,0.03360299190878941,2.7227578163146973,1.8748293179528042,2.4829348123546895,1
2597279,1,8,ok,66.2431462154806,3.277892231941223,0.002987949903920262,3.1,0.49,0.030226570443893427,2.936680316925049,4.0425885633668495,4.292965932162914,1
2622737,1,5,ok,61.37178603720822,3.847143614664674,0.00021204344636676994,1.8,0.08,0.016530892291704975,1.591927170753479,0.761052876730627,0.7864166268965072,2
2633768,1,8,ok,68.75826243234283,3.393718384206295,0.0012107037088085549,3.8,0.49,0.03559856380864841,3.12052845954895,2.0778559779643744,2.7406546452768,1
2655583,1,5,ok,61.759299097702694,2.7066733464598656,0.004351061990089337,1.1,0.08,0.021036444731411436,0.9806586503982544,1.1500039915930973,1.1976947853108415,1
2656081,1,5,ok,58.85995855994023,2.554064044728875,0.008327258291017034,1.5,0.02,0.013065760545447202,1.3436119556427002,1.7137979938970114,1.7277596683840906,1
2657893,1,5,ok,66.36261324544908,3.721241096034646,0.0013619999028139037,1.4,0.25,0.026646471820262422,1.341529369354248,2.127889732669109,2.210698018984014,3
2658221,1,5,ok,64.97282197291375,3.8592156153172255,0.0007668747463802376,1.7,0.16,0.022574160387427877,1.5657813549041748,1.5761811701051276,1.6121717255745784,4
2696471,1,7,ok,67.54479305563177,3.054394915699959,3.9718192015878093e-05,2.6,0.49,0.03278237223804786,2.585468292236328,1.4125076716210254,1.8092489965067828,1
2732489,1,7,no_axis,11.304615990105843,4.099540555849671,0.002346450969936195,2.8,nan,nan,nan,nan,nan,0
