case_id,trajectory_id,iteration,nfp,n_base_coils,surface_name,target_s,accepted,solved_regular,native_global_qh,native_edge_shell_qh,equal_s_status,equal_s_area_qh,equal_s_raw_qh,equal_s_normal_rms,equal_s_normal_p95,equal_s_s_residual_rms,equal_s_root_residual_max,equal_s_root_valid,equal_s_area_ess,equal_s_wall_s,face_qh,face_iota,equal_s_iota
p107_37034_0_000001_step0000,p107_37034_0_000001,0,5,3,fixed_probe,0.28888723952481704,True,True,0.022851814083378646,nan,ok,0.22916901008936477,1.1685372543564128,5.140039329819315e-06,9.820857608506191e-06,1.0927062556827384e-14,6.389333506717776e-14,True,0.9436495715274181,0.7738788202404976,0.00021771073601029793,1.1826612682771338,1.1841921787872314
p107_37034_0_000001_step0000,p107_37034_0_000001,0,5,3,adaptive_edge,0.4513863117575266,True,True,0.022851814083378646,0.0239253121602437,ok,0.2693077237443955,1.3732053385339273,6.096053209590328e-06,1.2400712267211708e-05,7.138626819749881e-14,4.671818487622659e-13,True,0.9437643501891174,0.7697663716971874,0.00023230584463700558,1.18457735113082,1.1902852058410645
p107_37034_0_000001_step0010,p107_37034_0_000001,10,5,3,fixed_probe,0.28888723952481704,True,True,0.011533392292110029,nan,ok,0.18409394641719443,0.9386986251155789,7.110671042319511e-06,1.2586040020802947e-05,2.4451763034495547e-14,1.8568480086855743e-13,True,0.9286153989810214,0.7776532433927059,3.106942614304528e-05,1.3628010018357755,1.36389183578788
p107_37034_0_000001_step0010,p107_37034_0_000001,10,5,3,adaptive_edge,0.4388455783635096,True,True,0.011533392292110029,0.012727812546055066,ok,0.22360129182183497,1.140147350264091,7.856291733243214e-06,1.3406194831670367e-05,1.3082606547961787e-13,9.377498777496385e-13,True,0.9285305048814775,0.7778396345674992,3.733426474218845e-05,1.3644546351634363,1.370236337184906
p107_37034_0_000001_step0025,p107_37034_0_000001,25,5,3,fixed_probe,0.28888723952481704,True,True,0.005668635144247358,nan,ok,0.16627388415117986,0.847833779887732,1.1194853675613267e-05,1.981197348163132e-05,6.472692098357762e-14,4.37927472063393e-13,True,0.9098486090918703,0.778482511639595,5.187401219990343e-06,1.475909321989314,1.4763336489365473
p107_37034_0_000001_step0025,p107_37034_0_000001,25,5,3,adaptive_edge,0.4161520136845707,True,True,0.005668635144247358,0.0069124585767089885,ok,0.200068909472364,1.0201552734628123,1.0983408204717375e-05,1.8010160035660646e-05,2.0487228758528497e-05,0.0009665233549824293,False,0.9095456003060086,0.7719577215611935,7.757567492821819e-06,1.477250214929363,1.4810872673988342
p107_37034_0_000001_step0050,p107_37034_0_000001,50,5,3,fixed_probe,0.28888723952481704,True,True,0.0037906673803194562,nan,ok,0.16220649374293958,0.8270940768267149,9.377590832971591e-06,1.833485993354178e-05,7.142273100668808e-14,5.927480728473711e-13,True,0.9095529205664421,0.7761752903461456,2.341296778289594e-06,1.5056870160000113,1.5066107604983463
p107_37034_0_000001_step0050,p107_37034_0_000001,50,5,3,adaptive_edge,0.4274759927603925,True,True,0.0037906673803194562,0.004876883628290119,ok,0.19803212888259455,1.009769689490671,8.899650048124401e-06,1.5567311142588828e-05,1.1632239329275684e-15,2.7755575615628914e-16,True,0.9092687759446734,0.7683382332324982,3.7572520198915735e-06,1.507302544867335,1.5117443799972534
p107_37034_0_000001_step0075,p107_37034_0_000001,75,5,3,fixed_probe,0.28888723952481704,True,True,0.0029079292252670117,nan,ok,0.16035412874074986,0.817648831534253,8.03951125173921e-06,1.698299380224013e-05,3.144184649229325e-14,2.496891582381977e-13,True,0.9097764252773786,0.785079836845398,1.1393738050662039e-06,1.520695548653589,1.5221418222052068
p107_37034_0_000001_step0075,p107_37034_0_000001,75,5,3,adaptive_edge,0.4383402788138604,True,True,0.0029079292252670117,0.003700903673053179,ok,0.1981590480717678,1.0104168529129145,7.336645307157757e-06,1.3203544121836276e-05,1.172847234868162e-15,2.7755575615628914e-16,True,0.9096482602488675,0.7767480723559856,1.8192135710204326e-06,1.52255069916575,1.5282981991767883
p107_37034_0_000001_step0100,p107_37034_0_000001,100,5,3,fixed_probe,0.28888723952481704,True,True,0.002161832749324115,nan,ok,0.15911473358653636,0.8113291314578661,7.09312830853051e-06,1.593300739701915e-05,1.8073352609467844e-14,1.4116485758108865e-13,True,0.910616082220565,0.7841274365782738,5.159913697916191e-07,1.5396183535922203,1.5410776965663917
p107_37034_0_000001_step0100,p107_37034_0_000001,100,5,3,adaptive_edge,0.43891657284405367,True,True,0.002161832749324115,0.0027163307463499856,ok,0.1966674699949857,1.0028112671933556,5.821717980260993e-06,1.093342796007482e-05,1.1699166624220322e-15,2.7755575615628914e-16,True,0.9105400292210072,0.7687043435871601,8.190045957441489e-07,1.5416806108062802,1.548452615737915
p107_37034_0_000001_step0150,p107_37034_0_000001,150,5,3,fixed_probe,0.28888723952481704,True,True,0.001408267499756045,nan,ok,0.15742361653946185,0.8027060926350638,7.114406927062199e-06,1.5116809522418113e-05,1.3920833913343299e-14,9.303668946358812e-14,True,0.9144614614777834,0.7669047079980373,3.168635818496813e-07,1.5852103827584196,1.5887103308474637
p107_37034_0_000001_step0150,p107_37034_0_000001,150,5,3,adaptive_edge,0.4762173645609015,True,True,0.001408267499756045,0.0018138615456485183,ok,0.2028085317769334,1.0341246610536856,6.001158264046507e-06,1.1639261672290391e-05,1.5027037399889775e-05,0.0006325744546997747,False,0.9143394678429396,0.786129605025053,6.017809294515138e-07,1.5884003676289558,1.59665846824646
p107_37034_0_000001_step0200,p107_37034_0_000001,200,5,3,fixed_probe,0.28888723952481704,True,True,0.0011567734784587063,nan,ok,0.15842431581215355,0.8078086777537569,7.494224959250308e-06,1.543280880411191e-05,1.9759606722563313e-14,1.4765966227514582e-13,True,0.9215219611242862,0.7709807306528091,4.131484997078689e-07,1.6255770501656084,1.630270117673869
p107_37034_0_000001_step0200,p107_37034_0_000001,200,5,3,adaptive_edge,0.49485913149413385,True,True,0.0011567734784587063,0.0014615910626622577,ok,0.20818816472081017,1.0615555144104798,7.042940248801359e-06,1.4150209476629251e-05,2.452082486256404e-05,0.0011218118947614597,False,0.9213421591542796,0.7714623734354973,6.056789460130579e-07,1.630041205702361,1.6391488313674927
p107_37034_0_000003_step0000,p107_37034_0_000003,0,4,2,fixed_probe,0.06479792384918319,True,True,0.02975337920359664,nan,ok,0.20437198746736965,0.8426472912453739,9.507524835106886e-05,0.00019973270479186722,4.973446552039287e-16,4.163336342344337e-17,True,0.7488776697606305,0.7721445187926292,0.0002737121311593806,1.443823306836913,1.4120362977676393
p107_37034_0_000003_step0000,p107_37034_0_000003,0,4,2,adaptive_edge,0.10124675601434871,True,True,0.02975337920359664,0.031664568667731825,ok,0.21940214756849774,0.9046182289122693,0.00013715022967729875,0.00026244543429666605,6.323571226155446e-16,8.326672684688674e-17,True,0.7292131985900926,0.7673442848026752,0.0003079182439492108,1.4384512736475166,1.4116023480892181
p107_37034_0_000003_step0010,p107_37034_0_000003,10,4,2,fixed_probe,0.06479792384918319,True,True,0.014345224304477763,nan,ok,0.12682245025829214,0.5229023581145802,5.910722850562233e-05,0.00010373488120637858,5.08206951475683e-16,4.163336342344337e-17,True,0.6631852845899531,0.7727004550397396,0.00010186151185930969,1.5599015102644265,1.5450599279873527
p107_37034_0_000003_step0010,p107_37034_0_000003,10,4,2,adaptive_edge,0.0665917687154149,True,True,0.014345224304477763,0.017774607889981506,ok,0.1282503006254757,0.528789535996055,5.936837971712005e-05,0.00010526274125032781,5.218194209736425e-16,5.551115123125783e-17,True,0.6628178786048106,0.765012439340353,0.00010474593732532519,1.5599946951387644,1.5414713621139526
p107_37034_0_000003_step0025,p107_37034_0_000003,25,4,2,fixed_probe,0.06479792384918319,True,True,0.0111420954458499,nan,ok,0.10210039663963053,0.4209707197626551,7.524657948394597e-05,0.0001417090014266796,5.000617339449945e-16,4.163336342344337e-17,True,0.7667613537219191,0.7744046971201897,4.847768400515487e-05,1.4092715289425906,1.3892345713321697
p107_37034_0_000003_step0025,p107_37034_0_000003,25,4,2,adaptive_edge,0.11081571251988334,True,True,0.0111420954458499,0.014748494510519928,ok,0.13242364310709706,0.5459966678596573,0.00012014305155098868,0.0002202851341089369,6.394972936768391e-16,6.938893903907228e-17,True,0.752768799511295,0.7730749882757664,8.565833082312052e-05,1.4107002617626023,1.392429773695767
p107_37034_0_000003_step0050,p107_37034_0_000003,50,4,2,fixed_probe,0.06479792384918319,True,True,0.008050186111048832,nan,ok,0.09283055716556347,0.3827501924785566,9.580550073332576e-05,0.00017664724644304505,4.845334807750558e-16,4.163336342344337e-17,True,0.7807068096978736,0.7685313113033772,4.806737982472558e-05,1.3657021766779414,1.3452299058113288
p107_37034_0_000003_step0050,p107_37034_0_000003,50,4,2,adaptive_edge,0.11202246642231746,True,True,0.008050186111048832,0.0110571972766733,ok,0.12257812548843446,0.5054025587790316,0.00018942442027293537,0.0003445644352815992,6.587418254309896e-16,6.938893903907228e-17,True,0.7689587692973691,0.7759677283465862,0.00011783390179008118,1.3647725172571268,1.337251365184784
p107_37034_0_000003_step0075,p107_37034_0_000003,75,4,2,fixed_probe,0.06479792384918319,True,True,0.0052362649847378945,nan,ok,0.08366839390534586,0.3449736255975259,1.3651032746971588e-05,2.163704811512279e-05,2.586203856017412e-15,2.929601006229632e-14,True,0.8675336001721863,0.7860822528600693,4.543968686374003e-06,1.2416404551279914,1.2342458773606528
p107_37034_0_000003_step0075,p107_37034_0_000003,75,4,2,adaptive_edge,0.21459748094856473,True,True,0.0052362649847378945,0.006883278555098126,ok,0.15116800020439738,0.6232816320561225,6.824890206057797e-06,1.0686727035164728e-05,8.713937300867893e-16,1.3877787807814457e-16,True,0.8649700566930297,0.7867027074098587,1.647279671123004e-05,1.2468259141670839,1.24727563560009
p107_37034_0_000003_step0100,p107_37034_0_000003,100,4,2,fixed_probe,0.06479792384918319,True,True,0.00513566478592239,nan,ok,0.08350807933563922,0.3443126316933,1.3465531655438948e-05,2.1472765271152807e-05,1.6880664331940121e-15,1.8471335572201042e-14,True,0.8734214762083328,0.7756473869085312,3.5579088886263808e-06,1.2202001229664385,1.2122824935724914
p107_37034_0_000003_step0100,p107_37034_0_000003,100,4,2,adaptive_edge,0.22124928860398646,True,True,0.00513566478592239,0.006656698646696798,ok,0.15281171997640453,0.6300588622950242,5.619489854501765e-06,9.971007434569814e-06,8.74026849488984e-16,1.6653345369377348e-16,True,0.8710443254292219,0.7739317640662193,1.3319831581730635e-05,1.225322722170345,1.225734569132328
p107_37034_0_000003_step0150,p107_37034_0_000003,150,4,2,fixed_probe,0.06479792384918319,True,True,0.005135664785922363,nan,ok,0.08350807933563922,0.3443126316933,1.3465531655438948e-05,2.1472765271152807e-05,1.6880664331940121e-15,1.8471335572201042e-14,True,0.8734214762083328,0.7796901948750019,3.5579088886263808e-06,1.2202001229664385,1.2122824935724914
p107_37034_0_000003_step0150,p107_37034_0_000003,150,4,2,adaptive_edge,0.22124928860398646,True,True,0.005135664785922363,0.00665669864669679,ok,0.15281171997640453,0.6300588622950242,5.619489854501765e-06,9.971007434569814e-06,8.74026849488984e-16,1.6653345369377348e-16,True,0.8710443254292219,0.7724769525229931,1.3319831581730635e-05,1.225322722170345,1.225734569132328
p107_37034_0_000003_step0200,p107_37034_0_000003,200,4,2,fixed_probe,0.06479792384918319,True,True,0.003721095402040794,nan,ok,0.07647157079265247,0.3153003637350046,1.2440537064610826e-05,1.9288342279493203e-05,5.869890988217973e-16,3.70536934468646e-15,True,0.9167135695302205,0.7904461286962032,1.2370381914474e-06,1.171124595457324,1.15989420181584
p107_37034_0_000003_step0200,p107_37034_0_000003,200,4,2,adaptive_edge,0.3130555392946571,True,True,0.003721095402040794,0.004996716233064751,ok,0.16744600536570017,0.6903975667105233,3.3550552094615477e-06,4.932435146537034e-06,1.0100564301596782e-15,2.220446049250313e-16,True,0.9139826659252267,0.7835376858711243,7.5181226127369105e-06,1.1782828728972314,1.1797208338975906
p107_37034_0_000007_step0000,p107_37034_0_000007,0,6,2,fixed_probe,0.14799470268444082,True,True,0.04782543678318913,nan,ok,0.31319436302908854,1.905086936133958,4.7989501256196704e-05,9.204861214413448e-05,5.667242131292308e-14,4.739264536368637e-13,True,0.7978015973873739,0.7832814678549767,0.0010744153198435843,1.9404852578555356,1.932703912071228
p107_37034_0_000007_step0000,p107_37034_0_000007,0,6,2,adaptive_edge,0.23124172294443873,True,True,0.04782543678318913,0.04854777680144244,ok,0.3237177084707312,1.9690979474797665,3.1720456817165795e-05,5.8915270821030844e-05,5.257134555614745e-07,3.364566115557355e-05,False,0.7969145085813351,0.7789198122918606,0.0011006116992365897,1.940516064420393,1.9500731229782104
p107_37034_0_000007_step0010,p107_37034_0_000007,10,6,2,fixed_probe,0.14799470268444082,False,False,0.02043074147940825,nan,prepare_skipped,nan,nan,nan,nan,nan,nan,False,nan,nan,nan,nan,nan
p107_37034_0_000007_step0010,p107_37034_0_000007,10,6,2,adaptive_edge,0.23341995848189478,False,False,0.02043074147940825,0.024305191961969543,prepare_skipped,nan,nan,nan,nan,nan,nan,False,nan,nan,nan,nan,nan
p107_37034_0_000007_step0025,p107_37034_0_000007,25,6,2,fixed_probe,0.14799470268444082,True,True,0.014918044063793864,nan,ok,0.11891504011373756,0.7233319502927524,4.3010530855698995e-05,7.336237410201677e-05,5.369639955390735e-16,8.326672684688674e-17,True,0.7857014505071437,0.7786535769701004,0.00022110398586689883,2.309226267330796,2.311911238862148
p107_37034_0_000007_step0025,p107_37034_0_000007,25,6,2,adaptive_edge,0.2275132099779703,True,True,0.014918044063793864,0.0195257786454767,ok,0.14609236322504074,0.8886451529879953,3.0342947420831002e-05,5.020496330187781e-05,6.717697062459945e-16,1.3877787807814457e-16,True,0.7848127794024999,0.7719987407326698,0.00034141297445331836,2.310816637981971,2.332923650741577
p107_37034_0_000007_step0050,p107_37034_0_000007,50,6,2,fixed_probe,0.14799470268444082,True,True,0.013662738229404706,nan,ok,0.11521219395667488,0.700808416433113,5.7993163129723676e-05,9.315414140197327e-05,5.471581565444065e-16,8.326672684688674e-17,True,0.7587373994692131,0.7822831012308598,0.00021798152387313428,2.4079770600708845,2.389956508107893
p107_37034_0_000007_step0050,p107_37034_0_000007,50,6,2,adaptive_edge,0.1981121999211432,True,True,0.013662738229404706,0.017988732013596565,ok,0.13294958622086017,0.8087007614829006,4.4179799329096055e-05,7.414890265669664e-05,6.266601520062828e-16,1.3877787807814457e-16,True,0.7581574076506579,0.771437618881464,0.0002929204697750697,2.4089861528488825,2.420529007911682
p107_37034_0_000007_step0075,p107_37034_0_000007,75,6,2,fixed_probe,0.14799470268444082,True,True,0.012762280948915393,nan,ok,0.11312673997252448,0.6881230950796617,6.237193150422058e-05,9.637853269480703e-05,5.338095353380824e-16,1.1102230246251565e-16,True,0.7407686384204861,0.7654777690768242,0.0002193259118677619,2.471179114259531,2.434452547248446
p107_37034_0_000007_step0075,p107_37034_0_000007,75,6,2,adaptive_edge,0.17600593281591026,True,True,0.012762280948915393,0.016936150794311607,ok,0.12344432966228508,0.7508825430475287,5.323222696148805e-05,8.734084509639117e-05,5.881356992908288e-16,1.1102230246251565e-16,True,0.7404329894354006,0.7697045989334583,0.0002619677806051761,2.4716978472563036,2.4673961400985718
p107_37034_0_000007_step0100,p107_37034_0_000007,100,6,2,fixed_probe,0.14799470268444082,True,True,0.012689142325170828,nan,ok,0.1137686200822161,0.6920274993598375,6.42680243236716e-05,9.976515925722575e-05,5.358700578922331e-16,1.1102230246251565e-16,True,0.7408877689234818,0.7717921994626522,0.0002257938914529495,2.468118087395752,2.429775784228624
p107_37034_0_000007_step0100,p107_37034_0_000007,100,6,2,adaptive_edge,0.17589607937656973,True,True,0.012689142325170828,0.016898127823460733,ok,0.12421057836946296,0.7555434519724398,5.533796749968583e-05,9.050585574111207e-05,5.874141333478101e-16,1.1102230246251565e-16,True,0.7405723298070641,0.7766734324395657,0.0002693552941988252,2.4686582775977413,2.462037682533264
p107_37034_0_000007_step0150,p107_37034_0_000007,150,6,2,fixed_probe,0.14799470268444082,True,True,0.012001227528994483,nan,ok,0.11436484429263989,0.69565418964666,8.76768408200586e-05,0.00013014826822571414,0.0005797272247845404,0.01354581908801622,False,0.7028638257262672,0.7710946314036846,0.0002628279119227207,2.6605239938340426,2.5507736206054688
p107_37034_0_000007_step0150,p107_37034_0_000007,150,6,2,adaptive_edge,0.1330916764698301,True,True,0.012001227528994483,0.01594408239534073,ok,0.10837068959619543,0.6591931700583166,8.607056461314341e-05,0.00012875796847242648,4.948885916967211e-16,1.1102230246251565e-16,True,0.7014186573977602,0.7727599181234837,0.00023566670299238847,2.660103673265993,2.555373239050712
p107_37034_0_000007_step0200,p107_37034_0_000007,200,6,2,fixed_probe,0.14799470268444082,True,True,0.01160733701522608,nan,ok,0.11309212029131509,0.6879125117799905,7.26413608144727e-05,0.0001134269661460688,2.4023471163121546e-06,0.00015372494301316153,False,0.7128882816699218,0.7940213307738304,0.0002370600172921398,2.5715806938322223,2.521979331970215
p107_37034_0_000007_step0200,p107_37034_0_000007,200,6,2,adaptive_edge,0.14494050515437504,True,True,0.01160733701522608,0.015438362733409698,ok,0.1118857049849864,0.6805741739586759,7.28778105753037e-05,0.0001143791231475438,5.229993494839509e-16,8.326672684688674e-17,True,0.7129132023083052,0.7777732945978642,0.00023197776293848216,2.571520586966881,2.5148627446234895
p107_37034_0_000009_step0000,p107_37034_0_000009,0,5,2,fixed_probe,0.20321691645543513,True,True,0.03615666320564464,nan,ok,0.2577408899923542,1.3142258275217855,1.1371141868199957e-05,2.4121838125368764e-05,2.6352975477372646e-15,2.1344037648418634e-14,True,0.8810072234562251,0.7802692763507366,0.0010040366250912449,1.279602153526278,1.281617198944092
p107_37034_0_000009_step0000,p107_37034_0_000009,0,5,2,adaptive_edge,0.31752643196161734,True,True,0.03615666320564464,0.03674460260590198,ok,0.27596563373903954,1.407154151516362,6.700899584974801e-06,1.1944267112012179e-05,2.5154765735041333e-14,2.313704783318826e-13,True,0.8803675713811414,0.7733279652893543,0.0010145793253473505,1.2809490005459767,1.2893285155296326
p107_37034_0_000009_step0010,p107_37034_0_000009,10,5,2,fixed_probe,0.20321691645543513,True,True,0.015808906408747932,nan,ok,0.1668309727350118,0.850674385447491,1.0992974604444378e-05,2.109018431578013e-05,7.18233953602916e-15,9.794942634755444e-14,True,0.8631066377533758,0.7623354829847813,1.9483932818155835e-05,1.2929702107229637,1.2911567101252557
p107_37034_0_000009_step0010,p107_37034_0_000009,10,5,2,adaptive_edge,0.27513881436409215,True,True,0.015808906408747932,0.016442620535935704,ok,0.18600633341610415,0.9484499237405606,1.1160914769185237e-05,1.6315978981004277e-05,2.5797849960561697e-14,3.385625113594415e-13,True,0.8628380972240376,0.7703141085803509,2.097918307002139e-05,1.293277086469129,1.2963767051696777
p107_37034_0_000009_step0025,p107_37034_0_000009,25,5,2,fixed_probe,0.20321691645543513,True,True,0.005323748351437473,nan,ok,0.1389065076528953,0.7082869930871386,1.544458646923113e-05,2.3954051924893233e-05,5.233299393663363e-14,7.278899705198683e-13,True,0.8292296408875427,0.7770318910479546,4.433071836619605e-06,1.3262783759334893,1.3251727757579914
p107_37034_0_000009_step0025,p107_37034_0_000009,25,5,2,adaptive_edge,0.2155415938579433,True,True,0.005323748351437473,0.005915667616126164,ok,0.14296022514240547,0.7289569776687433,1.7192792528538483e-05,2.317302605468792e-05,6.578141948277576e-14,9.098277686803158e-13,True,0.8291710694468224,0.76588224619627,4.654631530237056e-06,1.326421223944787,1.3307832479476929
p107_37034_0_000009_step0050,p107_37034_0_000009,50,5,2,fixed_probe,0.20321691645543513,True,True,0.0032201970031965036,nan,ok,0.1350585339818519,0.688666100250697,1.514327048768769e-05,2.505267457801914e-05,9.043214308635207e-16,1.1102230246251565e-16,True,0.8241169289680474,0.7782992869615555,3.7365034128699564e-06,1.3420469164286768,1.3402744661651547
p107_37034_0_000009_step0050,p107_37034_0_000009,50,5,2,adaptive_edge,0.21541209148519874,True,True,0.0032201970031965036,0.0037720917063146973,ok,0.13905721925263584,0.7090554744751403,1.6475726729030334e-05,2.3904675205424277e-05,9.387443908869048e-16,1.6653345369377348e-16,True,0.8240560171616755,0.7782057374715805,3.9510000948224254e-06,1.3420914200567187,1.3438838124275208
p107_37034_0_000009_step0075,p107_37034_0_000009,75,5,2,fixed_probe,0.20321691645543513,True,True,0.0027708833769713743,nan,ok,0.13439048789595048,0.6852597202227065,1.2681879987798855e-05,2.3535539898247238e-05,3.9179858982314777e-14,5.313249840099843e-13,True,0.8364509516693767,0.763025239109993,2.7766292494703247e-06,1.3270301338833714,1.3253736699695557
p107_37034_0_000009_step0075,p107_37034_0_000009,75,5,2,adaptive_edge,0.21649124560458494,True,True,0.0027708833769713743,0.003345327610847672,ok,0.13873117822198158,0.7073929848976024,1.2785878328424561e-05,2.244514162458415e-05,5.049536045843159e-14,6.782352457435081e-13,True,0.8364007675105412,0.7675260119140148,2.941813200998325e-06,1.3270218747731193,1.3281331062316895
p107_37034_0_000009_step0100,p107_37034_0_000009,100,5,2,fixed_probe,0.20321691645543513,True,True,0.0027146041009800687,nan,ok,0.136330863565662,0.6951537336262661,1.1865940708780498e-05,2.1727744913313088e-05,2.7470162366834585e-14,3.5227376571356217e-13,True,0.8373656931759652,0.7715757861733437,3.397712972168668e-06,1.3230061555017272,1.3215739713119765
p107_37034_0_000009_step0100,p107_37034_0_000009,100,5,2,adaptive_edge,0.2164135927126381,True,True,0.0027146041009800687,0.003230527607862826,ok,0.140710511745606,0.7174856451584717,1.2117952498069607e-05,2.0637189548442947e-05,3.549888721986727e-14,4.49446035943879e-13,True,0.8373250119285054,0.7679318226873875,3.619285794705976e-06,1.3230319457807718,1.325318068265915
p107_37034_0_000009_step0150,p107_37034_0_000009,150,5,2,fixed_probe,0.20321691645543513,True,True,0.0022635324567229355,nan,ok,0.13969539314230386,0.712309535591623,1.4663863568589068e-05,2.3642423298953366e-05,2.4773327640185624e-14,3.320677066653843e-13,True,0.8473918433533618,0.7620976381003857,2.3944761051997907e-06,1.286852290314269,1.285551218952093
p107_37034_0_000009_step0150,p107_37034_0_000009,150,5,2,adaptive_edge,0.21651879063725143,True,True,0.0022635324567229355,0.002759051987946268,ok,0.1442465558762447,0.7355160031815237,1.543971101746927e-05,2.366216211669882e-05,3.196295908363081e-14,4.2912895459323863e-13,True,0.8473628193427252,0.7654477283358574,2.560049090427705e-06,1.2868674605603956,1.2887552678585052
p107_37034_0_000009_step0200,p107_37034_0_000009,200,5,2,fixed_probe,0.20321691645543513,True,True,0.002097523746648445,nan,ok,0.14104457259814365,0.7191890279642885,1.4264630093732514e-05,2.3531938137860272e-05,3.0465352269064438e-15,2.7644553313166398e-14,True,0.8685500135055585,0.7798635587096214,1.6207397584169441e-06,1.2328208397948073,1.2306124735580728
p107_37034_0_000009_step0200,p107_37034_0_000009,200,5,2,adaptive_edge,0.2647379784817012,True,True,0.002097523746648445,0.002605199501530692,ok,0.16097261685583475,0.8208025145019961,2.177553962590874e-05,2.9520333245017446e-05,1.502333550602311e-05,0.0007074538622178217,False,0.8680608533451388,0.7698797695338726,2.4768718493142088e-06,1.2328876809894762,1.2342644035816193
p107_37034_0_000016_step0000,p107_37034_0_000016,0,4,5,fixed_probe,0.13632598010101812,True,True,0.028188371936906518,nan,ok,0.20436880748762518,0.842634179853,7.270149838258292e-05,0.0001377954765461364,6.596002308168002e-16,8.326672684688674e-17,True,0.8206884755328668,0.767720814794302,0.000311490353896186,1.1752719088232946,1.1692677491607666
p107_37034_0_000016_step0000,p107_37034_0_000016,0,4,5,adaptive_edge,0.2130093439078408,True,True,0.028188371936906518,0.028918924032175816,ok,0.22168929033294513,0.9140483601109529,8.689781400688323e-05,0.0001677937034674932,8.04150288229548e-16,1.3877787807814457e-16,True,0.8180170182884045,0.7625698149204254,0.00031598888806004294,1.1785186451154754,1.1719141444191337
p107_37034_0_000016_step0010,p107_37034_0_000016,10,4,5,fixed_probe,0.13632598010101812,True,True,0.009699479915675761,nan,ok,0.10807530447031942,0.44560589585191546,2.5420931716626537e-05,4.719357432896727e-05,2.3758677253507453e-14,1.412203687323199e-13,True,0.8849247314290677,0.7637197934091091,6.8459215615464435e-06,1.3083834131011756,1.3138426535561383
p107_37034_0_000016_step0010,p107_37034_0_000016,10,4,5,adaptive_edge,0.3422883802605276,True,True,0.009699479915675761,0.011853798413237556,ok,0.16626051257159416,0.6855096547020156,3.1512689515619784e-05,6.234375343434662e-05,0.00047875421217076307,0.012714926947821559,False,0.880977018564166,0.768706563860178,2.051403462379774e-05,1.3123192558975385,1.3247780203819275
p107_37034_0_000016_step0025,p107_37034_0_000016,25,4,5,fixed_probe,0.13632598010101812,True,True,0.0071024953389382545,nan,ok,0.1003434864508596,0.41372679347962876,2.2990548989065594e-05,4.3987374837862e-05,3.0262343019887265e-15,1.6209256159527285e-14,True,0.8848719499760227,0.7667977660894394,4.391349103556231e-06,1.2689522039718681,1.2691632112471767
p107_37034_0_000016_step0025,p107_37034_0_000016,25,4,5,adaptive_edge,0.36,True,True,0.0071024953389382545,0.009000610993422174,ok,0.16304443160412802,0.6722494131726141,2.7032311382750145e-05,5.807141548152388e-05,0.0004182230757848272,0.010405142502084463,False,0.8837125992668231,0.7870818637311459,1.1873300507756574e-05,1.2722552271736427,1.2809962630271912
p107_37034_0_000016_step0050,p107_37034_0_000016,50,4,5,fixed_probe,0.13632598010101812,True,True,0.00516067567112186,nan,ok,0.09538840820494153,0.39329648248850824,1.9062166271603343e-05,3.6541479426514196e-05,1.954204493388469e-15,1.0297318553398327e-14,True,0.8849555151314343,0.767763152718544,3.048442049532594e-06,1.2509780384159497,1.2494521695074563
p107_37034_0_000016_step0050,p107_37034_0_000016,50,4,5,adaptive_edge,0.37033298845365437,True,True,0.00516067567112186,0.006824699142915037,ok,0.1590204849463135,0.6556582560705937,1.9873314632045465e-05,4.431251257607585e-05,0.0003074813275063851,0.007213254475658903,False,0.8838984384857789,0.7673850804567337,9.062580543807606e-06,1.2541005124207663,1.2631114721298218
p107_37034_0_000016_step0075,p107_37034_0_000016,75,4,5,fixed_probe,0.13632598010101812,True,True,0.0037704626296544926,nan,ok,0.09250792646369688,0.38141995201669343,1.8018250214982444e-05,3.471702817632046e-05,1.4803461897525201e-15,1.0408340855860843e-14,True,0.8796229898777079,0.7733091861009598,1.7755297609918376e-06,1.2589459311037734,1.2546644097956763
p107_37034_0_000016_step0075,p107_37034_0_000016,75,4,5,adaptive_edge,0.3690789568267907,True,True,0.0037704626296544926,0.005021752928455746,ok,0.15413787336914633,0.6355267328090699,1.7221909096354934e-05,3.7369886211790266e-05,0.00027845937524119814,0.0067381013932453215,False,0.8787382797975268,0.7664927579462528,5.193588069086872e-06,1.261802727684642,1.26913183927536
p107_37034_0_000016_step0100,p107_37034_0_000016,100,4,5,fixed_probe,0.13632598010101812,True,True,0.0030004829353581608,nan,ok,0.09139826674223366,0.3768447077766071,1.733946842854889e-05,3.3546225719316705e-05,1.4675169153589571e-15,1.2906342661267445e-14,True,0.8752160223846098,0.7675945609807968,1.2046791361764082e-06,1.2611833863944613,1.2554598987461953
p107_37034_0_000016_step0100,p107_37034_0_000016,100,4,5,adaptive_edge,0.36490847353103145,True,True,0.0030004829353581608,0.0039966016967602404,ok,0.15120134212886568,0.6234191043324667,1.5495476218555112e-05,3.336752958233314e-05,0.000336025982696487,0.00871452169957293,False,0.874376479980393,0.7677832916378975,3.5187734145875385e-06,1.2640357688510244,1.2713670134544373
p107_37034_0_000016_step0150,p107_37034_0_000016,150,4,5,fixed_probe,0.13632598010101812,True,True,0.002442955649603615,nan,ok,0.09029316568313017,0.37228825938294147,1.88298100313613e-05,3.636793278210361e-05,1.5392077597759878e-15,1.534883331544279e-14,True,0.8658722707068685,0.7756015993654728,9.80418587621001e-07,1.2561297661370847,1.2494865546136171
p107_37034_0_000016_step0150,p107_37034_0_000016,150,4,5,adaptive_edge,0.34522252437410583,True,True,0.002442955649603615,0.003127287401615805,ok,0.14519221264006094,0.5986428287321109,1.696370405875562e-05,3.4766507900543365e-05,0.0001023973024603243,0.003117838421844654,False,0.8650330048681484,0.7705171816051006,2.063268471660715e-06,1.2584915533391638,1.263428509235382
p107_37034_0_000016_step0200,p107_37034_0_000016,200,4,5,fixed_probe,0.13632598010101812,True,True,0.001784794380478973,nan,ok,0.08944275465871604,0.3687819249040923,1.7895985915577644e-05,3.486584401869377e-05,1.713450446807433e-15,1.840194663316197e-14,True,0.85380051410911,0.7927668355405331,4.4773452562086547e-07,1.2589911689780977,1.25486598271852
p107_37034_0_000016_step0200,p107_37034_0_000016,200,4,5,adaptive_edge,0.3173476409066406,True,True,0.001784794380478973,0.002336402061490008,ok,0.13778249740404735,0.5680917901582785,1.5136425472174344e-05,2.985119670097234e-05,7.034819023838556e-14,7.297495940861154e-13,True,0.8530160702408647,0.7696859948337078,1.05103420453605e-06,1.2610065234241714,1.2669862508773804
p107_37034_0_000017_step0000,p107_37034_0_000017,0,4,3,fixed_probe,0.30909020564761186,True,True,0.015366652223890883,nan,ok,0.15740726021547172,0.6490067601074745,7.158031470438613e-06,1.4261351360388133e-05,8.899795031740564e-16,2.220446049250313e-16,True,0.934438989417003,0.7751680761575699,0.0001472229732982181,1.2553405140727045,1.2558837209930422
p107_37034_0_000017_step0000,p107_37034_0_000017,0,4,3,adaptive_edge,0.4829534463243934,True,True,0.015366652223890883,0.017945710314339152,ok,0.1891306795940126,0.7798057690109648,5.608184951802195e-06,1.0416600360547956e-05,1.1037061387821426e-15,3.3306690738754696e-16,True,0.9271648290108998,0.764834389090538,0.000191655931397245,1.260004838520285,1.2689310908317566
p107_37034_0_000017_step0010,p107_37034_0_000017,10,4,3,fixed_probe,0.30909020564761186,True,True,0.013183433564864124,nan,ok,0.1523656483352358,0.6282196618018928,5.320924133310008e-06,1.087442411602463e-05,9.027764973768804e-16,2.220446049250313e-16,True,0.94152614349693,0.7686580382287502,0.0001186249403210441,1.2483749586107191,1.2500630498605614
p107_37034_0_000017_step0010,p107_37034_0_000017,10,4,3,adaptive_edge,0.4934708633417829,True,True,0.013183433564864124,0.015398510597668785,ok,0.18659599869328625,0.7693550119300342,4.418698175963212e-06,8.559015414391466e-06,1.13111519887671e-15,3.3306690738754696e-16,True,0.936835789900375,0.7657995782792568,0.00015580155928069408,1.2525622564717145,1.261094868183136
p107_37034_0_000017_step0025,p107_37034_0_000017,25,4,3,fixed_probe,0.30909020564761186,True,True,0.011545656429545467,nan,ok,0.14673931730273354,0.6050217046701956,4.836236855107085e-06,9.720315538000805e-06,8.820024056209122e-16,2.220446049250313e-16,True,0.9516262146685229,0.7697323560714722,7.84928755430864e-05,1.2485176059626955,1.2520452377762432
p107_37034_0_000017_step0025,p107_37034_0_000017,25,4,3,adaptive_edge,0.5263438753755498,True,True,0.011545656429545467,0.014429739490018809,ok,0.18860787427404763,0.7776501874551142,3.5646392580167497e-06,6.773839197756784e-06,1.1548972840290558e-15,3.3306690738754696e-16,True,0.947074329237942,0.7644705846905708,0.00012849397379652416,1.253638966386129,1.2619187235832214
p107_37034_0_000017_step0050,p107_37034_0_000017,50,4,3,fixed_probe,0.30909020564761186,True,True,0.014281523940168064,nan,ok,0.15502472778855042,0.6391833272548187,4.919556298568483e-06,9.403676193831906e-06,8.484216675570395e-16,2.220446049250313e-16,True,0.9630357914772727,0.791770588606596,8.781106116296115e-05,1.2661166236526034,1.2714290411562867
p107_37034_0_000017_step0050,p107_37034_0_000017,50,4,3,adaptive_edge,0.5615453923143554,True,True,0.014281523940168064,0.017258694497092383,ok,0.20270794207736642,0.8357862563365684,5.711148031972629e-06,1.1622146352395763e-05,1.1468503421417517e-15,4.440892098500626e-16,True,0.9594913194429308,0.7679717801511288,0.00015261023569774538,1.2719387055908051,1.2806552648544312
p107_37034_0_000017_step0075,p107_37034_0_000017,75,4,3,fixed_probe,0.30909020564761186,True,True,0.016589928940250305,nan,ok,0.16457181215024982,0.6785469644947879,7.82232041063506e-06,1.5321007069084817e-05,8.80129795209859e-14,5.985767437266531e-13,True,0.9686204832788172,0.7656128369271755,0.00010181810274323415,1.283808230107328,1.2898774968972218
p107_37034_0_000017_step0075,p107_37034_0_000017,75,4,3,adaptive_edge,0.5928287746532359,True,True,0.016589928940250305,0.019425690544625215,ok,0.21777622293400817,0.8979143699049749,1.0574265214482507e-05,2.0699748679349784e-05,1.1748253850592327e-15,3.3306690738754696e-16,True,0.9665430455680208,0.7654660753905773,0.00018933717696960602,1.2904832941576783,1.2984756827354431
p107_37034_0_000017_step0100,p107_37034_0_000017,100,4,3,fixed_probe,0.30909020564761186,True,True,0.01530711362799443,nan,ok,0.16537467821409865,0.6818572660792606,9.681806465404563e-06,1.9059125577199106e-05,8.068975202514193e-14,7.690514891578459e-13,True,0.9638111944484969,0.7721810936927795,8.618264247096717e-05,1.409356957586755,1.4126807299316695
p107_37034_0_000017_step0100,p107_37034_0_000017,100,4,3,adaptive_edge,0.5154691656992412,True,True,0.01530711362799443,0.01714533066640862,ok,0.2046297927921214,0.843710249830172,1.1598821702748883e-05,2.3288191080519793e-05,1.1291690746870348e-15,3.3306690738754696e-16,True,0.9624492497412672,0.7804185785353184,0.00012875497397184775,1.4152425225725296,1.4227631092071533
p107_37034_0_000017_step0150,p107_37034_0_000017,150,4,3,fixed_probe,0.30909020564761186,True,True,0.003985092618244427,nan,ok,0.1396789281923573,0.5759109746101536,7.3056207486338765e-06,1.419191659987582e-05,9.65528293188694e-16,2.220446049250313e-16,True,0.9240656309988601,0.7788885347545147,5.6557785330186085e-06,1.4730650284849665,1.468475496324394
p107_37034_0_000017_step0150,p107_37034_0_000017,150,4,3,adaptive_edge,0.38719081148574874,True,True,0.003985092618244427,0.005223496812689666,ok,0.15650980775624185,0.6453064688240994,7.109674388415107e-06,1.346983448780968e-05,1.1057790660590307e-15,2.7755575615628914e-16,True,0.9233417652529974,0.7671086192131042,7.066467775603273e-06,1.4749314181041682,1.4838124513626099
p107_37034_0_000017_step0200,p107_37034_0_000017,200,4,3,fixed_probe,0.30909020564761186,True,True,0.0026980119274625756,nan,ok,0.13739077841941014,0.5664766914090594,6.750004722834074e-06,1.2897674274941595e-05,9.691703050575504e-16,2.220446049250313e-16,True,0.9134499998087086,0.7705005593597889,1.7888165678281358e-06,1.4888374287704376,1.4842604551590286
p107_37034_0_000017_step0200,p107_37034_0_000017,200,4,3,adaptive_edge,0.3713161326166921,True,True,0.0026980119274625756,0.0035771604254830175,ok,0.15079521265911025,0.6217445896309889,6.404217679962203e-06,1.2237173502557609e-05,1.0886467913195957e-15,2.7755575615628914e-16,True,0.9128144486069807,0.7940438911318779,2.2129832955506264e-06,1.4901698881245962,1.4989244937896729
p107_37034_0_000021_step0000,p107_37034_0_000021,0,5,2,fixed_probe,0.24227042723388373,True,True,0.056135611032681706,nan,ok,0.38968389628054306,1.987005791267356,4.599538258643248e-06,9.469421003804616e-06,1.9677911166332573e-14,1.9984014443252818e-13,True,0.9224796110774895,0.7747944593429565,0.0016673487571723915,1.148813950143653,1.1511218361625672
p107_37034_0_000021_step0000,p107_37034_0_000021,0,5,2,adaptive_edge,0.37854754255294326,True,True,0.056135611032681706,0.056566737164794746,ok,0.41089598759689705,2.095166658813557,4.174827154397853e-06,7.670949104171245e-06,1.1352820886039105e-15,2.220446049250313e-16,True,0.922286957344181,0.7793245129287243,0.0016553561131509653,1.1517571400535656,1.1602545976638794
p107_37034_0_000021_step0010,p107_37034_0_000021,10,5,2,fixed_probe,0.24227042723388373,True,True,0.020456391160516032,nan,ok,0.20319766017727225,1.0361088343603067,4.3715294452657375e-06,9.785995898032202e-06,1.4881579688288235e-14,1.2112533198660458e-13,True,0.9218899876100298,0.786255095154047,8.210575815987001e-05,1.1938250180285936,1.1969575938543224
p107_37034_0_000021_step0010,p107_37034_0_000021,10,5,2,adaptive_edge,0.39790137554980537,True,True,0.020456391160516032,0.02137323217357455,ok,0.24266493199670408,1.2373532235158602,4.670713420871963e-06,8.818716868951075e-06,3.3216365568784013e-05,0.0013894776200242265,False,0.9219860247174867,0.7936523370444775,9.351131600685715e-05,1.1960840948052642,1.1998544037342072
p107_37034_0_000021_step0025,p107_37034_0_000021,25,5,2,fixed_probe,0.24227042723388373,True,True,0.00573908979320782,nan,ok,0.16013307146937994,0.8165216561939163,3.945855524457685e-06,8.742542827216064e-06,1.1576646516833961e-14,7.802092305553288e-14,True,0.9249672848174533,0.7685115970671177,1.7910203156768985e-05,1.1880908558920333,1.190956693186603
p107_37034_0_000021_step0025,p107_37034_0_000021,25,5,2,adaptive_edge,0.41070534525567726,True,True,0.00573908979320782,0.007532647910476349,ok,0.20919145604624328,1.066671316456682,3.31808813913864e-06,6.475484281653145e-06,1.1190304363202984e-15,2.220446049250313e-16,True,0.9249344527753042,0.7709074951708317,3.100848958764605e-05,1.1906149018913412,1.1953469812870026
p107_37034_0_000021_step0050,p107_37034_0_000021,50,5,2,fixed_probe,0.24227042723388373,True,True,0.00492623711067659,nan,ok,0.15510009269152833,0.7908583991941526,4.330569516803296e-06,9.503831167246056e-06,5.431309569980227e-15,2.88935542158697e-14,True,0.9275495433845399,0.7764462977647781,1.594767648714107e-05,1.1894415001944756,1.194146476155443
p107_37034_0_000021_step0050,p107_37034_0_000021,50,5,2,adaptive_edge,0.43808434244200567,True,True,0.00492623711067659,0.0065906560341085765,ok,0.2094647412965035,1.0680648032805358,3.1705865853351194e-06,6.031021532139093e-06,9.444944462292742e-14,7.175371408152387e-13,True,0.9273526030443886,0.7699508517980576,2.9756006352329657e-05,1.1920536920879348,1.1984416842460632
p107_37034_0_000021_step0075,p107_37034_0_000021,75,5,2,fixed_probe,0.24227042723388373,True,True,0.00440221751445272,nan,ok,0.152885830664162,0.7795678339084042,4.971854196407439e-06,1.0878555277729169e-05,3.5466974036589443e-15,2.0261570199409107e-14,True,0.9241173110475588,0.778079379349947,1.3009048144263763e-05,1.205184084485397,1.2099376554410908
p107_37034_0_000021_step0075,p107_37034_0_000021,75,5,2,adaptive_edge,0.43792026488162056,True,True,0.00440221751445272,0.00586202300368789,ok,0.20644083344211073,1.0526458381236805,5.090829653165174e-06,9.302646714939335e-06,5.211526659437426e-14,2.9620750296999176e-13,True,0.9239035547928922,0.7684843800961971,2.400810707785527e-05,1.2075306159320485,1.213914841413498
p107_37034_0_000021_step0100,p107_37034_0_000021,100,5,2,fixed_probe,0.24227042723388373,True,True,0.0037927792163666395,nan,ok,0.15106835678640626,0.7703004991402825,5.6536264100121704e-06,1.2513630920658154e-05,2.5259827748098876e-15,1.457167719820518e-14,True,0.9188298271853943,0.7658030651509762,9.757972808302783e-06,1.2154856056394876,1.2196053760671
p107_37034_0_000021_step0100,p107_37034_0_000021,100,5,2,adaptive_edge,0.43222458336671365,True,True,0.0037927792163666395,0.0050630692672539845,ok,0.20262924664878548,1.0332104826867625,7.782750879324031e-06,1.3119199857113063e-05,6.138881136130478e-05,0.0019426495262583887,False,0.9186706223991549,0.7688615471124649,1.7961583870489076e-05,1.2174788763825708,1.2235059142112732
p107_37034_0_000021_step0150,p107_37034_0_000021,150,5,2,fixed_probe,0.24227042723388373,True,True,0.002156963050919927,nan,ok,0.14657195900946787,0.7473732791347985,8.073733002071564e-06,1.768243436737363e-05,2.7198775516652396e-15,1.532107773982716e-14,True,0.8975843999296816,0.7666234523057938,1.3107003158685933e-06,1.3332275730317014,1.334447728707744
p107_37034_0_000021_step0150,p107_37034_0_000021,150,5,2,adaptive_edge,0.3811135794442345,True,True,0.002156963050919927,0.0026698428796871516,ok,0.18402236253082008,0.9383336174820973,5.634100516458691e-06,8.5109765817127e-06,6.327293098082496e-05,0.0018935679990975118,False,0.8971230440641084,0.7721916995942593,2.156222400912571e-06,1.334212778781282,1.338031679391861
p107_37034_0_000021_step0200,p107_37034_0_000021,200,5,2,fixed_probe,0.24227042723388373,True,True,0.0014857730140538327,nan,ok,0.1453899740392855,0.7413463147070651,8.189859943957895e-06,1.790604864802612e-05,3.4034107210097527e-15,2.2315482794965646e-14,True,0.8931970339084169,0.7909724451601505,5.404248078312138e-07,1.3718848996350321,1.3730385719989397
p107_37034_0_000021_step0200,p107_37034_0_000021,200,5,2,adaptive_edge,0.3737007305780843,True,True,0.0014857730140538327,0.0017961662541018915,ok,0.1808223234910409,0.9220165559740043,5.090732684352697e-06,8.811350276472162e-06,4.78497123187372e-05,0.0018562140657621407,False,0.8927990382791292,0.7734194733202457,6.27786767372161e-07,1.3727813309770096,1.3748791813850403
p107_37034_0_000022_step0000,p107_37034_0_000022,0,4,4,fixed_probe,0.11198008176665011,True,True,0.021515476724007727,nan,ok,0.14983632097603605,0.6177909779381476,0.00010754368797691574,0.00020365998328102992,6.664810078039004e-16,6.938893903907228e-17,True,0.7371922392057506,0.773990735411644,0.00011487140231434828,1.3441932686425808,1.3416760864982604
p107_37034_0_000022_step0000,p107_37034_0_000022,0,4,4,adaptive_edge,0.17496887776039077,False,False,0.021515476724007727,0.022054796105957317,ok,0.1598519977637842,0.6590866712460803,0.00019560188508705578,0.00025356152896248787,8.405805948427332e-16,1.1102230246251565e-16,True,0.7358220791121806,0.7710890807211399,52.868340814856715,186.0110190610293,1.3822810053825378
p107_37034_0_000022_step0010,p107_37034_0_000022,10,4,4,fixed_probe,0.11198008176665011,True,True,0.008940497165864416,nan,ok,0.0849871398200178,0.3504109542970701,6.06652064141341e-05,0.00011391421699290904,2.5874065677191075e-15,1.749989042565403e-14,True,0.8106611346683852,0.7705593146383762,2.1033992570993712e-05,1.4505813470681403,1.421982141493867
p107_37034_0_000022_step0010,p107_37034_0_000022,10,4,4,adaptive_edge,0.3030934499832585,True,True,0.008940497165864416,0.009671029729715737,ok,0.1259172252249766,0.519170019687267,5.7965124733170256e-05,9.102006606758945e-05,2.3004569478725483e-05,0.0010263407687014503,False,0.8093243155185214,0.7896439880132675,2.7568044882303597e-05,1.450908270517921,1.4525199234485626
p107_37034_0_000022_step0025,p107_37034_0_000022,25,4,4,fixed_probe,0.11198008176665011,True,True,0.005597170957633541,nan,ok,0.07309300529830957,0.30137018133876164,5.650740149643825e-05,0.00010804693885989658,1.3918421646607243e-15,5.717648576819556e-15,True,0.8261924308678372,0.7739473171532154,3.6527289221734197e-06,1.4435272412172402,1.419703481111598
p107_37034_0_000022_step0025,p107_37034_0_000022,25,4,4,adaptive_edge,0.3157348463526617,True,True,0.005597170957633541,0.00657577263189135,ok,0.12043823101120346,0.4965795478217324,5.553476443116412e-05,9.145790672991851e-05,9.816826053351891e-16,1.6653345369377348e-16,True,0.8249366898221373,0.7792457491159439,9.446349541991725e-06,1.4443636383426877,1.4467792212963104
p107_37034_0_000022_step0050,p107_37034_0_000022,50,4,4,fixed_probe,0.11198008176665011,True,True,0.004600614267653433,nan,ok,0.07062241324395167,0.29118366934083234,5.406750496846471e-05,0.00010500096738064364,1.0880056908843368e-15,4.690692279041286e-15,True,0.8379677938239499,0.7694862522184849,2.5549198873431404e-06,1.4316012333108912,1.4053095333860892
p107_37034_0_000022_step0050,p107_37034_0_000022,50,4,4,adaptive_edge,0.35286602991507454,True,True,0.004600614267653433,0.005718037522607489,ok,0.12666066527953235,0.5222353015585154,5.10436939110545e-05,8.497705931896806e-05,1.7553313877736224e-05,0.0007692634549046895,False,0.8368637462667176,0.7836369052529335,8.149841884852364e-06,1.4329598756048063,1.435383528470993
p107_37034_0_000022_step0075,p107_37034_0_000022,75,4,4,fixed_probe,0.11198008176665011,True,True,0.005162874509119049,nan,ok,0.0731557649757522,0.3016289461178873,5.1306177559943195e-05,0.00010161385347272884,9.65090905990734e-16,3.70536934468646e-15,True,0.8522129924045829,0.7699797861278057,8.06610972186269e-06,1.4473412841648552,1.421737378766029
p107_37034_0_000022_step0075,p107_37034_0_000022,75,4,4,adaptive_edge,0.38122732838290363,True,True,0.005162874509119049,0.006016273491516795,ok,0.1345000591906873,0.5545579506950311,4.9380941982005356e-05,8.614533283261765e-05,5.211769936949735e-05,0.0019456680446396923,False,0.851179112079227,0.7731651477515697,1.2933766278759529e-05,1.4497572007659578,1.448501706123352
p107_37034_0_000022_step0100,p107_37034_0_000022,100,4,4,fixed_probe,0.11198008176665011,True,True,0.0038063481738081968,nan,ok,0.06791635698013375,0.2800263135362467,5.235309946606123e-05,0.00010355700136872273,9.05497951839829e-16,3.372302437298913e-15,True,0.8440883183674404,0.7730934806168079,1.9236193811259487e-06,1.4516736094584897,1.424554669379379
p107_37034_0_000022_step0100,p107_37034_0_000022,100,4,4,adaptive_edge,0.3793548612748552,True,True,0.0038063481738081968,0.004909208771968082,ok,0.12834231912796332,0.5291689380013226,4.797098264396551e-05,8.066988579731227e-05,0.00010024162159383057,0.0031679829532034742,False,0.8429716141380644,0.790363434702158,6.921863011966909e-06,1.4535186056527734,1.456726312637329
p107_37034_0_000022_step0150,p107_37034_0_000022,150,4,4,fixed_probe,0.11198008176665011,True,True,0.0034942051604382436,nan,ok,0.0670478420276272,0.27644533464963394,5.050319613128538e-05,0.00010014522150113544,9.329054874536474e-16,4.052314039881821e-15,True,0.8382741092970284,0.7619737461209297,2.0243975169883336e-06,1.4269890511418784,1.3998005400128088
p107_37034_0_000022_step0150,p107_37034_0_000022,150,4,4,adaptive_edge,0.3694913377788608,True,True,0.0034942051604382436,0.004568056828928869,ok,0.12489836981281396,0.5149691712056882,4.405628893964438e-05,7.256887403608747e-05,0.00014995127916565907,0.004215754309644548,False,0.8372336449553002,0.7718970663845539,6.769744819483801e-06,1.4283311303045854,1.4285922348499298
p107_37034_0_000022_step0200,p107_37034_0_000022,200,4,4,fixed_probe,0.11198008176665011,True,True,0.0029012166424617312,nan,ok,0.06740181393753153,0.2779047982226711,4.4279772226458e-05,8.731278549064092e-05,7.956607470085881e-16,2.9976021664879227e-15,True,0.8487171391616468,0.7677745930850506,1.3203368145497756e-06,1.470453477614531,1.4453506452295037
p107_37034_0_000022_step0200,p107_37034_0_000022,200,4,4,adaptive_edge,0.3929039444264253,True,True,0.0029012166424617312,0.0037566724311351744,ok,0.129590662435479,0.5343159893152427,3.937747306251407e-05,6.867407400540672e-05,0.00018615210829993256,0.005440820906637667,False,0.8477903651797493,0.7738162204623222,4.586232774758704e-06,1.4727438825249135,1.4752609729766846
p107_37034_0_000023_step0000,p107_37034_0_000023,0,3,5,fixed_probe,0.21389692793013754,False,True,0.05493286010710287,nan,ok,0.3500987588032067,1.1071094838160582,0.00011186436301425127,0.00022220504526471022,4.37148179804513e-15,1.4627188349436437e-14,True,0.8885478309620556,0.7646391466259956,0.00040177805544788125,1.261831519514646,1.2663992411270142
p107_37034_0_000023_step0000,p107_37034_0_000023,0,3,5,adaptive_edge,0.33421394989083986,False,True,0.05493286010710287,0.05570825669359191,ok,0.361352372286816,1.142696534331446,0.0001400199052314948,0.00028437424614269075,1.6137318095678593e-05,0.0007325114666396626,False,0.8865054781032349,0.7675728313624859,0.0004287170801462737,1.2650048102280835,1.2794133424758911
p107_37034_0_000023_step0010,p107_37034_0_000023,10,3,5,fixed_probe,0.21389692793013754,False,True,0.03358300383402526,nan,ok,0.2195898871085653,0.6944041944023125,0.0001217056088775293,0.00020611817401452185,2.9968028058917962e-15,1.432187701766452e-14,True,0.8978491322728852,0.783384520560503,0.0002762983841710361,1.3608200269952309,1.3642468732955728
p107_37034_0_000023_step0010,p107_37034_0_000023,10,3,5,adaptive_edge,0.32927754734479875,False,True,0.03358300383402526,0.03578744736727417,ok,0.23843739156574661,0.7540052366971809,0.00016426986436385207,0.00027950501602100537,5.660264741270163e-16,1.6653345369377348e-16,True,0.8934504710028626,0.7714036554098129,0.0003935402379744652,1.368938022282043,1.3754850625991821
p107_37034_0_000023_step0025,p107_37034_0_000023,25,3,5,fixed_probe,0.21389692793013754,True,True,0.016630448412144103,nan,ok,0.12761207512340536,0.40354481433047373,7.029940512781171e-05,0.00014127184462336918,7.564832775718462e-16,1.3877787807814457e-16,True,0.8485728127188703,0.7944869473576546,2.3532392740104233e-05,1.3887449730183556,1.384122967709631
p107_37034_0_000023_step0025,p107_37034_0_000023,25,3,5,adaptive_edge,0.28756244261076663,True,True,0.016630448412144103,0.01729716707314037,ok,0.13761032242482643,0.43516204841259637,7.621175664183823e-05,0.00015151560045615552,8.538606933947903e-16,2.220446049250313e-16,True,0.8445339640929735,0.7613398134708405,2.584080658032125e-05,1.390060786939492,1.4019392132759094
p107_37034_0_000023_step0050,p107_37034_0_000023,50,3,5,fixed_probe,0.21389692793013754,True,True,0.010121567098698782,nan,ok,0.11089882912895163,0.3506928898933141,0.0002372186710480343,0.00019496740192283122,0.04403768743187579,0.15856635996268653,False,0.666386487688753,0.8017497062683105,0.0002713951936132651,1.4422148945187971,1.4154797792434692
p107_37034_0_000023_step0050,p107_37034_0_000023,50,3,5,adaptive_edge,0.05411769219772182,True,True,0.010121567098698782,0.012759544872197907,ok,0.07112073372195689,0.2249035074237282,0.00017464668876327052,0.00017128703294780836,5.069023975208096e-16,6.245004513516506e-17,True,0.47446971453142645,0.7622049488127232,8.800483449407179e-05,1.439801884199147,1.4560432247739084
p107_37034_0_000023_step0075,p107_37034_0_000023,75,3,5,fixed_probe,0.21389692793013754,True,True,0.00883048784283136,nan,ok,0.10637711069791046,0.336393960713261,0.00019695526545422567,0.00017853018390023726,0.04558939509234936,0.16783801282948121,False,0.6714408737593581,0.7907012514770031,0.00024542128126569645,1.4174332449425984,1.2986475229263306
p107_37034_0_000023_step0075,p107_37034_0_000023,75,3,5,adaptive_edge,0.04569500166264181,True,True,0.00883048784283136,0.011542840853311186,ok,0.06194152040551444,0.19587628621522216,0.00014958486842579533,0.00015223936096107286,1.2981427529981305e-15,6.408762409648716e-14,True,0.4496647063333776,0.7704140320420265,8.511723692040493e-05,1.4207132243651233,1.3472124355298565
p107_37034_0_000023_step0100,p107_37034_0_000023,100,3,5,fixed_probe,0.21389692793013754,True,True,0.007147066370549233,nan,ok,0.10509083637670974,0.3323264041624797,7.674811528455956e-05,0.00011555979533840914,0.02379189572493917,0.11206779655309758,False,0.6967174442786959,0.7969168871641159,7.344194807382789e-05,1.3618458259399346,1.207503467798233
p107_37034_0_000023_step0100,p107_37034_0_000023,100,3,5,adaptive_edge,0.10031512989585509,True,True,0.007147066370549233,0.0090678599513727,ok,0.06968774889402868,0.22037201151501057,7.211561714691067e-05,9.97291400388312e-05,6.713989512972502e-16,8.326672684688674e-17,True,0.6116356906727892,0.7621557079255581,4.203651479889629e-05,1.36266449969148,1.3103635175576986
p107_37034_0_000023_step0150,p107_37034_0_000023,150,3,5,fixed_probe,0.21389692793013754,False,True,0.008253515337291807,nan,ok,0.10930108547495067,0.34564038082959103,0.0001310478211168627,0.00011412555991414212,0.04778744673406004,0.1722214319536078,False,0.6852043053372628,0.7807309664785862,0.00010265545112627718,1.2181955285354253,1.1355177164077759
p107_37034_0_000023_step0150,p107_37034_0_000023,150,3,5,adaptive_edge,0.04164702178258986,True,True,0.008253515337291807,0.01082646832499288,ok,0.059371044746313245,0.18774772846212362,8.987864754006422e-05,9.169189057709257e-05,6.017181597752143e-16,1.2080614286702485e-14,True,0.4454407642322601,0.7607804089784622,8.315354396812503e-05,1.39606395994103,1.2710764440313023
p107_37034_0_000023_step0200,p107_37034_0_000023,200,3,5,fixed_probe,0.21389692793013754,False,True,0.009378117903652398,nan,ok,0.11742559400060662,0.3713323326401204,0.00021927583925791192,0.00012785296252201865,0.06034302384276998,0.20133573203055882,False,0.6769870429426071,0.7805620431900024,0.0001303866136432936,1.2231903493480805,1.1298415213823318
p107_37034_0_000023_step0200,p107_37034_0_000023,200,3,5,adaptive_edge,0.012630293461483061,True,True,0.009378117903652398,0.01278192860594077,ok,0.04864506244673103,0.15382919425279332,0.00020774377688782957,0.0001263471625337051,1.079649404744275e-06,6.909756190435351e-05,False,0.2889713379649668,0.7868632227182388,3.69851934109879e-05,0.5573792852008865,0.5260493766024225
p107_37034_0_000026_step0000,p107_37034_0_000026,0,4,4,fixed_probe,0.31963032569846406,True,True,0.03132269729504585,nan,ok,0.22756482000522613,0.9382737895562183,1.1038297007771986e-05,2.2232612583085833e-05,5.83076334237063e-14,3.7403413699621524e-13,True,0.9010162915806592,0.7728043906390667,0.0008950964561553115,1.397141261208254,1.3987489455490114
p107_37034_0_000026_step0000,p107_37034_0_000026,0,4,4,adaptive_edge,0.49942238390384996,True,True,0.03132269729504585,0.03146196558870719,ok,0.24476981860022648,1.009211816052008,1.2243584520953584e-05,2.488000698060403e-05,2.425178626108312e-05,0.001185432908827777,False,0.9001486548807025,0.7721156999468803,0.0009007876213206243,1.3987337361792966,1.4028361141681671
p107_37034_0_000026_step0010,p107_37034_0_000026,10,4,4,fixed_probe,0.31963032569846406,True,True,0.005970524708648119,nan,ok,0.12526779350470865,0.5164923441079756,1.1488649565393336e-05,2.1868507501096392e-05,9.540113254440818e-15,7.41073868937292e-14,True,0.8842646912234648,0.78040362149477,9.965477163127827e-06,1.3427050853010818,1.3414924039846712
p107_37034_0_000026_step0010,p107_37034_0_000026,10,4,4,adaptive_edge,0.4374248965992696,True,True,0.005970524708648119,0.006581614274740592,ok,0.14579485417981605,0.601127583454906,1.8280840219287058e-05,3.0858197785567047e-05,3.347560943090725e-14,2.402522625288839e-13,True,0.8841069815873243,0.7709061354398727,1.281846857340763e-05,1.3435726166272173,1.3479746878147125
p107_37034_0_000026_step0025,p107_37034_0_000026,25,4,4,fixed_probe,0.31963032569846406,True,True,0.0027716182760561046,nan,ok,0.11885689621842707,0.49005953744165115,7.935441645227938e-06,1.5879426349782832e-05,1.9409895274664867e-14,1.7424950371491832e-13,True,0.8565344199471063,0.7789215445518494,1.7793059371963949e-06,1.4086957257891832,1.4067186665963871
p107_37034_0_000026_step0025,p107_37034_0_000026,25,4,4,adaptive_edge,0.3883498004955394,True,True,0.0027716182760561046,0.0034022676038422107,ok,0.13107508922992975,0.5404364377822601,7.359747790090869e-06,1.3387539512931625e-05,4.0065826358194045e-14,3.514410984450933e-13,True,0.8564553817716214,0.7597382850944996,2.179931489535186e-06,1.409133646924472,1.4119020402431488
p107_37034_0_000026_step0050,p107_37034_0_000026,50,4,4,fixed_probe,0.31963032569846406,True,True,0.001581191868898542,nan,ok,0.11423277063175262,0.4709937792216711,9.118797852594896e-06,1.8052284436327094e-05,2.304359789018957e-14,2.087774397807607e-13,True,0.8535560853631273,0.7697197906672955,1.289176738719713e-06,1.402406009039799,1.4009254396774726
p107_37034_0_000026_step0050,p107_37034_0_000026,50,4,4,adaptive_edge,0.40314467332262055,True,True,0.001581191868898542,0.0019439966577151416,ok,0.12844798574414407,0.5296046126209374,8.032805628158376e-06,1.3872053128801138e-05,4.745266047304729e-14,4.2021941482062175e-13,True,0.8534553619294641,0.7684702388942242,1.5813226377393457e-06,1.4029105396805999,1.4051969945430756
p107_37034_0_000026_step0075,p107_37034_0_000026,75,4,4,fixed_probe,0.31963032569846406,True,True,0.001121667805217037,nan,ok,0.11284291805370672,0.4652632702383509,9.567516263462009e-06,1.9610825878975495e-05,2.9487930091238065e-14,2.7400304247748863e-13,True,0.8426225108035876,0.7670594155788422,6.54456913332666e-07,1.4083623068752817,1.4066150467959218
p107_37034_0_000026_step0075,p107_37034_0_000026,75,4,4,adaptive_edge,0.38063506260446633,True,True,0.001121667805217037,0.0014194112791397681,ok,0.12325158042276291,0.5081792846073613,8.461022093302886e-06,1.4743472086187087e-05,5.103134938234535e-14,4.645728246543968e-13,True,0.8425533142496083,0.7839061319828033,7.673173672859248e-07,1.408696176903034,1.4101108312606812
p107_37034_0_000026_step0100,p107_37034_0_000026,100,4,4,fixed_probe,0.31963032569846406,True,True,0.0009569424609278839,nan,ok,0.11228049621338,0.46294434558452957,1.1315629221296161e-05,2.2017445050754448e-05,3.8471512978945244e-14,3.542166560066562e-13,True,0.845109382835006,0.7863433286547661,4.814602511275216e-07,1.4171706949522855,1.4171019248233017
p107_37034_0_000026_step0100,p107_37034_0_000026,100,4,4,adaptive_edge,0.3912967991795444,True,True,0.0009569424609278839,0.001195760244073403,ok,0.12436799744904845,0.5127823899289745,1.0298341601064549e-05,1.885139893734013e-05,6.848139353874349e-14,6.175060462965121e-13,True,0.8450194124651591,0.7738571800291538,5.917411767347024e-07,1.4175898781465597,1.4165667295455933
p107_37034_0_000026_step0150,p107_37034_0_000026,150,4,4,fixed_probe,0.31963032569846406,True,True,0.0013519263132162793,nan,ok,0.11014754878855618,0.4541499780580917,8.828077232625071e-06,2.03360003623558e-05,5.3747749536133126e-14,5.345168752057816e-13,True,0.8461103724399626,0.768799614161253,1.1752270598679134e-06,1.4549713054382902,1.4535642708905758
p107_37034_0_000026_step0150,p107_37034_0_000026,150,4,4,adaptive_edge,0.40784071878403727,True,True,0.0013519263132162793,0.001453834739615598,ok,0.12451009127675497,0.5133682577893568,6.438454542109759e-06,1.2282621054961685e-05,1.0504524214620618e-13,9.919287613513461e-13,True,0.8460095430546376,0.7780608981847763,1.2457865638481342e-06,1.4555308588987486,1.4579222798347473
p107_37034_0_000026_step0200,p107_37034_0_000026,200,4,4,fixed_probe,0.31963032569846406,True,True,0.002190748980310917,nan,ok,0.11056340865459673,0.4558646122112322,9.674211077836175e-06,2.076954712655421e-05,5.5482625732520625e-14,5.351830090205567e-13,True,0.8472928199262272,0.7656744979321957,4.540087547356792e-06,1.446252043504828,1.4451016363115716
p107_37034_0_000026_step0200,p107_37034_0_000026,200,4,4,adaptive_edge,0.4082104613635442,True,True,0.002190748980310917,0.002283432326488654,ok,0.12494284049250716,0.5151525285153062,7.488558665991149e-06,1.3671380305485835e-05,1.0213472178829168e-13,9.384160115644136e-13,True,0.8471851850513694,0.7655755504965782,4.672308659658991e-06,1.4468207089191605,1.4488046765327454
p107_37034_0_000027_step0000,p107_37034_0_000027,0,3,5,fixed_probe,0.19660491996482837,False,True,0.04515543102542914,nan,ok,0.2891654482041871,0.9144214369486776,0.00020040494626805084,0.00031813153354922827,2.886606041134166e-14,2.4752422334017865e-13,True,0.8556282598174613,0.7649050131440163,0.0013296022739305233,1.6038061415166678,1.611741319267273
p107_37034_0_000027_step0000,p107_37034_0_000027,0,3,5,adaptive_edge,0.30719518744504426,False,True,0.04515543102542914,0.04619786687044386,ok,0.2987547352692567,0.9447454252114889,0.0002859453227887027,0.00046179419143545713,5.732952713685393e-16,1.6653345369377348e-16,True,0.8507869113930226,0.7795319966971874,0.0013466653614489042,1.6095104715374575,1.6238177418708801
p107_37034_0_000027_step0010,p107_37034_0_000027,10,3,5,fixed_probe,0.19660491996482837,False,True,0.01644396532017861,nan,ok,0.12060900423251941,0.3813991596996497,0.00018395572694407126,0.0003647969522984839,1.494898001974194e-14,1.699196339188802e-13,True,0.8799965814764326,0.7678113877773285,0.00017207342404123904,1.5870009169707868,1.5934962695836592
p107_37034_0_000027_step0010,p107_37034_0_000027,10,3,5,adaptive_edge,0.3012651732088629,False,True,0.01644396532017861,0.017111069367182447,ok,0.13640631881053322,0.43135465468035494,0.00022310366322875655,0.0004344034441127521,1.8870432644093614e-14,3.327338404801594e-13,True,0.8746106811017796,0.7653940320014954,0.00017933131980965385,1.5905341028391498,1.5996510982513428
p107_37034_0_000027_step0025,p107_37034_0_000027,25,3,5,fixed_probe,0.19660491996482837,False,True,0.006593181575917674,nan,ok,0.08075626318679315,0.2553737269942741,0.00029994258734045593,0.0005313865139649777,0.0028060471158925402,0.09590603405794138,False,0.7686880908867508,0.7772035710513592,8.386584317743661e-06,1.6260822865284628,1.603738784790039
p107_37034_0_000027_step0025,p107_37034_0_000027,25,3,5,adaptive_edge,0.1774046246348963,False,True,0.006593181575917674,0.007614687286721215,ok,0.07630530234223017,0.2412985529492284,0.00024013584129853397,0.00048540369479073615,6.472458502333978e-16,1.3877787807814457e-16,True,0.7799181740585518,0.7758317776024342,7.675510219265617e-06,1.6256886584005905,1.5982936319510717
p107_37034_0_000027_step0050,p107_37034_0_000027,50,3,5,fixed_probe,0.19660491996482837,False,True,0.006593181575917664,nan,ok,0.08075626318679315,0.2553737269942741,0.00029994258734045593,0.0005313865139649777,0.0028060471158925402,0.09590603405794138,False,0.7686880908867508,0.7744868658483028,8.386584317743661e-06,1.6260822865284628,1.603738784790039
p107_37034_0_000027_step0050,p107_37034_0_000027,50,3,5,adaptive_edge,0.1774046246348963,False,True,0.006593181575917664,0.007614687286721202,ok,0.07630530234223017,0.2412985529492284,0.00024013584129853397,0.00048540369479073615,6.472458502333978e-16,1.3877787807814457e-16,True,0.7799181740585518,0.7644467279314995,7.675510219265617e-06,1.6256886584005905,1.5982936319510717
p107_37034_0_000027_step0075,p107_37034_0_000027,75,3,5,fixed_probe,0.19660491996482837,False,True,0.006593181575917641,nan,ok,0.08075626318679315,0.2553737269942741,0.00029994258734045593,0.0005313865139649777,0.0028060471158925402,0.09590603405794138,False,0.7686880908867508,0.7800795026123524,8.386584317743661e-06,1.6260822865284628,1.603738784790039
p107_37034_0_000027_step0075,p107_37034_0_000027,75,3,5,adaptive_edge,0.1774046246348963,False,True,0.006593181575917641,0.0076146872867212225,ok,0.07630530234223017,0.2412985529492284,0.00024013584129853397,0.00048540369479073615,6.472458502333978e-16,1.3877787807814457e-16,True,0.7799181740585518,0.7744411937892437,7.675510219265617e-06,1.6256886584005905,1.5982936319510717
p107_37034_0_000027_step0100,p107_37034_0_000027,100,3,5,fixed_probe,0.19660491996482837,False,True,0.006593181575917654,nan,ok,0.08075626318679315,0.2553737269942741,0.00029994258734045593,0.0005313865139649777,0.0028060471158925402,0.09590603405794138,False,0.7686880908867508,0.7781531922519207,8.386584317743661e-06,1.6260822865284628,1.603738784790039
p107_37034_0_000027_step0100,p107_37034_0_000027,100,3,5,adaptive_edge,0.1774046246348963,False,True,0.006593181575917654,0.0076146872867212155,ok,0.07630530234223017,0.2412985529492284,0.00024013584129853397,0.00048540369479073615,6.472458502333978e-16,1.3877787807814457e-16,True,0.7799181740585518,0.787249494343996,7.675510219265617e-06,1.6256886584005905,1.5982936319510717
p107_37034_0_000027_step0150,p107_37034_0_000027,150,3,5,fixed_probe,0.19660491996482837,False,True,0.006593181575917666,nan,ok,0.08075626318679315,0.2553737269942741,0.00029994258734045593,0.0005313865139649777,0.0028060471158925402,0.09590603405794138,False,0.7686880908867508,0.7720501609146595,8.386584317743661e-06,1.6260822865284628,1.603738784790039
p107_37034_0_000027_step0150,p107_37034_0_000027,150,3,5,adaptive_edge,0.1774046246348963,False,True,0.006593181575917666,0.007614687286721211,ok,0.07630530234223017,0.2412985529492284,0.00024013584129853397,0.00048540369479073615,6.472458502333978e-16,1.3877787807814457e-16,True,0.7799181740585518,0.7647979222238064,7.675510219265617e-06,1.6256886584005905,1.5982936319510717
p107_37034_0_000027_step0200,p107_37034_0_000027,200,3,5,fixed_probe,0.19660491996482837,False,True,0.006593181575917669,nan,ok,0.08075626318679315,0.2553737269942741,0.00029994258734045593,0.0005313865139649777,0.0028060471158925402,0.09590603405794138,False,0.7686880908867508,0.7728224769234657,8.386584317743661e-06,1.6260822865284628,1.603738784790039
p107_37034_0_000027_step0200,p107_37034_0_000027,200,3,5,adaptive_edge,0.1774046246348963,False,True,0.006593181575917669,0.007614687286721203,ok,0.07630530234223017,0.2412985529492284,0.00024013584129853397,0.00048540369479073615,6.472458502333978e-16,1.3877787807814457e-16,True,0.7799181740585518,0.765024371445179,7.675510219265617e-06,1.6256886584005905,1.5982936319510717
p107_37034_0_000043_step0000,p107_37034_0_000043,0,3,2,fixed_probe,0.08856131162935187,True,True,0.06403763208369755,nan,ok,0.4007217365450465,1.2671933954202794,0.00010530968675213638,0.00015033004332740824,5.133444834282439e-16,5.551115123125783e-17,True,0.7800744843484742,0.7938890382647514,0.00309450148444569,1.347446298740816,1.3513561581192015
p107_37034_0_000043_step0000,p107_37034_0_000043,0,3,2,adaptive_edge,0.13837704942086226,True,True,0.06403763208369755,0.06582906153773564,ok,0.40897768129819634,1.2933009850767496,9.392201019383968e-05,0.00014891008581843519,6.352511419058269e-16,8.326672684688674e-17,True,0.7486911675990118,0.7626311518251896,0.0031020720267963433,1.36170056382296,1.3679811656475067
p107_37034_0_000043_step0010,p107_37034_0_000043,10,3,2,fixed_probe,0.08856131162935187,False,True,0.06536071474286065,nan,ok,0.4228992217597997,1.3373247614736081,0.00018463408338410033,0.0002010296240853229,0.027739985365893702,0.10746450832563287,False,0.5693021016026452,0.7709467075765133,0.002911153189596743,1.49403083830326,1.4242286682128906
p107_37034_0_000043_step0010,p107_37034_0_000043,10,3,2,adaptive_edge,0.013594721440809846,True,True,0.06536071474286065,0.06583420413096101,ok,0.40951925825188346,1.2950136017786562,0.00023580646168945563,0.00022295706037262557,2.2231134776508035e-16,8.673617379884035e-18,True,0.5199366093269305,0.7658958621323109,0.0030277150219442067,1.43295103954906,1.6723594522970917
p107_37034_0_000043_step0025,p107_37034_0_000043,25,3,2,fixed_probe,0.08856131162935187,False,True,0.0653607147428606,nan,ok,0.4228992217597997,1.3373247614736081,0.00018463408338410033,0.0002010296240853229,0.027739985365893702,0.10746450832563287,False,0.5693021016026452,0.7730974741280079,0.002911153189596743,1.49403083830326,1.4242286682128906
p107_37034_0_000043_step0025,p107_37034_0_000043,25,3,2,adaptive_edge,0.013594721440809846,True,True,0.0653607147428606,0.06583420413096104,ok,0.40951925825188346,1.2950136017786562,0.00023580646168945563,0.00022295706037262557,2.2231134776508035e-16,8.673617379884035e-18,True,0.5199366093269305,0.7593530304729939,0.0030277150219442067,1.43295103954906,1.6723594522970917
p107_37034_0_000043_step0050,p107_37034_0_000043,50,3,2,fixed_probe,0.08856131162935187,False,True,0.06536071474286051,nan,ok,0.4228992217597997,1.3373247614736081,0.00018463408338410033,0.0002010296240853229,0.027739985365893702,0.10746450832563287,False,0.5693021016026452,0.7745057232677937,0.002911153189596743,1.49403083830326,1.4242286682128906
p107_37034_0_000043_step0050,p107_37034_0_000043,50,3,2,adaptive_edge,0.013594721440809846,True,True,0.06536071474286051,0.06583420413096101,ok,0.40951925825188346,1.2950136017786562,0.00023580646168945563,0.00022295706037262557,2.2231134776508035e-16,8.673617379884035e-18,True,0.5199366093269305,0.7683036886155605,0.0030277150219442067,1.43295103954906,1.6723594522970917
p107_37034_0_000043_step0075,p107_37034_0_000043,75,3,2,fixed_probe,0.08856131162935187,False,True,0.06536071474286052,nan,ok,0.4228992217597997,1.3373247614736081,0.00018463408338410033,0.0002010296240853229,0.027739985365893702,0.10746450832563287,False,0.5693021016026452,0.7908854484558105,0.002911153189596743,1.49403083830326,1.4242286682128906
p107_37034_0_000043_step0075,p107_37034_0_000043,75,3,2,adaptive_edge,0.013594721440809846,True,True,0.06536071474286052,0.06583420413096101,ok,0.40951925825188346,1.2950136017786562,0.00023580646168945563,0.00022295706037262557,2.2231134776508035e-16,8.673617379884035e-18,True,0.5199366093269305,0.7729575000703335,0.0030277150219442067,1.43295103954906,1.6723594522970917
p107_37034_0_000043_step0100,p107_37034_0_000043,100,3,2,fixed_probe,0.08856131162935187,False,True,0.0653607147428606,nan,ok,0.4228992217597997,1.3373247614736081,0.00018463408338410033,0.0002010296240853229,0.027739985365893702,0.10746450832563287,False,0.5693021016026452,0.7713101208209991,0.002911153189596743,1.49403083830326,1.4242286682128906
p107_37034_0_000043_step0100,p107_37034_0_000043,100,3,2,adaptive_edge,0.013594721440809846,True,True,0.0653607147428606,0.06583420413096094,ok,0.40951925825188346,1.2950136017786562,0.00023580646168945563,0.00022295706037262557,2.2231134776508035e-16,8.673617379884035e-18,True,0.5199366093269305,0.7783669419586658,0.0030277150219442067,1.43295103954906,1.6723594522970917
p107_37034_0_000043_step0150,p107_37034_0_000043,150,3,2,fixed_probe,0.08856131162935187,False,True,0.06536071474286051,nan,ok,0.4228992217597997,1.3373247614736081,0.00018463408338410033,0.0002010296240853229,0.027739985365893702,0.10746450832563287,False,0.5693021016026452,0.7882030457258224,0.002911153189596743,1.49403083830326,1.4242286682128906
p107_37034_0_000043_step0150,p107_37034_0_000043,150,3,2,adaptive_edge,0.013594721440809846,True,True,0.06536071474286051,0.06583420413096089,ok,0.40951925825188346,1.2950136017786562,0.00023580646168945563,0.00022295706037262557,2.2231134776508035e-16,8.673617379884035e-18,True,0.5199366093269305,0.7620738223195076,0.0030277150219442067,1.43295103954906,1.6723594522970917
p107_37034_0_000043_step0200,p107_37034_0_000043,200,3,2,fixed_probe,0.08856131162935187,False,True,0.06536071474286065,nan,ok,0.4228992217597997,1.3373247614736081,0.00018463408338410033,0.0002010296240853229,0.027739985365893702,0.10746450832563287,False,0.5693021016026452,0.7689893133938313,0.002911153189596743,1.49403083830326,1.4242286682128906
p107_37034_0_000043_step0200,p107_37034_0_000043,200,3,2,adaptive_edge,0.013594721440809846,True,True,0.06536071474286065,0.06583420413096094,ok,0.40951925825188346,1.2950136017786562,0.00023580646168945563,0.00022295706037262557,2.2231134776508035e-16,8.673617379884035e-18,True,0.5199366093269305,0.7620967999100685,0.0030277150219442067,1.43295103954906,1.6723594522970917
p107_37034_0_000044_step0000,p107_37034_0_000044,0,2,3,fixed_probe,0.14719966720154612,False,True,0.0833616176030717,nan,ok,0.5319891649885876,1.1895639362078332,5.316247231833515e-05,9.472380320682709e-05,7.625585973122503e-16,8.326672684688674e-17,True,0.8047784143294333,0.767195601016283,0.001588059908824511,1.0552103240659971,1.0525432751045225
p107_37034_0_000044_step0000,p107_37034_0_000044,0,2,3,adaptive_edge,0.22999948000241577,False,True,0.0833616176030717,0.08350916312991502,ok,0.5327376163227477,1.1912375242688655,4.5437018748619226e-05,8.164684174720446e-05,9.57476414999213e-16,1.3877787807814457e-16,True,0.8026821095033344,0.7689845636487007,0.0015934567885587123,1.0558485328933973,1.0615143775939941
p107_37034_0_000044_step0010,p107_37034_0_000044,10,2,3,fixed_probe,0.14719966720154612,False,True,0.08163018710903372,nan,ok,0.514786684713267,1.1510980209306172,0.00011559997047039548,0.0002153182245836926,8.220065945922973e-16,1.609823385706477e-15,True,0.7135856011023238,0.7623608782887459,0.0022052712042187556,1.2993447748868183,1.2903165495148392
p107_37034_0_000044_step0010,p107_37034_0_000044,10,2,3,adaptive_edge,0.16,False,True,0.08163018710903372,0.08165193918580248,ok,0.5149323475643482,1.1514237329674313,0.00011028258798317136,0.000210139836384529,8.685991226585384e-16,3.4416913763379853e-15,True,0.7123472383931184,0.7734469100832939,0.002206826425752457,1.2997930070141503,1.2998345494270325
p107_37034_0_000044_step0025,p107_37034_0_000044,25,2,3,fixed_probe,0.14719966720154612,False,True,0.08157686776470151,nan,ok,0.5135529816980954,1.1483393771246466,0.0001343281928171393,0.0002549594670982127,3.801592953024898e-14,5.931088953303743e-13,True,0.6978623819702036,0.7706399224698544,0.0020857594612090848,1.3329591652023702,1.3239603931313477
p107_37034_0_000044_step0025,p107_37034_0_000044,25,2,3,adaptive_edge,0.15258688361413486,False,True,0.08157686776470151,0.08163901345356972,ok,0.5136447727113697,1.1485446280700513,0.00013182932770860326,0.0002506108650153841,5.015018037537474e-14,7.342459973358473e-13,True,0.6973024315989143,0.7690583281219006,0.002088909986514555,1.3329446123632025,1.3301141858100891
p107_37034_0_000044_step0050,p107_37034_0_000044,50,2,3,fixed_probe,0.14719966720154612,False,True,0.08157686776470084,nan,ok,0.5135529816980954,1.1483393771246466,0.0001343281928171393,0.0002549594670982127,3.801592953024898e-14,5.931088953303743e-13,True,0.6978623819702036,0.7847444154322147,0.0020857594612090848,1.3329591652023702,1.3239603931313477
p107_37034_0_000044_step0050,p107_37034_0_000044,50,2,3,adaptive_edge,0.15258688361413486,False,True,0.08157686776470084,0.08163901345356968,ok,0.5136447727113697,1.1485446280700513,0.00013182932770860326,0.0002506108650153841,5.015018037537474e-14,7.342459973358473e-13,True,0.6973024315989143,0.7711937576532364,0.002088909986514555,1.3329446123632025,1.3301141858100891
p107_37034_0_000044_step0075,p107_37034_0_000044,75,2,3,fixed_probe,0.14719966720154612,False,True,0.08157686776470091,nan,ok,0.5135529816980954,1.1483393771246466,0.0001343281928171393,0.0002549594670982127,3.801592953024898e-14,5.931088953303743e-13,True,0.6978623819702036,0.7650495618581772,0.0020857594612090848,1.3329591652023702,1.3239603931313477
p107_37034_0_000044_step0075,p107_37034_0_000044,75,2,3,adaptive_edge,0.15258688361413486,False,True,0.08157686776470091,0.08163901345356973,ok,0.5136447727113697,1.1485446280700513,0.00013182932770860326,0.0002506108650153841,5.015018037537474e-14,7.342459973358473e-13,True,0.6973024315989143,0.7610788345336914,0.002088909986514555,1.3329446123632025,1.3301141858100891
p107_37034_0_000044_step0100,p107_37034_0_000044,100,2,3,fixed_probe,0.14719966720154612,False,True,0.08157686776470134,nan,ok,0.5135529816980954,1.1483393771246466,0.0001343281928171393,0.0002549594670982127,3.801592953024898e-14,5.931088953303743e-13,True,0.6978623819702036,0.7846163883805275,0.0020857594612090848,1.3329591652023702,1.3239603931313477
p107_37034_0_000044_step0100,p107_37034_0_000044,100,2,3,adaptive_edge,0.15258688361413486,False,True,0.08157686776470134,0.08163901345356965,ok,0.5136447727113697,1.1485446280700513,0.00013182932770860326,0.0002506108650153841,5.015018037537474e-14,7.342459973358473e-13,True,0.6973024315989143,0.7710446752607822,0.002088909986514555,1.3329446123632025,1.3301141858100891
p107_37034_0_000044_step0150,p107_37034_0_000044,150,2,3,fixed_probe,0.14719966720154612,False,True,0.08482080579225758,nan,ok,0.5303275453518632,1.1858484417473687,0.00031050179672967917,0.0005173483924398916,0.002614455776181293,0.042018477870169296,False,0.6306177281881149,0.8207224197685719,0.002495230012950072,1.483069399683493,1.4235226511955261
p107_37034_0_000044_step0150,p107_37034_0_000044,150,2,3,adaptive_edge,0.10601034256182411,False,True,0.08482080579225758,0.08483791021209947,ok,0.5276927252350504,1.1799568048576914,0.00037449225536013606,0.0006234933636089636,2.143850535956762e-05,0.0008291532304472854,False,0.6271869255172672,0.7651156522333622,0.002495454774155801,1.4781270514128821,1.448931111334909
p107_37034_0_000044_step0200,p107_37034_0_000044,200,2,3,fixed_probe,0.14719966720154612,False,True,0.06955333701987286,nan,ok,0.4406908449139851,0.9854146862894881,0.00012406331004662604,0.0002297953281863117,8.847272551841385e-16,7.466249840604178e-15,True,0.710624186777028,0.7730106301605701,0.001144963453231919,1.2498022726042282,1.2469464946727218
p107_37034_0_000044_step0200,p107_37034_0_000044,200,2,3,adaptive_edge,0.15261061490121836,False,False,0.06955333701987286,0.06966533598893508,ok,0.4407622578841216,0.9855743705451886,0.00012181997927332663,0.00022606677322555073,8.980670094899422e-16,6.467049118441537e-15,True,0.7099764088990137,0.7727522999048233,26.366354291712966,-1010848.0581699284,1.2494649589061737
p107_37034_0_000048_step0000,p107_37034_0_000048,0,3,4,fixed_probe,0.26518973458035866,True,True,0.08135174317941223,nan,ok,0.5175534371503364,1.636647672243868,5.162510198884444e-05,9.548357855989183e-05,1.177527177688928e-15,3.552713678800501e-15,True,0.9047199101720316,0.7666722200810909,0.006118076976774961,1.3237191059347708,1.3263933816986084
p107_37034_0_000048_step0000,p107_37034_0_000048,0,3,4,adaptive_edge,0.41435896028181035,True,True,0.08135174317941223,0.08240850752339046,ok,0.5268606891574364,1.666079787343478,7.194616913174553e-05,0.00013343971836358144,0.00012849807824852198,0.0033224629503131875,False,0.9011526842223827,0.7782931514084339,0.006146475407789808,1.329881664884136,1.3314468264579773
p107_37034_0_000048_step0010,p107_37034_0_000048,10,3,4,fixed_probe,0.26518973458035866,False,True,0.07841816350115288,nan,ok,0.5192693392387715,1.6420738310851626,0.00016010510630205447,0.00017571751851528568,0.1118187112130908,0.27371687768009745,False,0.6610134558857543,0.7851020060479641,0.005674928031046665,1.4974676066914345,1.292210578918457
p107_37034_0_000048_step0010,p107_37034_0_000048,10,3,4,adaptive_edge,0.028339629915227184,False,True,0.07841816350115288,0.07900732432714354,ok,0.4824318496793236,1.525583460794635,0.00022966860937647404,0.0002274099979402864,4.3002018234173123e-16,1.5668022435022522e-14,True,0.5387008267169392,0.7625736258924007,0.005322430049970494,2.2411650236029774,2.360484049871485
p107_37034_0_000048_step0025,p107_37034_0_000048,25,3,4,fixed_probe,0.26518973458035866,False,True,0.07841816350115283,nan,ok,0.5192693392387715,1.6420738310851626,0.00016010510630205447,0.00017571751851528568,0.1118187112130908,0.27371687768009745,False,0.6610134558857543,0.7697933353483677,0.005674928031046665,1.4974676066914345,1.292210578918457
p107_37034_0_000048_step0025,p107_37034_0_000048,25,3,4,adaptive_edge,0.028339629915227184,False,True,0.07841816350115283,0.07900732432714341,ok,0.4824318496793236,1.525583460794635,0.00022966860937647404,0.0002274099979402864,4.3002018234173123e-16,1.5668022435022522e-14,True,0.5387008267169392,0.7682312242686749,0.005322430049970494,2.2411650236029774,2.360484049871485
p107_37034_0_000048_step0050,p107_37034_0_000048,50,3,4,fixed_probe,0.26518973458035866,False,True,0.07841816350115306,nan,ok,0.5192693392387715,1.6420738310851626,0.00016010510630205447,0.00017571751851528568,0.1118187112130908,0.27371687768009745,False,0.6610134558857543,0.7877905964851379,0.005674928031046665,1.4974676066914345,1.292210578918457
p107_37034_0_000048_step0050,p107_37034_0_000048,50,3,4,adaptive_edge,0.028339629915227184,False,True,0.07841816350115306,0.0790073243271434,ok,0.4824318496793236,1.525583460794635,0.00022966860937647404,0.0002274099979402864,4.3002018234173123e-16,1.5668022435022522e-14,True,0.5387008267169392,0.7654788158833981,0.005322430049970494,2.2411650236029774,2.360484049871485
p107_37034_0_000048_step0075,p107_37034_0_000048,75,3,4,fixed_probe,0.26518973458035866,False,True,0.07841816350115283,nan,ok,0.5192693392387715,1.6420738310851626,0.00016010510630205447,0.00017571751851528568,0.1118187112130908,0.27371687768009745,False,0.6610134558857543,0.7734181173145771,0.005674928031046665,1.4974676066914345,1.292210578918457
p107_37034_0_000048_step0075,p107_37034_0_000048,75,3,4,adaptive_edge,0.028339629915227184,False,True,0.07841816350115283,0.07900732432714339,ok,0.4824318496793236,1.525583460794635,0.00022966860937647404,0.0002274099979402864,4.3002018234173123e-16,1.5668022435022522e-14,True,0.5387008267169392,0.7813988961279392,0.005322430049970494,2.2411650236029774,2.360484049871485
p107_37034_0_000048_step0100,p107_37034_0_000048,100,3,4,fixed_probe,0.26518973458035866,False,True,0.07841816350115297,nan,ok,0.5192693392387715,1.6420738310851626,0.00016010510630205447,0.00017571751851528568,0.1118187112130908,0.27371687768009745,False,0.6610134558857543,0.7921022363007069,0.005674928031046665,1.4974676066914345,1.292210578918457
p107_37034_0_000048_step0100,p107_37034_0_000048,100,3,4,adaptive_edge,0.028339629915227184,False,True,0.07841816350115297,0.07900732432714345,ok,0.4824318496793236,1.525583460794635,0.00022966860937647404,0.0002274099979402864,4.3002018234173123e-16,1.5668022435022522e-14,True,0.5387008267169392,0.7641011215746403,0.005322430049970494,2.2411650236029774,2.360484049871485
p107_37034_0_000048_step0150,p107_37034_0_000048,150,3,4,fixed_probe,0.26518973458035866,False,True,0.07841816350115298,nan,ok,0.5192693392387715,1.6420738310851626,0.00016010510630205447,0.00017571751851528568,0.1118187112130908,0.27371687768009745,False,0.6610134558857543,0.7715342901647091,0.005674928031046665,1.4974676066914345,1.292210578918457
p107_37034_0_000048_step0150,p107_37034_0_000048,150,3,4,adaptive_edge,0.028339629915227184,False,True,0.07841816350115298,0.07900732432714327,ok,0.4824318496793236,1.525583460794635,0.00022966860937647404,0.0002274099979402864,4.3002018234173123e-16,1.5668022435022522e-14,True,0.5387008267169392,0.7661576084792614,0.005322430049970494,2.2411650236029774,2.360484049871485
p107_37034_0_000048_step0200,p107_37034_0_000048,200,3,4,fixed_probe,0.26518973458035866,False,True,0.07841816350115267,nan,ok,0.5192693392387715,1.6420738310851626,0.00016010510630205447,0.00017571751851528568,0.1118187112130908,0.27371687768009745,False,0.6610134558857543,0.7745362520217896,0.005674928031046665,1.4974676066914345,1.292210578918457
p107_37034_0_000048_step0200,p107_37034_0_000048,200,3,4,adaptive_edge,0.028339629915227184,False,True,0.07841816350115267,0.07900732432714323,ok,0.4824318496793236,1.525583460794635,0.00022966860937647404,0.0002274099979402864,4.3002018234173123e-16,1.5668022435022522e-14,True,0.5387008267169392,0.7653833776712418,0.005322430049970494,2.2411650236029774,2.360484049871485
p107_37034_0_000049_step0000,p107_37034_0_000049,0,3,4,fixed_probe,0.13251837667462782,False,True,0.02772370602763819,nan,ok,0.18856125646266703,0.5962830488851725,0.00012942657855494509,0.00025390521925834115,3.9460821836830976e-14,2.815525590449397e-13,True,0.9183778414522447,0.8004853129386902,0.00011891409232129519,1.0358653752335547,1.0397146452941894
p107_37034_0_000049_step0000,p107_37034_0_000049,0,3,4,adaptive_edge,0.20705996355410594,False,True,0.02772370602763819,0.02912366497017828,ok,0.20543593391448245,0.6496454644135954,0.00011957071319334143,0.00023762772093138335,1.3249311475325017e-05,0.0006598753637888366,False,0.9081718377651856,0.7695297189056873,0.00018185678398570024,1.042844908539324,1.0479480922222137
p107_37034_0_000049_step0010,p107_37034_0_000049,10,3,4,fixed_probe,0.13251837667462782,False,True,0.014149746315791715,nan,ok,0.11101947523638307,0.3510744063836308,6.212529516164974e-05,0.00012535688171319066,4.469656840011064e-14,1.9492740754856186e-13,True,0.938087141156003,0.7896928824484348,5.03082505460602e-05,1.1743705296445295,1.18346824462556
p107_37034_0_000049_step0010,p107_37034_0_000049,10,3,4,adaptive_edge,0.3053393902157184,False,True,0.014149746315791715,0.015922960598258498,ok,0.15248208559591309,0.4821906928558386,6.892704248192447e-05,0.00013117385214932658,2.7457742451392537e-15,4.04121180963557e-14,True,0.9330303615091349,0.7658252567052841,0.00012394408480272587,1.1857359005561796,1.195177435874939
p107_37034_0_000049_step0025,p107_37034_0_000049,25,3,4,fixed_probe,0.13251837667462782,True,True,0.005512048500581859,nan,ok,0.07372803342048125,0.23314851301373554,2.684537333995899e-05,5.387827738647052e-05,3.782886778073589e-15,1.9040324872321435e-14,True,0.9164025580003154,0.7597385980188847,1.0035928627558538e-05,1.1808536421440647,1.1843131406201333
p107_37034_0_000049_step0025,p107_37034_0_000049,25,3,4,adaptive_edge,0.3497546482834214,True,True,0.005512048500581859,0.0065819570024364315,ok,0.12000449430823021,0.37948753147071984,3.5105093332832074e-05,7.32880610867537e-05,3.685150881662538e-14,2.074451721512105e-13,True,0.9148069393492778,0.7646530531346798,2.7679146763409176e-05,1.1872523305893392,1.1978449821472168
p107_37034_0_000049_step0050,p107_37034_0_000049,50,3,4,fixed_probe,0.13251837667462782,True,True,0.0023879593314327027,nan,ok,0.06677517112560523,0.21116163190442205,2.7890478051889807e-05,5.603307462816649e-05,4.349216915142024e-15,3.6443070783320763e-14,True,0.8651781213342942,0.7669036164879799,1.4289906708718155e-06,1.2325433530062717,1.2326729320896788
p107_37034_0_000049_step0050,p107_37034_0_000049,50,3,4,adaptive_edge,0.2839108374533289,True,True,0.0023879593314327027,0.0030198353459008538,ok,0.09875520440366266,0.3122913767110644,3.171410176688816e-05,6.716028263638249e-05,1.181706696240201e-13,9.198752870531735e-13,True,0.8626022649547063,0.7886243052780628,3.0893772888661617e-06,1.2367793618031182,1.2424180507659912
p107_37034_0_000049_step0075,p107_37034_0_000049,75,3,4,fixed_probe,0.13251837667462782,True,True,0.002038770798360512,nan,ok,0.06709215508486671,0.21216402319742636,2.6333972070712393e-05,5.234160627699015e-05,3.511343454882725e-15,2.8255175976710234e-14,True,0.8701081228984902,0.7798074148595333,1.4787952723711401e-06,1.2333862148092136,1.2342116682066087
p107_37034_0_000049_step0075,p107_37034_0_000049,75,3,4,adaptive_edge,0.2889960487047901,True,True,0.002038770798360512,0.0026443649359003847,ok,0.10026042391564588,0.31705129874745847,2.975573490018197e-05,6.218962647425459e-05,1.017505964978574e-13,7.668865542598269e-13,True,0.867555579671192,0.7648818120360374,3.2244402060758877e-06,1.2378723789491886,1.2439474165439606
p107_37034_0_000049_step0100,p107_37034_0_000049,100,3,4,fixed_probe,0.13251837667462782,True,True,0.0019054030390706963,nan,ok,0.06525759748681319,0.2063626426888095,1.9403546453733877e-05,3.761468463132197e-05,2.086324445661271e-15,1.484923295436147e-14,True,0.8621901506594725,0.7688048854470253,1.317419871666604e-06,1.2105400278060618,1.2092058446904876
p107_37034_0_000049_step0100,p107_37034_0_000049,100,3,4,adaptive_edge,0.29523947212673596,True,True,0.0019054030390706963,0.002477398770826378,ok,0.09824082521718645,0.31066476690081507,2.077927163226965e-05,4.165353321615263e-05,8.654472659827732e-14,6.11455330812305e-13,True,0.8598206057562311,0.784925390034914,2.9699079158973714e-06,1.2145088896753398,1.218684732913971
p107_37034_0_000049_step0150,p107_37034_0_000049,150,3,4,fixed_probe,0.13251837667462782,True,True,0.0015339626440043022,nan,ok,0.06281885808954016,0.19865067157384056,2.136280538227707e-05,4.0139552041026854e-05,3.101170445281515e-15,1.9789725413943415e-14,True,0.8503917898163822,0.7632602900266647,9.02552289783443e-07,1.2266430525683614,1.224019245508108
p107_37034_0_000049_step0150,p107_37034_0_000049,150,3,4,adaptive_edge,0.2915534323139646,True,True,0.0015339626440043022,0.0020942838504618556,ok,0.09419123331797753,0.29785883290514786,2.1620047720636023e-05,4.1660649359539716e-05,1.2162163059550293e-13,7.803202528577913e-13,True,0.8478186458879178,0.7626516446471214,2.2227865460956586e-06,1.2300996688281136,1.232472836971283
p107_37034_0_000049_step0200,p107_37034_0_000049,200,3,4,fixed_probe,0.13251837667462782,True,True,0.001253462124748373,nan,ok,0.0595501314302254,0.18831405028189266,2.2373037583804884e-05,4.2034773388207315e-05,2.806401211214457e-15,2.1760371282653068e-14,True,0.8475653047272536,0.7828905656933784,5.978741886196774e-07,1.2234783044563011,1.2204600340400429
p107_37034_0_000049_step0200,p107_37034_0_000049,200,3,4,adaptive_edge,0.31509793718685564,True,True,0.001253462124748373,0.0016720204673245599,ok,0.09296796041944715,0.29399050434583585,2.196358510004618e-05,4.2549966936775794e-05,1.0198879551968568e-15,1.6653345369377348e-16,True,0.8451969563497758,0.7806953564286232,1.4871343884019308e-06,1.226506638839171,1.2299379110336304
p107_37034_0_000052_step0000,p107_37034_0_000052,0,4,3,fixed_probe,0.21625388857681138,True,True,0.022032420220861382,nan,ok,0.17558510556101004,0.7239559365132713,1.7007825418213233e-05,3.158489323705278e-05,6.889092610728583e-16,1.6653345369377348e-16,True,0.9340541657246818,0.7676622457802296,0.0003514222407359031,1.4637805428639998,1.4637481012039184
p107_37034_0_000052_step0000,p107_37034_0_000052,0,4,3,adaptive_edge,0.3378967009012677,True,True,0.022032420220861382,0.02721642237189313,ok,0.21175611717426493,0.8730928379801642,1.9925864196600318e-05,3.0173322203807963e-05,0.00037467511083230816,0.009039204015952595,False,0.925337190553152,0.7700848057866096,0.0005622252528926175,1.4823909602057006,1.4760753810405731
p107_37034_0_000052_step0010,p107_37034_0_000052,10,4,3,fixed_probe,0.21625388857681138,True,True,0.012852851558888335,nan,ok,0.13241484567136033,0.5459603951028801,6.278410853615468e-06,1.2782716144382057e-05,5.243389119287278e-14,2.4225066397320916e-13,True,0.9554216284552457,0.764336284250021,7.216503326831273e-05,1.4085610460341285,1.4137612916110867
p107_37034_0_000052_step0010,p107_37034_0_000052,10,4,3,adaptive_edge,0.52297872010471,True,True,0.012852851558888335,0.01653237016178212,ok,0.2034644518263266,0.8389054259383406,8.878121954992722e-06,1.7260961681789277e-05,3.531561879384284e-05,0.0013580533594561572,False,0.9525585896106417,0.7805974669754505,0.00019444950357029134,1.4258870067701246,1.4320453703403473
p107_37034_0_000052_step0025,p107_37034_0_000052,25,4,3,fixed_probe,0.21625388857681138,True,True,0.008293904001236958,nan,ok,0.12016374211109986,0.4954478010935456,6.4776200631846575e-06,1.2982802908070642e-05,1.1320699176501447e-14,5.101474798152594e-14,True,0.9402299413459042,0.763871893286705,2.2520799174211364e-05,1.4446297635249314,1.4533681431514265
p107_37034_0_000052_step0025,p107_37034_0_000052,25,4,3,adaptive_edge,0.5117887929576626,True,True,0.008293904001236958,0.010518829701175784,ok,0.183210470088266,0.7553961198929856,6.777612583750062e-06,1.4636897344790735e-05,1.0526210791401595e-05,0.0005738201061623593,False,0.9393924746868716,0.7652315907180309,5.621184671047558e-05,1.4558095553160655,1.4680920839309692
p107_37034_0_000052_step0050,p107_37034_0_000052,50,4,3,fixed_probe,0.21625388857681138,True,True,0.0031202940803130436,nan,ok,0.1090123759291618,0.44946954045547427,9.102304998290435e-06,1.907977712513008e-05,1.1060855440598598e-14,4.701794509287538e-14,True,0.903437362850062,0.7685769647359848,1.3646193903743552e-06,1.5623075924127854,1.5691757970297378
p107_37034_0_000052_step0050,p107_37034_0_000052,50,4,3,adaptive_edge,0.400858421917042,True,True,0.0031202940803130436,0.0040818498887384815,ok,0.14875597182899078,0.6133365842923342,5.982843776749336e-06,1.2005300185700195e-05,3.199959405457866e-05,0.0015242248816306203,False,0.9029773596773873,0.7797183990478516,2.626647346987205e-06,1.5683473263291274,1.5804083347320557
p107_37034_0_000052_step0075,p107_37034_0_000052,75,4,3,fixed_probe,0.21625388857681138,True,True,0.0016995603517788325,nan,ok,0.10675597104752964,0.4401661447943456,9.619450812810661e-06,1.9964530731002854e-05,1.3825270114263564e-14,6.117328865684613e-14,True,0.9040848177703733,0.7675201557576656,7.774796970665014e-07,1.603959720163572,1.6109661737595597
p107_37034_0_000052_step0075,p107_37034_0_000052,75,4,3,adaptive_edge,0.39833846789498717,True,True,0.0016995603517788325,0.0021426593722286384,ok,0.14522490757567968,0.5987776334050897,6.99084427226571e-06,1.2782047356318557e-05,0.00016019564885091963,0.004730377770721161,False,0.9034736391661644,0.7735138349235058,1.0632599733513777e-06,1.6104909511752499,1.6235280632972717
p107_37034_0_000052_step0100,p107_37034_0_000052,100,4,3,fixed_probe,0.21625388857681138,True,True,0.0014617838266336937,nan,ok,0.10444779477961678,0.4306492902391969,1.018533201377265e-05,2.1209787903515255e-05,2.041269480993638e-14,1.0130785099704553e-13,True,0.9044985243775205,0.764542181044817,6.146963100217139e-07,1.6511074031323187,1.6578049713117191
p107_37034_0_000052_step0100,p107_37034_0_000052,100,4,3,adaptive_edge,0.3932716168507729,True,True,0.0014617838266336937,0.0019356147131013078,ok,0.1412271971490777,0.5822946510555767,5.358854029244981e-06,1.10088161134091e-05,9.300306824843772e-05,0.003276569849165245,False,0.9034431099814972,0.7639955915510654,1.0895700835353258e-06,1.6584978631323886,1.6713013648986816
p107_37034_0_000052_step0150,p107_37034_0_000052,150,4,3,fixed_probe,0.21625388857681138,True,True,0.0013994076283374434,nan,ok,0.10427613665239714,0.4299415256491746,1.0538921395272484e-05,2.25247524185703e-05,1.868211571974753e-14,1.317002062961592e-13,True,0.8970733546733157,0.7663286961615086,1.1167446895391122e-06,1.6203440231930368,1.6251387072937635
p107_37034_0_000052_step0150,p107_37034_0_000052,150,4,3,adaptive_edge,0.37942964188149886,True,True,0.0013994076283374434,0.0017212419100338056,ok,0.138396267382998,0.5706224286113252,5.357863130563952e-06,1.0936737224671784e-05,2.300263875869913e-05,0.0012735826303983955,False,0.8960617133775503,0.7727568708360195,1.5369338492381672e-06,1.6263510760339948,1.6373286843299866
p107_37034_0_000052_step0200,p107_37034_0_000052,200,4,3,fixed_probe,0.21625388857681138,True,True,0.0011338674881142233,nan,ok,0.10341835497288185,0.4264048011808133,1.0761301632559917e-05,2.2312000244252107e-05,2.0731447021899595e-14,1.3070100557399655e-13,True,0.9030050365986422,0.7677681744098663,4.057396760843969e-07,1.6510835422013521,1.6574461607924393
p107_37034_0_000052_step0200,p107_37034_0_000052,200,4,3,adaptive_edge,0.38799093261036577,True,True,0.0011338674881142233,0.0015081607110937207,ok,0.13887276551992533,0.5725870807602864,5.340674789357424e-06,1.0831069944397284e-05,1.1304961443270366e-15,2.220446049250313e-16,True,0.9017721601949095,0.7699551545083523,7.68871334713568e-07,1.6581603384409684,1.6704408526420593
p107_37034_1_000006_step0000,p107_37034_1_000006,0,2,5,fixed_probe,0.12104374541946245,False,True,0.038298559928026096,nan,ok,0.24008977528376546,0.5368570582371485,0.00019478416116592065,0.0003466359334671406,5.833012121510811e-16,6.938893903907228e-17,True,0.8080431579244294,0.7602249532938004,0.0009904823751810108,0.8302085880667469,0.8265251078147887
p107_37034_1_000006_step0000,p107_37034_1_000006,0,2,5,adaptive_edge,0.18913085221791004,False,True,0.038298559928026096,0.03916435234505671,ok,0.2461069196443751,0.5503118020579011,0.000237121683346847,0.00043045489098016474,3.3860007623857327e-05,0.001477561145656281,False,0.7982961767323318,0.7739493884146214,0.0010016040937036626,0.8306453641492358,0.8318184316158295
p107_37034_1_000006_step0010,p107_37034_1_000006,10,2,5,fixed_probe,0.12104374541946245,False,True,0.02922686317295745,nan,ok,0.18368547085030135,0.4107331993003299,0.0002962336049843969,0.0005715008751415076,5.418270173895281e-16,6.938893903907228e-17,True,0.8336727129844993,0.7646614350378513,0.00028171265199028087,0.9553633405916766,0.9584437116625057
p107_37034_1_000006_step0010,p107_37034_1_000006,10,2,5,adaptive_edge,0.20215521186495056,False,True,0.02922686317295745,0.02980413238141186,ok,0.1896509853283122,0.4240724951939214,0.00028866294580647065,0.0005584891016738806,6.460388023535908e-16,1.6653345369377348e-16,True,0.8228293663989182,0.7672338411211967,0.0002967306396627567,0.9566149984826136,0.960013747215271
p107_37034_1_000006_step0025,p107_37034_1_000006,25,2,5,fixed_probe,0.12104374541946245,False,True,0.03133363031403505,nan,ok,0.19522055620291334,0.4365264342750325,0.0005258399289197059,0.0009466200522985509,0.001418387994803198,0.05866596684367853,False,0.6912002771681836,0.7715777978301048,0.0002882985965911381,1.0331898286731018,1.0050879418849945
p107_37034_1_000006_step0025,p107_37034_1_000006,25,2,5,adaptive_edge,0.08734211027352684,False,True,0.03133363031403505,0.031194413186109826,ok,0.19332668184198942,0.4322916024631626,0.0005423704819482733,0.0009640667745201389,5.059701003917547e-16,2.3869795029440866e-15,True,0.7444512563259581,0.7663834728300571,0.00028310798714753895,1.0312458196802297,1.0194073704094238
p107_37034_1_000006_step0050,p107_37034_1_000006,50,2,5,fixed_probe,0.12104374541946245,False,True,0.03133363031403499,nan,ok,0.19522055620291334,0.4365264342750325,0.0005258399289197059,0.0009466200522985509,0.001418387994803198,0.05866596684367853,False,0.6912002771681836,0.7738055698573589,0.0002882985965911381,1.0331898286731018,1.0050879418849945
p107_37034_1_000006_step0050,p107_37034_1_000006,50,2,5,adaptive_edge,0.08734211027352684,False,True,0.03133363031403499,0.031194413186109844,ok,0.19332668184198942,0.4322916024631626,0.0005423704819482733,0.0009640667745201389,5.059701003917547e-16,2.3869795029440866e-15,True,0.7444512563259581,0.7833081781864166,0.00028310798714753895,1.0312458196802297,1.0194073704094238
p107_37034_1_000006_step0075,p107_37034_1_000006,75,2,5,fixed_probe,0.12104374541946245,False,True,0.03133363031403504,nan,ok,0.19522055620291334,0.4365264342750325,0.0005258399289197059,0.0009466200522985509,0.001418387994803198,0.05866596684367853,False,0.6912002771681836,0.7871869690716267,0.0002882985965911381,1.0331898286731018,1.0050879418849945
p107_37034_1_000006_step0075,p107_37034_1_000006,75,2,5,adaptive_edge,0.08734211027352684,False,True,0.03133363031403504,0.031194413186109795,ok,0.19332668184198942,0.4322916024631626,0.0005423704819482733,0.0009640667745201389,5.059701003917547e-16,2.3869795029440866e-15,True,0.7444512563259581,0.7822755947709084,0.00028310798714753895,1.0312458196802297,1.0194073704094238
p107_37034_1_000006_step0100,p107_37034_1_000006,100,2,5,fixed_probe,0.12104374541946245,False,True,0.03133363031403517,nan,ok,0.19522055620291334,0.4365264342750325,0.0005258399289197059,0.0009466200522985509,0.001418387994803198,0.05866596684367853,False,0.6912002771681836,0.7727148160338402,0.0002882985965911381,1.0331898286731018,1.0050879418849945
p107_37034_1_000006_step0100,p107_37034_1_000006,100,2,5,adaptive_edge,0.08734211027352684,False,True,0.03133363031403517,0.031194413186109837,ok,0.19332668184198942,0.4322916024631626,0.0005423704819482733,0.0009640667745201389,5.059701003917547e-16,2.3869795029440866e-15,True,0.7444512563259581,0.7689666114747524,0.00028310798714753895,1.0312458196802297,1.0194073704094238
p107_37034_1_000006_step0150,p107_37034_1_000006,150,2,5,fixed_probe,0.12104374541946245,False,True,0.029078107923566115,nan,ok,0.1828003027240435,0.40875390319850124,0.0005321234936334545,0.0009480814134178684,0.0017600819102397672,0.06108225490917585,False,0.6874582532996926,0.7753015197813511,0.00025026985216321425,1.0339784855700405,1.0035392493009567
p107_37034_1_000006_step0150,p107_37034_1_000006,150,2,5,adaptive_edge,0.08594717812302542,False,True,0.029078107923566115,0.029000905558684023,ok,0.18045672199659565,0.4035134973811695,0.0005485880472417151,0.000971004960697155,4.926185648801168e-16,1.942890293094024e-15,True,0.7439254656089128,0.7775736227631569,0.0002451926181192159,1.0319354674490937,1.019408244403416
p107_37034_1_000006_step0200,p107_37034_1_000006,200,2,5,fixed_probe,0.12104374541946245,False,True,0.02283327266173215,nan,ok,0.15807913260488365,0.3534756863287233,0.0008111078291501619,0.0011740741569997782,0.007515159722296038,0.22538915001128762,False,0.6592621524285653,0.7877258993685246,3.877582094064345e-05,1.1264015469377073,1.0158170443028212
p107_37034_1_000006_step0200,p107_37034_1_000006,200,2,5,adaptive_edge,0.0893576285262539,False,True,0.02283327266173215,0.02375793606314356,ok,0.15194801039292913,0.33976608028443406,0.0006950436114096502,0.0012052355175087267,4.991665860157776e-16,1.249000902703301e-16,True,0.6863065452376488,0.7684720270335674,3.608043790720053e-05,1.1233389456788088,1.0915832090309279
p107_37034_1_000014_step0000,p107_37034_1_000014,0,2,5,fixed_probe,0.1057064792001194,False,True,0.06491578086729526,nan,ok,0.4105146655928795,0.9179386980262727,0.0006172477667821004,0.0010999096566481012,3.8875438297370383e-16,6.938893903907228e-17,True,0.7868796104205764,0.7662121579051018,0.0009761169555650321,0.8967695611698981,0.8964407077713011
p107_37034_1_000014_step0000,p107_37034_1_000014,0,2,5,adaptive_edge,0.16516637375018653,False,True,0.06491578086729526,0.06528996819290082,ok,0.4149175867708448,0.9277839290797765,0.0006216271864794726,0.0010429872851461285,2.7611229062444774e-15,4.829470157119431e-14,True,0.7741969235313416,0.7649573013186455,0.0010270493548332053,0.8985882784731604,0.9287048280239105
p107_37034_1_000014_step0010,p107_37034_1_000014,10,2,5,fixed_probe,0.1057064792001194,False,True,0.053548401373460036,nan,ok,0.35164292551495524,0.7862974852583352,0.002050688822858345,0.0020913163904302066,0.0022273907835823714,0.03433892395886318,False,0.5724492398715222,0.7728984579443932,0.001326000968646929,0.9967235288542937,0.7720833569765091
p107_37034_1_000014_step0010,p107_37034_1_000014,10,2,5,adaptive_edge,0.056490502414180216,False,True,0.053548401373460036,0.05395451710246795,ok,0.34316285836700877,0.7673354786617642,0.0008428585396121512,0.0014095703759526871,3.4403817508517183e-16,3.469446951953614e-17,True,0.7602081682020233,0.7668439447879791,0.000704152671964046,0.960580202286896,0.9555206939355823
p107_37034_1_000014_step0025,p107_37034_1_000014,25,2,5,fixed_probe,0.1057064792001194,False,True,0.05354840137346001,nan,ok,0.35164292551495524,0.7862974852583352,0.002050688822858345,0.0020913163904302066,0.0022273907835823714,0.03433892395886318,False,0.5724492398715222,0.7771339863538742,0.001326000968646929,0.9967235288542937,0.7720833569765091
p107_37034_1_000014_step0025,p107_37034_1_000014,25,2,5,adaptive_edge,0.056490502414180216,False,True,0.05354840137346001,0.053954517102467944,ok,0.34316285836700877,0.7673354786617642,0.0008428585396121512,0.0014095703759526871,3.4403817508517183e-16,3.469446951953614e-17,True,0.7602081682020233,0.763224333524704,0.000704152671964046,0.960580202286896,0.9555206939355823
p107_37034_1_000014_step0050,p107_37034_1_000014,50,2,5,fixed_probe,0.1057064792001194,False,False,0.052718609099404526,nan,ok,0.34524259542997976,0.7719859121098931,0.0014683470105702333,0.0023098005086873968,0.010851087448911598,0.048148489357367895,False,0.5485935972461675,0.7893626727163792,426.76042185322945,101.0013341113634,0.8244886994361877
p107_37034_1_000014_step0050,p107_37034_1_000014,50,2,5,adaptive_edge,0.0683822502276632,False,False,0.052718609099404526,0.05372566325725725,ok,0.340010555081022,0.7602867142286017,0.0010116809602325526,0.0014031278294394654,3.664694440512798e-16,4.163336342344337e-17,True,0.6775420782891262,0.7616025879979134,96.23059550132797,-50.205055678805465,0.939682470687292
p107_37034_1_000014_step0075,p107_37034_1_000014,75,2,5,fixed_probe,0.1057064792001194,False,False,0.05271860909940453,nan,ok,0.34524259542997976,0.7719859121098931,0.0014683470105702333,0.0023098005086873968,0.010851087448911598,0.048148489357367895,False,0.5485935972461675,0.7680537886917591,426.76042185322945,101.0013341113634,0.8244886994361877
p107_37034_1_000014_step0075,p107_37034_1_000014,75,2,5,adaptive_edge,0.0683822502276632,False,False,0.05271860909940453,0.053725663257257285,ok,0.340010555081022,0.7602867142286017,0.0010116809602325526,0.0014031278294394654,3.664694440512798e-16,4.163336342344337e-17,True,0.6775420782891262,0.7653031498193741,96.23059550132797,-50.205055678805465,0.939682470687292
p107_37034_1_000014_step0100,p107_37034_1_000014,100,2,5,fixed_probe,0.1057064792001194,False,False,0.05271860909940442,nan,ok,0.34524259542997976,0.7719859121098931,0.0014683470105702333,0.0023098005086873968,0.010851087448911598,0.048148489357367895,False,0.5485935972461675,0.7709327638149261,426.76042185322945,101.0013341113634,0.8244886994361877
p107_37034_1_000014_step0100,p107_37034_1_000014,100,2,5,adaptive_edge,0.0683822502276632,False,False,0.05271860909940442,0.05372566325725734,ok,0.340010555081022,0.7602867142286017,0.0010116809602325526,0.0014031278294394654,3.664694440512798e-16,4.163336342344337e-17,True,0.6775420782891262,0.7623228617012501,96.23059550132797,-50.205055678805465,0.939682470687292
p107_37034_1_000014_step0150,p107_37034_1_000014,150,2,5,fixed_probe,0.1057064792001194,False,False,0.05271860909940471,nan,ok,0.34524259542997976,0.7719859121098931,0.0014683470105702333,0.0023098005086873968,0.010851087448911598,0.048148489357367895,False,0.5485935972461675,0.7691328898072243,426.76042185322945,101.0013341113634,0.8244886994361877
p107_37034_1_000014_step0150,p107_37034_1_000014,150,2,5,adaptive_edge,0.0683822502276632,False,False,0.05271860909940471,0.053725663257257264,ok,0.340010555081022,0.7602867142286017,0.0010116809602325526,0.0014031278294394654,3.664694440512798e-16,4.163336342344337e-17,True,0.6775420782891262,0.7643427029252052,96.23059550132797,-50.205055678805465,0.939682470687292
p107_37034_1_000014_step0200,p107_37034_1_000014,200,2,5,fixed_probe,0.1057064792001194,False,False,0.052718609099404234,nan,ok,0.34524259542997976,0.7719859121098931,0.0014683470105702333,0.0023098005086873968,0.010851087448911598,0.048148489357367895,False,0.5485935972461675,0.768064871430397,426.76042185322945,101.0013341113634,0.8244886994361877
p107_37034_1_000014_step0200,p107_37034_1_000014,200,2,5,adaptive_edge,0.0683822502276632,False,False,0.052718609099404234,0.053725663257257264,ok,0.340010555081022,0.7602867142286017,0.0010116809602325526,0.0014031278294394654,3.664694440512798e-16,4.163336342344337e-17,True,0.6775420782891262,0.7886887528002262,96.23059550132797,-50.205055678805465,0.939682470687292
p107_37034_1_000018_step0000,p107_37034_1_000018,0,4,3,fixed_probe,0.20100748933012003,True,True,0.06682426227817923,nan,ok,0.424049654989497,1.748401518028423,9.422034078638197e-05,0.00018901015658571605,7.0296418188829805e-16,1.1102230246251565e-16,True,0.9073457752067334,0.7811927311122417,0.0008509631610039443,1.6149372684784973,1.6182784487838744
p107_37034_1_000018_step0000,p107_37034_1_000018,0,4,3,adaptive_edge,0.3140742020783125,False,True,0.06682426227817923,0.06760574412262575,ok,0.43678813674334854,1.8009236238095565,0.00012138329938820008,0.00026551252342322504,8.365055327432273e-16,1.6653345369377348e-16,True,0.9048869411336372,0.7684910409152508,0.000856622467288399,1.6240636863706592,1.6386974453926086
p107_37034_1_000018_step0010,p107_37034_1_000018,10,4,3,fixed_probe,0.20100748933012003,False,False,0.042759008040370465,nan,ok,0.28860390108019884,1.1899443681189705,0.00020084774917267782,0.00013908766175136085,0.04837374576440525,0.16776553394913613,False,0.6560448221423553,0.7710861824452877,1907.0779938424673,6330.314802344679,1.6268982887268066
p107_37034_1_000018_step0010,p107_37034_1_000018,10,4,3,adaptive_edge,0.025557933077684263,False,True,0.042759008040370465,0.04359733420642549,ok,0.2511968469170402,1.0357111326610668,0.00012373927597130876,0.0001682267546647954,5.963554557780967e-16,1.3940237852949622e-14,True,0.42424202487409274,0.7695129737257957,0.00038218325571297453,2.4336460784323486,2.5227399765069043
p107_37034_1_000018_step0025,p107_37034_1_000018,25,4,3,fixed_probe,0.20100748933012003,False,False,0.04275900804037037,nan,ok,0.28860390108019884,1.1899443681189705,0.00020084774917267782,0.00013908766175136085,0.04837374576440525,0.16776553394913613,False,0.6560448221423553,0.7885320261120796,1907.0779938424673,6330.314802344679,1.6268982887268066
p107_37034_1_000018_step0025,p107_37034_1_000018,25,4,3,adaptive_edge,0.025557933077684263,False,True,0.04275900804037037,0.04359733420642549,ok,0.2511968469170402,1.0357111326610668,0.00012373927597130876,0.0001682267546647954,5.963554557780967e-16,1.3940237852949622e-14,True,0.42424202487409274,0.7632898017764091,0.00038218325571297453,2.4336460784323486,2.5227399765069043
p107_37034_1_000018_step0050,p107_37034_1_000018,50,4,3,fixed_probe,0.20100748933012003,False,False,0.04275900804037042,nan,ok,0.28860390108019884,1.1899443681189705,0.00020084774917267782,0.00013908766175136085,0.04837374576440525,0.16776553394913613,False,0.6560448221423553,0.777656052261591,1907.0779938424673,6330.314802344679,1.6268982887268066
p107_37034_1_000018_step0050,p107_37034_1_000018,50,4,3,adaptive_edge,0.025557933077684263,False,True,0.04275900804037042,0.04359733420642549,ok,0.2511968469170402,1.0357111326610668,0.00012373927597130876,0.0001682267546647954,5.963554557780967e-16,1.3940237852949622e-14,True,0.42424202487409274,0.7685726881027222,0.00038218325571297453,2.4336460784323486,2.5227399765069043
p107_37034_1_000018_step0075,p107_37034_1_000018,75,4,3,fixed_probe,0.20100748933012003,False,False,0.04275900804037046,nan,ok,0.28860390108019884,1.1899443681189705,0.00020084774917267782,0.00013908766175136085,0.04837374576440525,0.16776553394913613,False,0.6560448221423553,0.7745422646403313,1907.0779938424673,6330.314802344679,1.6268982887268066
p107_37034_1_000018_step0075,p107_37034_1_000018,75,4,3,adaptive_edge,0.025557933077684263,False,True,0.04275900804037046,0.043597334206425475,ok,0.2511968469170402,1.0357111326610668,0.00012373927597130876,0.0001682267546647954,5.963554557780967e-16,1.3940237852949622e-14,True,0.42424202487409274,0.7745058089494705,0.00038218325571297453,2.4336460784323486,2.5227399765069043
p107_37034_1_000018_step0100,p107_37034_1_000018,100,4,3,fixed_probe,0.20100748933012003,False,False,0.04275900804037037,nan,ok,0.28860390108019884,1.1899443681189705,0.00020084774917267782,0.00013908766175136085,0.04837374576440525,0.16776553394913613,False,0.6560448221423553,0.7733865492045879,1907.0779938424673,6330.314802344679,1.6268982887268066
p107_37034_1_000018_step0100,p107_37034_1_000018,100,4,3,adaptive_edge,0.025557933077684263,False,True,0.04275900804037037,0.04359733420642543,ok,0.2511968469170402,1.0357111326610668,0.00012373927597130876,0.0001682267546647954,5.963554557780967e-16,1.3940237852949622e-14,True,0.42424202487409274,0.763739075511694,0.00038218325571297453,2.4336460784323486,2.5227399765069043
p107_37034_1_000018_step0150,p107_37034_1_000018,150,4,3,fixed_probe,0.20100748933012003,False,False,0.04275900804037044,nan,ok,0.28860390108019884,1.1899443681189705,0.00020084774917267782,0.00013908766175136085,0.04837374576440525,0.16776553394913613,False,0.6560448221423553,0.7709888108074665,1907.0779938424673,6330.314802344679,1.6268982887268066
p107_37034_1_000018_step0150,p107_37034_1_000018,150,4,3,adaptive_edge,0.025557933077684263,False,True,0.04275900804037044,0.04359733420642547,ok,0.2511968469170402,1.0357111326610668,0.00012373927597130876,0.0001682267546647954,5.963554557780967e-16,1.3940237852949622e-14,True,0.42424202487409274,0.7618191428482533,0.00038218325571297453,2.4336460784323486,2.5227399765069043
p107_37034_1_000018_step0200,p107_37034_1_000018,200,4,3,fixed_probe,0.20100748933012003,False,False,0.0427590080403704,nan,ok,0.28860390108019884,1.1899443681189705,0.00020084774917267782,0.00013908766175136085,0.04837374576440525,0.16776553394913613,False,0.6560448221423553,0.7890781387686729,1907.0779938424673,6330.314802344679,1.6268982887268066
p107_37034_1_000018_step0200,p107_37034_1_000018,200,4,3,adaptive_edge,0.025557933077684263,False,True,0.0427590080403704,0.043597334206425475,ok,0.2511968469170402,1.0357111326610668,0.00012373927597130876,0.0001682267546647954,5.963554557780967e-16,1.3940237852949622e-14,True,0.42424202487409274,0.7612653486430645,0.00038218325571297453,2.4336460784323486,2.5227399765069043
p107_37034_1_000020_step0000,p107_37034_1_000020,0,3,4,fixed_probe,0.14774926755492962,False,True,0.10913137868004395,nan,ok,0.6855890387014818,2.1680229011420105,0.00012043157842058168,0.00023559205074947506,1.7490851495101866e-14,1.628142065612792e-13,True,0.8576338309651327,0.7680573649704456,0.003631896050777481,0.9995291438774724,0.9937674756622317
p107_37034_1_000020_step0000,p107_37034_1_000020,0,3,4,adaptive_edge,0.23085823055457746,False,False,0.10913137868004395,0.10961592712759374,ok,0.6900255483364242,2.1820523764497106,0.00019258264475449047,0.0003452560605226387,6.340728730360721e-16,3.3306690738754696e-16,True,0.8465602741219976,0.7635575532913208,156.89045778760206,0.047024662199750836,0.9955851435661316
p107_37034_1_000020_step0010,p107_37034_1_000020,10,3,4,fixed_probe,0.14774926755492962,False,True,0.07060448545770355,nan,ok,0.44958633512244206,1.421716823874673,0.00016068654880223464,0.00029776584342086973,4.731849809583081e-16,8.326672684688674e-17,True,0.8906164192303787,0.7680697031319141,0.0011647291897967315,1.0006735871860057,1.013951859400526
p107_37034_1_000020_step0010,p107_37034_1_000020,10,3,4,adaptive_edge,0.16705310427665218,False,True,0.07060448545770355,0.071168868686382,ok,0.45143111505291383,1.4275505302367308,0.00017965315542781566,0.0003275950402053963,2.0840341409566643e-14,1.8002266344296913e-13,True,0.8832650458292053,0.763249933719635,0.0011688635089642982,1.00077172058226,1.0166208688169718
p107_37034_1_000020_step0025,p107_37034_1_000020,25,3,4,fixed_probe,0.14774926755492962,True,True,0.02654489326901732,nan,ok,0.17476934346606735,0.5526691905250393,0.0001824498846717816,0.00035702454945365787,8.144127206236532e-16,8.826273045769994e-15,True,0.9153455880928474,0.7683227844536304,0.00022024888254334706,1.0696355241152464,1.0746784197154176
p107_37034_1_000020_step0025,p107_37034_1_000020,25,3,4,adaptive_edge,0.22910343232803812,True,True,0.02654489326901732,0.029310948439506258,ok,0.197602100404755,0.624872707712306,0.00027646821358474276,0.0005002101039511515,5.494946953690152e-05,0.0019128527735139678,False,0.8981298816187466,0.7681153379380703,0.00032765494863804483,1.0690278092415522,1.053902506828308
p107_37034_1_000020_step0050,p107_37034_1_000020,50,3,4,fixed_probe,0.14774926755492962,True,True,0.007421003981872889,nan,ok,0.07243374470592832,0.22905561272589678,6.318478895037902e-05,0.00012233017002112395,2.2421639371680312e-14,7.8909101475233e-14,True,0.8779239107788332,0.7686989828944206,1.451512595511534e-05,1.1102789885030624,1.1167894687974185
p107_37034_1_000020_step0050,p107_37034_1_000020,50,3,4,adaptive_edge,0.34945765669896467,True,True,0.007421003981872889,0.009427881884304982,ok,0.11628129848744982,0.3677137525022337,8.813946961699898e-05,0.00017879946065974504,0.00042700390778604384,0.00959563663266888,False,0.8747803985930154,0.7675232514739037,3.896584952411923e-05,1.111930832456919,1.1222859621047974
p107_37034_1_000020_step0075,p107_37034_1_000020,75,3,4,fixed_probe,0.14774926755492962,True,True,0.005897805746286924,nan,ok,0.06839536565762018,0.21628513687813986,3.9196022482159637e-05,7.744385817592832e-05,2.3413137464920774e-14,2.214617378371031e-13,True,0.8389654233209097,0.7683345712721348,7.697213383980366e-06,1.130540172072423,1.1319164917702274
p107_37034_1_000020_step0075,p107_37034_1_000020,75,3,4,adaptive_edge,0.3260497552338223,True,True,0.005897805746286924,0.00712787766345681,ok,0.10098063387268148,0.319328802605223,4.7816909677811774e-05,9.331409456137794e-05,0.00016700902025702745,0.005365115975343282,False,0.8362962131985061,0.7711731009185314,1.3387959757863843e-05,1.1314790246896105,1.1410745978355408
p107_37034_1_000020_step0100,p107_37034_1_000020,100,3,4,fixed_probe,0.14774926755492962,True,True,0.004147560507805949,nan,ok,0.06372464454144891,0.20151501983559475,4.568891916833933e-05,8.630078556873644e-05,7.438357837576827e-14,8.121003869376864e-13,True,0.8111530240197707,0.7666975669562817,3.041430304881427e-06,1.1654043312151072,1.1660205755257467
p107_37034_1_000020_step0100,p107_37034_1_000020,100,3,4,adaptive_edge,0.29076811674492686,True,True,0.004147560507805949,0.0050272345029747055,ok,0.09010537317806792,0.2849382086621393,5.13455164668673e-05,9.708481758274857e-05,0.00029134881395141254,0.008162756787768177,False,0.8089427569352521,0.7662184685468674,4.847360626521167e-06,1.1662081909922455,1.1747375130653381
p107_37034_1_000020_step0150,p107_37034_1_000020,150,3,4,fixed_probe,0.14774926755492962,True,True,0.004454127081671238,nan,ok,0.06367971727361074,0.2013729473401777,4.423537535543528e-05,8.693172100807491e-05,6.872321670318708e-16,1.1102230246251565e-16,True,0.8114514160950301,0.7719031535089016,9.292813588086555e-06,1.1407350502259999,1.1381051593300884
p107_37034_1_000020_step0150,p107_37034_1_000020,150,3,4,adaptive_edge,0.2940050231522725,True,True,0.004454127081671238,0.0050984840775035595,ok,0.08906720479940468,0.2816552319907993,4.971166669478514e-05,9.250223808910478e-05,9.492583755040773e-16,1.6653345369377348e-16,True,0.808654916494831,0.7627094611525536,1.083507405391589e-05,1.1408954662350335,1.145334392786026
p107_37034_1_000020_step0200,p107_37034_1_000020,200,3,4,fixed_probe,0.14774926755492962,True,True,0.003866629997195665,nan,ok,0.06437611201569508,0.20357514087572975,6.811587743055702e-05,0.00011072421476634055,7.628395942758284e-16,1.1102230246251565e-16,True,0.6922815192695873,0.7796878553926945,1.3304730384168914e-05,1.2519057587947038,1.244072086019883
p107_37034_1_000020_step0200,p107_37034_1_000020,200,3,4,adaptive_edge,0.16698297908195678,True,True,0.003866629997195665,0.0047332238071268965,ok,0.06844661469444542,0.21644720056239744,6.80082602227298e-05,0.00010877926012896527,5.9380990305901746e-05,0.0022927092294814932,False,0.6917853863735373,0.780741211026907,1.511177181297975e-05,1.25205916463923,1.2446050029248
p107_37034_1_000022_step0000,p107_37034_1_000022,0,3,5,fixed_probe,0.17258071190843696,False,True,0.029843808090123124,nan,ok,0.19566372282432934,0.6187430195927546,0.00021068128658317087,0.0003917198712278096,6.415411060076158e-16,1.1102230246251565e-16,True,0.8577638628056864,0.7665903456509113,0.00018060157999670972,1.686763102091329,1.695426155570984
p107_37034_1_000022_step0000,p107_37034_1_000022,0,3,5,adaptive_edge,0.2696573623569327,False,True,0.029843808090123124,0.030043782879462102,ok,0.20228766561493097,0.6396897659017076,0.00018979639110299477,0.00036484663624086397,1.1655632387930265e-05,0.0005936535681176913,False,0.8550011322267412,0.7715778425335884,0.00019431000617803327,1.6901520969274133,1.7032166719436646
p107_37034_1_000022_step0010,p107_37034_1_000022,10,3,5,fixed_probe,0.17258071190843696,True,True,0.019799973592536834,nan,ok,0.14744379137101019,0.4662582075830728,0.00029341218382224844,0.0005017700498845149,0.007900202131352485,0.05890033320880264,False,0.6707531194428223,0.7737585045397282,0.00011325129588413203,1.5600975851817724,1.4311366379261017
p107_37034_1_000022_step0010,p107_37034_1_000022,10,3,5,adaptive_edge,0.08253287030814237,True,True,0.019799973592536834,0.02012706695642448,ok,0.1340677240544137,0.4239593687268913,0.00037238093545442454,0.0006593058061662567,5.357053796010264e-16,2.0539125955565396e-15,True,0.6714087732448382,0.7759825959801674,0.00010506089642486641,1.544294583367706,1.522309655561013
p107_37034_1_000022_step0025,p107_37034_1_000022,25,3,5,fixed_probe,0.17258071190843696,True,True,0.019799973592536834,nan,ok,0.14744379137101019,0.4662582075830728,0.00029341218382224844,0.0005017700498845149,0.007900202131352485,0.05890033320880264,False,0.6707531194428223,0.7719574049115181,0.00011325129588413203,1.5600975851817724,1.4311366379261017
p107_37034_1_000022_step0025,p107_37034_1_000022,25,3,5,adaptive_edge,0.08253287030814237,True,True,0.019799973592536834,0.020127066956424505,ok,0.1340677240544137,0.4239593687268913,0.00037238093545442454,0.0006593058061662567,5.357053796010264e-16,2.0539125955565396e-15,True,0.6714087732448382,0.7616691738367081,0.00010506089642486641,1.544294583367706,1.522309655561013
p107_37034_1_000022_step0050,p107_37034_1_000022,50,3,5,fixed_probe,0.17258071190843696,True,True,0.019799973592536803,nan,ok,0.14744379137101019,0.4662582075830728,0.00029341218382224844,0.0005017700498845149,0.007900202131352485,0.05890033320880264,False,0.6707531194428223,0.7861515320837498,0.00011325129588413203,1.5600975851817724,1.4311366379261017
p107_37034_1_000022_step0050,p107_37034_1_000022,50,3,5,adaptive_edge,0.08253287030814237,True,True,0.019799973592536803,0.020127066956424522,ok,0.1340677240544137,0.4239593687268913,0.00037238093545442454,0.0006593058061662567,5.357053796010264e-16,2.0539125955565396e-15,True,0.6714087732448382,0.767053596675396,0.00010506089642486641,1.544294583367706,1.522309655561013
p107_37034_1_000022_step0075,p107_37034_1_000022,75,3,5,fixed_probe,0.17258071190843696,True,True,0.01537621299697395,nan,ok,0.12516129035891166,0.3957947524198343,0.00027020283899931256,0.00044925895958829057,0.012942717254216628,0.11875100801410879,False,0.641198988253161,0.7782091125845909,9.607775137320285e-05,1.5723332974372994,1.4718757420778275
p107_37034_1_000022_step0075,p107_37034_1_000022,75,3,5,adaptive_edge,0.07868712685120707,True,True,0.01537621299697395,0.015942521667107305,ok,0.10599660242846923,0.33519068791329765,0.0003628477533250416,0.0006592982015238459,5.5805687877247e-16,8.326672684688674e-17,True,0.6050023953153619,0.7630995623767376,8.047707135123332e-05,1.553655635083888,1.52331558516006
p107_37034_1_000022_step0100,p107_37034_1_000022,100,3,5,fixed_probe,0.17258071190843696,True,True,0.01537621299697395,nan,ok,0.12516129035891166,0.3957947524198343,0.00027020283899931256,0.00044925895958829057,0.012942717254216628,0.11875100801410879,False,0.641198988253161,0.7781722210347652,9.607775137320285e-05,1.5723332974372994,1.4718757420778275
p107_37034_1_000022_step0100,p107_37034_1_000022,100,3,5,adaptive_edge,0.07868712685120707,True,True,0.01537621299697395,0.015942521667107325,ok,0.10599660242846923,0.33519068791329765,0.0003628477533250416,0.0006592982015238459,5.5805687877247e-16,8.326672684688674e-17,True,0.6050023953153619,0.7832027971744537,8.047707135123332e-05,1.553655635083888,1.52331558516006
p107_37034_1_000022_step0150,p107_37034_1_000022,150,3,5,fixed_probe,0.17258071190843696,True,True,0.015376212996973957,nan,ok,0.12516129035891166,0.3957947524198343,0.00027020283899931256,0.00044925895958829057,0.012942717254216628,0.11875100801410879,False,0.641198988253161,0.7825622446835041,9.607775137320285e-05,1.5723332974372994,1.4718757420778275
p107_37034_1_000022_step0150,p107_37034_1_000022,150,3,5,adaptive_edge,0.07868712685120707,True,True,0.015376212996973957,0.015942521667107336,ok,0.10599660242846923,0.33519068791329765,0.0003628477533250416,0.0006592982015238459,5.5805687877247e-16,8.326672684688674e-17,True,0.6050023953153619,0.7619059570133686,8.047707135123332e-05,1.553655635083888,1.52331558516006
p107_37034_1_000022_step0200,p107_37034_1_000022,200,3,5,fixed_probe,0.17258071190843696,True,True,0.01537621299697394,nan,ok,0.12516129035891166,0.3957947524198343,0.00027020283899931256,0.00044925895958829057,0.012942717254216628,0.11875100801410879,False,0.641198988253161,0.7736987508833408,9.607775137320285e-05,1.5723332974372994,1.4718757420778275
p107_37034_1_000022_step0200,p107_37034_1_000022,200,3,5,adaptive_edge,0.07868712685120707,True,True,0.01537621299697394,0.015942521667107353,ok,0.10599660242846923,0.33519068791329765,0.0003628477533250416,0.0006592982015238459,5.5805687877247e-16,8.326672684688674e-17,True,0.6050023953153619,0.76485201343894,8.047707135123332e-05,1.553655635083888,1.52331558516006
p107_37034_1_000023_step0000,p107_37034_1_000023,0,3,4,fixed_probe,0.20026171556539768,False,True,0.03822869435654391,nan,ok,0.2539439308175816,0.8030412193597828,8.053054678612021e-05,0.00014666655717606808,7.633326608095142e-16,1.1102230246251565e-16,True,0.923408897970665,0.7691443040966988,0.0006519338387226257,1.1383196135563698,1.1412415811080934
p107_37034_1_000023_step0000,p107_37034_1_000023,0,3,4,adaptive_edge,0.31290893057093383,False,True,0.03822869435654391,0.03952950000562137,ok,0.26888251254468726,0.8502811626300087,7.396124662608824e-05,0.00014346329443715145,9.126949637637454e-16,1.6653345369377348e-16,True,0.9202702956550314,0.7620296031236649,0.0006890300735653737,1.1395773945101153,1.1496519446372986
p107_37034_1_000023_step0010,p107_37034_1_000023,10,3,4,fixed_probe,0.20026171556539768,False,True,0.024947982149722003,nan,ok,0.17563315771344523,0.5554008110220575,4.4947705335135284e-05,9.330965359532237e-05,8.927499503284443e-14,8.584799537914023e-13,True,0.9288366638133222,0.7706134058535099,0.00013430012635869365,1.1389786621711158,1.1455747057266739
p107_37034_1_000023_step0010,p107_37034_1_000023,10,3,4,adaptive_edge,0.3617211059993224,False,True,0.024947982149722003,0.025490220305465633,ok,0.19386519329584967,0.6130555698436901,5.39823118812534e-05,9.866514927007776e-05,0.0001442540197464799,0.0039860261538812725,False,0.927595855004389,0.7663191631436348,0.00015570253595935138,1.1405321947062788,1.1495819091796875
p107_37034_1_000023_step0025,p107_37034_1_000023,25,3,4,fixed_probe,0.20026171556539768,True,True,0.014093775289939006,nan,ok,0.11816712381114304,0.3736772557943286,5.4494676717834645e-05,0.00010740456696756025,4.846348413721865e-14,3.9929171080643755e-13,True,0.9272044909552628,0.7638887539505959,3.816255545820927e-05,1.109239385618909,1.114970225958481
p107_37034_1_000023_step0025,p107_37034_1_000023,25,3,4,adaptive_edge,0.3587999174851513,True,True,0.014093775289939006,0.01487310041188708,ok,0.14353555467035903,0.4538992779739534,6.30004560832973e-05,0.00011241867730553661,4.59367202416045e-05,0.0017646652181011468,False,0.9264197832741451,0.7666710838675499,5.855885934441908e-05,1.110943573608927,1.1208069324493408
p107_37034_1_000023_step0050,p107_37034_1_000023,50,3,4,fixed_probe,0.20026171556539768,True,True,0.014093775289938973,nan,ok,0.11816712381114304,0.3736772557943286,5.4494676717834645e-05,0.00010740456696756025,4.846348413721865e-14,3.9929171080643755e-13,True,0.9272044909552628,0.785866029560566,3.816255545820927e-05,1.109239385618909,1.114970225958481
p107_37034_1_000023_step0050,p107_37034_1_000023,50,3,4,adaptive_edge,0.3587999174851513,True,True,0.014093775289938973,0.014873100411887065,ok,0.14353555467035903,0.4538992779739534,6.30004560832973e-05,0.00011241867730553661,4.59367202416045e-05,0.0017646652181011468,False,0.9264197832741451,0.7708463668823242,5.855885934441908e-05,1.110943573608927,1.1208069324493408
p107_37034_1_000023_step0075,p107_37034_1_000023,75,3,4,fixed_probe,0.20026171556539768,True,True,0.021991651838863327,nan,ok,0.16555279376377502,0.5235239012976487,0.00013994417019728194,0.0002620505684248112,5.222871435086164e-14,3.5474401194335314e-13,True,0.8966918755118712,0.7649571970105171,0.0001853726059568965,1.1034510735261578,1.101351977102613
p107_37034_1_000023_step0075,p107_37034_1_000023,75,3,4,adaptive_edge,0.26320170634319506,True,True,0.021991651838863327,0.022490110910853057,ok,0.1760837584956496,0.5568257358092769,0.00014303419861396818,0.0002604697205287719,1.1992147933482223e-06,6.837605185261442e-05,False,0.895655548917394,0.7882088534533978,0.00019001678967409108,1.1039916238731697,1.1116684079170227
p107_37034_1_000023_step0100,p107_37034_1_000023,100,3,4,fixed_probe,0.20026171556539768,True,True,0.021991651838863358,nan,ok,0.16555279376377502,0.5235239012976487,0.00013994417019728194,0.0002620505684248112,5.222871435086164e-14,3.5474401194335314e-13,True,0.8966918755118712,0.7680897526443005,0.0001853726059568965,1.1034510735261578,1.101351977102613
p107_37034_1_000023_step0100,p107_37034_1_000023,100,3,4,adaptive_edge,0.26320170634319506,True,True,0.021991651838863358,0.02249011091085309,ok,0.1760837584956496,0.5568257358092769,0.00014303419861396818,0.0002604697205287719,1.1992147933482223e-06,6.837605185261442e-05,False,0.895655548917394,0.7660850062966347,0.00019001678967409108,1.1039916238731697,1.1116684079170227
p107_37034_1_000023_step0150,p107_37034_1_000023,150,3,4,fixed_probe,0.20026171556539768,True,True,0.021991651838863296,nan,ok,0.16555279376377502,0.5235239012976487,0.00013994417019728194,0.0002620505684248112,5.222871435086164e-14,3.5474401194335314e-13,True,0.8966918755118712,0.7623752653598785,0.0001853726059568965,1.1034510735261578,1.101351977102613
p107_37034_1_000023_step0150,p107_37034_1_000023,150,3,4,adaptive_edge,0.26320170634319506,True,True,0.021991651838863296,0.02249011091085306,ok,0.1760837584956496,0.5568257358092769,0.00014303419861396818,0.0002604697205287719,1.1992147933482223e-06,6.837605185261442e-05,False,0.895655548917394,0.7767262980341911,0.00019001678967409108,1.1039916238731697,1.1116684079170227
p107_37034_1_000023_step0200,p107_37034_1_000023,200,3,4,fixed_probe,0.20026171556539768,True,True,0.021991651838863327,nan,ok,0.16555279376377502,0.5235239012976487,0.00013994417019728194,0.0002620505684248112,5.222871435086164e-14,3.5474401194335314e-13,True,0.8966918755118712,0.7684815265238285,0.0001853726059568965,1.1034510735261578,1.101351977102613
p107_37034_1_000023_step0200,p107_37034_1_000023,200,3,4,adaptive_edge,0.26320170634319506,True,True,0.021991651838863327,0.022490110910853026,ok,0.1760837584956496,0.5568257358092769,0.00014303419861396818,0.0002604697205287719,1.1992147933482223e-06,6.837605185261442e-05,False,0.895655548917394,0.7721228338778019,0.00019001678967409108,1.1039916238731697,1.1116684079170227
p107_37034_1_000026_step0000,p107_37034_1_000026,0,6,3,fixed_probe,0.22391699821771532,True,True,0.03461055935421996,nan,ok,0.241445694430766,1.468656823185297,7.930575178867026e-05,0.00013499153744864434,2.3575935139202792e-14,3.1738500716471663e-13,True,0.7802359599328174,0.7664628848433495,0.00024340646547835141,2.238003361800457,2.2400379894104003
p107_37034_1_000026_step0000,p107_37034_1_000026,0,6,3,adaptive_edge,0.34987030971518013,True,True,0.03461055935421996,0.03622097871960006,ok,0.2612293973444099,1.588996389978962,6.0244282204570504e-05,0.00011047808521558918,8.569428623098373e-16,2.220446049250313e-16,True,0.7792913128613292,0.7608831450343132,0.00028012906624388137,2.239432586745722,2.2442298531532288
p107_37034_1_000026_step0010,p107_37034_1_000026,10,6,3,fixed_probe,0.22391699821771532,True,True,0.011285663315991751,nan,ok,0.13208272681648897,0.803427861578955,7.989126384084588e-05,0.00013081616966921107,6.997467363461664e-16,1.3877787807814457e-16,True,0.8015188520172496,0.7629091590642929,5.629915805378284e-05,2.179709894421322,2.1821770921249946
p107_37034_1_000026_step0010,p107_37034_1_000026,10,6,3,adaptive_edge,0.3274437312228049,True,True,0.011285663315991751,0.014096752968674664,ok,0.1587368091131348,0.9655583146524774,6.482296977690334e-05,0.00011606632132980044,8.337760304900839e-16,2.220446049250313e-16,True,0.7994014872307645,0.7642387263476849,8.482413713755587e-05,2.178302658063228,2.1623052656650543
p107_37034_1_000026_step0025,p107_37034_1_000026,25,6,3,fixed_probe,0.22391699821771532,True,True,0.007245525848828485,nan,ok,0.12548355761487967,0.7632866824283079,7.190956754344532e-05,0.00011885622110809985,7.541753954093518e-16,1.3877787807814457e-16,True,0.7842880290096225,0.7682034634053707,1.8034290960927563e-05,2.2262843534130523,2.2334898836650887
p107_37034_1_000026_step0025,p107_37034_1_000026,25,6,3,adaptive_edge,0.29669073602173424,True,True,0.007245525848828485,0.009172008772599473,ok,0.1444324834495952,0.8785484984851154,6.213377845301654e-05,0.00010914654230031957,6.171459116628933e-05,0.0022817866550400856,False,0.7825535193228137,0.7674111314117908,2.5582188960120534e-05,2.225562745985471,2.1905612349510193
p107_37034_1_000026_step0050,p107_37034_1_000026,50,6,3,fixed_probe,0.22391699821771532,True,True,0.0038778120760253093,nan,ok,0.12455702952134706,0.7576508320576991,4.7591246931682464e-05,8.706536657295109e-05,8.400812624378813e-16,1.3877787807814457e-16,True,0.753609673753687,0.7688009142875671,7.341910281576339e-06,2.282860410310723,2.257997872181845
p107_37034_1_000026_step0050,p107_37034_1_000026,50,6,3,adaptive_edge,0.2340560856475678,True,True,0.0038778120760253093,0.004831644901751234,ok,0.12720235720211698,0.773741732154647,4.8309699977026247e-05,8.394418400810356e-05,5.837178913671928e-07,3.7357945048166474e-05,False,0.7532767574314169,0.7639338634908199,7.63085544075293e-06,2.2828082396200915,2.2292065620422363
p107_37034_1_000026_step0075,p107_37034_1_000026,75,6,3,fixed_probe,0.22391699821771532,True,True,0.0022297968582702414,nan,ok,0.1219025146886295,0.7415040486971238,6.641482518010103e-05,9.867293562442225e-05,0.001248607342217037,0.021974103648483956,False,0.727686700284093,0.7701996490359306,4.692096583135989e-06,2.339655195705778,2.2628209590911865
p107_37034_1_000026_step0075,p107_37034_1_000026,75,6,3,adaptive_edge,0.20050774166762425,True,True,0.0022297968582702414,0.003048736221378732,ok,0.11569486104756141,0.7037443657281655,6.118294849563082e-05,0.00010670528299621849,8.044605944238651e-16,1.1102230246251565e-16,True,0.7238331218406336,0.766127672046423,4.021017830949059e-06,2.339591299829908,2.3206781965230974
p107_37034_1_000026_step0100,p107_37034_1_000026,100,6,3,fixed_probe,0.22391699821771532,True,True,0.0025331647613489002,nan,ok,0.12667846132818203,0.7705549979628977,5.376362782341942e-05,8.300133153301323e-05,0.0006508152682620446,0.013210284781437265,False,0.741270066161639,0.7720692232251167,5.488288717568291e-06,2.285351206126846,2.1998376846313477
p107_37034_1_000026_step0100,p107_37034_1_000026,100,6,3,adaptive_edge,0.209863269911006,True,True,0.0025331647613489002,0.003422262206790714,ok,0.1230164100110011,0.7482796094267202,5.105082156017246e-05,8.712952750691876e-05,8.168456013966732e-16,1.3877787807814457e-16,True,0.7396769574131196,0.7749408558011055,5.081586048991655e-06,2.285328136138074,2.2561458781298027
p107_37034_1_000026_step0150,p107_37034_1_000026,150,6,3,fixed_probe,0.22391699821771532,True,True,0.0020685105407707606,nan,ok,0.12899925712824037,0.784671847695966,4.4191114181386464e-05,6.679668411769282e-05,0.00043724099202733954,0.009767199092611867,False,0.7430047502097276,0.770594134926796,3.204211743731406e-06,2.270398541829401,2.2095494270324707
p107_37034_1_000026_step0150,p107_37034_1_000026,150,6,3,adaptive_edge,0.21304339417117915,True,True,0.0020685105407707606,0.0029772989739988627,ok,0.12603163782455468,0.766620524191317,4.2311186368347386e-05,7.052162350156891e-05,8.223690559650614e-16,1.3877787807814457e-16,True,0.7421403500317828,0.8034446686506271,2.9480079601082005e-06,2.2703585763974647,2.242806986531878
p107_37034_1_000026_step0200,p107_37034_1_000026,200,6,3,fixed_probe,0.22391699821771532,True,True,0.002161294860223599,nan,ok,0.12741522069649394,0.7750365302423116,3.341286534534335e-05,5.730013042717371e-05,0.00039182264922367135,0.008929508078347914,False,0.7416355069117154,0.7769829593598843,3.028137912320407e-06,2.2929068821534067,2.240413546562195
p107_37034_1_000026_step0200,p107_37034_1_000026,200,6,3,adaptive_edge,0.21266414015546609,True,True,0.002161294860223599,0.0029023709510069213,ok,0.12436322816450689,0.7564719844259906,3.348330688779355e-05,5.976246822548302e-05,8.176521160651874e-16,1.3877787807814457e-16,True,0.7409489138450523,0.7691198848187923,2.8345786732386773e-06,2.2928335558025665,2.2710428708207306
p107_37034_1_000031_step0000,p107_37034_1_000031,0,4,3,fixed_probe,0.22311515840713253,True,True,0.023240306258480774,nan,ok,0.18626806569016782,0.7680029095200509,1.9173566815130684e-05,3.590037334489206e-05,2.138018119951627e-14,1.14436238263238e-13,True,0.8692685688327847,0.7754575572907925,0.0002237100120767894,1.3790157330703845,1.3798378013992307
p107_37034_1_000031_step0000,p107_37034_1_000031,0,4,3,adaptive_edge,0.3486174350111445,True,True,0.023240306258480774,0.023465164516933375,ok,0.20481065141525037,0.8444559490366366,2.015747444829198e-05,3.781641908425458e-05,1.5157060881501276e-13,8.63586979704678e-13,True,0.8688482897694575,0.7679147161543369,0.00022711061921123514,1.3811550228396865,1.385743796825409
p107_37034_1_000031_step0010,p107_37034_1_000031,10,4,3,fixed_probe,0.22311515840713253,True,True,0.005253652337903793,nan,ok,0.10841490665416581,0.4470061115266046,2.5397673364309753e-05,4.55035897368507e-05,3.491343488791115e-14,1.7352785874891197e-13,True,0.8681262457350344,0.7638431750237942,4.482760694065183e-06,1.2643998526705267,1.2687096830759304
p107_37034_1_000031_step0010,p107_37034_1_000031,10,4,3,adaptive_edge,0.36928957999272394,True,True,0.005253652337903793,0.005869116071950432,ok,0.13856495710935351,0.5713179541710454,2.4845845746305783e-05,4.382825624857702e-05,1.080286770607971e-15,2.220446049250313e-16,True,0.866946061849344,0.7645629569888115,7.195223390659968e-06,1.266671270452015,1.2776548266410828
p107_37034_1_000031_step0025,p107_37034_1_000031,25,4,3,fixed_probe,0.22311515840713253,True,True,0.0021799725278999886,nan,ok,0.10499473357759345,0.432904376674003,2.74524471609556e-05,4.8506992258922386e-05,1.199298919569845e-14,5.237477118669176e-14,True,0.8625207082459496,0.7689841091632843,1.5011101359819517e-06,1.2526172713030064,1.254604345952092
p107_37034_1_000031_step0025,p107_37034_1_000031,25,4,3,adaptive_edge,0.3566398949271926,True,True,0.0021799725278999886,0.00289036614902963,ok,0.13374089650713394,0.5514278427637133,2.576863520283426e-05,4.5527059782330026e-05,1.0134488634003191e-13,4.539701947692265e-13,True,0.8620733356404521,0.7793200500309467,2.587895400943036e-06,1.254474332324528,1.2615715265274048
p107_37034_1_000031_step0050,p107_37034_1_000031,50,4,3,fixed_probe,0.22311515840713253,True,True,0.001357801474581765,nan,ok,0.10438522232931692,0.4303912974173568,3.144432354162289e-05,5.4631003259727557e-05,1.119898409032162e-14,9.692247004977617e-14,True,0.8505721221097382,0.7672349475324154,3.7294207298572427e-07,1.2766013294752985,1.2760170148994807
p107_37034_1_000031_step0050,p107_37034_1_000031,50,4,3,adaptive_edge,0.31705956059157436,True,True,0.001357801474581765,0.0017247820957278857,ok,0.125148108407072,0.5159988698086073,3.1315197008624286e-05,5.162826171614572e-05,5.242416308297335e-14,4.2676973066591017e-13,True,0.8503784013876468,0.7760491743683815,5.320857824926553e-07,1.2778748499479256,1.2804185450077057
p107_37034_1_000031_step0075,p107_37034_1_000031,75,4,3,fixed_probe,0.22311515840713253,True,True,0.0009673630276430758,nan,ok,0.10317892031384045,0.4254175867911518,3.4961786417614405e-05,5.66645046405253e-05,1.980816759806284e-14,2.1285750939625814e-13,True,0.8386917063404314,0.7754127569496632,2.6287130161032555e-07,1.2754228622230497,1.2747228938875736
p107_37034_1_000031_step0075,p107_37034_1_000031,75,4,3,adaptive_edge,0.3108498458051864,True,True,0.0009673630276430758,0.0012087163517263955,ok,0.12235604684254826,0.5044869050648487,3.3907228364548353e-05,5.03820623400612e-05,7.205819677104378e-14,7.59170504238682e-13,True,0.8384575075099036,0.7622636929154396,3.772261412914505e-07,1.2765762025629055,1.2765437364578247
p107_37034_1_000031_step0100,p107_37034_1_000031,100,4,3,fixed_probe,0.22311515840713253,True,True,0.0009261587743649348,nan,ok,0.10248080276702526,0.4225391744065358,3.2964537683164144e-05,5.323863743058926e-05,1.3038551128690219e-14,1.3830603329267888e-13,True,0.8384715993821121,0.7657550871372223,3.49918618504037e-07,1.279524825607698,1.2782460873325103
p107_37034_1_000031_step0100,p107_37034_1_000031,100,4,3,adaptive_edge,0.31268178855453693,True,True,0.0009261587743649348,0.0011815339872873897,ok,0.12185208671711176,0.5024090242365744,3.1846203289195454e-05,4.739728328955185e-05,5.2979184363054937e-14,5.710432127159493e-13,True,0.8382310530635192,0.7671608999371529,4.824342212182067e-07,1.2807270898641379,1.281990259885788
p107_37034_1_000031_step0150,p107_37034_1_000031,150,4,3,fixed_probe,0.22311515840713253,True,True,0.0007502335309147124,nan,ok,0.1007629801633574,0.4154564103655396,3.608714614700091e-05,5.868327983982577e-05,3.4288684679582486e-14,3.6845526629747383e-13,True,0.8277285102476849,0.7710344530642033,3.123047009980063e-07,1.2916231614447597,1.290550691913568
p107_37034_1_000031_step0150,p107_37034_1_000031,150,4,3,adaptive_edge,0.29776705959861216,True,True,0.0007502335309147124,0.0009570664244004921,ok,0.11681162519638022,0.4816266689847369,4.048975398343466e-05,5.4173415285549294e-05,1.0165394460847447e-15,2.220446049250313e-16,True,0.8274683616805869,0.772191509604454,4.88923853590736e-07,1.2925405198957571,1.2904101312160492
p107_37034_1_000031_step0200,p107_37034_1_000031,200,4,3,fixed_probe,0.22311515840713253,True,True,0.000654489147770821,nan,ok,0.09906385673057552,0.40845074498121786,3.23244290038283e-05,5.542344019885987e-05,2.254980699204493e-14,2.7294833060409474e-13,True,0.8262227633553957,0.7700560092926025,2.7843815412511124e-07,1.2940519012467928,1.2934971461446187
p107_37034_1_000031_step0200,p107_37034_1_000031,200,4,3,adaptive_edge,0.3035388139361508,True,True,0.000654489147770821,0.0008059110556956995,ok,0.11588711851042849,0.4778148302669682,3.7157319207873116e-05,5.0602183204921897e-05,7.454998454878313e-14,8.811285034937555e-13,True,0.8259433514652683,0.7822212539613247,4.112920419213389e-07,1.2950061006887579,1.292156621813774
p107_37034_1_000037_step0000,p107_37034_1_000037,0,4,3,fixed_probe,0.25754931811831244,True,True,0.04791102958705313,nan,ok,0.3135898524234229,1.292964084663627,2.5614080218781944e-05,4.945494929189246e-05,7.968961388467951e-14,2.9659608102861057e-13,True,0.9343151347896724,0.7655176892876625,0.000582404634409264,1.616124386545393,1.6185527768096921
p107_37034_1_000037_step0000,p107_37034_1_000037,0,4,3,adaptive_edge,0.40242080955986315,True,True,0.04791102958705313,0.05092667821839226,ok,0.33912056360405785,1.3982299035585226,3.1144693923027084e-05,5.9710421858982076e-05,1.9111020787531002e-05,0.0007804056736571696,False,0.9254832155655787,0.7711614333093166,0.0008447415795005888,1.634762301158344,1.6369614601135254
p107_37034_1_000037_step0010,p107_37034_1_000037,10,4,3,fixed_probe,0.25754931811831244,True,True,0.02444394568628433,nan,ok,0.17568564926114977,0.7243704888089377,1.1299230391183954e-05,2.184069878635947e-05,1.0327542938177869e-13,6.635247906672248e-13,True,0.9356524555778013,0.7655888125300407,0.00021021788548490866,1.6215595908891622,1.6226364543141103
p107_37034_1_000037_step0010,p107_37034_1_000037,10,4,3,adaptive_edge,0.5654647053017294,True,True,0.02444394568628433,0.028058324068039275,ok,0.22980133593867416,0.9474951809832013,1.9364003503392735e-05,3.781153801406274e-05,1.9261782061925366e-14,1.4299672557172016e-13,True,0.9299772812005793,0.7594435140490532,0.0004613247302839004,1.6367034689324171,1.6360721746459603
p107_37034_1_000037_step0025,p107_37034_1_000037,25,4,3,fixed_probe,0.25754931811831244,True,True,0.017306525232502173,nan,ok,0.15223722697790779,0.6276901669810443,1.9619204618761723e-05,3.759295683857014e-05,4.992373037064667e-14,2.517985819849855e-13,True,0.9337723605788495,0.773762222379446,0.00010557375017297054,1.638371643187456,1.642530949081537
p107_37034_1_000037_step0025,p107_37034_1_000037,25,4,3,adaptive_edge,0.5080670672708065,True,True,0.017306525232502173,0.018413755928056084,ok,0.1947514825002284,0.802980933094071,2.4420576543238156e-05,4.5808560490549276e-05,1.9289689885081635e-14,1.5132339825640884e-13,True,0.9315945003500891,0.7726469710469246,0.0001378292481498261,1.6472706836984,1.6515219807624817
p107_37034_1_000037_step0050,p107_37034_1_000037,50,4,3,fixed_probe,0.25754931811831244,True,True,0.0048852041757308775,nan,ok,0.11482250296825997,0.4734253079359331,2.4028037979632867e-05,4.6901620613299647e-05,1.4603255796226548e-13,8.503753257116387e-13,True,0.90645541420131,0.7799854539334774,5.006922414344141e-06,1.727626984945944,1.7291538261566448
p107_37034_1_000037_step0050,p107_37034_1_000037,50,4,3,adaptive_edge,0.40478782887545917,True,True,0.0048852041757308775,0.005738108668580341,ok,0.14482527591011746,0.5971299098366352,2.6226553514068076e-05,4.9893325306783455e-05,1.0013746672396348e-15,2.220446049250313e-16,True,0.903624234559962,0.7761784344911575,8.381343530071927e-06,1.734603384881288,1.7380471974611282
p107_37034_1_000037_step0075,p107_37034_1_000037,75,4,3,fixed_probe,0.25754931811831244,True,True,0.003228251321524745,nan,ok,0.10865001492793704,0.44797548777282004,1.9807551907908594e-05,3.754356353789071e-05,1.6245791751248912e-13,9.450218385609332e-13,True,0.891244399897702,0.8051527813076973,3.3245355046702632e-06,1.7277755165642616,1.7291295651732514
p107_37034_1_000037_step0075,p107_37034_1_000037,75,4,3,adaptive_edge,0.412866103890566,True,True,0.003228251321524745,0.003991590782877275,ok,0.13869059883879944,0.5718359882925361,1.9967804287326017e-05,3.726347161112196e-05,1.0562724692643977e-15,2.7755575615628914e-16,True,0.8885990144398757,0.8040536418557167,6.301409859025073e-06,1.7341419991120661,1.7359271124005318
p107_37034_1_000037_step0100,p107_37034_1_000037,100,4,3,fixed_probe,0.25754931811831244,True,True,0.002498091678779986,nan,ok,0.10477248725953046,0.43198803162972477,1.7556279889146208e-05,3.25514643250565e-05,1.5489450996218223e-13,9.969247649621593e-13,True,0.8881052042363347,0.7653431631624699,2.478222696830455e-06,1.738078365364314,1.7404074738748998
p107_37034_1_000037_step0100,p107_37034_1_000037,100,4,3,adaptive_edge,0.430035291277157,True,True,0.002498091678779986,0.0032871374588539105,ok,0.13693952295052905,0.564616117446725,1.6903335142405744e-05,3.159766838322434e-05,5.47909478091758e-05,0.002421702703094497,False,0.8858200095939958,0.7695312574505806,4.493073690417207e-06,1.7441150580693632,1.74941286444664
p107_37034_1_000037_step0150,p107_37034_1_000037,150,4,3,fixed_probe,0.25754931811831244,True,True,0.0022520003846875883,nan,ok,0.09961886247667605,0.41073909229521516,1.690550774392633e-05,3.28120077744857e-05,8.534588280532016e-16,1.6653345369377348e-16,True,0.8655480917323576,0.771665059030056,2.0275477746840815e-06,1.7613662424670222,1.7630942244469623
p107_37034_1_000037_step0150,p107_37034_1_000037,150,4,3,adaptive_edge,0.4150794108654069,True,True,0.0022520003846875883,0.00300967882889213,ok,0.12769832158329997,0.5265136681020373,1.365763267269218e-05,2.5663358172526958e-05,0.0003014354715012843,0.008869064246463554,False,0.8633442019861263,0.7848872765898705,3.801698284423219e-06,1.7661244373814275,1.7722715735435486
p107_37034_1_000037_step0200,p107_37034_1_000037,200,4,3,fixed_probe,0.25754931811831244,True,True,0.0018159527472684151,nan,ok,0.09988605648775038,0.4118407614254071,1.2218648888640036e-05,2.546556661541453e-05,1.1297226199210237e-13,8.935630013695572e-13,True,0.8684603782437237,0.765906635671854,1.421440830086598e-06,1.6796750956211872,1.683212394954829
p107_37034_1_000037_step0200,p107_37034_1_000037,200,4,3,adaptive_edge,0.442667997890635,True,True,0.0018159527472684151,0.0023909184094223937,ok,0.13163671603304156,0.5427520844136681,7.728033186444657e-06,1.4626647452128146e-05,0.0003999190861333765,0.009839285404408704,False,0.8675225367002772,0.770121555775404,2.5278523037827654e-06,1.6827463295476972,1.6888225972652435
p107_37034_1_000042_step0000,p107_37034_1_000042,0,6,4,fixed_probe,0.12046820830981471,True,True,0.05375728973721229,nan,ok,0.353360619309782,2.1494087348205158,0.0002644425599867289,0.0004085892885487187,5.175350687878615e-16,6.938893903907228e-17,True,0.7268110590089697,0.7866799011826515,0.0007153970485380396,2.2500489284167458,2.2113979961395263
p107_37034_1_000042_step0000,p107_37034_1_000042,0,6,4,adaptive_edge,0.18823157548408545,True,True,0.05375728973721229,0.05525103530749539,ok,0.3679514330744362,2.238161190074713,0.00025440532944214124,0.0003894714302191643,6.190871494794397e-16,1.1102230246251565e-16,True,0.7239436478144605,0.7600002437829971,0.0007425698742021137,2.2496816426218933,2.2005810737609863
p107_37034_1_000042_step0010,p107_37034_1_000042,10,6,4,fixed_probe,0.12046820830981471,True,True,0.0201305208837423,nan,ok,0.1609992752932146,0.9793203591587335,2.343442799077889e-05,4.574974017775857e-05,5.460721092391639e-14,2.228078832544611e-13,True,0.9112013586550182,0.7783808782696724,5.102523659310506e-05,1.7706074728640742,1.770374610814739
p107_37034_1_000042_step0010,p107_37034_1_000042,10,6,4,adaptive_edge,0.43129782303660036,True,True,0.0201305208837423,0.02587531853172927,ok,0.2903355560227439,1.7660422413884462,3.596526014460395e-05,6.448005110895135e-05,0.0011827502791426708,0.02377282113250334,False,0.9035114250948032,0.7823741436004639,0.00018924818251215962,1.788649006423437,1.7927072644233704
p107_37034_1_000042_step0025,p107_37034_1_000042,25,6,4,fixed_probe,0.12046820830981471,True,True,0.016727703212650248,nan,ok,0.13966490566725234,0.8495484549903979,2.3807184915843597e-05,4.67819263547923e-05,4.807334253331847e-14,2.664674036978454e-13,True,0.9075081822456358,0.7676798962056637,6.479529106858428e-05,1.8676781376515235,1.8547056400782156
p107_37034_1_000042_step0025,p107_37034_1_000042,25,6,4,adaptive_edge,0.49344658705621214,True,True,0.016727703212650248,0.022089653532056504,ok,0.26975090750119374,1.6408307126622022,1.504978998281956e-05,2.7135748747323122e-05,0.0007489161567131922,0.018599415541978526,False,0.900520611282921,0.7698845118284225,0.00019730622137964537,1.8800802368967362,1.8904847502708435
p107_37034_1_000042_step0050,p107_37034_1_000042,50,6,4,fixed_probe,0.12046820830981471,True,True,0.023336284139663873,nan,ok,0.16363891791726032,0.9953766784056571,1.3330195236305256e-05,2.6444658117228404e-05,8.140696183612232e-16,4.454769886308441e-15,True,0.9373763179242284,0.7835566066205502,0.00010522694883268207,1.7385211821262319,1.7219919396494272
p107_37034_1_000042_step0050,p107_37034_1_000042,50,6,4,adaptive_edge,0.618458096579254,True,True,0.023336284139663873,0.02898494720777556,ok,0.3367431474150115,2.0483285994307217,2.0792618093749746e-05,4.3756594778385085e-05,0.0018098091947248102,0.029391689297288415,False,0.9353980489964083,0.7737715058028698,0.0003730453184499679,1.7539242546752243,1.7610897719860077
p107_37034_1_000042_step0075,p107_37034_1_000042,75,6,4,fixed_probe,0.12046820830981471,True,True,0.015002546515493407,nan,ok,0.13827941783655678,0.841120861527659,1.752191669135012e-05,3.291632308013921e-05,3.87267662985739e-14,2.4004409571176666e-13,True,0.9302038672146054,0.7842064388096333,4.8509569111972005e-05,1.888902126620606,1.8697777349193365
p107_37034_1_000042_step0075,p107_37034_1_000042,75,6,4,adaptive_edge,0.5165614649255821,True,True,0.015002546515493407,0.020503623593752372,ok,0.2834212038982508,1.7239838793642916,1.590815858203677e-05,2.9950238348905913e-05,9.474028166997558e-05,0.004319411863058065,False,0.9242983988259793,0.7740743644535542,0.00016494935667586355,1.9054194570319303,1.9171165823936462
p107_37034_1_000042_step0100,p107_37034_1_000042,100,6,4,fixed_probe,0.12046820830981471,True,True,0.014230398119888351,nan,ok,0.13461923912401377,0.818856863600807,1.7806294448410924e-05,3.4882416734952925e-05,2.3409202610641202e-15,1.0574874309554616e-14,True,0.9308266752266544,0.7731743231415749,5.1915300802119785e-05,1.859556720707297,1.8316885505304863
p107_37034_1_000042_step0100,p107_37034_1_000042,100,6,4,adaptive_edge,0.5915769158150266,True,True,0.014230398119888351,0.01871909470071973,ok,0.2930803642708541,1.7827382581529043,1.6541929046771148e-05,3.30160759644696e-05,9.117935715759591e-05,0.0035068171671536197,False,0.9285034481518163,0.7983077839016914,0.00015512123183988313,1.873843726810656,1.8849594593048096
p107_37034_1_000042_step0150,p107_37034_1_000042,150,6,4,fixed_probe,0.12046820830981471,True,True,0.015097572892579895,nan,ok,0.12142738502826153,0.7386139478020043,2.501363265984313e-05,5.1843990024233355e-05,5.836873260500675e-16,1.2351231148954867e-15,True,0.9156135348338779,0.7770421877503395,3.35387308493432e-05,1.8762736974335914,1.8348809385073683
p107_37034_1_000042_step0150,p107_37034_1_000042,150,6,4,adaptive_edge,0.6642265277553636,True,True,0.015097572892579895,0.02027944268899649,ok,0.28399829606825394,1.7274941939925152,1.1446222645160036e-05,2.265512180282916e-05,0.0017194929583130873,0.03079621529015919,False,0.9141285754677407,0.7839852087199688,0.00019419097168290537,1.8877286608126824,1.8994655013084412
p107_37034_1_000042_step0200,p107_37034_1_000042,200,6,4,fixed_probe,0.12046820830981471,True,True,0.015374694806233815,nan,ok,0.11971850318156989,0.7282192253362415,3.384867583167737e-05,7.35688568448786e-05,5.116023218551079e-16,5.689893001203927e-16,True,0.8994553235117033,0.7669474221765995,3.702374427760892e-05,1.8872168361994852,1.8442671420760302
p107_37034_1_000042_step0200,p107_37034_1_000042,200,6,4,adaptive_edge,0.6651910048035474,True,True,0.015374694806233815,0.020120956689457205,ok,0.2715002208370311,1.6514713702751846,8.94020064255164e-06,1.7498767151188692e-05,0.0013959523763610712,0.027619694229618186,False,0.8979878357878993,0.7693647295236588,0.0001964409369696222,1.8954748842971776,1.907637596130371
p107_37034_1_000046_step0000,p107_37034_1_000046,0,4,2,fixed_probe,0.1591423162659454,True,True,0.04086493881654772,nan,ok,0.26643890715088603,1.0985557569572395,2.7794768840606186e-05,5.068276216040281e-05,5.609480568799382e-16,1.1102230246251565e-16,True,0.9431945391927119,0.7654371038079262,0.0009765853501272786,1.2555480790539977,1.264457933784485
p107_37034_1_000046_step0000,p107_37034_1_000046,0,4,2,adaptive_edge,0.24865986916553964,False,False,0.04086493881654772,0.04542920689353651,ok,0.282092131546683,1.1630956545226057,9.019472842684082e-05,0.00011679005961319737,6.671274903194815e-16,2.7755575615628914e-16,True,0.8598496186694811,0.7736798971891403,125.6811471687199,-7.2246619147431765,1.2333379983901978
p107_37034_1_000046_step0010,p107_37034_1_000046,10,4,2,fixed_probe,0.1591423162659454,False,True,0.008549180001602558,nan,ok,0.1531969143809969,0.6316470595115553,0.0003744527143371731,0.0006825501668534016,0.017430082965520514,0.08319755374549312,False,0.7361835476385338,0.771788690239191,0.00019604865025792272,1.3340382515065052,1.3348333835601807
p107_37034_1_000046_step0010,p107_37034_1_000046,10,4,2,adaptive_edge,0.0780028932911928,False,True,0.008549180001602558,0.009758084324668344,ok,0.09240720607435743,0.3810046712127936,0.00019680531160862658,0.00038916502779038134,3.2558198353984566e-15,2.180200464607651e-14,True,0.9341624552339322,0.7693845890462399,8.689046676870258e-05,1.3339157603805851,1.3229006010363362
p107_37034_1_000046_step0025,p107_37034_1_000046,25,4,2,fixed_probe,0.1591423162659454,False,False,0.006359298384877357,nan,ok,0.12560445333340473,0.5178804281415921,0.0003274536569335917,0.0006084754411950417,3.596617436215973e-14,3.232136780439987e-13,True,0.9257433118320192,0.7704345807433128,25.830940797743125,-141.9315886418346,1.33494009450078
p107_37034_1_000046_step0025,p107_37034_1_000046,25,4,2,adaptive_edge,0.12868017664467282,False,True,0.006359298384877357,0.008506089332616602,ok,0.10740229917813177,0.4428310239456261,0.00023842777359769072,0.0004166137475401263,4.0453011294406437e-16,8.326672684688674e-17,True,0.930397913873015,0.774607352912426,0.0001521872104321577,1.3323384046405369,1.3310373037386838
p107_37034_1_000046_step0050,p107_37034_1_000046,50,4,2,fixed_probe,0.1591423162659454,False,True,0.0054328795801754865,nan,ok,0.14350825438715045,0.5916996909862303,0.0005830501118697052,0.0007781773211227452,0.013521630764601526,0.12255466327785894,False,0.7835521965907863,0.7851239927113056,0.00025642714614461783,1.331668023150397,1.252849742770195
p107_37034_1_000046_step0050,p107_37034_1_000046,50,4,2,adaptive_edge,0.09457088598683305,False,True,0.0054328795801754865,0.0073088474565453565,ok,0.09004731106879145,0.3712745748394775,0.0001742612402916284,0.00030693380087242687,8.529003584367987e-16,3.552713678800501e-15,True,0.9229965252857436,0.7761558443307877,7.744034729065788e-05,1.3323924748626728,1.3016339828133667
p107_37034_1_000046_step0075,p107_37034_1_000046,75,4,2,fixed_probe,0.1591423162659454,False,True,0.006387853785878831,nan,ok,0.1399040686280695,0.5768392524071927,0.00035844519311297975,0.0005572996564427873,0.016084960727488915,0.12594409620401897,False,0.7587076680576752,0.7696987874805927,0.00014757609047921303,1.3320080089448416,1.2833334133028984
p107_37034_1_000046_step0075,p107_37034_1_000046,75,4,2,adaptive_edge,0.10214421538433702,False,True,0.006387853785878831,0.008333627200951342,ok,0.09396800584129267,0.38744001351230695,0.00015377888749052395,0.00026891682292195694,4.097742075050974e-16,6.938893903907228e-17,True,0.9165104155432112,0.7708906754851341,0.0001280951459293054,1.33258937867492,1.280371861818646
p107_37034_1_000046_step0100,p107_37034_1_000046,100,4,2,fixed_probe,0.1591423162659454,True,True,0.007232416338885151,nan,ok,0.09807317921604235,0.40436607694787324,1.9514301478427736e-05,3.858840341190911e-05,2.619324841603136e-14,2.081113059659856e-13,True,0.8839596355084675,0.7675841711461544,7.462530683010091e-06,1.497564256670652,1.4962559719850075
p107_37034_1_000046_step0100,p107_37034_1_000046,100,4,2,adaptive_edge,0.37450879343129856,True,True,0.007232416338885151,0.009219850118913717,ok,0.15061246608923368,0.6209911062206684,1.8212163936736762e-05,3.169979898360086e-05,0.0010341763383551117,0.02088529564982272,False,0.8815136717429174,0.8031944409012794,1.571402646397181e-05,1.5037299143106593,1.5064655542373657
p107_37034_1_000046_step0150,p107_37034_1_000046,150,4,2,fixed_probe,0.1591423162659454,True,True,0.003920015555172236,nan,ok,0.08894069589658327,0.3667118835975521,1.8558431196291988e-05,3.655850869828419e-05,1.5275950268326344e-14,1.1132761379428757e-13,True,0.88616267331559,0.7617901787161827,2.468081219733737e-06,1.5604493292449597,1.5617761476386411
p107_37034_1_000046_step0150,p107_37034_1_000046,150,4,2,adaptive_edge,0.39123631130708825,True,True,0.003920015555172236,0.005269477598929507,ok,0.14146015244348478,0.5832551503404639,1.530340804354245e-05,2.6893579621717093e-05,0.000669107159904311,0.01503902561078263,False,0.8837943802474165,0.7784978151321411,6.5438113658575865e-06,1.5665672741240797,1.5727322101593018
p107_37034_1_000046_step0200,p107_37034_1_000046,200,4,2,fixed_probe,0.1591423162659454,True,True,0.0024958679265151052,nan,ok,0.08502277168897457,0.350557868256417,1.9552774921613947e-05,3.875444829702271e-05,9.375277658129893e-15,6.256106743762757e-14,True,0.8847792922530449,0.7754393927752972,1.4148004101269395e-06,1.5960254757985908,1.5964690482201334
p107_37034_1_000046_step0200,p107_37034_1_000046,200,4,2,adaptive_edge,0.40034979543591365,True,True,0.0024958679265151052,0.0032622167663753287,ok,0.13663435944131228,0.5633578960651401,1.5147630747741217e-05,2.7866784539604282e-05,0.0004067099839711851,0.01011849832481071,False,0.8825567950408306,0.7737976647913456,4.10898578551752e-06,1.6018643859866049,1.6074478328227997
p107_37034_2_000001_step0000,p107_37034_2_000001,0,7,3,fixed_probe,0.4061312466770265,True,True,0.06653508132849784,nan,ok,0.514503699526243,3.6380905488057227,2.918751861065815e-06,5.611220317727808e-06,9.486883748121357e-16,2.7755575615628914e-16,True,0.9609232595941142,0.7640274502336979,0.0014085555615824291,2.184622207321372,2.186373725784302
p107_37034_2_000001_step0000,p107_37034_2_000001,0,7,3,adaptive_edge,0.6345800729328538,True,True,0.06653508132849784,0.06966674812848514,ok,0.5724275229892374,4.047673832435081,6.0823832128692244e-06,1.3167626854229236e-05,1.1242480401235562e-15,4.440892098500626e-16,True,0.9571690085266776,0.7701716423034668,0.0015255326108246942,2.2050845785891586,2.209406554698944
p107_37034_2_000001_step0010,p107_37034_2_000001,10,7,3,fixed_probe,0.4061312466770265,True,True,0.06168679883439485,nan,ok,0.49259882639221875,3.483199705464728,7.304785532679783e-06,1.3692830612804408e-05,9.704343766079788e-16,2.7755575615628914e-16,True,0.9419498854216398,0.7648858726024628,0.000936679124389892,2.237924073649644,2.2354638093198895
p107_37034_2_000001_step0010,p107_37034_2_000001,10,7,3,adaptive_edge,0.5061197021572994,True,True,0.06168679883439485,0.06528318368607151,ok,0.5214076797382392,3.6869090610565265,2.4286773237459838e-05,3.422573113804241e-05,0.00015168073610718555,0.004013121843387868,False,0.9373294733306667,0.7702408917248249,0.0010119968436263496,2.2472852511123746,2.2530829310417175
p107_37034_2_000001_step0025,p107_37034_2_000001,25,7,3,fixed_probe,0.4061312466770265,True,True,0.03859163552487652,nan,ok,0.37811173595607317,2.673653725407567,7.07119877401659e-06,1.2916572229677315e-05,1.001841105734273e-15,2.7755575615628914e-16,True,0.9359523102615644,0.783580020070076,0.0003423554124991532,2.2508239592873136,2.2472496833656366
p107_37034_2_000001_step0025,p107_37034_2_000001,25,7,3,adaptive_edge,0.48702235300384095,True,True,0.03859163552487652,0.04267657994184068,ok,0.40427843048887385,2.85868019686137,2.0776842349118936e-05,3.561662875911704e-05,1.5085899322088772e-06,9.654975566208979e-05,False,0.931508012064606,0.7651068344712257,0.00040314022013618464,2.2582972169428066,2.265670031309128
p107_37034_2_000001_step0050,p107_37034_2_000001,50,7,3,fixed_probe,0.4061312466770265,True,True,0.03472627979469165,nan,ok,0.35831464507451116,2.533667153306378,4.289092093188481e-06,8.893163048787684e-06,1.0427232197671929e-15,2.7755575615628914e-16,True,0.9551926497094393,0.7794275805354118,0.0007808238375652263,2.2034066563859276,2.2024732274177956
p107_37034_2_000001_step0050,p107_37034_2_000001,50,7,3,adaptive_edge,0.5774331260071028,True,True,0.03472627979469165,0.03692814687849508,ok,0.4073154923824875,2.8801554674599448,3.253197452006363e-06,6.576604681472077e-06,1.2386314345926412e-15,3.3306690738754696e-16,True,0.9539126774601835,0.762082576751709,0.0008342394760105188,2.214346101678578,2.2195779383182526
p107_37034_2_000001_step0075,p107_37034_2_000001,75,7,3,fixed_probe,0.4061312466770265,True,True,0.01290079532080295,nan,ok,0.28858943786942126,2.040635484962816,6.949495551520481e-06,1.423516719615836e-05,1.022938354823328e-15,2.7755575615628914e-16,True,0.9494480737924244,0.7661610804498196,3.4382051184568896e-05,2.255188569061876,2.25296186366229
p107_37034_2_000001_step0075,p107_37034_2_000001,75,7,3,adaptive_edge,0.5477602232321358,True,True,0.01290079532080295,0.014757592504817469,ok,0.3335508565441376,2.35856072532941,5.000959441412947e-06,8.816718700852207e-06,1.2273766230065984e-15,3.3306690738754696e-16,True,0.9483816475829967,0.7647971771657467,4.083962307174953e-05,2.264195222249918,2.270437389612198
p107_37034_2_000001_step0100,p107_37034_2_000001,100,7,3,fixed_probe,0.4061312466770265,True,True,0.019531781552138822,nan,ok,0.28621973448051774,2.0238791516058723,3.1323479793296124e-06,5.65758589708588e-06,9.612254461833567e-16,2.7755575615628914e-16,True,0.9625621983333265,0.7773305028676987,0.00015726989228324192,1.901217493721884,1.9046095641823224
p107_37034_2_000001_step0100,p107_37034_2_000001,100,7,3,adaptive_edge,0.7322354339296776,True,True,0.019531781552138822,0.02193505913496275,ok,0.3733367597399277,2.6398895447831574,1.7419245001555283e-06,3.638914979197216e-06,1.3501777516546196e-15,4.440892098500626e-16,True,0.960365305220418,0.7665888853371143,0.00021269435308539592,1.9167855279676003,1.9224593341350555
p107_37034_2_000001_step0150,p107_37034_2_000001,150,7,3,fixed_probe,0.4061312466770265,True,True,0.022561112795064456,nan,ok,0.2770004644432756,1.9586890679966333,3.311501175155546e-06,6.49861099056359e-06,9.49961486086238e-16,2.7755575615628914e-16,True,0.9536949975638496,0.7739206217229366,0.00023322124024834266,2.1313405892981345,2.1357998030973975
p107_37034_2_000001_step0150,p107_37034_2_000001,150,7,3,adaptive_edge,0.7516408982613858,True,True,0.022561112795064456,0.027728618562006858,ok,0.3693413580437685,2.6116377884539737,2.5013228578416957e-06,5.021004485311479e-06,1.3303971971865067e-15,5.551115123125783e-16,True,0.9517305349270372,0.7727660797536373,0.0003316000975346992,2.149582585748444,2.156475156545639
p107_37034_2_000001_step0200,p107_37034_2_000001,200,7,3,fixed_probe,0.4061312466770265,True,True,0.026195310212099476,nan,ok,0.2685420674934928,1.8988791695850429,3.9501369103406325e-06,8.29363640892112e-06,9.338952749539415e-16,2.7755575615628914e-16,True,0.9446840373316714,0.7666483223438263,0.00023844923137131168,2.047467622621619,2.0494532575757085
p107_37034_2_000001_step0200,p107_37034_2_000001,200,7,3,adaptive_edge,0.7929157505794651,True,True,0.026195310212099476,0.03355918225698498,ok,0.3672248711751159,2.5966719662828077,3.7851233175020955e-06,7.319747429466009e-06,1.3455618336081993e-15,5.551115123125783e-16,True,0.9424564654445382,0.7776691280305386,0.00039902166302233853,2.0650377498828143,2.06817027926445
p107_37034_2_000003_step0000,p107_37034_2_000003,0,4,3,fixed_probe,0.2560727452547643,True,True,0.02715392155496384,nan,ok,0.21663180255071102,0.8931958037845308,5.459185594462497e-05,0.00010404471790271774,7.62476091047788e-16,1.6653345369377348e-16,True,0.9619385928436056,0.7751044817268848,0.00017471957217011282,1.403414139783311,1.4060793286437985
p107_37034_2_000003_step0000,p107_37034_2_000003,0,4,3,adaptive_edge,0.4001136644605692,True,True,0.02715392155496384,0.030131362456257048,ok,0.2514871768900843,1.0369081938062104,4.9619984842906276e-05,0.00010018606863927087,9.339798557902886e-16,2.7755575615628914e-16,True,0.9540654523177963,0.7736604511737823,0.00026325552781257387,1.4123718398573644,1.4225441217422485
p107_37034_2_000003_step0010,p107_37034_2_000003,10,4,3,fixed_probe,0.2560727452547643,True,True,0.010681558168643938,nan,ok,0.14010326074727308,0.5776605425544596,1.3927478325758007e-05,2.7842112735686287e-05,3.655178848667226e-14,2.370881269087022e-13,True,0.9418692519026236,0.7821541875600815,6.804475418902943e-05,1.4155385692119478,1.4211409996929194
p107_37034_2_000003_step0010,p107_37034_2_000003,10,4,3,adaptive_edge,0.4391830724278669,True,True,0.010681558168643938,0.01152780715406988,ok,0.17810962536310826,0.7343647983112856,1.874890459782757e-05,3.8908912575933685e-05,1.6420742820653787e-13,8.443801213786628e-13,True,0.9414672840398886,0.7755315415561199,8.203735905435102e-05,1.4208243088972348,1.4314830303192139
p107_37034_2_000003_step0025,p107_37034_2_000003,25,4,3,fixed_probe,0.2560727452547643,True,True,0.005135032122985341,nan,ok,0.12629563122865198,0.5207302276097885,1.2804170321077608e-05,2.4785888177063584e-05,2.63414209103507e-14,1.9478862967048372e-13,True,0.9268597252679341,0.7754171527922153,6.780672329909928e-06,1.4227319488029215,1.4290508464370277
p107_37034_2_000003_step0025,p107_37034_2_000003,25,4,3,adaptive_edge,0.43580704051979147,True,True,0.005135032122985341,0.0060259804733497485,ok,0.16521751852935798,0.6812092800989861,1.6657204679633868e-05,3.3595098455598925e-05,0.00014748676252827688,0.004122418027700414,False,0.9267019314393513,0.7758715413510799,1.0755085334653561e-05,1.4272982238140923,1.4405310153961182
p107_37034_2_000003_step0050,p107_37034_2_000003,50,4,3,fixed_probe,0.2560727452547643,True,True,0.002541365876573642,nan,ok,0.12019413862058036,0.49557312911278384,1.3166875436306743e-05,2.5229903058695692e-05,3.728903770155683e-14,2.824962486158711e-13,True,0.9086199784542162,0.7823328971862793,6.001938927470159e-07,1.478964086605621,1.4820999466742872
p107_37034_2_000003_step0050,p107_37034_2_000003,50,4,3,adaptive_edge,0.4066506960573279,True,True,0.002541365876573642,0.003342679833177832,ok,0.15276183309989766,0.6298531734338543,1.619568197411345e-05,3.2352615167080204e-05,0.00010912747181658686,0.0035614209964018317,False,0.9085484582048483,0.7687938772141933,1.1240575901755292e-06,1.4827490305510473,1.4957196712493896
p107_37034_2_000003_step0075,p107_37034_2_000003,75,4,3,fixed_probe,0.2560727452547643,True,True,0.001979108552085517,nan,ok,0.11783207141852482,0.4858340765439016,1.3565874351314332e-05,2.6670840422964027e-05,3.7702683407773223e-14,2.7805535651737046e-13,True,0.9053075807980567,0.7741122804582119,4.3963612328490647e-07,1.489390443732678,1.4932340479852726
p107_37034_2_000003_step0075,p107_37034_2_000003,75,4,3,adaptive_edge,0.40934075556847727,True,True,0.001979108552085517,0.002654478196959526,ok,0.15032902128879985,0.6198224333694476,1.64064465420467e-05,3.33162054799918e-05,7.513162745173305e-05,0.0028864498891436607,False,0.9052573908482836,0.7670364230871201,8.149672462970365e-07,1.493133699296149,1.5044781565666199
p107_37034_2_000003_step0100,p107_37034_2_000003,100,4,3,fixed_probe,0.2560727452547643,True,True,0.0016949198172528934,nan,ok,0.11704875034399664,0.48260436101484966,1.4052677576285936e-05,2.8168076026392215e-05,3.904976503920744e-14,2.7228219678931964e-13,True,0.9029888054894591,0.7915804162621498,3.886634807704666e-07,1.4975417456625792,1.500712565356515
p107_37034_2_000003_step0100,p107_37034_2_000003,100,4,3,adaptive_edge,0.406629102923868,True,True,0.0016949198172528934,0.0022960942172803424,ok,0.1488768255115278,0.6138348767906792,1.6680780379593407e-05,3.4195385990570026e-05,5.848080360110333e-05,0.00239908386526011,False,0.9029314152316259,0.778278049081564,7.292101355891018e-07,1.5012591560122008,1.5130515098571777
p107_37034_2_000003_step0150,p107_37034_2_000003,150,4,3,fixed_probe,0.2560727452547643,True,True,0.0013660610740847433,nan,ok,0.11757857762277199,0.484788894848574,1.5119095527562084e-05,3.039208513755164e-05,4.438764029047411e-14,3.0703217746008704e-13,True,0.9044698030385993,0.7782686688005924,2.3681285764025402e-07,1.5081659047218243,1.5111156158137817
p107_37034_2_000003_step0150,p107_37034_2_000003,150,4,3,adaptive_edge,0.40384326721217445,True,True,0.0013660610740847433,0.0018414360862117445,ok,0.1491295551311548,0.6148769077071234,1.8110441877218807e-05,3.724575651873511e-05,5.8325493901491694e-05,0.00245043664556277,False,0.9044089156807126,0.7750266045331955,4.4303434923392976e-07,1.5120688643574005,1.5247719287872314
p107_37034_2_000003_step0200,p107_37034_2_000003,200,4,3,fixed_probe,0.2560727452547643,True,True,0.0011990367478817996,nan,ok,0.11850898157432613,0.48862504861532374,1.5492877460590288e-05,3.158778966573196e-05,4.1075952926122554e-14,2.5002222514558525e-13,True,0.9063871393199564,0.7845005579292774,1.616282996304247e-07,1.497130837331765,1.5000061393825683
p107_37034_2_000003_step0200,p107_37034_2_000003,200,4,3,adaptive_edge,0.4052568047506909,True,True,0.0011990367478817996,0.001637462627738757,ok,0.1505796449561719,0.6208557812223024,1.8499899199293963e-05,3.794596801415079e-05,6.582969417198779e-05,0.0025644922686670624,False,0.9063144857518222,0.7839673794806004,3.598475972717972e-07,1.50112668812882,1.5131632089614868
p107_37034_2_000010_step0000,p107_37034_2_000010,0,2,2,fixed_probe,0.23835048747396692,True,True,0.0720747634163287,nan,ok,0.4504737649438298,1.0072899604946655,0.00010887909838338516,0.00021004346411042295,7.725482713183753e-16,1.6653345369377348e-16,True,0.864793103597212,0.7780323289334774,0.003942895257541769,0.7270274670686458,0.7302647191772462
p107_37034_2_000010_step0000,p107_37034_2_000010,0,2,2,adaptive_edge,0.37242263667807324,True,True,0.0720747634163287,0.07257171700241287,ok,0.4536267743119425,1.0143403037754588,0.0001296131409534991,0.0002518874203825532,0.0005591629637599489,0.013312361461256084,False,0.8641107088211047,0.7733235135674477,0.00400976791687089,0.7279593168281336,0.7386116981506348
p107_37034_2_000010_step0010,p107_37034_2_000010,10,2,2,fixed_probe,0.23835048747396692,False,True,0.034014812591151335,nan,ok,0.24339757569723108,0.5442535248176595,0.0005711015833841508,0.000703761598897139,0.0384839591591692,0.26525947582565435,False,0.7505665316364549,0.7783059105277061,0.000980685609090503,0.9975492404427125,0.9637784957885742
p107_37034_2_000010_step0010,p107_37034_2_000010,10,2,2,adaptive_edge,0.04818070945520431,True,True,0.034014812591151335,0.03464426191826802,ok,0.21601301138347515,0.4830197774778864,0.0007094906337898748,0.0011634726463347921,1.0138508394039288e-14,5.20278264914964e-14,True,0.7566636381380438,0.772425401955843,0.0008443541542167191,0.9833182538251605,0.8606021281288001
p107_37034_2_000010_step0025,p107_37034_2_000010,25,2,2,fixed_probe,0.23835048747396692,False,True,0.03401481259115142,nan,ok,0.24339757569723108,0.5442535248176595,0.0005711015833841508,0.000703761598897139,0.0384839591591692,0.26525947582565435,False,0.7505665316364549,0.7699368819594383,0.000980685609090503,0.9975492404427125,0.9637784957885742
p107_37034_2_000010_step0025,p107_37034_2_000010,25,2,2,adaptive_edge,0.04818070945520431,True,True,0.03401481259115142,0.03464426191826804,ok,0.21601301138347515,0.4830197774778864,0.0007094906337898748,0.0011634726463347921,1.0138508394039288e-14,5.20278264914964e-14,True,0.7566636381380438,0.763917088508606,0.0008443541542167191,0.9833182538251605,0.8606021281288001
p107_37034_2_000010_step0050,p107_37034_2_000010,50,2,2,fixed_probe,0.23835048747396692,False,True,0.034014812591151244,nan,ok,0.24339757569723108,0.5442535248176595,0.0005711015833841508,0.000703761598897139,0.0384839591591692,0.26525947582565435,False,0.7505665316364549,0.7892140224575996,0.000980685609090503,0.9975492404427125,0.9637784957885742
p107_37034_2_000010_step0050,p107_37034_2_000010,50,2,2,adaptive_edge,0.04818070945520431,True,True,0.034014812591151244,0.03464426191826797,ok,0.21601301138347515,0.4830197774778864,0.0007094906337898748,0.0011634726463347921,1.0138508394039288e-14,5.20278264914964e-14,True,0.7566636381380438,0.7641358971595764,0.0008443541542167191,0.9833182538251605,0.8606021281288001
p107_37034_2_000010_step0075,p107_37034_2_000010,75,2,2,fixed_probe,0.23835048747396692,False,True,0.03401481259115139,nan,ok,0.24339757569723108,0.5442535248176595,0.0005711015833841508,0.000703761598897139,0.0384839591591692,0.26525947582565435,False,0.7505665316364549,0.7758369371294975,0.000980685609090503,0.9975492404427125,0.9637784957885742
p107_37034_2_000010_step0075,p107_37034_2_000010,75,2,2,adaptive_edge,0.04818070945520431,True,True,0.03401481259115139,0.034644261918268,ok,0.21601301138347515,0.4830197774778864,0.0007094906337898748,0.0011634726463347921,1.0138508394039288e-14,5.20278264914964e-14,True,0.7566636381380438,0.7614020332694054,0.0008443541542167191,0.9833182538251605,0.8606021281288001
p107_37034_2_000010_step0100,p107_37034_2_000010,100,2,2,fixed_probe,0.23835048747396692,False,True,0.034014812591151224,nan,ok,0.24339757569723108,0.5442535248176595,0.0005711015833841508,0.000703761598897139,0.0384839591591692,0.26525947582565435,False,0.7505665316364549,0.7776957154273987,0.000980685609090503,0.9975492404427125,0.9637784957885742
p107_37034_2_000010_step0100,p107_37034_2_000010,100,2,2,adaptive_edge,0.04818070945520431,True,True,0.034014812591151224,0.03464426191826795,ok,0.21601301138347515,0.4830197774778864,0.0007094906337898748,0.0011634726463347921,1.0138508394039288e-14,5.20278264914964e-14,True,0.7566636381380438,0.7627691328525543,0.0008443541542167191,0.9833182538251605,0.8606021281288001
p107_37034_2_000010_step0150,p107_37034_2_000010,150,2,2,fixed_probe,0.23835048747396692,False,True,0.0340148125911513,nan,ok,0.24339757569723108,0.5442535248176595,0.0005711015833841508,0.000703761598897139,0.0384839591591692,0.26525947582565435,False,0.7505665316364549,0.7695734836161137,0.000980685609090503,0.9975492404427125,0.9637784957885742
p107_37034_2_000010_step0150,p107_37034_2_000010,150,2,2,adaptive_edge,0.04818070945520431,True,True,0.0340148125911513,0.03464426191826807,ok,0.21601301138347515,0.4830197774778864,0.0007094906337898748,0.0011634726463347921,1.0138508394039288e-14,5.20278264914964e-14,True,0.7566636381380438,0.7595895975828171,0.0008443541542167191,0.9833182538251605,0.8606021281288001
p107_37034_2_000010_step0200,p107_37034_2_000010,200,2,2,fixed_probe,0.23835048747396692,False,True,0.03401481259115129,nan,ok,0.24339757569723108,0.5442535248176595,0.0005711015833841508,0.000703761598897139,0.0384839591591692,0.26525947582565435,False,0.7505665316364549,0.770970530807972,0.000980685609090503,0.9975492404427125,0.9637784957885742
p107_37034_2_000010_step0200,p107_37034_2_000010,200,2,2,adaptive_edge,0.04818070945520431,True,True,0.03401481259115129,0.03464426191826804,ok,0.21601301138347515,0.4830197774778864,0.0007094906337898748,0.0011634726463347921,1.0138508394039288e-14,5.20278264914964e-14,True,0.7566636381380438,0.7936250679194927,0.0008443541542167191,0.9833182538251605,0.8606021281288001
p107_37034_2_000013_step0000,p107_37034_2_000013,0,3,2,fixed_probe,0.24846588270629408,True,True,0.06328563332647894,nan,ok,0.3922441752405335,1.2403849926943102,1.7713089519476814e-05,3.5984168806580435e-05,7.203539867748416e-14,3.8652414602324825e-13,True,0.9203134763607074,0.7729801833629608,0.001827567529082095,1.0879661516706232,1.0884768010368346
p107_37034_2_000013_step0000,p107_37034_2_000013,0,3,2,adaptive_edge,0.38822794172858444,True,True,0.06328563332647894,0.06380377682353129,ok,0.4013697957784107,1.269242738656413,1.7813001357667905e-05,3.3672784535212774e-05,1.0558051383799045e-15,2.7755575615628914e-16,True,0.9191835395293565,0.7637681253254414,0.001822037517115303,1.0906472130582694,1.0967862010002136
p107_37034_2_000013_step0010,p107_37034_2_000013,10,3,2,fixed_probe,0.24846588270629408,True,True,0.03164628499595881,nan,ok,0.21934328492278812,0.6936243698192806,1.8813229639483716e-05,3.556816102871496e-05,2.695813174028799e-14,1.7397194795876203e-13,True,0.8830491368263542,0.7753896079957485,0.0003589515196421528,1.0707183024248301,1.0726173147173101
p107_37034_2_000013_step0010,p107_37034_2_000013,10,3,2,adaptive_edge,0.3841019424314723,True,True,0.03164628499595881,0.032315524814294616,ok,0.23242660285108643,0.7349974538248187,2.3607536826382917e-05,3.98596944771786e-05,0.00010218425387762161,0.0037601156134611236,False,0.883082528017437,0.7762417905032635,0.0003617243661753832,1.0733358402975823,1.0838038921356201
p107_37034_2_000013_step0025,p107_37034_2_000013,25,3,2,fixed_probe,0.24846588270629408,True,True,0.026250864388284362,nan,ok,0.18845201787222773,0.595937606130998,1.904901855697849e-05,3.741892212373465e-05,3.761891679561803e-14,3.2923663795259017e-13,True,0.8659914964130392,0.7753842696547508,0.0001651760942190115,1.0742352540021811,1.0736360649418542
p107_37034_2_000013_step0025,p107_37034_2_000013,25,3,2,adaptive_edge,0.3546184384574853,True,True,0.026250864388284362,0.027006307061039684,ok,0.19994613117893026,0.6322851838642274,2.40524192005968e-05,4.238177069620629e-05,1.4497183881248172e-05,0.0007586018824935481,False,0.8659336950807517,0.7692125216126442,0.00016759977534178719,1.0762386435383928,1.0844971537590027
p107_37034_2_000013_step0050,p107_37034_2_000013,50,3,2,fixed_probe,0.24846588270629408,True,True,0.011453960171245838,nan,ok,0.11264724572746658,0.3562218686434655,1.6214643257333403e-05,2.7833080937219962e-05,3.661308359568737e-14,2.7380875344817923e-13,True,0.8426928197852044,0.7678248472511768,2.7506563181925388e-05,1.1003711463696668,1.0981108227399323
p107_37034_2_000013_step0050,p107_37034_2_000013,50,3,2,adaptive_edge,0.3166967090316002,True,True,0.011453960171245838,0.01203074824066783,ok,0.12238851673013924,0.3870264723168633,1.7367645881268958e-05,2.844359766213016e-05,0.00032765867648122557,0.00845863626348653,False,0.8427971727950172,0.7707658968865871,2.776503706362559e-05,1.1013380863012812,1.1061915457248688
p107_37034_2_000013_step0075,p107_37034_2_000013,75,3,2,fixed_probe,0.24846588270629408,True,True,0.005011357189128001,nan,ok,0.09167534002591823,0.28990287975230133,1.897417490591423e-05,2.8409656215449925e-05,6.395064415144331e-14,5.316580509173718e-13,True,0.8197918176433093,0.7679206877946854,4.061163657559746e-06,1.122706294917264,1.1201537292495467
p107_37034_2_000013_step0075,p107_37034_2_000013,75,3,2,adaptive_edge,0.2788596448167414,True,True,0.005011357189128001,0.005973039988727749,ok,0.09696182547975844,0.3066202146037853,1.931016556087032e-05,2.874578988784578e-05,0.0003579201969949212,0.009364863220986008,False,0.820033882186278,0.7670610770583153,4.466217460338676e-06,1.1231699284092735,1.1251105070114136
p107_37034_2_000013_step0100,p107_37034_2_000013,100,3,2,fixed_probe,0.24846588270629408,True,True,0.0038302452504483378,nan,ok,0.08812040013423963,0.2786611727496046,1.857950916142388e-05,2.79903441166103e-05,5.3367826118241665e-14,4.1111558601869547e-13,True,0.8234001534973076,0.7665224932134151,3.3258938328197346e-06,1.1143757840668316,1.1137102159717365
p107_37034_2_000013_step0100,p107_37034_2_000013,100,3,2,adaptive_edge,0.2897256996186277,True,True,0.0038302452504483378,0.004835691804262273,ok,0.09518328478991094,0.30099597511258,1.9025132320524853e-05,2.832905991157885e-05,0.0005079288428951062,0.013184105690062398,False,0.8237441475972286,0.7803504765033722,3.873054505532202e-06,1.114969024784799,1.1145495921373367
p107_37034_2_000013_step0150,p107_37034_2_000013,150,3,2,fixed_probe,0.24846588270629408,True,True,0.0031118461283355064,nan,ok,0.08534227988045652,0.26987598513380495,1.707815999585143e-05,2.589957483820199e-05,4.0646598382540094e-14,3.078370891529403e-13,True,0.8244918614303088,0.7655940316617489,2.798332618889608e-06,1.1075142679097179,1.1042348628059306
p107_37034_2_000013_step0150,p107_37034_2_000013,150,3,2,adaptive_edge,0.2986304614057667,True,True,0.0031118461283355064,0.004083480769164597,ok,0.09377359655547973,0.296538149501036,1.7498346036950376e-05,2.642522978273878e-05,0.0004910452288791452,0.012520926838869628,False,0.8247752656718753,0.7802256308495998,3.412678603480054e-06,1.1081671119504697,1.113294780254364
p107_37034_2_000013_step0200,p107_37034_2_000013,200,3,2,fixed_probe,0.24846588270629408,True,True,0.0025372018639207815,nan,ok,0.08360483553895644,0.26438170370689335,1.7527903268341342e-05,2.7565543914666014e-05,4.4938456387690087e-14,3.2659985826910543e-13,True,0.8251211738847659,0.7681230902671814,2.1983201290528577e-06,1.1120610460873903,1.1089874940730269
p107_37034_2_000013_step0200,p107_37034_2_000013,200,3,2,adaptive_edge,0.30130118807429335,True,True,0.0025372018639207815,0.003351940862591172,ok,0.09230102103389433,0.2918814568262158,1.776068346611493e-05,2.81874593818892e-05,0.000494829821802757,0.012760329421074468,False,0.8253795012792321,0.7698399424552917,2.736971933095977e-06,1.1126827687023266,1.1173007190227509
p107_37034_2_000016_step0000,p107_37034_2_000016,0,5,4,fixed_probe,0.26617424721359967,True,True,0.03766569762833196,nan,ok,0.29938291605017003,1.5265593309761276,1.1300858162497549e-05,2.2025288383359788e-05,8.689510233751418e-16,2.220446049250313e-16,True,0.9475290043129834,0.779753178358078,0.00022099267662785727,1.4811928224254902,1.4833022903900148
p107_37034_2_000016_step0000,p107_37034_2_000016,0,5,4,adaptive_edge,0.41589726127124943,True,True,0.03766569762833196,0.038448774897538264,ok,0.33357701359242437,1.7009157015937773,1.3802772447184688e-05,2.5983294124182453e-05,1.0783518192981869e-15,2.7755575615628914e-16,True,0.9468139804306069,0.7709258235991001,0.00022991687054007705,1.4876953780656814,1.4982162714004517
p107_37034_2_000016_step0010,p107_37034_2_000016,10,5,4,fixed_probe,0.26617424721359967,True,True,0.017221184495487225,nan,ok,0.21688447207112208,1.1058981552859208,1.3748112852912217e-05,2.6033848552986536e-05,5.6703377518886607e-14,3.464450948342801e-13,True,0.9424556291273755,0.7820190005004406,4.188759635668514e-05,1.4128565095242354,1.4126356846099013
p107_37034_2_000016_step0010,p107_37034_2_000016,10,5,4,adaptive_edge,0.3903447027363567,True,True,0.017221184495487225,0.017928677817540446,ok,0.25477596361936045,1.2991076100895242,1.718454096003848e-05,3.210393820976639e-05,1.0406009560104204e-15,2.220446049250313e-16,True,0.942076117163107,0.7648751251399517,4.584218239398098e-05,1.4177490045292813,1.42774897813797
p107_37034_2_000016_step0025,p107_37034_2_000016,25,5,4,fixed_probe,0.26617424721359967,True,True,0.004847102971759096,nan,ok,0.19031138454878746,0.9704014634731275,1.4944268455031191e-05,2.891088948299967e-05,6.181692723133604e-14,3.61710661422876e-13,True,0.9338616732642995,0.7696369327604771,5.552067569126637e-06,1.426312870500649,1.4246404073058108
p107_37034_2_000016_step0025,p107_37034_2_000016,25,5,4,adaptive_edge,0.3731566253454872,True,True,0.004847102971759096,0.006341739948348879,ok,0.22673258625273807,1.1561138816700705,1.7714366018741795e-05,3.4088850535804875e-05,1.037185856783127e-15,2.220446049250313e-16,True,0.9334743097265638,0.7649554274976254,8.279051663242108e-06,1.430499177350376,1.4396397471427917
p107_37034_2_000016_step0050,p107_37034_2_000016,50,5,4,fixed_probe,0.26617424721359967,True,True,0.0030075238483862274,nan,ok,0.18006266051327952,0.9181430196266452,1.2670995757599723e-05,2.446566283762698e-05,4.148578948526953e-14,2.5807134207411764e-13,True,0.9277846759805848,0.7895671650767326,1.7194163566862522e-06,1.4002177215297145,1.4015021448362128
p107_37034_2_000016_step0050,p107_37034_2_000016,50,5,4,adaptive_edge,0.39673454627990307,True,True,0.0030075238483862274,0.0040013680357483565,ok,0.22098854728794556,1.1268249149017564,1.4629405645041728e-05,2.820176573670843e-05,6.739132729220329e-05,0.002250839774891711,False,0.9274251069811137,0.7756377346813679,2.8080352152794167e-06,1.4040527817377186,1.4093483686447144
p107_37034_2_000016_step0075,p107_37034_2_000016,75,5,4,fixed_probe,0.26617424721359967,True,True,0.0022166463643502623,nan,ok,0.17282533308981254,0.8812397458681269,8.589568664808968e-06,1.6200920024407963e-05,2.035857059670052e-14,1.1574075031717257e-13,True,0.9266360371391076,0.7782191261649132,7.439122361801734e-07,1.416439463537479,1.4192654879641604
p107_37034_2_000016_step0075,p107_37034_2_000016,75,5,4,adaptive_edge,0.42503006448480507,True,True,0.0022166463643502623,0.0030991507398102835,ok,0.21945672658162244,1.1190141312288893,9.600020820317195e-06,1.8834486771024465e-05,0.00010560678012895535,0.0035821011669471825,False,0.9263199589827121,0.7823920547962189,1.3813571837509333e-06,1.4201780537566213,1.4299194812774658
p107_37034_2_000016_step0100,p107_37034_2_000016,100,5,4,fixed_probe,0.26617424721359967,True,True,0.0018469588262802585,nan,ok,0.1685857958300262,0.8596222626518727,6.796296541731608e-06,1.3751385990387447e-05,1.617943523758526e-14,6.894484982922222e-14,True,0.927647310545694,0.7852562181651592,4.2646324728316104e-07,1.457531685278682,1.461925715319522
p107_37034_2_000016_step0100,p107_37034_2_000016,100,5,4,adaptive_edge,0.4392521533990921,True,True,0.0018469588262802585,0.0025619219381279707,ok,0.2174507035319227,1.108785380553753,7.328453912733054e-06,1.4536145704513585e-05,1.3995574363224042e-13,6.084022174945858e-13,True,0.9273668374327079,0.7757427059113979,8.031676976794612e-07,1.4614412093862355,1.4709004759788513
p107_37034_2_000016_step0150,p107_37034_2_000016,150,5,4,fixed_probe,0.26617424721359967,True,True,0.001445658065827807,nan,ok,0.16259827351859318,0.8290917695478035,6.221098845894475e-06,1.3754176534832058e-05,1.42092447584799e-14,6.505906924303417e-14,True,0.9265350248699471,0.7716305404901505,2.312768205161313e-07,1.501725946195394,1.5076208144256227
p107_37034_2_000016_step0150,p107_37034_2_000016,150,5,4,adaptive_edge,0.47030381928058074,True,True,0.001445658065827807,0.0020075126379322187,ok,0.21689932285719682,1.105973879733908,5.841517456671581e-06,1.185477578824729e-05,2.8490655353642356e-05,0.001389363487656503,False,0.9262810080104482,0.7660563699901104,5.047631341352697e-07,1.5059730246508702,1.5164839625358582
p107_37034_2_000016_step0200,p107_37034_2_000016,200,5,4,fixed_probe,0.26617424721359967,True,True,0.0011874027751064792,nan,ok,0.15716729564994839,0.8013991074176933,6.371019178852502e-06,1.4272872906901582e-05,1.1599766905630173e-14,4.4353409833775004e-14,True,0.9235822562164143,0.7703914977610111,1.3165927261556297e-07,1.5457841073800782,1.5522434358314596
p107_37034_2_000016_step0200,p107_37034_2_000016,200,5,4,adaptive_edge,0.48187413159656567,True,True,0.0011874027751064792,0.0016502136118796953,ok,0.2121511434601829,1.081762820334495,4.815961410133054e-06,9.237754504142008e-06,6.598975272223163e-06,0.0004223029305034376,False,0.9233638657618527,0.7680625803768635,2.890407476636197e-07,1.549888592242213,1.5607705116271973
p107_37034_2_000017_step0000,p107_37034_2_000017,0,4,3,fixed_probe,0.4046335759455023,True,True,0.04001892697028008,nan,ok,0.2791197047420249,1.1508400248425832,1.8054065665227355e-05,3.411274534533005e-05,9.494992742632466e-16,2.7755575615628914e-16,True,0.9274420680559847,0.7631972469389439,0.0010326228707520574,1.7212261460248164,1.7232164016952516
p107_37034_2_000017_step0000,p107_37034_2_000017,0,4,3,adaptive_edge,0.6322399624148473,True,True,0.04001892697028008,0.04244655385599375,ok,0.3052040131429041,1.2583883835505942,2.185938811260356e-05,4.153573214540245e-05,0.0005320244391978616,0.011966259421961278,False,0.9250865260419328,0.7718522995710373,0.0010800619597010287,1.7331066152096597,1.7460030913352966
p107_37034_2_000017_step0010,p107_37034_2_000017,10,4,3,fixed_probe,0.4046335759455023,True,True,0.011986816830357648,nan,ok,0.13909444169917634,0.5735010750620216,9.872358785441691e-06,1.961600261745605e-05,1.1058090010378014e-15,2.220446049250313e-16,True,0.875690062611038,0.7768598347902298,2.994502713640616e-05,1.6516391668620733,1.646784921771443
p107_37034_2_000017_step0010,p107_37034_2_000017,10,4,3,adaptive_edge,0.4971839121826622,True,True,0.011986816830357648,0.012879013063926048,ok,0.15086649148945153,0.6220384797773566,9.037267388947924e-06,1.7429389269624268e-05,1.2407417907104623e-15,3.3306690738754696e-16,True,0.8757280384294672,0.7643066085875034,3.178927725883266e-05,1.6523205101499034,1.6621199250221252
p107_37034_2_000017_step0025,p107_37034_2_000017,25,4,3,fixed_probe,0.4046335759455023,True,True,0.006904997322947864,nan,ok,0.12283552093063599,0.5064638273747811,1.283436721691573e-05,2.5702314508319946e-05,0.002029652860581712,0.030599437816028308,False,0.8315922628593484,0.7878429070115089,7.428486711115588e-06,1.7106313121153336,1.7162769436836243
p107_37034_2_000017_step0025,p107_37034_2_000017,25,4,3,adaptive_edge,0.37420428200994704,True,True,0.006904997322947864,0.007682756520764941,ok,0.11850732441436453,0.48861821596976346,1.3130063114202835e-05,2.791929653414569e-05,2.8127773595837325e-06,0.0001701438804730393,False,0.8304430691407495,0.7682774811983109,6.99392998825595e-06,1.710526485515812,1.7088877371568028
p107_37034_2_000017_step0050,p107_37034_2_000017,50,4,3,fixed_probe,0.4046335759455023,True,True,0.004567935625871662,nan,ok,0.11744191546793857,0.4842254223491713,1.0594577982471294e-05,2.1647861841915194e-05,1.1812638964080643e-15,2.7755575615628914e-16,True,0.8425007536383005,0.7689400799572468,3.226808352631151e-06,1.6798540204191117,1.6851809620857239
p107_37034_2_000017_step0050,p107_37034_2_000017,50,4,3,adaptive_edge,0.4037758826216912,True,True,0.004567935625871662,0.005366439760209418,ok,0.11731897993798462,0.4837185461740298,1.0600311734442823e-05,2.170956304709307e-05,1.1714220414838594e-15,2.7755575615628914e-16,True,0.842499159746081,0.7817057073116302,3.220667769462979e-06,1.67985086699068,1.684987434667416
p107_37034_2_000017_step0075,p107_37034_2_000017,75,4,3,fixed_probe,0.4046335759455023,True,True,0.003735845121276183,nan,ok,0.11543464925077322,0.4759492517170645,9.479700938800006e-06,1.9591190286616077e-05,1.1608200621388261e-15,2.7755575615628914e-16,True,0.8473822881127584,0.7721166200935841,2.2153156987258786e-06,1.670498539008272,1.6721253664147737
p107_37034_2_000017_step0075,p107_37034_2_000017,75,4,3,adaptive_edge,0.42158100859743064,True,True,0.003735845121276183,0.004455704715678546,ok,0.11783148674098463,0.4858316658566465,9.209339458418966e-06,1.846055246033974e-05,1.2047289231580715e-15,2.7755575615628914e-16,True,0.8474030310664378,0.7658789567649364,2.2976667653481395e-06,1.670564092427862,1.6762818694114685
p107_37034_2_000017_step0100,p107_37034_2_000017,100,4,3,fixed_probe,0.4046335759455023,True,True,0.00326166229871496,nan,ok,0.11475289737214366,0.47313831671101153,9.36259725051741e-06,1.9239063648789628e-05,1.1647463589223978e-15,2.7755575615628914e-16,True,0.844858066491931,0.7721801958978176,1.6966763934629848e-06,1.6711556715557956,1.6723022108273695
p107_37034_2_000017_step0100,p107_37034_2_000017,100,4,3,adaptive_edge,0.42560000223220873,True,True,0.00326166229871496,0.003934968682283458,ok,0.11769683746858603,0.4852764926841345,9.00701013003696e-06,1.8132805635036397e-05,1.2045524976257154e-15,2.7755575615628914e-16,True,0.8448814576416125,0.7768038846552372,1.7777222965396666e-06,1.6712421775884996,1.6756749153137207
p107_37034_2_000017_step0150,p107_37034_2_000017,150,4,3,fixed_probe,0.4046335759455023,True,True,0.0028637106309369626,nan,ok,0.11437192858130527,0.471567542146321,1.0101863175784684e-05,2.040254504381796e-05,1.1915953065799373e-15,2.7755575615628914e-16,True,0.8451619671033825,0.7771538309752941,1.6228780477535144e-06,1.6485684979462873,1.648344108621382
p107_37034_2_000017_step0150,p107_37034_2_000017,150,4,3,adaptive_edge,0.4322044499368768,True,True,0.0028637106309369626,0.0034687925424206336,ok,0.11822948290545506,0.4874726460813488,9.602800850094305e-06,1.880810658589744e-05,1.2035502850212736e-15,2.7755575615628914e-16,True,0.8451783863151116,0.7649853564798832,1.724241384309355e-06,1.648666035801188,1.6534561514854431
p107_37034_2_000017_step0200,p107_37034_2_000017,200,4,3,fixed_probe,0.4046335759455023,True,True,0.0025555146676229114,nan,ok,0.11522055600864445,0.47506652266603666,1.119521540769171e-05,2.2066998248885614e-05,1.172533205754721e-15,2.7755575615628914e-16,True,0.8448305627419883,0.7738554552197456,9.851506020326278e-07,1.6596652116041717,1.660182953281163
p107_37034_2_000017_step0200,p107_37034_2_000017,200,4,3,adaptive_edge,0.42700353696194937,True,True,0.0025555146676229114,0.0030152873683577225,ok,0.11839460371622161,0.4881534566251269,1.0829074103154617e-05,2.0984535311687475e-05,1.1989932561239777e-15,2.7755575615628914e-16,True,0.8448345557357325,0.7689727507531643,1.0410850990599582e-06,1.659779027510901,1.6646153330802917
p107_37034_2_000021_step0000,p107_37034_2_000021,0,4,2,fixed_probe,0.3573940897920994,True,True,0.030226831276930755,nan,ok,0.2225567161087845,0.9176248482071221,2.4037150021559923e-05,4.237474765003079e-05,1.3022599001315498e-14,5.745404152435185e-14,True,0.9380620099821335,0.768605150282383,0.0002516122409958015,1.8035697417967531,1.8082425645828248
p107_37034_2_000021_step0000,p107_37034_2_000021,0,4,2,adaptive_edge,0.5584282653001552,True,True,0.030226831276930755,0.032658454343924566,ok,0.25476496983572905,1.050422880340008,3.9323509901916496e-05,8.070827306570687e-05,1.5439925763736632e-15,1.3655743202889425e-14,True,0.9346833607495407,0.7746832743287086,0.00040571882336692326,1.8248087415210512,1.8302514255046844
p107_37034_2_000021_step0010,p107_37034_2_000021,10,4,2,fixed_probe,0.3573940897920994,True,True,0.014124668346845953,nan,ok,0.1506253073272593,0.6210440520014119,2.487689066305216e-05,4.882151782898848e-05,8.991404121844536e-16,2.7755575615628914e-16,True,0.9263373224835839,0.765708327293396,3.896761582326504e-05,1.6374020589793925,1.6365976018447592
p107_37034_2_000021_step0010,p107_37034_2_000021,10,4,2,adaptive_edge,0.5155612946433739,True,True,0.014124668346845953,0.015214070950230902,ok,0.17594265512197502,0.7254301511195231,2.9205020475858045e-05,5.644220911782917e-05,1.936882442799657e-13,8.772982340587987e-13,True,0.9262714876679748,0.7714115269482136,4.911277635444698e-05,1.6442307511505585,1.6570014953613281
p107_37034_2_000021_step0025,p107_37034_2_000021,25,4,2,fixed_probe,0.3573940897920994,True,True,0.00826831037573396,nan,ok,0.1308502349403016,0.53950933979575,2.121009531943144e-05,4.3189215158462996e-05,1.0103498490215752e-15,2.220446049250313e-16,True,0.905234197535058,0.7615322656929493,7.863036181013407e-06,1.5858983443632775,1.5843401742088936
p107_37034_2_000021_step0025,p107_37034_2_000021,25,4,2,adaptive_edge,0.504157250120771,True,True,0.00826831037573396,0.00913100908668353,ok,0.15404138020315702,0.6351288812935456,2.4104143579148267e-05,4.907755000309935e-05,1.1740836088767324e-15,3.3306690738754696e-16,True,0.9052625658134728,0.7641591429710388,1.072007782109741e-05,1.5900079523684902,1.6005538702011108
p107_37034_2_000021_step0050,p107_37034_2_000021,50,4,2,fixed_probe,0.3573940897920994,True,True,0.003938125302357299,nan,ok,0.12144081321747417,0.5007133001565512,1.6101540961001004e-05,3.132798231085886e-05,1.0466066334821203e-15,2.220446049250313e-16,True,0.8843339541790023,0.7749166265130043,1.960401449920614e-06,1.5543383970487534,1.551975671311884
p107_37034_2_000021_step0050,p107_37034_2_000021,50,4,2,adaptive_edge,0.478745914970314,True,True,0.003938125302357299,0.004830090410597863,ok,0.14078405278577766,0.5804675200382935,1.7271012408834842e-05,3.410729172504952e-05,1.2213497386857828e-15,3.3306690738754696e-16,True,0.8841635819260096,0.7743491306900978,2.838606178185933e-06,1.556726899282133,1.5636847615242004
p107_37034_2_000021_step0075,p107_37034_2_000021,75,4,2,fixed_probe,0.3573940897920994,True,True,0.0029003854293158556,nan,ok,0.12112405819203347,0.49940728572921406,1.373138061336519e-05,2.6535050866609477e-05,1.0637147684140673e-15,2.220446049250313e-16,True,0.8789223195748131,0.7770457193255424,1.2341548100994645e-06,1.5349040322771212,1.5322473822669207
p107_37034_2_000021_step0075,p107_37034_2_000021,75,4,2,adaptive_edge,0.466568717698486,True,True,0.0029003854293158556,0.003680757027964753,ok,0.138668251038402,0.5717438459509973,1.4061745021515881e-05,2.7229588360459544e-05,1.234598261710501e-15,3.3306690738754696e-16,True,0.8787385652353614,0.7660240046679974,1.8361956843714942e-06,1.5368175433981246,1.5428997874259949
p107_37034_2_000021_step0100,p107_37034_2_000021,100,4,2,fixed_probe,0.3573940897920994,True,True,0.0023567625608686806,nan,ok,0.12100435238278022,0.4989137260336629,1.271218855090882e-05,2.443728833001669e-05,1.542112073097465e-13,9.557910018997973e-13,True,0.8773792601417184,0.7789488323032856,8.932596864982359e-07,1.5243841206895077,1.522668321377177
p107_37034_2_000021_step0100,p107_37034_2_000021,100,4,2,adaptive_edge,0.4666944959698159,True,True,0.0023567625608686806,0.0030250822380816235,ok,0.13854156967381723,0.5712215253040168,1.2749308252090053e-05,2.4889344959661112e-05,2.7478274687607153e-05,0.0012813974802272088,False,0.8772278415918879,0.7867112904787064,1.3407123485901472e-06,1.5262220487713274,1.5307697057724
p107_37034_2_000021_step0150,p107_37034_2_000021,150,4,2,fixed_probe,0.3573940897920994,True,True,0.0018817851890886655,nan,ok,0.11961717415986894,0.493194243699043,1.1156621589936205e-05,2.1440964619607486e-05,8.6110175859938e-14,5.10702591327572e-13,True,0.8743618762662589,0.7660613358020782,8.757514284386482e-07,1.5114674553011334,1.5100727585756812
p107_37034_2_000021_step0150,p107_37034_2_000021,150,4,2,adaptive_edge,0.4739038598590221,True,True,0.0018817851890886655,0.0023774645206792915,ok,0.13800392024477265,0.5690047399185131,1.0751808619495067e-05,2.0621616818940733e-05,0.00013220039919347086,0.0045765545761251025,False,0.8742759251767848,0.7647300958633423,1.2178863529394822e-06,1.5132178527620248,1.5187868177890778
p107_37034_2_000021_step0200,p107_37034_2_000021,200,4,2,fixed_probe,0.3573940897920994,True,True,0.0014770122605423624,nan,ok,0.11639421424387225,0.479905639538257,1.2595071096915793e-05,2.3325331376813804e-05,7.615426068077622e-14,4.439781875476001e-13,True,0.8574726000315613,0.7708863206207752,3.8794520642761167e-07,1.5150049230956033,1.5120784480296705
p107_37034_2_000021_step0200,p107_37034_2_000021,200,4,2,adaptive_edge,0.4374230508663939,True,True,0.0014770122605423624,0.0018172762914986783,ok,0.12896245640689977,0.5317258295047608,1.175268840577579e-05,2.171808237442777e-05,1.6611925312983492e-13,8.658074257539283e-13,True,0.8574163832357042,0.7671007663011551,5.0458585548592e-07,1.5160614786848092,1.5209839344024658
p107_37034_2_000023_step0000,p107_37034_2_000023,0,2,5,fixed_probe,0.16433503952347472,True,True,0.048600565794446375,nan,ok,0.3154618196592983,0.7053940730639706,7.127459588854156e-05,0.00012986291874506864,4.3774921819260124e-14,3.1183389204159084e-13,True,0.8047294977148979,0.7801101244986057,0.0011519477094717543,0.9082138518264947,0.9111103167686463
p107_37034_2_000023_step0000,p107_37034_2_000023,0,2,5,adaptive_edge,0.2567734992554292,True,True,0.048600565794446375,0.04966966240570117,ok,0.31950094595578227,0.7144258340326157,6.68636304403762e-05,0.00012054634456183097,0.0011642202037114502,0.020698712885809573,False,0.8025473736384922,0.7668538689613342,0.0012415862631091235,0.9088103109030053,0.924849808216095
p107_37034_2_000023_step0010,p107_37034_2_000023,10,2,5,fixed_probe,0.16433503952347472,False,False,0.045612509912105234,nan,ok,0.307953599217671,0.6886051817664385,0.0003520897017171924,0.00023518994498777983,0.0626418855623668,0.17038488376207725,False,0.6399798237688392,0.7901833243668079,4262.169766780327,18.956577478217387,0.9039393663406372
p107_37034_2_000023_step0010,p107_37034_2_000023,10,2,5,adaptive_edge,0.02168157018798963,False,False,0.045612509912105234,0.04637485598546467,ok,0.2904543719532322,0.6494757200494355,0.00024219899463784762,0.00022592942886020685,1.6860217108783308e-15,7.489842079877462e-14,True,0.4044704766240837,0.7584886737167835,74.02441026543116,-1.6945977786584323,1.0202109444880185
p107_37034_2_000023_step0025,p107_37034_2_000023,25,2,5,fixed_probe,0.16433503952347472,False,False,0.045612509912105144,nan,ok,0.307953599217671,0.6886051817664385,0.0003520897017171924,0.00023518994498777983,0.0626418855623668,0.17038488376207725,False,0.6399798237688392,0.7728206403553486,4262.169766780327,18.956577478217387,0.9039393663406372
p107_37034_2_000023_step0025,p107_37034_2_000023,25,2,5,adaptive_edge,0.02168157018798963,False,False,0.045612509912105144,0.046374855985464654,ok,0.2904543719532322,0.6494757200494355,0.00024219899463784762,0.00022592942886020685,1.6860217108783308e-15,7.489842079877462e-14,True,0.4044704766240837,0.7713021636009216,74.02441026543116,-1.6945977786584323,1.0202109444880185
p107_37034_2_000023_step0050,p107_37034_2_000023,50,2,5,fixed_probe,0.16433503952347472,False,False,0.04561250991210498,nan,ok,0.307953599217671,0.6886051817664385,0.0003520897017171924,0.00023518994498777983,0.0626418855623668,0.17038488376207725,False,0.6399798237688392,0.7787402719259262,4262.169766780327,18.956577478217387,0.9039393663406372
p107_37034_2_000023_step0050,p107_37034_2_000023,50,2,5,adaptive_edge,0.02168157018798963,False,False,0.04561250991210498,0.04637485598546462,ok,0.2904543719532322,0.6494757200494355,0.00024219899463784762,0.00022592942886020685,1.6860217108783308e-15,7.489842079877462e-14,True,0.4044704766240837,0.7794141694903374,74.02441026543116,-1.6945977786584323,1.0202109444880185
p107_37034_2_000023_step0075,p107_37034_2_000023,75,2,5,fixed_probe,0.16433503952347472,False,False,0.04561250991210513,nan,ok,0.307953599217671,0.6886051817664385,0.0003520897017171924,0.00023518994498777983,0.0626418855623668,0.17038488376207725,False,0.6399798237688392,0.7785997577011585,4262.169766780327,18.956577478217387,0.9039393663406372
p107_37034_2_000023_step0075,p107_37034_2_000023,75,2,5,adaptive_edge,0.02168157018798963,False,False,0.04561250991210513,0.04637485598546466,ok,0.2904543719532322,0.6494757200494355,0.00024219899463784762,0.00022592942886020685,1.6860217108783308e-15,7.489842079877462e-14,True,0.4044704766240837,0.7766466215252876,74.02441026543116,-1.6945977786584323,1.0202109444880185
p107_37034_2_000023_step0100,p107_37034_2_000023,100,2,5,fixed_probe,0.16433503952347472,False,False,0.045612509912105095,nan,ok,0.307953599217671,0.6886051817664385,0.0003520897017171924,0.00023518994498777983,0.0626418855623668,0.17038488376207725,False,0.6399798237688392,0.7776345983147621,4262.169766780327,18.956577478217387,0.9039393663406372
p107_37034_2_000023_step0100,p107_37034_2_000023,100,2,5,adaptive_edge,0.02168157018798963,False,False,0.045612509912105095,0.04637485598546466,ok,0.2904543719532322,0.6494757200494355,0.00024219899463784762,0.00022592942886020685,1.6860217108783308e-15,7.489842079877462e-14,True,0.4044704766240837,0.7708310447633266,74.02441026543116,-1.6945977786584323,1.0202109444880185
p107_37034_2_000023_step0150,p107_37034_2_000023,150,2,5,fixed_probe,0.16433503952347472,False,False,0.04561250991210487,nan,ok,0.307953599217671,0.6886051817664385,0.0003520897017171924,0.00023518994498777983,0.0626418855623668,0.17038488376207725,False,0.6399798237688392,0.7713595665991306,4262.169766780327,18.956577478217387,0.9039393663406372
p107_37034_2_000023_step0150,p107_37034_2_000023,150,2,5,adaptive_edge,0.02168157018798963,False,False,0.04561250991210487,0.04637485598546462,ok,0.2904543719532322,0.6494757200494355,0.00024219899463784762,0.00022592942886020685,1.6860217108783308e-15,7.489842079877462e-14,True,0.4044704766240837,0.7610472440719604,74.02441026543116,-1.6945977786584323,1.0202109444880185
p107_37034_2_000023_step0200,p107_37034_2_000023,200,2,5,fixed_probe,0.16433503952347472,False,False,0.04561250991210519,nan,ok,0.307953599217671,0.6886051817664385,0.0003520897017171924,0.00023518994498777983,0.0626418855623668,0.17038488376207725,False,0.6399798237688392,0.7705271206796169,4262.169766780327,18.956577478217387,0.9039393663406372
p107_37034_2_000023_step0200,p107_37034_2_000023,200,2,5,adaptive_edge,0.02168157018798963,False,False,0.04561250991210519,0.04637485598546459,ok,0.2904543719532322,0.6494757200494355,0.00024219899463784762,0.00022592942886020685,1.6860217108783308e-15,7.489842079877462e-14,True,0.4044704766240837,0.7720881104469299,74.02441026543116,-1.6945977786584323,1.0202109444880185
p107_37034_2_000024_step0000,p107_37034_2_000024,0,4,5,fixed_probe,0.1731300446521129,True,True,0.02723378338030367,nan,ok,0.19295023034028003,0.795554180180232,4.4737081139490575e-05,9.216682427476018e-05,7.310222032591277e-16,1.1102230246251565e-16,True,0.8385639814502418,0.7691375724971294,0.0005493788260113048,1.367518991086828,1.3621599001426694
p107_37034_2_000024_step0000,p107_37034_2_000024,0,4,5,adaptive_edge,0.27051569476892634,True,True,0.02723378338030367,0.028476693632754114,ok,0.20927136660539777,0.8628479489314115,5.4986173924113906e-05,8.677340231638995e-05,8.437250217194685e-06,0.0005041279189336167,False,0.8188050843959203,0.7859227955341339,0.0005690710271498931,1.3644358769455096,1.3873085379600525
p107_37034_2_000024_step0010,p107_37034_2_000024,10,4,5,fixed_probe,0.1731300446521129,True,True,0.009292063629400328,nan,ok,0.10422468927556512,0.42972940268033516,3.764490366545091e-05,7.062702020608279e-05,7.690609088177114e-14,5.809241976351132e-13,True,0.8100913111932417,0.7769069783389568,1.8227608595566392e-05,1.4614191395919862,1.4625891101573736
p107_37034_2_000024_step0010,p107_37034_2_000024,10,4,5,adaptive_edge,0.28175963876995924,True,True,0.009292063629400328,0.009711854660590769,ok,0.126925892561331,0.5233288616561665,3.685589196296526e-05,6.330321671664371e-05,9.930469955486009e-16,1.6653345369377348e-16,True,0.8091678194627501,0.7772317342460155,2.2577951570214542e-05,1.4607374645082412,1.4763157367706299
p107_37034_2_000024_step0025,p107_37034_2_000024,25,4,5,fixed_probe,0.1731300446521129,True,True,0.004082427155602748,nan,ok,0.08873127205913164,0.3658484069952168,3.825933430313594e-05,7.131552234417241e-05,9.836770358867068e-14,6.831757382030901e-13,True,0.8012440367059075,0.7669560834765434,9.020637554889343e-06,1.5044430962544677,1.5001983169433326
p107_37034_2_000024_step0025,p107_37034_2_000024,25,4,5,adaptive_edge,0.2790722815891298,True,True,0.004082427155602748,0.005050604461103259,ok,0.11314441304825094,0.4665063659464517,3.675123883966935e-05,6.291777151410992e-05,5.49794835912749e-05,0.002480426094240984,False,0.8008357328625483,0.7687810026109219,1.4803970287456222e-05,1.503904248235024,1.5061035752296448
p107_37034_2_000024_step0050,p107_37034_2_000024,50,4,5,fixed_probe,0.1731300446521129,True,True,0.0026805401916494428,nan,ok,0.08675417639717482,0.3576966327490184,2.8239541419642885e-05,5.544540496689409e-05,3.090093479489992e-14,1.7286172493413687e-13,True,0.8303315860796648,0.7702092826366425,2.6305077213345585e-06,1.4741445106456452,1.4766572953906063
p107_37034_2_000024_step0050,p107_37034_2_000024,50,4,5,adaptive_edge,0.3166016589351274,True,True,0.0026805401916494428,0.0035004238473074763,ok,0.11859632768433974,0.48898518585289663,2.6891971258538206e-05,4.8274328809057454e-05,1.0051412809094252e-15,2.220446049250313e-16,True,0.8296014123023095,0.7768068946897984,5.2790549391428946e-06,1.4740665401732616,1.4825793504714966
p107_37034_2_000024_step0075,p107_37034_2_000024,75,4,5,fixed_probe,0.1731300446521129,True,True,0.0018349130713977118,nan,ok,0.08505009227310566,0.35067051391054305,2.4636229243760625e-05,4.998650812935848e-05,1.2588065248583557e-14,7.249756350802272e-14,True,0.8481330299735034,0.7627118341624737,6.090106164222942e-07,1.4799292605417738,1.478718862647699
p107_37034_2_000024_step0075,p107_37034_2_000024,75,4,5,adaptive_edge,0.37017729682596745,True,True,0.0018349130713977118,0.0024910445904189945,ok,0.12648486356556607,0.5215104525226677,2.1212865857317793e-05,3.85673339843332e-05,3.101545087620175e-05,0.0014478455115427558,False,0.8475641337956673,0.7791383415460587,1.6864718529294944e-06,1.4805962834037814,1.4865487813949585
p107_37034_2_000024_step0100,p107_37034_2_000024,100,4,5,fixed_probe,0.1731300446521129,True,True,0.001428300802836814,nan,ok,0.08460922482180062,0.3488527708419155,2.2962659751649635e-05,4.6725346072533685e-05,7.411964850538845e-15,5.292988269900434e-14,True,0.8520093804370485,0.7704732827842236,3.448998330408615e-07,1.4875282724045735,1.4850599343767612
p107_37034_2_000024_step0100,p107_37034_2_000024,100,4,5,adaptive_edge,0.3817321466560105,True,True,0.001428300802836814,0.0018445931658109228,ok,0.12772172230592,0.5266101517531154,1.7776491814981272e-05,3.352555932662079e-05,5.261114910653369e-07,3.367113542879219e-05,False,0.8515851592550194,0.7705446034669876,8.362562520540642e-07,1.4888239073465397,1.4927553534507751
p107_37034_2_000024_step0150,p107_37034_2_000024,150,4,5,fixed_probe,0.1731300446521129,True,True,0.0009477561072436671,nan,ok,0.0832406554369069,0.3432100147120121,2.349636399241672e-05,4.854538659241198e-05,8.129458628124856e-15,6.827871601444713e-14,True,0.8527628966144896,0.765192311257124,9.915322741846025e-08,1.5011510413898033,1.4991587757849885
p107_37034_2_000024_step0150,p107_37034_2_000024,150,4,5,adaptive_edge,0.38978619103661427,True,True,0.0009477561072436671,0.001263555267681474,ok,0.12723494018776715,0.5246030976633093,1.8701288901858866e-05,3.285516020836099e-05,1.0224637169662481e-05,0.0005312689686307048,False,0.8522668076649714,0.7668306082487106,3.067416873024788e-07,1.5027279533917033,1.5092869997024536
p107_37034_2_000024_step0200,p107_37034_2_000024,200,4,5,fixed_probe,0.1731300446521129,True,True,0.000716308447319719,nan,ok,0.08320395055881626,0.343058676622669,2.3579670395188665e-05,4.899983315532973e-05,6.8592886874365165e-15,5.970224314921779e-14,True,0.8474571529274986,0.7759091407060623,6.808998662412394e-08,1.4723016066233352,1.4708070171097223
p107_37034_2_000024_step0200,p107_37034_2_000024,200,4,5,adaptive_edge,0.3812211785547027,True,True,0.000716308447319719,0.0009517022095711245,ok,0.12556157427352113,0.5177036332485647,1.8703935465634063e-05,3.2430018925999364e-05,1.0749516747879877e-15,2.220446049250313e-16,True,0.8470420818251471,0.7685955949127674,2.1027309371891335e-07,1.473634481988877,1.4797133803367615
p107_37034_2_000025_step0000,p107_37034_2_000025,0,3,4,fixed_probe,0.11247707830196267,True,True,0.016337765977207003,nan,ok,0.11617242934444959,0.36736947804344244,0.00013987239341372212,0.0002680724414683577,5.899232393965754e-16,6.938893903907228e-17,True,0.7695495096868153,0.7675729617476463,4.547256424555324e-05,1.2189971741229337,1.2108645021972657
p107_37034_2_000025_step0000,p107_37034_2_000025,0,3,4,adaptive_edge,0.17574543484681665,True,True,0.016337765977207003,0.016628001836466125,ok,0.12682627926754497,0.4010599096500336,0.00015306025002261085,0.0002866671630319046,6.976241736645286e-16,1.3877787807814457e-16,True,0.7644763662127949,0.7713298723101616,4.952239787119755e-05,1.2205209723833181,1.2180221267044544
p107_37034_2_000025_step0010,p107_37034_2_000025,10,3,4,fixed_probe,0.11247707830196267,True,True,0.0048178271002921975,nan,ok,0.06409743313275487,0.20269388086984724,0.00012954669455426542,0.0002428289892726583,6.018099897659847e-16,6.938893903907228e-17,True,0.7662109000886436,0.7710692472755909,7.216695012031638e-06,1.2408214692798691,1.231756006036875
p107_37034_2_000025_step0010,p107_37034_2_000025,10,3,4,adaptive_edge,0.17574509515859152,True,True,0.0048178271002921975,0.005903419658047878,ok,0.08118666000482948,0.2567347612369579,0.00014305629806525428,0.0002606102572066698,7.040759155520167e-16,2.498001805406602e-16,True,0.7607726517985127,0.7765900082886219,1.2074221893326033e-05,1.2422408381639836,1.2394048869609833
p107_37034_2_000025_step0025,p107_37034_2_000025,25,3,4,fixed_probe,0.11247707830196267,True,True,0.0031017821911432995,nan,ok,0.05892574793822305,0.1863395763137557,9.2900896038201e-05,0.00017597148392450778,6.037234912575361e-16,6.938893903907228e-17,True,0.7863884880579123,0.7799611575901508,2.457551562115841e-06,1.1853275526654528,1.1754989585816642
p107_37034_2_000025_step0025,p107_37034_2_000025,25,3,4,adaptive_edge,0.19811842442338082,True,True,0.0031017821911432995,0.004009958191555318,ok,0.0804785047310068,0.25449537763461805,0.00010076512917555526,0.00018694254834118135,7.399303563750549e-16,1.3877787807814457e-16,True,0.7831281455360585,0.762943122535944,4.665365613011371e-06,1.186575758792788,1.1841533482074738
p107_37034_2_000025_step0050,p107_37034_2_000025,50,3,4,fixed_probe,0.11247707830196267,True,True,0.002363406586160554,nan,ok,0.05747179178670088,0.18174176325693275,7.364688239030269e-05,0.0001407983035575853,5.978115778349323e-16,6.938893903907228e-17,True,0.8049941637738782,0.772334236651659,9.21879250344617e-07,1.135629532431015,1.1212190426187905
p107_37034_2_000025_step0050,p107_37034_2_000025,50,3,4,adaptive_edge,0.23567892424394069,True,True,0.002363406586160554,0.003095524241798368,ok,0.0863902927132129,0.27319009270240036,7.842533389734961e-05,0.00014790021327645728,5.7005382841338486e-05,0.0018319299353069252,False,0.8020978241394164,0.7710690312087536,1.9226073038621478e-06,1.136967667370506,1.13064531609416
p107_37034_2_000025_step0075,p107_37034_2_000025,75,3,4,fixed_probe,0.11247707830196267,True,True,0.0018392380824274017,nan,ok,0.054848859130172595,0.17344732191306725,6.278086436239998e-05,0.00012113087665649791,7.499355844326557e-14,7.040062977026196e-13,True,0.8025942759770701,0.7727328240871429,5.447835594606611e-07,1.1293180501603617,1.1149407132566582
p107_37034_2_000025_step0075,p107_37034_2_000025,75,3,4,adaptive_edge,0.2535120593298281,True,True,0.0018392380824274017,0.0024628343344982153,ok,0.08571829325933389,0.27106504384175334,6.572391714794035e-05,0.00012194274711426373,0.00018115433036026044,0.005464640942987431,False,0.7997885847430565,0.7771391682326794,1.3388084764434574e-06,1.1305914790120668,1.1315877139568329
p107_37034_2_000025_step0100,p107_37034_2_000025,100,3,4,fixed_probe,0.11247707830196267,True,True,0.0014884331383171545,nan,ok,0.05400828379573348,0.1707891893112819,5.777637493868088e-05,0.00011054058645786302,5.5859326430596535e-14,5.203337760661952e-13,True,0.7985337323330112,0.7729978524148464,4.824123941816927e-07,1.1275140999710278,1.112260807807203
p107_37034_2_000025_step0100,p107_37034_2_000025,100,3,4,adaptive_edge,0.255895483028871,True,True,0.0014884331383171545,0.001996568930551946,ok,0.08446175177288205,0.2670915107700719,5.8752166623009894e-05,0.00010681590642348847,0.0001808100984805588,0.005411866015462785,False,0.7959402332686178,0.7666488848626614,1.1926655461514846e-06,1.1286688245024583,1.1289637088775635
p107_37034_2_000025_step0150,p107_37034_2_000025,150,3,4,fixed_probe,0.11247707830196267,True,True,0.0013240213790886174,nan,ok,0.055061300412030216,0.17411912023278314,6.286094186809706e-05,0.00012084894810195998,5.365581170511451e-14,4.826417043801712e-13,True,0.8070741731042226,0.7703676596283913,4.4191816969739447e-07,1.1283588814721868,1.113768845041811
p107_37034_2_000025_step0150,p107_37034_2_000025,150,3,4,adaptive_edge,0.2543019150873286,True,True,0.0013240213790886174,0.001691214147703198,ok,0.08590158438952336,0.27164466128805853,6.374380485187033e-05,0.00012052623101048788,0.00010128055553933818,0.002935900994202434,False,0.8043818980809648,0.7658595442771912,9.630771670487108e-07,1.1296636044272335,1.1279056519269943
p107_37034_2_000025_step0200,p107_37034_2_000025,200,3,4,fixed_probe,0.11247707830196267,True,True,0.0011267669627623208,nan,ok,0.05575368520587058,0.17630863319858484,5.9266589279850236e-05,0.00011670300198190112,3.727010989269544e-14,3.195638198505435e-13,True,0.817321823781679,0.7675401158630848,3.0526538038177596e-07,1.1285850138388873,1.1160225737911342
p107_37034_2_000025_step0200,p107_37034_2_000025,200,3,4,adaptive_edge,0.25945459362725987,True,True,0.0011267669627623208,0.001497047402600958,ok,0.08804378146136285,0.27841888323201464,6.396338323152991e-05,0.00012122607826622942,2.3863873444142078e-05,0.0010351260849570387,False,0.8145546197573071,0.7856589108705521,7.675388270029972e-07,1.1301824767528899,1.130045399069786
p107_37034_2_000026_step0000,p107_37034_2_000026,0,7,5,fixed_probe,0.3176308375112024,True,True,0.051057333037087274,nan,ok,0.3569995634265321,2.5243681217953786,9.704131305301525e-05,0.0001962148750464449,5.1314846038517695e-14,2.4069635173873394e-13,True,0.8277424048816979,0.7705720923841,0.0011089322127999705,2.8265004538941043,2.828399369018555
p107_37034_2_000026_step0000,p107_37034_2_000026,0,7,5,adaptive_edge,0.49629818361125366,True,True,0.051057333037087274,0.05449737967367876,ok,0.39688241478946096,2.8063824683132,0.00012893880880069083,0.0002536843579055636,0.0008487673576434239,0.015962617207112062,False,0.8256461135906668,0.7702873535454273,0.0012588132203290036,2.82751240651631,2.815858293324709
p107_37034_2_000026_step0010,p107_37034_2_000026,10,7,5,fixed_probe,0.3176308375112024,True,True,0.021070815750932465,nan,ok,0.2012801316379445,1.423265459993115,8.500513667286286e-05,0.000168774377646651,3.2539772002696544e-14,1.5237811012980274e-13,True,0.8201991108261308,0.7813103944063187,0.00023105978744283588,2.92562620172248,2.926279298046548
p107_37034_2_000026_step0010,p107_37034_2_000026,10,7,5,adaptive_edge,0.4967808522664267,True,True,0.021070815750932465,0.026949262143618438,ok,0.25719117985548373,1.8186162733718156,0.00010327444880778425,0.0002074310782872825,0.00034783529958299936,0.007636944959312941,False,0.818208252356629,0.7724974043667316,0.00038427872558137157,2.927178221601553,2.924640528857708
p107_37034_2_000026_step0025,p107_37034_2_000026,25,7,5,fixed_probe,0.3176308375112024,True,True,0.00912962467674462,nan,ok,0.17310220213081162,1.2240174096502134,7.992761831716813e-05,0.00015157185148896669,8.40513803102467e-16,2.220446049250313e-16,True,0.8079077128386802,0.7754270136356354,1.802738708439816e-05,3.024810167208071,3.024046724736461
p107_37034_2_000026_step0025,p107_37034_2_000026,25,7,5,adaptive_edge,0.37792431228585543,True,True,0.00912962467674462,0.011282249412649617,ok,0.18970103075815592,1.3413888524716988,7.174053291740149e-05,0.0001346042658720085,4.04316517243305e-05,0.0017724459936518389,False,0.8070106632747106,0.7714247405529022,2.187578687900038e-05,3.0244840697224578,3.0290579795837402
p107_37034_2_000026_step0050,p107_37034_2_000026,50,7,5,fixed_probe,0.3176308375112024,True,True,0.0056648883826977275,nan,ok,0.1718141998290062,1.2149098580323083,4.3104335064735796e-05,8.979780819712177e-05,8.751834667455312e-16,2.220446049250313e-16,True,0.8303218441565975,0.7774186357855797,1.4333033253613369e-05,2.9606584209273414,2.9594416574323636
p107_37034_2_000026_step0050,p107_37034_2_000026,50,7,5,adaptive_edge,0.4080194759871498,True,True,0.0056648883826977275,0.007550368455450989,ok,0.1961914685870725,1.387283178488665,4.015186263285702e-05,7.818215137873549e-05,0.00010515886842272454,0.00422674421981345,False,0.8294073192417827,0.7798861227929592,1.8760166495856578e-05,2.960280488516183,2.9669439792633057
p107_37034_2_000026_step0075,p107_37034_2_000026,75,7,5,fixed_probe,0.3176308375112024,True,True,0.0046685455052304795,nan,ok,0.16520217785795113,1.1681558023014336,3.489067696370011e-05,7.341650786739583e-05,8.932234192801724e-16,2.220446049250313e-16,True,0.8249670144709604,0.7660639509558678,1.3786243371830889e-05,2.970199366884622,2.968755226837805
p107_37034_2_000026_step0075,p107_37034_2_000026,75,7,5,adaptive_edge,0.40406218596757265,True,True,0.0046685455052304795,0.006134483157006702,ok,0.1871472468723674,1.3233308734384388,3.012567602593954e-05,5.840192291771308e-05,2.811190589716961e-05,0.001495948782873624,False,0.8241456147105488,0.7705357298254967,1.7218603117498093e-05,2.9699952489217436,2.975849986076355
p107_37034_2_000026_step0100,p107_37034_2_000026,100,7,5,fixed_probe,0.3176308375112024,True,True,0.0035478820710751788,nan,ok,0.15929727176620434,1.1264018109039946,3.65761496116185e-05,7.837272381955841e-05,9.121602614283163e-16,2.7755575615628914e-16,True,0.8143244040014264,0.7832903079688549,8.271243014919166e-06,3.0186618594362815,3.0175914829103903
p107_37034_2_000026_step0100,p107_37034_2_000026,100,7,5,adaptive_edge,0.3794092817222857,True,True,0.0035478820710751788,0.0047903969170868975,ok,0.17481073048423984,1.2360985294957991,3.332283921163739e-05,6.798849096120865e-05,1.0003351023880396e-15,2.220446049250313e-16,True,0.8136122463151767,0.7664813511073589,1.0013478582089374e-05,3.0185282880258124,3.022167682647705
p107_37034_2_000026_step0150,p107_37034_2_000026,150,7,5,fixed_probe,0.3176308375112024,True,True,0.0026449829916722995,nan,ok,0.15369600706532496,1.0867948883718679,3.4838695004101905e-05,6.985052541442095e-05,9.27507830932033e-16,2.220446049250313e-16,True,0.8179352384739359,0.7630378901958466,4.350869082906499e-06,3.0550638234246574,3.0538930678805354
p107_37034_2_000026_step0150,p107_37034_2_000026,150,7,5,adaptive_edge,0.39261563862947735,True,True,0.0026449829916722995,0.0035890355166530385,ok,0.1715084259996265,1.2127477105496707,3.1843059644217604e-05,5.900415774493087e-05,1.0189902135899409e-15,2.220446049250313e-16,True,0.8171814761704342,0.7772617526352406,5.43595037201136e-06,3.0549534665583784,3.0592235326766968
p107_37034_2_000026_step0200,p107_37034_2_000026,200,7,5,fixed_probe,0.3176308375112024,True,True,0.002370230166933051,nan,ok,0.15501721676541244,1.096137251754881,2.8832311178266448e-05,5.876244839001505e-05,9.35618406905208e-16,1.6653345369377348e-16,True,0.8268299019883947,0.7721965461969376,3.615867722481781e-06,3.014806545449733,3.013532594824238
p107_37034_2_000026_step0200,p107_37034_2_000026,200,7,5,adaptive_edge,0.40356805928424866,True,True,0.002370230166933051,0.0031320426235335293,ok,0.17534582558749004,1.2398822232566784,2.46304899656873e-05,4.553007933442642e-05,1.0375542660302775e-15,2.7755575615628914e-16,True,0.8261129886287545,0.7662291303277016,4.599358504942385e-06,3.0148716314647266,3.0205893516540527
p107_37034_2_000028_step0000,p107_37034_2_000028,0,5,3,fixed_probe,0.2014900000636182,True,True,0.01987400643554969,nan,ok,0.1774081213582299,0.9046074726754512,3.049282038031125e-05,5.46554980874784e-05,7.596063423589695e-15,8.712475185745916e-14,True,0.8561726982892929,0.7822470739483833,4.020766179668717e-05,1.3744509669478102,1.3757241901779174
p107_37034_2_000028_step0000,p107_37034_2_000028,0,5,3,adaptive_edge,0.3148281250994034,True,True,0.01987400643554969,0.022258453936109302,ok,0.20904519759564547,1.0659255417630555,3.083568081368425e-05,5.182319953092275e-05,4.399787785375345e-14,2.5596191832732984e-13,True,0.8555149768532083,0.7629723027348518,5.4567982283294066e-05,1.3766897035077503,1.3826227188110352
p107_37034_2_000028_step0010,p107_37034_2_000028,10,5,3,fixed_probe,0.2014900000636182,True,True,0.014452610919040872,nan,ok,0.16045300222633888,0.8181529893666485,2.326279721638794e-05,4.277058649726659e-05,9.658590609869219e-15,6.666889262874065e-14,True,0.8698865560240353,0.7716033980250359,2.9431744752461138e-05,1.3066689273088732,1.3085705934317162
p107_37034_2_000028_step0010,p107_37034_2_000028,10,5,3,adaptive_edge,0.3171367556029136,True,True,0.014452610919040872,0.01729645330608285,ok,0.19738731658341008,1.0064817789945246,2.5888557219482246e-05,4.477836064118711e-05,5.0630188555809406e-14,3.723688024592775e-13,True,0.869268485052101,0.7658535167574883,4.5362201431424035e-05,1.3089715785821616,1.3155517578125
p107_37034_2_000028_step0025,p107_37034_2_000028,25,5,3,fixed_probe,0.2014900000636182,True,True,0.01105362707253676,nan,ok,0.15222671780045624,0.7762070045547084,2.0139733453511486e-05,3.748366590226608e-05,1.421811563837365e-14,8.487655023259322e-14,True,0.8788106248338815,0.7681239917874336,2.448716873814663e-05,1.289724801295398,1.2918378480451684
p107_37034_2_000028_step0025,p107_37034_2_000028,25,5,3,adaptive_edge,0.31757364219235446,True,True,0.01105362707253676,0.014081705994955134,ok,0.19101279397254295,0.9739779638118747,2.5687014707177208e-05,4.424640348284961e-05,9.334369661900234e-14,7.284728376077965e-13,True,0.8781051240245368,0.763103224337101,3.961733162733704e-05,1.2919885395775044,1.2994928359985352
p107_37034_2_000028_step0050,p107_37034_2_000028,50,5,3,fixed_probe,0.2014900000636182,True,True,0.008943547967023962,nan,ok,0.14615220420228753,0.7452329411820615,1.3492192843055337e-05,2.427138642299538e-05,1.990992617525835e-14,1.7197354651443675e-13,True,0.8966976935510554,0.7766821309924126,1.4146145305143304e-05,1.2927209050012578,1.2986954869683154
p107_37034_2_000028_step0050,p107_37034_2_000028,50,5,3,adaptive_edge,0.37441545453302805,True,True,0.008943547967023962,0.011460739206895474,ok,0.19920006719140962,1.0157250297179916,1.6487664029314627e-05,2.69852071788198e-05,1.0260592414851737e-15,2.220446049250313e-16,True,0.895680652114893,0.7650058157742023,2.7524605922280425e-05,1.2952751934782833,1.3047970533370972
p107_37034_2_000028_step0075,p107_37034_2_000028,75,5,3,fixed_probe,0.2014900000636182,True,True,0.00595107550426474,nan,ok,0.14124045252258768,0.7201878235213498,1.126838751623877e-05,2.14421282120368e-05,9.172408982346237e-15,6.314393452555578e-14,True,0.9024054575372684,0.76451750472188,6.893620557247229e-06,1.3028526457825174,1.3091406799008216
p107_37034_2_000028_step0075,p107_37034_2_000028,75,5,3,adaptive_edge,0.3893331576765018,True,True,0.00595107550426474,0.007758704882107307,ok,0.1968971980094292,1.0039826548218218,1.1293281350905478e-05,2.032088591330844e-05,2.909190882976369e-05,0.0013452280212491452,False,0.9017182270321273,0.7732477746903896,1.4261313589831517e-05,1.3046181224883957,1.3136653900146484
p107_37034_2_000028_step0100,p107_37034_2_000028,100,5,3,fixed_probe,0.2014900000636182,True,True,0.004108532894514845,nan,ok,0.13976171255199896,0.7126476995557882,1.0683272246841108e-05,2.1229020425076757e-05,7.398237295807563e-15,7.4495964952348e-14,True,0.8993950437301863,0.7768334373831749,3.3898420444757667e-06,1.3210072325270286,1.3263586998114982
p107_37034_2_000028_step0100,p107_37034_2_000028,100,5,3,adaptive_edge,0.37916772450764413,True,True,0.004108532894514845,0.00542112330938112,ok,0.19238831501282924,0.980991772437652,9.512749545182452e-06,1.7930230801416217e-05,1.3269601911807136e-05,0.0007337221118507431,False,0.898957071327206,0.7777257561683655,6.81700866148346e-06,1.3219947756601107,1.329714059829712
p107_37034_2_000028_step0150,p107_37034_2_000028,150,5,3,fixed_probe,0.2014900000636182,True,True,0.0021768427751520675,nan,ok,0.13887847970480682,0.7081440780329095,1.0615623254628782e-05,2.228174864379577e-05,1.460317994029211e-14,1.8121615319444118e-13,True,0.8867342321749273,0.7745371498167515,7.268683608080044e-07,1.3807155183866349,1.3841302089417407
p107_37034_2_000028_step0150,p107_37034_2_000028,150,5,3,adaptive_edge,0.3463660491879036,True,True,0.0021768427751520675,0.00283400858119123,ok,0.18260562096481361,0.9311096245913122,8.303481667743427e-06,1.591531633905233e-05,1.076040806080752e-15,2.220446049250313e-16,True,0.8863706928829815,0.7671682834625244,1.3460000733551144e-06,1.3807896578469752,1.3888249397277832
p107_37034_2_000028_step0200,p107_37034_2_000028,200,5,3,fixed_probe,0.2014900000636182,True,True,0.001485532151691407,nan,ok,0.13897823918771307,0.7086527535829145,9.978333436474825e-06,2.1749819532068328e-05,1.3409087604451971e-14,1.6228685062458226e-13,True,0.8860823223806438,0.7639509625732899,4.2911999995167753e-07,1.3933441912092015,1.3972752195682918
p107_37034_2_000028_step0200,p107_37034_2_000028,200,5,3,adaptive_edge,0.34210846136945117,True,True,0.001485532151691407,0.001915769326911629,ok,0.18153850800439114,0.9256683947829103,7.111047821867353e-06,1.291268319142655e-05,1.0447263218215853e-15,2.220446049250313e-16,True,0.8857733681940859,0.763529721647501,7.681343051732183e-07,1.3931694740249274,1.4006972908973694
p107_37034_2_000036_step0000,p107_37034_2_000036,0,4,3,fixed_probe,0.2454165505248989,True,True,0.03126751634425742,nan,ok,0.2343139631020407,0.966101219426793,6.338205984366682e-06,1.4236873184766833e-05,1.0317742459538895e-14,6.100675520315235e-14,True,0.9000162176319613,0.7646450027823448,0.0007709627364854061,1.2336302391242766,1.235168751876831
p107_37034_2_000036_step0000,p107_37034_2_000036,0,4,3,adaptive_edge,0.3834633601951545,True,True,0.03126751634425742,0.031370037808960693,ok,0.252872824809383,1.042621366537396,3.5972902093629623e-06,6.641935392511448e-06,0.00011180079416706866,0.003863072034561099,False,0.899802546836103,0.7824902310967445,0.000770325580161737,1.2366441615172348,1.2402930855751038
p107_37034_2_000036_step0010,p107_37034_2_000036,10,4,3,fixed_probe,0.2454165505248989,True,True,0.004159581683137593,nan,ok,0.11892409289184179,0.49033659642383015,9.220370384773976e-06,2.0667748552995187e-05,8.363113256064523e-14,6.185330025942903e-13,True,0.8806841205754428,0.7625655047595501,6.944229792041222e-06,1.2488902125376702,1.2496767330757816
p107_37034_2_000036_step0010,p107_37034_2_000036,10,4,3,adaptive_edge,0.3564422133466231,True,True,0.004159581683137593,0.005084418318153956,ok,0.14329643776034198,0.590826348660637,6.559590642769542e-06,1.308271341562254e-05,1.4236411567122187e-05,0.0006775582227487864,False,0.8794972785644251,0.7653080970048904,9.283094338304029e-06,1.250565129473478,1.2499962151050568
p107_37034_2_000036_step0025,p107_37034_2_000036,25,4,3,fixed_probe,0.2454165505248989,True,True,0.0030888781688405767,nan,ok,0.12039672008595145,0.49640839389230124,7.31983137910161e-06,1.62905231080337e-05,1.7904703027495507e-14,9.758860386455126e-14,True,0.8959530087136219,0.7668998949229717,2.203607559725796e-06,1.204132643914073,1.2053181655972993
p107_37034_2_000036_step0025,p107_37034_2_000036,25,4,3,adaptive_edge,0.38837820553443997,True,True,0.0030888781688405767,0.0040727392621368865,ok,0.151849919459512,0.6260932571731026,4.021868949562826e-06,7.943151379566666e-06,7.957052611630907e-05,0.003059643503398546,False,0.8954650267302984,0.7713575437664986,3.7294720203184304e-06,1.2063385809536284,1.210167795419693
p107_37034_2_000036_step0050,p107_37034_2_000036,50,4,3,fixed_probe,0.2454165505248989,True,True,0.0026530185280548807,nan,ok,0.1183808124480187,0.48809659376961506,7.390729533272044e-06,1.6477008159513848e-05,9.955799022815362e-15,4.876654635666e-14,True,0.8906613981981272,0.7670028507709503,1.628423422128399e-06,1.2245547946055197,1.2255476101713645
p107_37034_2_000036_step0050,p107_37034_2_000036,50,4,3,adaptive_edge,0.38933411904201953,True,True,0.0026530185280548807,0.0034717118808982182,ok,0.1494709839593157,0.6162846548292616,4.0163960730581774e-06,8.077451480444214e-06,7.951990030211176e-05,0.0027594939606202518,False,0.8902514257028521,0.7789348997175694,2.6397757599826e-06,1.2265388753895459,1.2296890616416931
p107_37034_2_000036_step0075,p107_37034_2_000036,75,4,3,fixed_probe,0.2454165505248989,True,True,0.001992718268353686,nan,ok,0.11636085359388862,0.47976809005463517,7.2311069736743e-06,1.6050746509340835e-05,3.8950218591476464e-15,2.225997164373439e-14,True,0.886628785317772,0.7658564448356628,8.504444074666303e-07,1.244694667205784,1.2456300109154093
p107_37034_2_000036_step0075,p107_37034_2_000036,75,4,3,adaptive_edge,0.3928504992162539,True,True,0.001992718268353686,0.002581639844497874,ok,0.14752589887980627,0.6082648635956315,3.8162635823296724e-06,7.440837145806709e-06,1.8070081617203547e-05,0.0010277848376608056,False,0.8863706674169598,0.7846515662968159,1.4044413257487735e-06,1.2465913799083066,1.2486793994903564
p107_37034_2_000036_step0100,p107_37034_2_000036,100,4,3,fixed_probe,0.2454165505248989,True,True,0.0032666680347405224,nan,ok,0.11572249687209803,0.47713607786386947,7.533648702107052e-06,1.7193578910629588e-05,3.5813799157078755e-15,2.3203661214665772e-14,True,0.886618875393492,0.7830331660807133,5.7534628225458315e-06,1.2513881881626074,1.2524278954900336
p107_37034_2_000036_step0100,p107_37034_2_000036,100,4,3,adaptive_edge,0.40289745513875763,True,True,0.0032666680347405224,0.0035685381964890316,ok,0.14792594780376223,0.6099143075645165,3.796202992282404e-06,7.522123807888463e-06,3.534650488491902e-14,1.9134693829414573e-13,True,0.8863628468103716,0.7871104218065739,6.173108833892914e-06,1.253223886657854,1.255761295557022
p107_37034_2_000036_step0150,p107_37034_2_000036,150,4,3,fixed_probe,0.2454165505248989,True,True,0.00159221905689123,nan,ok,0.11259220374519159,0.4642295486624893,7.983350150325797e-06,1.824125514881226e-05,3.220997739194207e-15,2.4619195571062846e-14,True,0.8797232372069047,0.7685427851974964,6.268502780609968e-07,1.2880454993286734,1.2893877515155825
p107_37034_2_000036_step0150,p107_37034_2_000036,150,4,3,adaptive_edge,0.3961710982443279,True,True,0.00159221905689123,0.0019414929038417319,ok,0.14330101684484114,0.5908452287096956,5.383116645105628e-06,1.0080254693878458e-05,2.5755006522780124e-14,1.4893641875346475e-13,True,0.8795097519348871,0.7843341492116451,9.486793930408921e-07,1.2897155514070924,1.2927182912826538
p107_37034_2_000036_step0200,p107_37034_2_000036,200,4,3,fixed_probe,0.2454165505248989,True,True,0.0015247859799996245,nan,ok,0.11364752846498151,0.4685807639515085,7.548235239970737e-06,1.6932505601054645e-05,3.289149875645608e-15,2.2287727219350018e-14,True,0.8852807527660459,0.7741735577583313,7.573556259082743e-07,1.2944206625036543,1.2960806106564744
p107_37034_2_000036_step0200,p107_37034_2_000036,200,4,3,adaptive_edge,0.3993117591032944,True,True,0.0015247859799996245,0.0017907697810467288,ok,0.1451859466531082,0.5986169934060559,5.131561587443493e-06,9.5927534329912e-06,2.909369883468172e-14,1.514899317101026e-13,True,0.8850589830846202,0.7661396637558937,9.494354494102661e-07,1.2963391086435319,1.3001188039779663
p107_37034_2_000043_step0000,p107_37034_2_000043,0,5,2,fixed_probe,0.4870651331594272,True,True,0.041964593037714305,nan,ok,0.30049075410225157,1.5322082188215917,1.2376216944108697e-05,2.3573671982496333e-05,1.643809824007324e-14,2.1227464230832993e-13,True,0.9265874638103978,0.7638089470565319,0.0004513457157701213,1.0235286600809819,1.0233687981458306
p107_37034_2_000043_step0000,p107_37034_2_000043,0,5,2,adaptive_edge,0.7610392705616048,True,True,0.041964593037714305,0.045314971544118336,ok,0.3327377229599541,1.6966361422812355,1.2682115086339826e-05,2.402235629632235e-05,4.021320157861923e-05,0.0018867833141954504,False,0.9252021710233554,0.7656484059989452,0.0006303977508591393,1.0257379130929134,1.025464881269727
p107_37034_2_000043_step0010,p107_37034_2_000043,10,5,2,fixed_probe,0.4870651331594272,True,True,0.0265727755069096,nan,ok,0.23125420121260115,1.1791696845833655,1.2799780587598778e-05,2.4912237909072327e-05,7.573317834621036e-14,7.078226893497686e-13,True,0.8823204280256083,0.778884831815958,0.000296355876096052,1.3332045935863754,1.334776779356251
p107_37034_2_000043_step0010,p107_37034_2_000043,10,5,2,adaptive_edge,0.5071956013616348,True,True,0.0265727755069096,0.028998085511573842,ok,0.23422194081857206,1.1943022467454731,1.3034916101348642e-05,2.5357525169584037e-05,0.00022908824456904924,0.009243297830784925,False,0.8822443171185449,0.7746080756187439,0.00030586234873401053,1.3334303138489147,1.3383241295814514
p107_37034_2_000043_step0025,p107_37034_2_000043,25,5,2,fixed_probe,0.4870651331594272,True,True,0.01803103318587926,nan,ok,0.19418774238941086,0.9901670877441348,2.3860761312661342e-05,4.356564877949093e-05,0.007124680670591951,0.08563517914547064,False,0.8584593151731861,0.7747534923255444,0.00023217803311360426,1.4181979245448213,1.3970748782157898
p107_37034_2_000043_step0025,p107_37034_2_000043,25,5,2,adaptive_edge,0.4115495183823903,True,True,0.01803103318587926,0.020992064772655028,ok,0.18123613367886438,0.92412658219664,2.1509833290581746e-05,4.0303472489751605e-05,0.0003443473605952848,0.010119564368433753,False,0.8525087275526109,0.777699563652277,0.00019713677309710122,1.4161869487284766,1.3969970859259284
p107_37034_2_000043_step0050,p107_37034_2_000043,50,5,2,fixed_probe,0.4870651331594272,True,True,0.012728462109627296,nan,ok,0.1783903585927717,0.9096159195013571,2.6120130681402576e-05,4.565689060643845e-05,0.008638366881549757,0.09643876243990018,False,0.8584675173657137,0.7701716534793377,0.00020078302029495854,1.4290983732563458,1.3929369449615479
p107_37034_2_000043_step0050,p107_37034_2_000043,50,5,2,adaptive_edge,0.40011463660787994,True,True,0.012728462109627296,0.01622118665579321,ok,0.16189093410025504,0.825485032050964,2.355047679382331e-05,4.348576361478025e-05,0.00029475831149600195,0.009488265888352942,False,0.8504891332920136,0.772654227912426,0.00016326539061974844,1.4269121130469662,1.402717980944284
p107_37034_2_000043_step0075,p107_37034_2_000043,75,5,2,fixed_probe,0.4870651331594272,True,True,0.010179829628189155,nan,ok,0.1702061764077368,0.8678846148370658,2.471420983639353e-05,4.426947083867572e-05,0.008607219572710245,0.0962156762909745,False,0.8564049790309591,0.7722754776477814,0.0001531793471824939,1.4347403706065318,1.4146534204483032
p107_37034_2_000043_step0075,p107_37034_2_000043,75,5,2,adaptive_edge,0.4000376120502477,True,True,0.010179829628189155,0.013533988439078408,ok,0.15384197094489618,0.7844432118575998,2.3914993998603667e-05,4.3860975232171443e-05,0.00024529794585085684,0.009188155181794999,False,0.848347196149072,0.7727390229701996,0.0001249964188172383,1.4330510733136885,1.410461614511811
p107_37034_2_000043_step0100,p107_37034_2_000043,100,5,2,fixed_probe,0.4870651331594272,True,True,0.008614243609618934,nan,ok,0.16514272288499124,0.842065966518416,2.34782839240727e-05,4.16997938516183e-05,0.009240320892381615,0.10017588758626572,False,0.8534581652795499,0.7711764797568321,0.00011359380376250425,1.4491229232380372,1.4100327491760254
p107_37034_2_000043_step0100,p107_37034_2_000043,100,5,2,adaptive_edge,0.39389749172876243,True,True,0.008614243609618934,0.011611272898620581,ok,0.14818454042481205,0.7555958632388954,2.269283542071187e-05,4.237847165848727e-05,0.000176467677882059,0.007008246155600972,False,0.8444525662500231,0.7797207348048687,9.14863292959499e-05,1.4477329312176836,1.429400859224589
p107_37034_2_000043_step0150,p107_37034_2_000043,150,5,2,fixed_probe,0.4870651331594272,True,True,0.006259144710420143,nan,ok,0.1578294366069636,0.8047753770782629,2.100342776181151e-05,3.236057555737885e-05,0.009420168053307998,0.09684510010086483,False,0.8483249177313588,0.7822972722351551,5.874738025728952e-05,1.4718627235441495,1.4240607023239136
p107_37034_2_000043_step0150,p107_37034_2_000043,150,5,2,adaptive_edge,0.39243229165908095,True,True,0.006259144710420143,0.008473476742858263,ok,0.14160549608156994,0.7220491877519118,1.8532961436278208e-05,3.6943042171886414e-05,4.077247792275352e-05,0.002212258600518602,False,0.8387586282063736,0.7681107819080353,4.745192103662501e-05,1.4709953420283324,1.45635426067196
p107_37034_2_000043_step0200,p107_37034_2_000043,200,5,2,fixed_probe,0.4870651331594272,True,True,0.005577849695952069,nan,ok,0.1586246768491295,0.8088303225910609,2.5757445227239e-05,3.518312758220808e-05,0.008894481231349411,0.09049413603227113,False,0.8514634312172131,0.7812715470790863,4.13103518886584e-05,1.4789844853381824,1.422081008553505
p107_37034_2_000043_step0200,p107_37034_2_000043,200,5,2,adaptive_edge,0.3972886260118272,True,True,0.005577849695952069,0.007408538346290405,ok,0.14340796781668827,0.7312400263019795,1.9537546600223548e-05,3.795794040562829e-05,1.275955006050794e-05,0.0007176288846711398,False,0.8427252544762578,0.78728062286973,3.389051703257144e-05,1.4783060854981886,1.468526085108118
p107_37034_2_000044_step0000,p107_37034_2_000044,0,5,3,fixed_probe,0.13857630730189252,True,True,0.025682497873629924,nan,ok,0.19352788699298573,0.9868024722016135,2.403661514299726e-05,4.653115249964297e-05,7.417728091307105e-16,1.1102230246251565e-16,True,0.8097353209603616,0.7878439277410507,0.00011855742602313114,1.4672370470348408,1.4645562221221922
p107_37034_2_000044_step0000,p107_37034_2_000044,0,5,3,adaptive_edge,0.216525480159207,True,True,0.025682497873629924,0.02705849646676389,ok,0.2132912469875496,1.0875762304680536,1.93965155426656e-05,3.3146597926770485e-05,9.556510977871947e-16,1.3877787807814457e-16,True,0.8075092387929517,0.7697557508945465,0.0001315257594803595,1.4682137742799801,1.4825654029846191
p107_37034_2_000044_step0010,p107_37034_2_000044,10,5,3,fixed_probe,0.13857630730189252,True,True,0.012425193841872552,nan,ok,0.1455456155347587,0.7421399337296076,3.189930210367229e-05,3.789869312607688e-05,2.3860969702096948e-14,3.777256285530939e-13,True,0.7585013852369578,0.766747672110796,8.047540793272077e-05,1.5142510392797277,1.5110093653202057
p107_37034_2_000044_step0010,p107_37034_2_000044,10,5,3,adaptive_edge,0.1306360573152423,True,True,0.012425193841872552,0.014755659024496213,ok,0.14188862343661832,0.7234928596601353,2.7667266747195646e-05,3.74325836387142e-05,1.9171965879685915e-14,3.111122470755845e-13,True,0.7584312810892776,0.7657705843448639,7.645259562761856e-05,1.5143827946834072,1.5102491038053898
p107_37034_2_000044_step0025,p107_37034_2_000044,25,5,3,fixed_probe,0.13857630730189252,True,True,0.010040411555219512,nan,ok,0.13725169963915743,0.6998490947338394,1.720779941920916e-05,2.8760204994581957e-05,8.177830245375581e-15,1.2947976024690888e-13,True,0.8023385531089702,0.7660414837300777,4.5659276206936274e-05,1.4112677312122421,1.4113990535109984
p107_37034_2_000044_step0025,p107_37034_2_000044,25,5,3,adaptive_edge,0.17555611208297875,True,True,0.010040411555219512,0.012620441222161657,ok,0.1536575949197388,0.7835030749074836,2.7477866039944505e-05,3.12990109438388e-05,2.4872696051922417e-05,0.0011229924396604363,False,0.8024349633306391,0.7910087928175926,5.746188486371456e-05,1.4109248388223572,1.4040616005659103
p107_37034_2_000044_step0050,p107_37034_2_000044,50,5,3,fixed_probe,0.13857630730189252,True,True,0.00886132376232169,nan,ok,0.14070465209211383,0.7174557666709722,1.9033189745641714e-05,3.6129811811807054e-05,6.338224483037029e-14,4.1597281175143053e-13,True,0.8380407086378079,0.7872278094291687,3.685586398541438e-05,1.3174509506251035,1.3181874844360961
p107_37034_2_000044_step0050,p107_37034_2_000044,50,5,3,adaptive_edge,0.19252075854677783,True,True,0.00886132376232169,0.011418205846438434,ok,0.16563639832472327,0.8445832272189912,3.096974041405389e-05,4.98424477163267e-05,4.327449958309447e-05,0.0016405511479374857,False,0.8375376652479677,0.7698133327066898,5.356921807069489e-05,1.3171288698463324,1.3026325702667236
p107_37034_2_000044_step0075,p107_37034_2_000044,75,5,3,fixed_probe,0.13857630730189252,False,True,0.007947509438753539,nan,ok,0.1391173866947994,0.7093622694368154,3.907077586602931e-05,7.161150348605866e-05,1.7040980154829938e-14,8.182343691487404e-14,True,0.8647085100225634,0.7727777324616909,0.00014366793372845308,1.2499981638537316,1.2483800969231793
p107_37034_2_000044_step0075,p107_37034_2_000044,75,5,3,adaptive_edge,0.21345534956430123,False,True,0.007947509438753539,0.010339524495036978,ok,0.17263072903273555,0.880247455983667,8.736177204860428e-05,0.00012370304241999806,1.0734753571925831e-13,6.720457523812229e-13,True,0.8638658685388976,0.775328304618597,0.00022127338947080494,1.249995872423205,1.2366059124469757
p107_37034_2_000044_step0100,p107_37034_2_000044,100,5,3,fixed_probe,0.13857630730189252,True,True,0.010127693594192815,nan,ok,0.14513310814665062,0.7400365505081434,1.848065828470078e-05,3.530879345385957e-05,4.00034542783941e-14,2.308708779708013e-13,True,0.8799492104998269,0.772207248955965,4.667759786991416e-05,1.2299893434179279,1.228736488162173
p107_37034_2_000044_step0100,p107_37034_2_000044,100,5,3,adaptive_edge,0.21643015813186117,True,True,0.010127693594192815,0.011319579894035672,ok,0.17712480183757814,0.903162820911066,1.4356039530144221e-05,2.533845358262302e-05,8.66205967374489e-16,1.3877787807814457e-16,True,0.8787164172676118,0.77682114392519,4.9506710744959276e-05,1.2303250546684323,1.2196390330791473
p107_37034_2_000044_step0150,p107_37034_2_000044,150,5,3,fixed_probe,0.13857630730189252,True,True,0.010127693594192798,nan,ok,0.14513310814665062,0.7400365505081434,1.848065828470078e-05,3.530879345385957e-05,4.00034542783941e-14,2.308708779708013e-13,True,0.8799492104998269,0.7844430170953274,4.667759786991416e-05,1.2299893434179279,1.228736488162173
p107_37034_2_000044_step0150,p107_37034_2_000044,150,5,3,adaptive_edge,0.21643015813186117,True,True,0.010127693594192798,0.011319579894035673,ok,0.17712480183757814,0.903162820911066,1.4356039530144221e-05,2.533845358262302e-05,8.66205967374489e-16,1.3877787807814457e-16,True,0.8787164172676118,0.7643762975931168,4.9506710744959276e-05,1.2303250546684323,1.2196390330791473
p107_37034_2_000044_step0200,p107_37034_2_000044,200,5,3,fixed_probe,0.13857630730189252,True,True,0.010127693594192785,nan,ok,0.14513310814665062,0.7400365505081434,1.848065828470078e-05,3.530879345385957e-05,4.00034542783941e-14,2.308708779708013e-13,True,0.8799492104998269,0.7824060767889023,4.667759786991416e-05,1.2299893434179279,1.228736488162173
p107_37034_2_000044_step0200,p107_37034_2_000044,200,5,3,adaptive_edge,0.21643015813186117,True,True,0.010127693594192785,0.011319579894035646,ok,0.17712480183757814,0.903162820911066,1.4356039530144221e-05,2.533845358262302e-05,8.66205967374489e-16,1.3877787807814457e-16,True,0.8787164172676118,0.7766608595848083,4.9506710744959276e-05,1.2303250546684323,1.2196390330791473
p107_37034_2_000051_step0000,p107_37034_2_000051,0,3,3,fixed_probe,0.1726641248470501,True,True,0.04112332070207145,nan,ok,0.2681268577435773,0.8478915723336597,4.620191370158191e-05,8.600908419096709e-05,7.180043570831657e-16,1.1102230246251565e-16,True,0.8504720344966278,0.7735941931605339,0.00023192763775148082,1.1828665500412558,1.1830158830871582
p107_37034_2_000051_step0000,p107_37034_2_000051,0,3,3,adaptive_edge,0.26978769507351574,True,True,0.04112332070207145,0.0415481150486742,ok,0.27527469532900717,0.8704950194485764,5.256751088694282e-05,9.868919557466599e-05,1.391129671859263e-05,0.0006258195328699978,False,0.8481029013438276,0.7736782543361187,0.0002342772944959366,1.1831184058324788,1.1908454895019531
p107_37034_2_000051_step0010,p107_37034_2_000051,10,3,3,fixed_probe,0.1726641248470501,True,True,0.020923981189948298,nan,ok,0.14835374400903506,0.4691357304821101,3.903749858082916e-05,7.43536418975216e-05,7.135274778098788e-16,1.1102230246251565e-16,True,0.8703589148840404,0.765623215585947,4.941546256809824e-05,1.1367712731332675,1.1396102463841398
p107_37034_2_000051_step0010,p107_37034_2_000051,10,3,3,adaptive_edge,0.2936633593506891,True,True,0.020923981189948298,0.021506924741371933,ok,0.1629309879104286,0.5152330232183127,4.503088020450492e-05,8.513619683233553e-05,2.2968953358173602e-06,0.00014700130149225554,False,0.8668006428101174,0.777787309139967,5.6082495715247994e-05,1.1366368717024184,1.146296501159668
p107_37034_2_000051_step0025,p107_37034_2_000051,25,3,3,fixed_probe,0.1726641248470501,True,True,0.00847793124031332,nan,ok,0.08397219524701333,0.26554339710492764,2.692877849375342e-05,4.989835131205527e-05,7.149657597646675e-16,1.1102230246251565e-16,True,0.8691353385438264,0.7749129235744476,9.04043024784639e-06,1.1362941280446635,1.1412434622509948
p107_37034_2_000051_step0025,p107_37034_2_000051,25,3,3,adaptive_edge,0.3210710987611777,True,True,0.00847793124031332,0.009446409238856977,ok,0.10853656137407247,0.3432227433447236,3.243986709104625e-05,5.967606644918775e-05,9.22663361706207e-16,1.6653345369377348e-16,True,0.8668001997281267,0.7810188569128513,1.4924160431364482e-05,1.13680805238339,1.1469441056251526
p107_37034_2_000051_step0050,p107_37034_2_000051,50,3,3,fixed_probe,0.1726641248470501,True,True,0.004268944646466995,nan,ok,0.06783811979333522,0.21452297073029034,2.26201106214223e-05,4.27256214870974e-05,7.557947759608151e-16,1.1102230246251565e-16,True,0.846427009925824,0.7879184186458588,3.6329319189342205e-06,1.1116704352142213,1.1099702821729707
p107_37034_2_000051_step0050,p107_37034_2_000051,50,3,3,adaptive_edge,0.3144861431890087,True,True,0.004268944646466995,0.005355068413871626,ok,0.09173312329576377,0.2900856064956654,2.5512609803759774e-05,4.6275903468707453e-05,5.809628114497843e-06,0.0003509203341007794,False,0.84397885435136,0.7689413279294968,7.115697528598154e-06,1.112020334573534,1.1140165627002716
p107_37034_2_000051_step0075,p107_37034_2_000051,75,3,3,fixed_probe,0.1726641248470501,True,True,0.0029056574544279457,nan,ok,0.0636537933370618,0.20129096865476537,2.4878379964188847e-05,4.519754555002375e-05,7.979443970608868e-16,1.1102230246251565e-16,True,0.8085258378672391,0.7632307447493076,9.549686489307068e-07,1.1268287486851019,1.1208404026300551
p107_37034_2_000051_step0075,p107_37034_2_000051,75,3,3,adaptive_edge,0.28153942628943784,True,True,0.0029056574544279457,0.0036620357149511605,ok,0.08155949545465772,0.25791377045086866,2.6330093302488965e-05,4.3160453003538246e-05,0.00010522372019907622,0.003509024325352217,False,0.8070108064645247,0.7672887817025185,1.6233099665939595e-06,1.1271348389018172,1.1242711246013641
p107_37034_2_000051_step0100,p107_37034_2_000051,100,3,3,fixed_probe,0.1726641248470501,True,True,0.002251855536402715,nan,ok,0.062224861520993935,0.19677228949491016,2.927441855672657e-05,5.1392704022592575e-05,8.377382038751022e-16,1.1102230246251565e-16,True,0.7708151446331449,0.7683443240821362,7.433837683456868e-07,1.155701150298795,1.1499259630381524
p107_37034_2_000051_step0100,p107_37034_2_000051,100,3,3,adaptive_edge,0.24266008366204186,True,True,0.002251855536402715,0.0028763676462706827,ok,0.07396640092106359,0.23390229723573724,3.017498886406208e-05,4.8856036882467994e-05,0.00017663626339412724,0.0051226963152580796,False,0.7699669382938584,0.7663212642073631,1.0778681518315258e-06,1.1559010580331748,1.1467146128416061
p107_37034_2_000051_step0150,p107_37034_2_000051,150,3,3,fixed_probe,0.1726641248470501,True,True,0.0020072382522014764,nan,ok,0.06289770004543062,0.1988999917296369,2.9358176671603232e-05,5.103027854049463e-05,8.374435973148478e-16,1.1102230246251565e-16,True,0.7490001691221035,0.7624810412526131,2.2633837079573243e-06,1.1743876964042177,1.1709883753877401
p107_37034_2_000051_step0150,p107_37034_2_000051,150,3,3,adaptive_edge,0.21253794126301592,True,True,0.0020072382522014764,0.0026256513668664176,ok,0.06984389225895313,0.22086578018969472,2.9737228330041313e-05,4.891630586381345e-05,6.210179623562399e-05,0.0024801526724881062,False,0.7484184085389491,0.7735878117382526,2.8079581105659954e-06,1.174500596939948,1.1608475632965565
p107_37034_2_000051_step0200,p107_37034_2_000051,200,3,3,fixed_probe,0.1726641248470501,True,True,0.0020539334953989263,nan,ok,0.06456227014332508,0.20416382456399287,2.7321373185468057e-05,4.638790362321712e-05,8.41482490855015e-16,1.1102230246251565e-16,True,0.7477133488930655,0.7723659016191959,3.4575171737523896e-06,1.1813557844885612,1.1790839678269438
p107_37034_2_000051_step0200,p107_37034_2_000051,200,3,3,adaptive_edge,0.20229658846456644,True,True,0.0020539334953989263,0.002665193249543633,ok,0.06984838381953308,0.22087998375137594,2.7877145323171822e-05,4.564788371770873e-05,7.37427063380166e-05,0.0030430822112255673,False,0.7473060245772857,0.7720613852143288,4.03535217170539e-06,1.1814138962191016,1.1644737422466278
p107_37034_3_000002_step0000,p107_37034_3_000002,0,4,4,fixed_probe,0.26566001655197463,True,True,0.02433059587516903,nan,ok,0.18166350208187218,0.7490178074031728,3.4375921094185715e-05,6.05763611027895e-05,2.824477516041089e-14,3.1924463073096376e-13,True,0.8900117606804323,0.7700158879160881,0.0001398562900200575,1.289668030940344,1.2916329924926757
p107_37034_3_000002_step0000,p107_37034_3_000002,0,4,4,adaptive_edge,0.41509377586246027,True,True,0.02433059587516903,0.026733655694426275,ok,0.20543052064003622,0.8470117353244984,3.928449185261466e-05,6.116574086303715e-05,3.019241483541439e-15,4.912736883966318e-14,True,0.8825117658071497,0.7720274329185486,0.00020233859223748777,1.2933226769030617,1.2861757301725447
p107_37034_3_000002_step0010,p107_37034_3_000002,10,4,4,fixed_probe,0.26566001655197463,False,True,0.019784139340261377,nan,ok,0.19517150686647208,0.8047127379214268,0.00030595869758357315,0.0005115513330923911,0.02353616863442245,0.1275546679318789,False,0.7706900378655352,0.7722265459597111,0.0002403457955468631,1.333473534189503,1.4024503231048584
p107_37034_3_000002_step0010,p107_37034_3_000002,10,4,4,adaptive_edge,0.1646126244144769,True,True,0.019784139340261377,0.02059361501026535,ok,0.15371183554977053,0.6337701338792755,0.00016149096771253527,0.0003375837423394541,1.3433754726100374e-13,8.198997036856781e-13,True,0.9091780776333611,0.7625696584582329,0.0001254364869287336,1.333415912681003,1.3498581732650932
p107_37034_3_000002_step0025,p107_37034_3_000002,25,4,4,fixed_probe,0.26566001655197463,True,True,0.015422198679315602,nan,ok,0.13969392031888975,0.5759727887313995,1.175134707346544e-05,2.2593013524087278e-05,6.386660930451785e-14,4.877764858690625e-13,True,0.9195330077795436,0.7610771618783474,0.00010562027245009636,1.2177523393617424,1.2202563657082224
p107_37034_3_000002_step0025,p107_37034_3_000002,25,4,4,adaptive_edge,0.5784295320726099,True,True,0.015422198679315602,0.017826188515577726,ok,0.19308868011142663,0.7961250232105119,1.698221829959257e-05,3.15049624616694e-05,1.562936013860553e-14,9.425793479067579e-14,True,0.9179949805341207,0.770482737571001,0.00017515236913678636,1.2216948540378136,1.2233684062957764
p107_37034_3_000002_step0050,p107_37034_3_000002,50,4,4,fixed_probe,0.26566001655197463,True,True,0.01063576094339738,nan,ok,0.12338294067339352,0.508720896795719,1.5406589663420733e-05,3.069112254649445e-05,2.87391895719622e-14,1.996736109788344e-13,True,0.9150439141688789,0.7652068100869656,3.9388281267180285e-05,1.202251816291651,1.2054849037614617
p107_37034_3_000002_step0050,p107_37034_3_000002,50,4,4,adaptive_edge,0.5543989487875773,True,True,0.01063576094339738,0.012983857573132158,ok,0.1775720268625714,0.7321482229093983,2.150285190887282e-05,3.6478401609197164e-05,9.86660756226552e-15,6.006306563222097e-14,True,0.9141977941260246,0.7860666029155254,8.356937965087439e-05,1.2051872291703454,1.2071470767259598
p107_37034_3_000002_step0075,p107_37034_3_000002,75,4,4,fixed_probe,0.26566001655197463,True,True,0.00914607302868043,nan,ok,0.11832867638854386,0.4878816312894968,1.3226005376013863e-05,2.623580211134779e-05,1.5392827106122347e-14,1.071365218763276e-13,True,0.9105418279014377,0.7807691060006618,2.9748601661470076e-05,1.2060731646388965,1.209625969303218
p107_37034_3_000002_step0075,p107_37034_3_000002,75,4,4,adaptive_edge,0.5536657259102362,True,True,0.00914607302868043,0.01143253730377927,ok,0.1714485298632422,0.7069003979830113,1.822934258222659e-05,3.269519630985769e-05,1.9531424871897883e-14,9.658940314238862e-14,True,0.9099408112881944,0.7666900679469109,6.35732688991169e-05,1.2085663016621528,1.2112469375133514
p107_37034_3_000002_step0100,p107_37034_3_000002,100,4,4,fixed_probe,0.26566001655197463,True,True,0.007721612617833472,nan,ok,0.11362487986546634,0.46848738138343515,1.5170702736444194e-05,3.0126995799760836e-05,1.1615666749785466e-14,6.677991493120317e-14,True,0.8997292559951899,0.7613070942461491,2.3674703418234095e-05,1.2276130137514822,1.2310782959913074
p107_37034_3_000002_step0100,p107_37034_3_000002,100,4,4,adaptive_edge,0.5330318262892594,True,True,0.007721612617833472,0.00987314300507489,ok,0.16296518793450077,0.6719226831525794,1.9165940751606383e-05,3.355760143824665e-05,9.218674330897337e-06,0.0005163458734425141,False,0.8992608898650174,0.7690336592495441,4.846428732426696e-05,1.2296053102623201,1.2330387830734253
p107_37034_3_000002_step0150,p107_37034_3_000002,150,4,4,fixed_probe,0.26566001655197463,True,True,0.006450262624036029,nan,ok,0.10921315254061986,0.45029736363166945,1.4138950414180793e-05,2.857462680040844e-05,4.6840946956076894e-15,2.2926105458509483e-14,True,0.8886764398718215,0.7713141441345215,1.812043867559667e-05,1.2736036877099448,1.2772146695700113
p107_37034_3_000002_step0150,p107_37034_3_000002,150,4,4,adaptive_edge,0.5128875759635645,True,True,0.006450262624036029,0.008360755960590072,ok,0.1531146126089321,0.6313077206121568,1.4881251650888628e-05,2.6195130535683753e-05,4.1763390405111546e-14,1.9984014443252818e-13,True,0.8883601620749475,0.7845476567745209,3.51680333212583e-05,1.2752809558716234,1.2786239683628082
p107_37034_3_000002_step0200,p107_37034_3_000002,200,4,4,fixed_probe,0.26566001655197463,True,True,0.006349589968272764,nan,ok,0.10461846517900163,0.43135298232302693,1.356229594181533e-05,2.7913132935001062e-05,4.96675430701413e-15,2.6867397195928788e-14,True,0.8873692373599402,0.7786575965583324,2.0548775556099885e-05,1.3483171691844806,1.3537390426638565
p107_37034_3_000002_step0200,p107_37034_3_000002,200,4,4,adaptive_edge,0.5492748346006029,True,True,0.006349589968272764,0.008431342851427518,ok,0.1528044372517147,0.6300288348518858,1.5779986301644255e-05,2.9474095754427248e-05,2.4023150903544906e-05,0.0008378007099401064,False,0.8871783116464089,0.7757874205708504,4.398442915558739e-05,1.3501996926047968,1.3573578000068665
p107_37034_3_000005_step0000,p107_37034_3_000005,0,8,1,fixed_probe,0.46382120315215264,True,True,0.03525118469645825,nan,ok,0.39521653288654224,3.1863375545202133,1.3663037690077861e-05,2.568898914131902e-05,1.0816084339441098e-15,3.3306690738754696e-16,True,0.9754411583639535,0.7632614858448505,0.00041339430512709057,2.088224451622584,2.088913525375366
p107_37034_3_000005_step0000,p107_37034_3_000005,0,8,1,adaptive_edge,0.7247206299252383,True,True,0.03525118469645825,0.03935990999360537,ok,0.4764327061745357,3.841123276898496,4.7950842748073295e-06,1.0211129351190021e-05,1.384224551514486e-15,4.440892098500626e-16,True,0.9734275995160334,0.7733368873596191,0.0005113014796692092,2.1067557630509395,2.1073726899921894
p107_37034_3_000005_step0010,p107_37034_3_000005,10,8,1,fixed_probe,0.46382120315215264,True,True,0.022165018698097543,nan,ok,0.35850755105805054,2.8903802813413058,2.1448562577888134e-06,4.031024276802577e-06,1.1052874041437104e-15,2.7755575615628914e-16,True,0.9712477795364449,0.7702121771872044,0.00012847930189670807,2.321977343604446,2.3224153783636523
p107_37034_3_000005_step0010,p107_37034_3_000005,10,8,1,adaptive_edge,0.6598778255078819,True,True,0.022165018698097543,0.024592693121672997,ok,0.4220307921281027,3.4025210238553703,1.8080535187200371e-06,3.704473707657851e-06,1.371799976839693e-15,5.551115123125783e-16,True,0.9694708779243422,0.7659931555390358,0.0001546424801867398,2.340281015607599,2.3405348770320415
p107_37034_3_000005_step0025,p107_37034_3_000005,25,8,1,fixed_probe,0.46382120315215264,True,True,0.01831463728108124,nan,ok,0.34978155814506834,2.8200290773670167,5.7495739407720425e-06,1.0665418134161358e-05,1.098514240405356e-15,2.7755575615628914e-16,True,0.9749597351491891,0.7681880071759224,0.00010113421400384523,2.1798459622326867,2.1804103406646647
p107_37034_3_000005_step0025,p107_37034_3_000005,25,8,1,adaptive_edge,0.7239416649278879,True,True,0.01831463728108124,0.021625807922490473,ok,0.4344309103857002,3.502493973357504,3.4546664778791414e-06,6.8347907739946535e-06,1.385451215239281e-15,5.551115123125783e-16,True,0.9728131528044422,0.7621595896780491,0.00015442399812319694,2.2019592594311637,2.202045438811183
p107_37034_3_000005_step0050,p107_37034_3_000005,50,8,1,fixed_probe,0.46382120315215264,True,True,0.01545705132703666,nan,ok,0.33840034394283536,2.7282707949800185,3.4253542271526306e-06,7.01382653767958e-06,1.1253024967901156e-15,2.7755575615628914e-16,True,0.9627010581110215,0.7717072516679764,9.024151027583555e-05,2.353977750464955,2.3556570935005205
p107_37034_3_000005_step0050,p107_37034_3_000005,50,8,1,adaptive_edge,0.5751385901889052,True,True,0.01545705132703666,0.020114521230073106,ok,0.37763128923133865,3.0445607876053304,4.060724756813299e-06,8.088932081890355e-06,1.300450353234826e-15,3.3306690738754696e-16,True,0.9607111585381075,0.7603414580225945,0.00012870173465011548,2.365545111189183,2.36294949054718
p107_37034_3_000005_step0075,p107_37034_3_000005,75,8,1,fixed_probe,0.46382120315215264,True,True,0.015517416244673971,nan,ok,0.32509381855331704,2.620990157555443,3.2546515181891565e-06,6.654866276852889e-06,1.130911324192213e-15,3.3306690738754696e-16,True,0.9612523023630494,0.76938845962286,0.00012338267819818276,2.3682865992198168,2.3690746396972524
p107_37034_3_000005_step0075,p107_37034_3_000005,75,8,1,adaptive_edge,0.5818779442294482,True,True,0.015517416244673971,0.019631122785836175,ok,0.3642748289406048,2.9368775621365195,2.4576749856167852e-06,5.023754010821173e-06,1.286524074476024e-15,4.440892098500626e-16,True,0.9601465852627836,0.7673105597496033,0.00015876947450980665,2.3774409073975815,2.3761615846306086
p107_37034_3_000005_step0100,p107_37034_3_000005,100,8,1,fixed_probe,0.46382120315215264,True,True,0.016794945360006995,nan,ok,0.32811989130228164,2.645387136022698,1.644762581328635e-05,3.09627355794456e-05,1.0835913777737074e-15,2.7755575615628914e-16,True,0.9604376925663769,0.7820694297552109,8.611492328319397e-05,2.139193988004046,2.1401472867450226
p107_37034_3_000005_step0100,p107_37034_3_000005,100,8,1,adaptive_edge,0.6510393985660479,True,True,0.016794945360006995,0.02170333016512006,ok,0.3899940271895576,3.1442323674991655,1.41072717258991e-05,2.4678303921550524e-05,1.3212080378273802e-15,4.440892098500626e-16,True,0.9587048487405802,0.7643200866878033,0.00013347506335218461,2.1502504267765246,2.148105725646019
p107_37034_3_000005_step0150,p107_37034_3_000005,150,8,1,fixed_probe,0.46382120315215264,True,True,0.02217120866883474,nan,ok,0.3170006828959206,2.555741211893567,8.527285038779878e-06,1.6525904114260816e-05,1.1070295220077329e-15,2.7755575615628914e-16,True,0.9578138633891043,0.7633128575980663,0.00036834320103589017,2.1735879930005475,2.174067690543169
p107_37034_3_000005_step0150,p107_37034_3_000005,150,8,1,adaptive_edge,0.6945681018252461,True,True,0.02217120866883474,0.026885211782307482,ok,0.384932117795521,3.103421949265909,5.911138006241095e-06,9.231276592866192e-06,1.3721026688064926e-15,4.440892098500626e-16,True,0.9561307544607424,0.769777562469244,0.000473360043782481,2.1866412659692656,2.184288464486599
p107_37034_3_000005_step0200,p107_37034_3_000005,200,8,1,fixed_probe,0.46382120315215264,True,True,0.018668175280878194,nan,ok,0.2842631153541764,2.291802504319693,5.505632595925749e-06,1.1159680486542026e-05,1.0851066269971499e-15,2.7755575615628914e-16,True,0.9410216366976982,0.7717676497995853,0.0001008478825692269,2.11292657168207,2.1128921240949414
p107_37034_3_000005_step0200,p107_37034_3_000005,200,8,1,adaptive_edge,0.7245949697261787,True,True,0.018668175280878194,0.024078942458036975,ok,0.35469640831618693,2.8596538662408437,3.7295314393180226e-06,7.2551248315458104e-06,1.3501454337820495e-15,5.551115123125783e-16,True,0.9392030273131121,0.7781745456159115,0.00016449534317212547,2.1247687849117627,2.1255096793174744
p107_37034_3_000006_step0000,p107_37034_3_000006,0,4,3,fixed_probe,0.21515961567608619,True,True,0.022027536170114163,nan,ok,0.1773075146795853,0.731057611239684,2.3224496738377187e-05,4.5422390564456386e-05,7.790399344264965e-16,1.3877787807814457e-16,True,0.9019483435066213,0.7663306444883347,9.383021669410166e-05,1.5031752972637096,1.5043793767318723
p107_37034_3_000006_step0000,p107_37034_3_000006,0,4,3,adaptive_edge,0.3361868994938846,True,True,0.022027536170114163,0.022721328107144192,ok,0.19859532005869143,0.8188294813553305,2.3384161270787406e-05,4.470320208072557e-05,9.660509787458975e-16,2.220446049250313e-16,True,0.8994709457206501,0.7623857446014881,9.722282809241655e-05,1.5071377423841457,1.5161510109901428
p107_37034_3_000006_step0010,p107_37034_3_000006,10,4,3,fixed_probe,0.21515961567608619,True,True,0.008657178602747848,nan,ok,0.11919680477512654,0.49146101632397426,1.576633284782849e-05,3.230518794711335e-05,2.9382778964413855e-14,3.3276159605577504e-13,True,0.9113379337495037,0.7725248523056507,9.098483694595761e-06,1.5081127174063405,1.5111092845162262
p107_37034_3_000006_step0010,p107_37034_3_000006,10,4,3,adaptive_edge,0.3884464991915595,True,True,0.008657178602747848,0.010545941455190978,ok,0.15811764139241583,0.6519357367344655,1.5535160663112306e-05,2.9706398596144958e-05,1.0527191960915512e-15,2.7755575615628914e-16,True,0.9101582342687001,0.767773050814867,1.558728986462126e-05,1.513343898717847,1.5200507640838623
p107_37034_3_000006_step0025,p107_37034_3_000006,25,4,3,fixed_probe,0.21515961567608619,True,True,0.005761375862422018,nan,ok,0.10980724905801684,0.4527468863247087,1.2503301882525578e-05,2.637215567104723e-05,1.9481559372013894e-14,2.0530799282880707e-13,True,0.9094407874515609,0.7651336677372456,4.522708921022125e-06,1.5341431969679207,1.5389573680047224
p107_37034_3_000006_step0025,p107_37034_3_000006,25,4,3,adaptive_edge,0.4050603483125923,True,True,0.005761375862422018,0.007394429433561365,ok,0.15107267663513835,0.6228886029114566,1.0663763338367895e-05,2.1161729574526663e-05,1.369584795926139e-05,0.0006220295601343517,False,0.9084209586680672,0.7715587131679058,8.317318252457923e-06,1.539026075666067,1.5482987761497498
p107_37034_3_000006_step0050,p107_37034_3_000006,50,4,3,fixed_probe,0.21515961567608619,True,True,0.0037043798476336935,nan,ok,0.1068192159175544,0.4404269100737361,1.1201838430017925e-05,2.226039035410482e-05,8.945140039195135e-15,8.251732630526476e-14,True,0.9054988714868769,0.7708114646375179,1.5949261532518518e-06,1.5019375736289369,1.507612986534632
p107_37034_3_000006_step0050,p107_37034_3_000006,50,4,3,adaptive_edge,0.41466563676552015,True,True,0.0037043798476336935,0.004833620862326386,ok,0.14910418735449438,0.6147723136844655,8.213621680883141e-06,1.6028404378967245e-05,0.00010856014520765823,0.004243224061086348,False,0.9048474005988222,0.7730701304972172,3.1013519777187335e-06,1.5059860915869372,1.5151057243347168
p107_37034_3_000006_step0075,p107_37034_3_000006,75,4,3,fixed_probe,0.21515961567608619,True,True,0.003023416569695145,nan,ok,0.10394993359311643,0.42859655598036056,1.1963247587981752e-05,2.402193644497236e-05,8.812212862535904e-15,8.315570454442422e-14,True,0.9049438786183094,0.7758923731744289,1.2928687840732974e-06,1.4925797318004377,1.4983997598289711
p107_37034_3_000006_step0075,p107_37034_3_000006,75,4,3,adaptive_edge,0.4281299126081032,True,True,0.003023416569695145,0.003971142759061103,ok,0.14772620860435268,0.6090907617477745,9.082454591865489e-06,1.7971531884837695e-05,4.1612229287899676e-05,0.0019347430906057617,False,0.9043164567014222,0.7726134769618511,2.5739721690700424e-06,1.4965354858246704,1.5065412521362305
p107_37034_3_000006_step0100,p107_37034_3_000006,100,4,3,fixed_probe,0.21515961567608619,True,True,0.0026509259432809648,nan,ok,0.10261215882999845,0.42308076932873956,1.2917761643029248e-05,2.5875963482299466e-05,9.311823827563592e-15,8.643086246706844e-14,True,0.9042163995589533,0.7610635757446289,1.1605547515488797e-06,1.496888472487604,1.5030016482482336
p107_37034_3_000006_step0100,p107_37034_3_000006,100,4,3,adaptive_edge,0.4316283225687769,True,True,0.0026509259432809648,0.0035040249343504365,ok,0.14662929416415857,0.6045680676485891,1.0237901866721806e-05,2.019894312854235e-05,1.3291521614245197e-06,8.506573833227948e-05,False,0.9036322269817744,0.7840295024216175,2.3662491597043113e-06,1.5009645108903904,1.5114811658859253
p107_37034_3_000006_step0150,p107_37034_3_000006,150,4,3,fixed_probe,0.21515961567608619,True,True,0.0019611566935537135,nan,ok,0.09920442481674686,0.4090303220480933,1.4754278040094049e-05,2.930081045846853e-05,1.0284067720037567e-14,8.787415239908114e-14,True,0.8888637891169856,0.7745597511529922,6.273626314696555e-07,1.5219970517247432,1.5271476818632972
p107_37034_3_000006_step0150,p107_37034_3_000006,150,4,3,adaptive_edge,0.4259785433602048,True,True,0.0019611566935537135,0.0024746636467386568,ok,0.14080856595290805,0.5805685904155906,1.1424095297870335e-05,2.1812705846203406e-05,1.3833917214874556e-13,9.651723864578798e-13,True,0.888349981072227,0.7684933990240097,9.666446311572915e-07,1.5255649098443542,1.5327707529067993
p107_37034_3_000006_step0200,p107_37034_3_000006,200,4,3,fixed_probe,0.21515961567608619,True,True,0.0013487789137127748,nan,ok,0.0966193412916284,0.39837174962298577,1.657423030598943e-05,3.33148308377897e-05,1.8982780966000713e-14,1.4854784069484595e-13,True,0.8744595473546024,0.7803309895098209,2.3573164172229573e-07,1.534089722468405,1.5375692214053494
p107_37034_3_000006_step0200,p107_37034_3_000006,200,4,3,adaptive_edge,0.41500785615038005,True,True,0.0013487789137127748,0.0017493185883386486,ok,0.1354849894938545,0.5586189223688612,1.274464423930199e-05,2.4102603289611546e-05,1.1211300546534535e-15,2.220446049250313e-16,True,0.8737696921138014,0.7678670026361942,4.809983799129543e-07,1.537626653990932,1.542891800403595
p107_37034_3_000010_step0000,p107_37034_3_000010,0,5,2,fixed_probe,0.3371907614944862,True,True,0.027933036312066343,nan,ok,0.2421515519594689,1.234735488688109,6.1738773780251266e-06,1.278405486546249e-05,2.6790205511469277e-14,1.7369439220260574e-13,True,0.9198090276788805,0.7707969583570957,0.0007068118381813131,1.3918191043885948,1.393280014480591
p107_37034_3_000010_step0000,p107_37034_3_000010,0,5,2,adaptive_edge,0.5268605648351345,True,True,0.027933036312066343,0.02806662273041121,ok,0.2736141719364484,1.3951640018994815,4.762865185639404e-06,9.192360504937278e-06,9.92268477405398e-05,0.0037967162396636,False,0.9198782499058374,0.7719619162380695,0.0006992744858963995,1.3929993858984053,1.3972362577915192
p107_37034_3_000010_step0010,p107_37034_3_000010,10,5,2,fixed_probe,0.3371907614944862,True,True,0.008859049468576182,nan,ok,0.17460798625427856,0.8903295291397071,6.611686402942749e-06,1.3587270928174794e-05,2.357223635152642e-14,1.3039569424222464e-13,True,0.9123760354823681,0.7725418321788311,1.6271860049456234e-05,1.4359132569142128,1.4364413575568542
p107_37034_3_000010_step0010,p107_37034_3_000010,10,5,2,adaptive_edge,0.4939457095439533,True,True,0.008859049468576182,0.00951871624267048,ok,0.20916175392883718,1.066519864780433,5.576874113159533e-06,1.0254079506538762e-05,9.489178218474195e-06,0.0004278772221299465,False,0.9124906615391072,0.7676847949624062,1.6890802693812222e-05,1.4368641954847827,1.4420088529586792
p107_37034_3_000010_step0025,p107_37034_3_000010,25,5,2,fixed_probe,0.3371907614944862,True,True,0.005274281067199362,nan,ok,0.167178616592785,0.8524470282620572,7.259766855873634e-06,1.5203132578008816e-05,2.3085986481180804e-14,1.1102230246251565e-13,True,0.9045381824844829,0.7625046856701374,1.7068490844080446e-06,1.4971371894931476,1.4965260253773842
p107_37034_3_000010_step0025,p107_37034_3_000010,25,5,2,adaptive_edge,0.466497095497999,True,True,0.005274281067199362,0.006150546563672512,ok,0.19657038893399106,1.0023162489689437,6.284381189386647e-06,1.1368695543914992e-05,9.904971678184657e-14,5.097033906054094e-13,True,0.9046754511988587,0.7653469853103161,2.1612778061078524e-06,1.4978848682300703,1.502249926328659
p107_37034_3_000010_step0050,p107_37034_3_000010,50,5,2,fixed_probe,0.3371907614944862,True,True,0.00371366178438874,nan,ok,0.16371686192564486,0.8347954736630387,7.073259438323382e-06,1.5104316812347006e-05,1.8565446787573796e-14,9.586775817638227e-14,True,0.900463159770748,0.7788414657115936,1.3584428001977695e-06,1.5228004115277929,1.5212515379802902
p107_37034_3_000010_step0050,p107_37034_3_000010,50,5,2,adaptive_edge,0.45135577570715,True,True,0.00371366178438874,0.0044433657908747376,ok,0.1896159064754785,0.9668552072060491,5.9211810927895505e-06,1.131604756831762e-05,6.842099887112786e-14,3.524958103184872e-13,True,0.9006114313514422,0.7569289952516556,1.7095347796932132e-06,1.5233796857960225,1.5283236503601074
p107_37034_3_000010_step0075,p107_37034_3_000010,75,5,2,fixed_probe,0.3371907614944862,True,True,0.002772668641886516,nan,ok,0.16026918161582177,0.8172156844866212,7.898286662283078e-06,1.6702632999713752e-05,1.867761740551076e-14,9.675593659608239e-14,True,0.894167277716796,0.7615936622023582,8.359371684467074e-07,1.5587369932107353,1.5570465211795268
p107_37034_3_000010_step0075,p107_37034_3_000010,75,5,2,adaptive_edge,0.437926575062316,True,True,0.002772668641886516,0.003372799578179709,ok,0.18295753934720047,0.932904063290295,6.484186430797244e-06,1.268336064778095e-05,5.873653366959648e-14,2.9504176879413535e-13,True,0.8943061546469465,0.7739256322383881,1.052615911580166e-06,1.5591502117423497,1.5631164610385895
p107_37034_3_000010_step0100,p107_37034_3_000010,100,5,2,fixed_probe,0.3371907614944862,True,True,0.0022677378748423935,nan,ok,0.15639790525601716,0.7974759707854671,9.124178260151443e-06,1.885654005147011e-05,2.0438686098675543e-14,1.3472556403826275e-13,True,0.8877054281700547,0.7789841033518314,5.97030782180377e-07,1.5890179757245977,1.5876278616510766
p107_37034_3_000010_step0100,p107_37034_3_000010,100,5,2,adaptive_edge,0.43137580727323827,True,True,0.0022677378748423935,0.0027452957408806455,ok,0.1772374427503456,0.9037371791232961,7.640126302554769e-06,1.499004320354508e-05,5.749794968499748e-14,3.2096547641913276e-13,True,0.8878239135552103,0.768541868776083,8.017404811595215e-07,1.5893480085878657,1.5923986434936523
p107_37034_3_000010_step0150,p107_37034_3_000010,150,5,2,fixed_probe,0.3371907614944862,True,True,0.001786330395225863,nan,ok,0.15395904351419162,0.7850401671729438,1.1776238965958392e-05,2.3597610298676482e-05,3.311415092756918e-14,3.0703217746008704e-13,True,0.8758590202828455,0.7642496228218079,3.438745533485268e-07,1.609750535356424,1.608997381013154
p107_37034_3_000010_step0150,p107_37034_3_000010,150,5,2,adaptive_edge,0.4038344950930419,True,True,0.001786330395225863,0.0020719236404932247,ok,0.16874956779344855,0.8604573390891425,1.1736873691714991e-05,2.0900092871528047e-05,6.47370285682684e-14,5.3179682879545e-13,True,0.8759196752456232,0.7736748717725277,3.7789255908898316e-07,1.6098725552690094,1.6103532314300537
p107_37034_3_000010_step0200,p107_37034_3_000010,200,5,2,fixed_probe,0.3371907614944862,True,True,0.001697463317873166,nan,ok,0.1552860073057729,0.7918063814400478,9.177409762883684e-06,1.9098776078278162e-05,2.441009475970091e-14,2.1110890813247352e-13,True,0.8806561788101049,0.7658555023372173,1.1673947725556995e-06,1.5870668666286616,1.5859179850340173
p107_37034_3_000010_step0200,p107_37034_3_000010,200,5,2,adaptive_edge,0.41762892604554425,True,True,0.001697463317873166,0.001996825804389709,ok,0.17310721074515265,0.8826770455331518,7.728617808300127e-06,1.555727943056516e-05,5.687991974091899e-14,4.3154368967179835e-13,True,0.8807680033926554,0.7622034437954426,1.3622350552719374e-06,1.587126203642763,1.5887449085712433
p107_37034_3_000013_step0000,p107_37034_3_000013,0,4,2,fixed_probe,0.3000404839295135,True,True,0.01875932763112632,nan,ok,0.17094106611141335,0.7048080713330489,1.2684603998735832e-05,2.5436226397780807e-05,7.340892819193793e-14,3.8347103270552907e-13,True,0.9488984813432731,0.7628221400082111,0.00010593327130042633,1.175471537047522,1.176952855682373
p107_37034_3_000013_step0000,p107_37034_3_000013,0,4,2,adaptive_edge,0.46881325613986474,True,True,0.01875932763112632,0.020039982405705942,ok,0.1995323588500691,0.8226929912674816,1.6263026890127762e-05,3.337136049637805e-05,1.0822432878503682e-15,2.7755575615628914e-16,True,0.948070659669947,0.7680665515363216,0.0001311065950186049,1.1797966672939968,1.1872385144233704
p107_37034_3_000013_step0010,p107_37034_3_000013,10,4,2,fixed_probe,0.3000404839295135,True,True,0.010660778738820218,nan,ok,0.1390728811258068,0.5734121785406701,1.569671939010955e-05,3.075767627368952e-05,8.230733722318883e-14,3.859135233597044e-13,True,0.9465499368459567,0.7702782489359379,4.182683127900024e-05,1.2429121465149144,1.245627740502558
p107_37034_3_000013_step0010,p107_37034_3_000013,10,4,2,adaptive_edge,0.4854334038274252,True,True,0.010660778738820218,0.012678729600007455,ok,0.17520993973876525,0.7224090882010343,2.0003717603422893e-05,3.992942861539519e-05,9.497127656194471e-14,4.902744876744691e-13,True,0.9453931704399104,0.7691828161478043,6.79546400997565e-05,1.2478923927077883,1.256073534488678
p107_37034_3_000013_step0025,p107_37034_3_000013,25,4,2,fixed_probe,0.3000404839295135,True,True,0.006966505992041511,nan,ok,0.1282495473623701,0.5287864302127068,1.2568068426974313e-05,2.5598841613713963e-05,7.407359717143203e-14,3.7020386756125845e-13,True,0.9374501028772609,0.7783839404582977,2.534392339313832e-05,1.2805431291293026,1.2825279404629064
p107_37034_3_000013_step0025,p107_37034_3_000013,25,4,2,adaptive_edge,0.47379179738392174,True,True,0.006966505992041511,0.00899133797162448,ok,0.16201777407513843,0.6680163957392544,1.5365589141577977e-05,3.110096761592022e-05,1.6111479464393692e-13,7.325806627989095e-13,True,0.9362594001785565,0.7663547061383724,4.197734854898139e-05,1.284615523275418,1.2929723262786865
p107_37034_3_000013_step0050,p107_37034_3_000013,50,4,2,fixed_probe,0.3000404839295135,True,True,0.004300312313055321,nan,ok,0.12334869352108899,0.5085796921693907,1.3040989807752087e-05,2.677268434765547e-05,2.4928175096758016e-14,1.3666845433135677e-13,True,0.9171929256630641,0.7707136385142803,9.947953779143465e-06,1.3298339538691988,1.3298281696507113
p107_37034_3_000013_step0050,p107_37034_3_000013,50,4,2,adaptive_edge,0.44315746081779905,False,True,0.004300312313055321,0.005652675659613643,ok,0.15068141831501428,0.6212754035306834,1.4883777955517234e-05,3.108508262136319e-05,1.2027087028012755e-13,6.105116412413736e-13,True,0.9169184206716235,0.7802198976278305,0.00021343149236019475,1.33322129178447,1.3398545980453491
p107_37034_3_000013_step0075,p107_37034_3_000013,75,4,2,fixed_probe,0.3000404839295135,True,True,0.0030362827534487435,nan,ok,0.12179837607252532,0.5021875695757246,1.333863375129186e-05,2.7101025379948628e-05,2.3210171609764713e-14,1.3533618670180658e-13,True,0.8956475163480875,0.7619924917817116,1.769665312444178e-06,1.3921441504635126,1.3897114444983092
p107_37034_3_000013_step0075,p107_37034_3_000013,75,4,2,adaptive_edge,0.39402502264573236,True,True,0.0030362827534487435,0.004028735035152241,ok,0.14003005182445089,0.577358694432926,1.419102144947761e-05,2.8881558750701543e-05,7.808492848606468e-14,4.478084569825569e-13,True,0.8954802013668327,0.760653842240572,2.4066035804501496e-06,1.3939290515797562,1.3993880152702332
p107_37034_3_000013_step0100,p107_37034_3_000013,100,4,2,fixed_probe,0.3000404839295135,True,True,0.0023899937877067574,nan,ok,0.12038012028935273,0.49633995117756097,1.3929122575301382e-05,2.8348117680840313e-05,2.2564544008946096e-14,1.340039190722564e-13,True,0.893574536976033,0.7706517241895199,1.2833865851299116e-06,1.3995623521140057,1.3971239106859326
p107_37034_3_000013_step0100,p107_37034_3_000013,100,4,2,adaptive_edge,0.3905580520320565,True,True,0.0023899937877067574,0.0032208852048514346,ok,0.1377936130186758,0.5681376210114851,1.4767460861300492e-05,2.9847322591452795e-05,7.337565999512734e-14,4.2721381987576024e-13,True,0.8934133742471553,0.7728791758418083,1.7655126565043715e-06,1.4012388622825585,1.406339943408966
p107_37034_3_000013_step0150,p107_37034_3_000013,150,4,2,fixed_probe,0.3000404839295135,True,True,0.002672354498023655,nan,ok,0.12128735292479292,0.5000805671604884,1.44335930420315e-05,2.9417735832308046e-05,2.131196522637887e-14,1.0158540675320182e-13,True,0.8923203588709375,0.7634125240147114,5.2252932274531235e-06,1.422024385208372,1.4193527129802697
p107_37034_3_000013_step0150,p107_37034_3_000013,150,4,2,adaptive_edge,0.3768161775350842,True,True,0.002672354498023655,0.0030500813945434674,ok,0.13617097311745777,0.5614473053064213,1.4959156913967702e-05,3.0277100937124566e-05,5.886109742007563e-14,2.76445533131664e-13,True,0.8921879701903833,0.7606438398361206,5.39111627454278e-06,1.4235520568367492,1.428365796804428
p107_37034_3_000013_step0200,p107_37034_3_000013,200,4,2,fixed_probe,0.3000404839295135,True,True,0.0014355714235224628,nan,ok,0.12250573151750328,0.5051040707902246,1.1590985498759317e-05,2.3231297841038354e-05,2.2998989686082498e-14,1.184607967275042e-13,True,0.8953422163632685,0.7667667418718338,5.828721733941105e-07,1.4087784300295336,1.4058744171449344
p107_37034_3_000013_step0200,p107_37034_3_000013,200,4,2,adaptive_edge,0.3698785998723324,True,True,0.0014355714235224628,0.001933069284332083,ok,0.13636860803457806,0.5622621749450184,1.1566878536402673e-05,2.2605465359071053e-05,5.65892211630033e-14,2.936539900133539e-13,True,0.8952141789508052,0.7848778925836086,7.72654092511543e-07,1.4100958957490937,1.4153740108013153
p107_37034_3_000016_step0000,p107_37034_3_000016,0,3,4,fixed_probe,0.15754440911771506,True,True,0.034771148416804766,nan,ok,0.23220770592648385,0.7343052409702685,4.010637050764255e-05,6.328379155804213e-05,7.102939345056541e-16,1.1102230246251565e-16,True,0.8721941155104692,0.7628572434186935,0.00045099676590238633,1.271282181636741,1.2743416627578734
p107_37034_3_000016_step0000,p107_37034_3_000016,0,3,4,adaptive_edge,0.24616313924642974,True,True,0.034771148416804766,0.037605075754148384,ok,0.25109225773510335,0.7940234372769583,4.1994756681168764e-05,6.508258182101354e-05,5.0268434091224785e-06,0.0003217179781835888,False,0.8628695266694743,0.7679092474281788,0.00053581974079306,1.2800479577741233,1.2954649329185486
p107_37034_3_000016_step0010,p107_37034_3_000016,10,3,4,fixed_probe,0.15754440911771506,True,True,0.01965410583439068,nan,ok,0.14221256766461146,0.44971562572098495,4.033293215639395e-05,7.645761502528573e-05,3.825484958045763e-14,2.531308496145357e-13,True,0.9045154766139166,0.7592717260122299,8.614206599730116e-05,1.2354880397722172,1.2465646485302784
p107_37034_3_000016_step0010,p107_37034_3_000016,10,3,4,adaptive_edge,0.32173847475183937,True,True,0.01965410583439068,0.022482536002114115,ok,0.1794836197602338,0.5675770411339432,4.504834598582091e-05,6.694910381248946e-05,0.00013441790872681663,0.004192587490316146,False,0.8999966900011972,0.7855593860149384,0.0001431237277231336,1.2439567730162306,1.2589033842086792
p107_37034_3_000016_step0025,p107_37034_3_000016,25,3,4,fixed_probe,0.15754440911771506,True,True,0.01292017244522106,nan,ok,0.11137513500922579,0.3521991013379119,3.988374349684556e-05,7.660470958150463e-05,2.129568143114436e-14,1.8174350913113813e-13,True,0.9006070528324372,0.7703423984348774,3.3918537435896075e-05,1.1930334551538153,1.1999810541417528
p107_37034_3_000016_step0025,p107_37034_3_000016,25,3,4,adaptive_edge,0.3011576807404929,False,False,0.01292017244522106,0.015725630422815728,ok,0.14762923066108388,0.4668446181073903,3.852223462793817e-05,6.81165557610346e-05,9.32279114962752e-16,1.6653345369377348e-16,True,0.8981358071830453,0.7691966369748116,31.303324260162842,29.63124549021209,1.2095999717712402
p107_37034_3_000016_step0050,p107_37034_3_000016,50,3,4,fixed_probe,0.15754440911771506,True,True,0.006570908240712666,nan,ok,0.09272102677371676,0.29320963159439867,2.8298028527016045e-05,5.0547287221186256e-05,4.2810678754232815e-14,5.060118990485307e-13,True,0.881964063849791,0.7761752009391785,1.4366830731242766e-05,1.186932854111007,1.189943583686398
p107_37034_3_000016_step0050,p107_37034_3_000016,50,3,4,adaptive_edge,0.2608144206483945,True,True,0.006570908240712666,0.008742171983174531,ok,0.11977399257603072,0.3787586209923553,2.9140754952261048e-05,5.202821612695598e-05,5.99581311234954e-05,0.002143992385396365,False,0.8803653248750366,0.7773944959044456,2.4168439012079575e-05,1.190232075784468,1.1965665221214294
p107_37034_3_000016_step0075,p107_37034_3_000016,75,3,4,fixed_probe,0.15754440911771506,True,True,0.005901106674404183,nan,ok,0.09013462399570184,0.2850307078692847,2.431917504435433e-05,4.513648441961694e-05,2.34122965091193e-14,2.952083022478291e-13,True,0.8811822896680271,0.7693198211491108,1.2494495533541212e-05,1.1930410871475672,1.1955016565706236
p107_37034_3_000016_step0075,p107_37034_3_000016,75,3,4,adaptive_edge,0.2594997909692765,True,True,0.005901106674404183,0.007481941898076409,ok,0.11534837457467309,0.364763588054223,2.5956075526094917e-05,4.3448662242209484e-05,7.507496935594877e-05,0.002871370351619329,False,0.879639067330182,0.7678438983857632,1.95196731009124e-05,1.1960794328852538,1.2041360139846802
p107_37034_3_000016_step0100,p107_37034_3_000016,100,3,4,fixed_probe,0.15754440911771506,True,True,0.007205108965978324,nan,ok,0.09519929515510586,0.3010466043327671,3.6499655429532e-05,6.71826157704646e-05,7.241440537143251e-14,8.421874309050281e-13,True,0.8770157594799208,0.7723204344511032,2.1761778941780656e-05,1.2358996614743214,1.2363650513802127
p107_37034_3_000016_step0100,p107_37034_3_000016,100,3,4,adaptive_edge,0.24038700800597607,True,True,0.007205108965978324,0.008947480026477583,ok,0.11691210632664356,0.3697085420399752,3.8728859157649714e-05,6.481961336557231e-05,8.786746858299638e-16,1.3877787807814457e-16,True,0.8747124426202679,0.7715783156454563,2.8771647491697858e-05,1.2392866844862156,1.2480705976486206
p107_37034_3_000016_step0150,p107_37034_3_000016,150,3,4,fixed_probe,0.15754440911771506,True,True,0.0040951611577492615,nan,ok,0.09358479882994789,0.2959411186712961,4.1840186734692236e-05,7.0317910571759e-05,7.57616025783158e-16,8.326672684688674e-17,True,0.8311971431559605,0.7658017203211784,7.433162733364964e-06,1.225256286400843,1.222893208893947
p107_37034_3_000016_step0150,p107_37034_3_000016,150,3,4,adaptive_edge,0.183606800151073,True,True,0.0040951611577492615,0.005446304167539129,ok,0.10123356728453815,0.32012864828304755,4.173580605219188e-05,6.685855389016891e-05,8.28359863274087e-16,1.3877787807814457e-16,True,0.8298828311512537,0.7619177810847759,8.783427484649679e-06,1.2264099652002691,1.2290493845939636
p107_37034_3_000016_step0200,p107_37034_3_000016,200,3,4,fixed_probe,0.15754440911771506,True,True,0.005099977708215802,nan,ok,0.09681320921582925,0.3061502487124243,4.092004746559111e-05,6.528224857999631e-05,0.0005034042656401667,0.010013356828296599,False,0.7853147268881819,0.7703584097325802,1.70021754289137e-05,1.2443534741171138,1.240853950381279
p107_37034_3_000016_step0200,p107_37034_3_000016,200,3,4,adaptive_edge,0.14321783742408162,True,True,0.005099977708215802,0.0060830457032441465,ok,0.09238742768819394,0.2921546986587973,4.0969857788571876e-05,6.688820279943648e-05,7.417942340925222e-16,1.1102230246251565e-16,True,0.7847792760258152,0.7746348492801189,1.551687332838307e-05,1.2435721435728497,1.2390083087751176
p107_37034_3_000017_step0000,p107_37034_3_000017,0,2,4,fixed_probe,0.14631434011781852,True,True,0.03226628752689991,nan,ok,0.20641458207361482,0.4615570370638123,5.14600115096293e-05,9.926282429038134e-05,1.2736368881355031e-14,7.97695243193175e-14,True,0.8455710735694103,0.7711203657090664,0.0002917479840572613,0.8364301056085716,0.8386757408409118
p107_37034_3_000017_step0000,p107_37034_3_000017,0,2,4,adaptive_edge,0.2286161564340914,True,True,0.03226628752689991,0.03330308813450943,ok,0.21142235470014178,0.4727547570725892,4.9678280067731384e-05,8.866140717595869e-05,0.00019998966253843774,0.00577252179906812,False,0.8446136044927147,0.768504936248064,0.000370563341476581,0.83728541072183,0.8479780554771423
p107_37034_3_000017_step0010,p107_37034_3_000017,10,2,4,fixed_probe,0.14631434011781852,False,False,0.028768247102248592,nan,ok,0.18843264641268126,0.42134820655893723,0.0002984686527205938,0.00044035853744232276,0.0010342827633240536,0.02026316155280189,False,0.664901167916926,0.7743674032390118,75.76770574268812,-15.453286411418398,0.988682210445404
p107_37034_3_000017_step0010,p107_37034_3_000017,10,2,4,adaptive_edge,0.10998231781075979,False,False,0.028768247102248592,0.030290242645190774,ok,0.18280492535347428,0.40876423971214326,0.0002753821891106695,0.00043707841383102005,5.555685948667283e-16,6.938893903907228e-17,True,0.6709801734115467,0.7704281508922577,818.8864680046592,49.558467617462426,0.9762579420330362
p107_37034_3_000017_step0025,p107_37034_3_000017,25,2,4,fixed_probe,0.14631434011781852,False,False,0.028768247102248724,nan,ok,0.18843264641268126,0.42134820655893723,0.0002984686527205938,0.00044035853744232276,0.0010342827633240536,0.02026316155280189,False,0.664901167916926,0.7700532786548138,75.76770574268812,-15.453286411418398,0.988682210445404
p107_37034_3_000017_step0025,p107_37034_3_000017,25,2,4,adaptive_edge,0.10998231781075979,False,False,0.028768247102248724,0.030290242645190757,ok,0.18280492535347428,0.40876423971214326,0.0002753821891106695,0.00043707841383102005,5.555685948667283e-16,6.938893903907228e-17,True,0.6709801734115467,0.7621462643146515,818.8864680046592,49.558467617462426,0.9762579420330362
p107_37034_3_000017_step0050,p107_37034_3_000017,50,2,4,fixed_probe,0.14631434011781852,False,False,0.028768247102248734,nan,ok,0.18843264641268126,0.42134820655893723,0.0002984686527205938,0.00044035853744232276,0.0010342827633240536,0.02026316155280189,False,0.664901167916926,0.7761176526546478,75.76770574268812,-15.453286411418398,0.988682210445404
p107_37034_3_000017_step0050,p107_37034_3_000017,50,2,4,adaptive_edge,0.10998231781075979,False,False,0.028768247102248734,0.0302902426451908,ok,0.18280492535347428,0.40876423971214326,0.0002753821891106695,0.00043707841383102005,5.555685948667283e-16,6.938893903907228e-17,True,0.6709801734115467,0.764482356607914,818.8864680046592,49.558467617462426,0.9762579420330362
p107_37034_3_000017_step0075,p107_37034_3_000017,75,2,4,fixed_probe,0.14631434011781852,False,False,0.028768247102248772,nan,ok,0.18843264641268126,0.42134820655893723,0.0002984686527205938,0.00044035853744232276,0.0010342827633240536,0.02026316155280189,False,0.664901167916926,0.7829981185495853,75.76770574268812,-15.453286411418398,0.988682210445404
p107_37034_3_000017_step0075,p107_37034_3_000017,75,2,4,adaptive_edge,0.10998231781075979,False,False,0.028768247102248772,0.03029024264519083,ok,0.18280492535347428,0.40876423971214326,0.0002753821891106695,0.00043707841383102005,5.555685948667283e-16,6.938893903907228e-17,True,0.6709801734115467,0.7604389563202858,818.8864680046592,49.558467617462426,0.9762579420330362
p107_37034_3_000017_step0100,p107_37034_3_000017,100,2,4,fixed_probe,0.14631434011781852,False,False,0.028768247102248734,nan,ok,0.18843264641268126,0.42134820655893723,0.0002984686527205938,0.00044035853744232276,0.0010342827633240536,0.02026316155280189,False,0.664901167916926,0.7786060571670532,75.76770574268812,-15.453286411418398,0.988682210445404
p107_37034_3_000017_step0100,p107_37034_3_000017,100,2,4,adaptive_edge,0.10998231781075979,False,False,0.028768247102248734,0.03029024264519083,ok,0.18280492535347428,0.40876423971214326,0.0002753821891106695,0.00043707841383102005,5.555685948667283e-16,6.938893903907228e-17,True,0.6709801734115467,0.766502533107996,818.8864680046592,49.558467617462426,0.9762579420330362
p107_37034_3_000017_step0150,p107_37034_3_000017,150,2,4,fixed_probe,0.14631434011781852,False,False,0.0288545108420334,nan,ok,0.18897358116126617,0.4225577734281648,0.0002988234811454699,0.0004481010817102158,0.0007432281244732547,0.01672059352094646,False,0.6690560822347551,0.7766766287386417,7354.821335230943,-1628914575979.5063,0.9936718940734863
p107_37034_3_000017_step0150,p107_37034_3_000017,150,2,4,adaptive_edge,0.10958536531768508,False,False,0.0288545108420334,0.030300678594498975,ok,0.18338585083371794,0.41006322857582983,0.0002781893048737538,0.0004361129736953748,5.626173186669625e-16,6.938893903907228e-17,True,0.678519396403796,0.7684033066034317,41517.93750316104,-104312.3440646365,0.9774665757625
p107_37034_3_000017_step0200,p107_37034_3_000017,200,2,4,fixed_probe,0.14631434011781852,False,True,0.03173064492452237,nan,ok,0.2328456068104898,0.5206586050904433,0.0006593494077932567,0.0006568477523625983,0.021988489343702497,0.09369915785616395,False,0.6500138204826015,0.7680251263082027,0.0008641130058606726,1.0512860419534715,1.0581178665161133
p107_37034_3_000017_step0200,p107_37034_3_000017,200,2,4,adaptive_edge,0.04380285893723061,False,True,0.03173064492452237,0.03315872724587259,ok,0.2065873312182234,0.46194331589421195,0.0006408800063631911,0.0007826947158878037,3.7700994430120014e-16,2.1163626406917047e-15,True,0.5250800886027482,0.7659907080233097,0.0006563811346557026,1.045480877538805,1.0210918132751854
p107_37034_3_000018_step0000,p107_37034_3_000018,0,4,3,fixed_probe,0.2632852866068604,True,True,0.021352965009746035,nan,ok,0.18369200716980183,0.7573815481428096,1.9088279225930525e-05,3.7823773964752734e-05,7.774730007457822e-14,3.8413716652030416e-13,True,0.9112028405907837,0.7667419165372849,0.0002070157922269064,1.4648503524024938,1.4665721381835934
p107_37034_3_000018_step0000,p107_37034_3_000018,0,4,3,adaptive_edge,0.41138326032321926,True,True,0.021352965009746035,0.021655608661377716,ok,0.20772151295994565,0.8564577386469636,2.222018968910457e-05,4.760343181524465e-05,0.00011094679438610382,0.003080722753734666,False,0.9107779660917696,0.7699743881821632,0.0002105572585279699,1.468356399212502,1.4791724681854248
p107_37034_3_000018_step0010,p107_37034_3_000018,10,4,3,fixed_probe,0.2632852866068604,True,True,0.008046871080699031,nan,ok,0.12734158293463332,0.5250427969728445,1.9296058171882204e-05,3.8443259614384065e-05,5.231257509218124e-14,3.555489236362064e-13,True,0.8950753936665864,0.7591201812028885,4.975544042772471e-06,1.5050655748941897,1.5062223945388056
p107_37034_3_000018_step0010,p107_37034_3_000018,10,4,3,adaptive_edge,0.40295901003109513,True,True,0.008046871080699031,0.00834239196060781,ok,0.15468229235241523,0.6377714297816789,2.1358724627063124e-05,4.34306601971365e-05,3.890362244351492e-06,0.0002130604245967338,False,0.8948388494662164,0.7743271812796593,5.694358056216899e-06,1.5078446507366612,1.5154703259468079
p107_37034_3_000018_step0025,p107_37034_3_000018,25,4,3,fixed_probe,0.2632852866068604,True,True,0.003665756022776825,nan,ok,0.11640848853382299,0.47996449394345453,1.582849073507492e-05,3.115680790542495e-05,3.592291872718971e-14,2.7228219678931964e-13,True,0.8837660913885724,0.7742335274815559,1.0887075900489e-06,1.4646144821913551,1.465546433449302
p107_37034_3_000018_step0025,p107_37034_3_000018,25,4,3,adaptive_edge,0.39933086822165137,True,True,0.003665756022776825,0.004102501137015665,ok,0.14368346580193253,0.5924221061561907,1.708544364643435e-05,3.380158532941832e-05,1.103356749420262e-15,2.7755575615628914e-16,True,0.8835835967333872,0.7821518778800964,1.5691803702410828e-06,1.4668048034128256,1.4741116166114807
p107_37034_3_000018_step0050,p107_37034_3_000018,50,4,3,fixed_probe,0.2632852866068604,True,True,0.0018030693253725297,nan,ok,0.1158696479232514,0.47774279719069546,1.5377708330086207e-05,3.0271186568899085e-05,2.8948396568797595e-14,2.473021787352536e-13,True,0.8891047279634242,0.7766349762678146,3.2672002854439125e-07,1.444640721992109,1.446006529774642
p107_37034_3_000018_step0050,p107_37034_3_000018,50,4,3,adaptive_edge,0.402867492034847,True,True,0.0018030693253725297,0.002376953250720943,ok,0.14439722099786687,0.5953649942198614,1.7103664377653365e-05,3.368646717321805e-05,1.104663069677592e-15,2.220446049250313e-16,True,0.8889051049955511,0.7642297521233559,5.255285912723256e-07,1.4470812909271016,1.4546180963516235
p107_37034_3_000018_step0075,p107_37034_3_000018,75,4,3,fixed_probe,0.2632852866068604,True,True,0.0013814473701264792,nan,ok,0.11436801217041377,0.4715513943705421,1.4450352408010685e-05,2.8013814181070644e-05,2.134182702688121e-14,1.805777749552817e-13,True,0.8879431305227884,0.7797062881290913,2.2806098209738243e-07,1.428693199013162,1.4306711796147715
p107_37034_3_000018_step0075,p107_37034_3_000018,75,4,3,adaptive_edge,0.41205876013624576,True,True,0.0013814473701264792,0.0018138371162349494,ok,0.1440862509048169,0.5940828316798082,1.5984049402243365e-05,3.162274906539718e-05,1.0949507293665102e-13,8.016365349305943e-13,True,0.8877776952775533,0.7725946009159088,3.467690828028875e-07,1.4311471697037246,1.438270092010498
p107_37034_3_000018_step0100,p107_37034_3_000018,100,4,3,fixed_probe,0.2632852866068604,True,True,0.00119483915090799,nan,ok,0.11381059256944202,0.4692530944779459,1.3859393357115195e-05,2.698033347612994e-05,1.864923773334893e-14,1.5870638137016613e-13,True,0.8860693737424993,0.7676671147346497,2.081481956890943e-07,1.425981654413147,1.4276842128562115
p107_37034_3_000018_step0100,p107_37034_3_000018,100,4,3,adaptive_edge,0.40895347769781243,True,True,0.00119483915090799,0.0015436470651257223,ok,0.14270773066353615,0.5883990471179559,1.508698391532391e-05,2.962037225299221e-05,9.531494434619438e-14,7.05768776754212e-13,True,0.8859045769555275,0.7796280942857265,3.1439503775549823e-07,1.428379736460477,1.435009479522705
p107_37034_3_000018_step0150,p107_37034_3_000018,150,4,3,fixed_probe,0.2632852866068604,True,True,0.0008814847149661503,nan,ok,0.11103155214441739,0.45779481726770793,1.3777284778814798e-05,2.667211979786017e-05,1.5367795948560334e-14,1.2151391004522338e-13,True,0.8781300065213373,0.7710343860089779,6.687032119376034e-08,1.441772258494656,1.4435479754153357
p107_37034_3_000018_step0150,p107_37034_3_000018,150,4,3,adaptive_edge,0.41518402330946397,True,True,0.0008814847149661503,0.0011385208255213035,ok,0.140200120313493,0.5780599047768359,1.3464130957749627e-05,2.6623922979199023e-05,7.0081854277730055e-06,0.0004141362099853718,False,0.8780353163576408,0.767768956720829,1.0986987950460241e-07,1.4439272159689884,1.4479375183582306
p107_37034_3_000018_step0200,p107_37034_3_000018,200,4,3,fixed_probe,0.2632852866068604,True,True,0.0007379818018525742,nan,ok,0.10885550553577743,0.44882274725401833,1.3134540860996372e-05,2.551379057262923e-05,1.6523333604240182e-14,1.4055423491754482e-13,True,0.8707272640409258,0.7641362175345421,7.570385875381449e-08,1.44218673592201,1.444292698870154
p107_37034_3_000018_step0200,p107_37034_3_000018,200,4,3,adaptive_edge,0.41368625376112134,True,True,0.0007379818018525742,0.0009559778776235885,ok,0.13704165606207974,0.5650372230535216,1.1919511934301295e-05,2.3382372079760503e-05,6.496983272085895e-05,0.0027690353393698963,False,0.870657865188468,0.7730951234698296,1.1408410976001208e-07,1.4439806226651084,1.4441288113594055
p107_37034_3_000024_step0000,p107_37034_3_000024,0,5,2,fixed_probe,0.2619550598881368,True,True,0.04852457752531321,nan,ok,0.3645910851405022,1.859057057613389,1.3447565020029602e-05,2.6570548963856352e-05,8.777323666542256e-16,2.220446049250313e-16,True,0.9562852729693794,0.7764822617173195,0.0018308506615505084,1.1779062915439318,1.180165739593506
p107_37034_3_000024_step0000,p107_37034_3_000024,0,5,2,adaptive_edge,0.4093047810752136,True,True,0.04852457752531321,0.05098659629460002,ok,0.40223280011995033,2.050992896818693,1.9452530653901415e-05,4.180730429131525e-05,1.1180178409924365e-15,2.7755575615628914e-16,True,0.9528697755913089,0.7631955221295357,0.0018685887761830786,1.1875423719634701,1.1974913477897644
p107_37034_3_000024_step0010,p107_37034_3_000024,10,5,2,fixed_probe,0.2619550598881368,True,True,0.03495711418159162,nan,ok,0.2898685665528917,1.478045477230364,8.219110232278392e-06,1.5213812392869047e-05,9.014797281471125e-16,1.6653345369377348e-16,True,0.9400794369043254,0.7722304314374924,0.0005790901793225955,1.1654952406660666,1.1658825242381965
p107_37034_3_000024_step0010,p107_37034_3_000024,10,5,2,adaptive_edge,0.3863365424955001,True,True,0.03495711418159162,0.03691925006158583,ok,0.3235123040456265,1.6495955512160114,1.1901689267605641e-05,2.5646456060444358e-05,5.574183634313743e-05,0.002176306779989756,False,0.938333147454541,0.7647876627743244,0.0006115088745181311,1.1693578793877888,1.177552044391632
p107_37034_3_000024_step0025,p107_37034_3_000024,25,5,2,fixed_probe,0.2619550598881368,True,True,0.021314283567666407,nan,ok,0.22848093627376423,1.1650287525438732,1.084884874264251e-05,2.0047903904683754e-05,9.152963939327496e-16,1.6653345369377348e-16,True,0.9259781642199483,0.7696897201240063,0.00011408012284065268,1.1496875693211641,1.1488616703464702
p107_37034_3_000024_step0025,p107_37034_3_000024,25,5,2,adaptive_edge,0.352059071501275,True,True,0.021314283567666407,0.023162563151590407,ok,0.2569646598804556,1.310267815034176,9.634933475650977e-06,2.00793231646503e-05,1.0840172351901675e-15,2.220446049250313e-16,True,0.924778827991619,0.7626786902546883,0.00012733288823323953,1.1511693427963279,1.1552104949951172
p107_37034_3_000024_step0050,p107_37034_3_000024,50,5,2,fixed_probe,0.2619550598881368,True,True,0.010049321645262168,nan,ok,0.1932028475574332,0.985145089777044,1.2055325610038451e-05,2.2951452154133532e-05,9.175883736390135e-16,1.6653345369377348e-16,True,0.913307317523146,0.7741216234862804,1.1917337630786157e-05,1.160867444844328,1.1602256052874815
p107_37034_3_000024_step0050,p107_37034_3_000024,50,5,2,adaptive_edge,0.31752457310504556,True,True,0.010049321645262168,0.012188971519370092,ok,0.2129092291881361,1.0856283142543046,1.1705701783076669e-05,2.311649139435306e-05,1.0131936070875898e-15,1.6653345369377348e-16,True,0.9126717459211826,0.7640231586992741,1.5118712298125702e-05,1.1614868109488998,1.161534160375595
p107_37034_3_000024_step0075,p107_37034_3_000024,75,5,2,fixed_probe,0.2619550598881368,True,True,0.007771240755225058,nan,ok,0.1875870949114587,0.9565102574517097,8.752232448391642e-06,1.6307473022625506e-05,9.5383530159283e-16,1.6653345369377348e-16,True,0.91049726831306,0.7650123611092567,6.232261781839348e-06,1.1565626493558667,1.1560686024280395
p107_37034_3_000024_step0075,p107_37034_3_000024,75,5,2,adaptive_edge,0.32662185168066826,True,True,0.007771240755225058,0.010051606483417517,ok,0.2102294154750095,1.0719638918382783,8.888593761215032e-06,1.7042893438295704e-05,1.0560459535954624e-15,2.220446049250313e-16,True,0.9102784528933766,0.7690600454807281,8.806938516611575e-06,1.1570985199006207,1.1573094576597214
p107_37034_3_000024_step0100,p107_37034_3_000024,100,5,2,fixed_probe,0.2619550598881368,True,True,0.006424374032639349,nan,ok,0.18454326908840324,0.9409897301839723,6.142207943682246e-06,1.1519992346029296e-05,8.399384944840491e-14,4.715672297095352e-13,True,0.9130627897891782,0.7777750194072723,4.354583175548637e-06,1.1473503023413076,1.1465510994758537
p107_37034_3_000024_step0100,p107_37034_3_000024,100,5,2,adaptive_edge,0.3308746023142083,True,True,0.006424374032639349,0.008368539943515798,ok,0.20807615798622262,1.0609843898851643,6.192675573308621e-06,1.1366974923602171e-05,1.0455893755183976e-15,2.220446049250313e-16,True,0.913039724449657,0.7717401348054409,6.205851649689743e-06,1.147912314578906,1.1489166617393494
p107_37034_3_000024_step0150,p107_37034_3_000024,150,5,2,fixed_probe,0.2619550598881368,True,True,0.003990954426855736,nan,ok,0.17894976149436156,0.9124683258125244,4.094076338741392e-06,8.059374381749967e-06,3.0974843642596474e-14,2.1510571102112408e-13,True,0.9212340485357823,0.7624318934977055,3.0994634123067026e-06,1.140514386969153,1.1397062225689993
p107_37034_3_000024_step0150,p107_37034_3_000024,150,5,2,adaptive_edge,0.35275436984617214,True,True,0.003990954426855736,0.005316725562153395,ok,0.2082318757645641,1.0617783978755406,3.588162737192173e-06,5.836931323664241e-06,1.17709393941947e-13,8.407163853973998e-13,True,0.9212046381476092,0.7723206132650375,4.628960472093852e-06,1.141507522732442,1.1439738273620605
p107_37034_3_000024_step0200,p107_37034_3_000024,200,5,2,fixed_probe,0.2619550598881368,True,True,0.003222148309807545,nan,ok,0.17612344717219297,0.89805689393224,4.180248440720552e-06,8.232314340599782e-06,2.9042587666935374e-14,2.1999069232947477e-13,True,0.9223740145001622,0.7753834538161755,2.3031496836789388e-06,1.171258754825532,1.1707151001488596
p107_37034_3_000024_step0200,p107_37034_3_000024,200,5,2,adaptive_edge,0.3697861304230231,True,True,0.003222148309807545,0.004335036846271785,ok,0.20985650820601504,1.070062430396915,3.6607462587653318e-06,5.638728383271989e-06,4.995753567516547e-06,0.00022979629365538212,False,0.922319913275038,0.7673646211624146,3.653376522866814e-06,1.1725970511060506,1.1771893501281738
p107_37034_3_000027_step0000,p107_37034_3_000027,0,8,2,fixed_probe,0.4480937434599968,True,True,0.04220092846137115,nan,ok,0.42808932115583087,3.451366446452463,2.8411275301734693e-06,5.608251343001653e-06,7.636882449069547e-16,3.3306690738754696e-16,True,0.9773655499048003,0.7826699614524841,0.0014162268522796703,1.2478045703717275,1.2478676009979248
p107_37034_3_000027_step0000,p107_37034_3_000027,0,8,2,adaptive_edge,0.7001464741562449,True,True,0.04220092846137115,0.043862740788187714,ok,0.5030586471636002,4.055788475943322,2.869255282087652e-06,5.675792770111106e-06,9.613279696769147e-16,4.440892098500626e-16,True,0.9756065851459821,0.7667835168540478,0.001371554435550441,1.2569470609173143,1.2550210058689117
p107_37034_3_000027_step0010,p107_37034_3_000027,10,8,2,fixed_probe,0.4480937434599968,True,True,0.02703219379175446,nan,ok,0.3663504204397955,2.9536115157831726,1.2795668471663123e-06,2.4812454916784793e-06,8.511590042419677e-16,2.7755575615628914e-16,True,0.9845565383902921,0.7615902684628963,0.00032194892838894224,1.1619035280625627,1.1618143014974183
p107_37034_3_000027_step0010,p107_37034_3_000027,10,8,2,adaptive_edge,0.7250808944338991,True,True,0.02703219379175446,0.03400553787856951,ok,0.46255040353448534,3.7292005748745254,8.61773735591979e-07,1.5913058941226354e-06,1.1022649190391475e-15,4.440892098500626e-16,True,0.9827112229003983,0.775106355547905,0.0005129723959952916,1.1767478757104912,1.1753598004579544
p107_37034_3_000027_step0025,p107_37034_3_000027,25,8,2,fixed_probe,0.4480937434599968,True,True,0.027756634742991997,nan,ok,0.37817653639283033,3.0489567107578046,1.2695741131776447e-06,2.374422334130119e-06,8.543860937371184e-16,2.7755575615628914e-16,True,0.9856527541450105,0.7679220512509346,0.0003347854450481448,1.205550429287441,1.205611740581668
p107_37034_3_000027_step0025,p107_37034_3_000027,25,8,2,adaptive_edge,0.7249931061735728,True,True,0.027756634742991997,0.033678966455870936,ok,0.47509203202316835,3.8303144163336915,7.343419588074038e-07,1.3992861491687693e-06,1.0642977394790786e-15,5.551115123125783e-16,True,0.9838921791710546,0.7668569162487984,0.0004939873253260373,1.2197416960286638,1.2188452994450927
p107_37034_3_000027_step0050,p107_37034_3_000027,50,8,2,fixed_probe,0.4480937434599968,True,True,0.028849831360786934,nan,ok,0.3796632077743619,3.060942638622731,9.830260374992843e-07,1.869017089958252e-06,8.622094855379117e-16,2.7755575615628914e-16,True,0.9881880990802777,0.7761157713830471,0.0004834382988283651,1.171887401071523,1.1718367467368005
p107_37034_3_000027_step0050,p107_37034_3_000027,50,8,2,adaptive_edge,0.7683003558802637,True,True,0.028849831360786934,0.03531125848605595,ok,0.4906056928643744,3.955389548655181,4.771779081791842e-07,9.095702536536999e-07,1.120125066317143e-15,4.440892098500626e-16,True,0.9862786245475588,0.7711677141487598,0.00073217473611331,1.1896067682139055,1.1890329271554947
p107_37034_3_000027_step0075,p107_37034_3_000027,75,8,2,fixed_probe,0.4480937434599968,True,True,0.02451712706836246,nan,ok,0.37810827223633686,3.0484063475331844,8.916526348317521e-07,1.720725514919009e-06,8.78478595421808e-16,2.7755575615628914e-16,True,0.9898007568496331,0.7660389393568039,0.00038735055174112404,1.192416313341188,1.192540784821792
p107_37034_3_000027_step0075,p107_37034_3_000027,75,8,2,adaptive_edge,0.7309311993732858,True,True,0.02451712706836246,0.03052738448350519,ok,0.48060650239737296,3.8747734978358856,4.1923692133555124e-07,8.318231230086078e-07,1.0948881438558664e-15,4.440892098500626e-16,True,0.9881936572068368,0.7708769291639328,0.0006084641526946108,1.2079102059327254,1.2077070754021406
p107_37034_3_000027_step0100,p107_37034_3_000027,100,8,2,fixed_probe,0.4480937434599968,True,True,0.02257644563525616,nan,ok,0.37864359290319355,3.0527222407273733,8.663288581450513e-07,1.7036413003962615e-06,8.929947194433822e-16,2.7755575615628914e-16,True,0.9902246047645267,0.7730363607406616,0.00038209829066092224,1.2456734919710417,1.2458167000873044
p107_37034_3_000027_step0100,p107_37034_3_000027,100,8,2,adaptive_edge,0.7251580735294633,True,True,0.02257644563525616,0.028684552433429943,ok,0.4811707617172157,3.8793227019093375,4.271805984604588e-07,8.797324359998252e-07,1.1566222432132622e-15,4.440892098500626e-16,True,0.9885974865212073,0.7638614624738693,0.0006016324622024837,1.2619346633696298,1.2618819591589272
p107_37034_3_000027_step0150,p107_37034_3_000027,150,8,2,fixed_probe,0.4480937434599968,True,True,0.020110948976046306,nan,ok,0.38520416665116003,3.105615277260201,9.086268057096149e-07,1.8066165771304584e-06,9.478307467477224e-16,3.3306690738754696e-16,True,0.9901523001842457,0.7648794427514076,0.00033167398796438304,1.396712076917982,1.3968725458344924
p107_37034_3_000027_step0150,p107_37034_3_000027,150,8,2,adaptive_edge,0.7251137107593019,True,True,0.020110948976046306,0.025548025856363617,ok,0.4898861038343338,3.949588036422145,4.861522540191207e-07,1.052519642460791e-06,1.2390941695170075e-15,4.440892098500626e-16,True,0.988386977068778,0.7656442634761333,0.0005262407122969013,1.4157095421861665,1.4159293142147362
p107_37034_3_000027_step0200,p107_37034_3_000027,200,8,2,fixed_probe,0.4480937434599968,True,True,0.023558766666428445,nan,ok,0.4177289713261457,3.367838635763001,2.092879888850265e-06,4.496195830469353e-06,1.0172870179351583e-15,3.3306690738754696e-16,True,0.9863962807956747,0.7678399905562401,0.0005172981859648842,1.7069003022530116,1.7070014785735788
p107_37034_3_000027_step0200,p107_37034_3_000027,200,8,2,adaptive_edge,0.5808663306715208,True,True,0.023558766666428445,0.025197205536504338,ok,0.4716450412010398,3.802523887869671,1.2683165613294224e-06,2.30205538160925e-06,1.179234345760205e-15,3.3306690738754696e-16,True,0.9853059948793524,0.7688324749469757,0.0005433044759257122,1.7184761210366752,1.7189316246658564
p107_37034_3_000033_step0000,p107_37034_3_000033,0,4,3,fixed_probe,0.14331904827976302,True,True,0.02533544151557759,nan,ok,0.181167438688029,0.746972485633355,1.4877439997029984e-05,3.168404362381817e-05,1.412418327779204e-14,1.1177170300413763e-13,True,0.8137196105415512,0.7657206915318966,0.0001833306640343912,1.6255187296349842,1.6221943239364625
p107_37034_3_000033_step0000,p107_37034_3_000033,0,4,3,adaptive_edge,0.22393601293712967,True,True,0.02533544151557759,0.02612013217864,ok,0.19638019473523283,0.8096962856727301,1.1826174404228328e-05,2.4434604116229908e-05,9.887555667268865e-14,7.696066006701585e-13,True,0.8131945738869343,0.7747880592942238,0.00020502807971507187,1.626869209991578,1.6191774904727936
p107_37034_3_000033_step0010,p107_37034_3_000033,10,4,3,fixed_probe,0.14331904827976302,True,True,0.00821247880136665,nan,ok,0.10871422471728301,0.4482402315164921,1.1508876291626508e-05,2.4001030947915935e-05,5.235407539086799e-15,2.603472992745992e-14,True,0.886678448874134,0.7740169391036034,1.2079823356647665e-05,1.4643677218684166,1.461839509620005
p107_37034_3_000033_step0010,p107_37034_3_000033,10,4,3,adaptive_edge,0.3214912709441511,True,True,0.00821247880136665,0.009286680947244205,ok,0.15626390355419026,0.6442925798252573,4.86700689650039e-06,9.484523886323065e-06,1.044150076038697e-15,2.220446049250313e-16,True,0.8858506506428542,0.7731313928961754,2.3274869612196524e-05,1.4675506957195712,1.4697604775428772
p107_37034_3_000033_step0025,p107_37034_3_000033,25,4,3,fixed_probe,0.14331904827976302,True,True,0.004818780176444516,nan,ok,0.09660375744685275,0.3983074957849225,1.208185983557874e-05,2.5741419910903327e-05,2.565378541108572e-15,1.0769163338864018e-14,True,0.8851663959438568,0.7629886493086815,5.634261716787545e-06,1.4464431927091792,1.4434326623525653
p107_37034_3_000033_step0025,p107_37034_3_000033,25,4,3,adaptive_edge,0.35021674733949326,True,True,0.004818780176444516,0.0058644633536272224,ok,0.1495043669423989,0.616422296394612,4.102219175864444e-06,7.595440672213662e-06,1.0972619650693778e-15,2.220446049250313e-16,True,0.8842052645711017,0.7631704024970531,1.3741530294248018e-05,1.449460136359838,1.4519692361354828
p107_37034_3_000033_step0050,p107_37034_3_000033,50,4,3,fixed_probe,0.14331904827976302,True,True,0.0027915919809983992,nan,ok,0.09108160306571948,0.37553906999054276,1.1921322717120222e-05,2.5047556379238928e-05,7.776121711703419e-16,1.7208456881689926e-15,True,0.9000168680979852,0.7722249515354633,1.1336553296016804e-06,1.4013780446951503,1.3963958362436069
p107_37034_3_000033_step0050,p107_37034_3_000033,50,4,3,adaptive_edge,0.4107836539073817,True,True,0.0027915919809983992,0.0034258606075046657,ok,0.15403559251803353,0.6351050180564538,2.796612919739679e-06,4.601925463511488e-06,3.6578873286884905e-05,0.0015370670255104302,False,0.899165280161389,0.7834038026630878,3.348936226590041e-06,1.4049099120277675,1.4090733230113983
p107_37034_3_000033_step0075,p107_37034_3_000033,75,4,3,fixed_probe,0.14331904827976302,True,True,0.0018900239697228183,nan,ok,0.08733562820908734,0.3600940199857405,1.2995636739265802e-05,2.73905498773083e-05,6.95007927602884e-16,8.881784197001252e-16,True,0.8946121079477348,0.7683834731578827,5.687782604997084e-07,1.3873627543641571,1.3821608994203405
p107_37034_3_000033_step0075,p107_37034_3_000033,75,4,3,adaptive_edge,0.422676589512858,True,True,0.0018900239697228183,0.002420686039774051,ok,0.1505058603048036,0.6205515593111613,3.0619543717541404e-06,5.728277281422609e-06,3.23333558377452e-14,1.220135104063047e-13,True,0.8937899318818773,0.7731318809092045,1.728568026929772e-06,1.3902408740352012,1.3949220478534698
p107_37034_3_000033_step0100,p107_37034_3_000033,100,4,3,fixed_probe,0.14331904827976302,True,True,0.0015828242123414166,nan,ok,0.08470774130109739,0.3492589646919201,1.4133890969510569e-05,3.008040970382238e-05,7.004715339182865e-16,7.216449660063518e-16,True,0.886997382391076,0.7714407555758953,4.1911317552057134e-07,1.3865662878439382,1.3798750533865725
p107_37034_3_000033_step0100,p107_37034_3_000033,100,4,3,adaptive_edge,0.4319592645801754,True,True,0.0015828242123414166,0.0020894150087928916,ok,0.1477328305601713,0.6091180647710629,3.482313171742796e-06,6.437601199294908e-06,7.256443702953403e-05,0.002501541381124295,False,0.8862497583813995,0.7711623720824718,1.395768413448065e-06,1.3890479430031868,1.3937824964523315
p107_37034_3_000033_step0150,p107_37034_3_000033,150,4,3,fixed_probe,0.14331904827976302,True,True,0.0013229812012940914,nan,ok,0.0826147896901804,0.3406295041308028,1.5829936965023808e-05,3.3959385214342214e-05,7.030227732171909e-16,1.0824674490095276e-15,True,0.8734105270588415,0.7663801945745945,6.121861971091478e-07,1.397322515507088,1.3893131297025632
p107_37034_3_000033_step0150,p107_37034_3_000033,150,4,3,adaptive_edge,0.4101130784204748,True,True,0.0013229812012940914,0.001639324885554432,ok,0.14029859905550698,0.5784659430320375,4.381951176213252e-06,7.811211811217874e-06,1.6189845167213992e-05,0.0007716160094002333,False,0.8726319218342483,0.7680580615997314,8.11243197261138e-07,1.3993132090060645,1.4024103581905365
p107_37034_3_000033_step0200,p107_37034_3_000033,200,4,3,fixed_probe,0.14331904827976302,True,True,0.00098143301783624,nan,ok,0.08265356766845172,0.3407893898311633,1.5999344641787714e-05,3.3925527036203536e-05,7.181659602035149e-16,1.4710455076283324e-15,True,0.8735265277529148,0.7709347866475582,1.1816370350735151e-07,1.3822152913069106,1.3751333876456335
p107_37034_3_000033_step0200,p107_37034_3_000033,200,4,3,adaptive_edge,0.4067583424901946,True,True,0.00098143301783624,0.0012871482084288702,ok,0.13997749591828915,0.5771420008805711,5.412675652069751e-06,9.706288707120697e-06,1.3793341890433006e-05,0.000621792575055069,False,0.8725767595635394,0.7836200632154942,3.8439254188008695e-07,1.3843560142530384,1.3879717290401459
p107_37034_3_000034_step0000,p107_37034_3_000034,0,3,5,fixed_probe,0.21308470819261974,True,True,0.06611195226916063,nan,ok,0.4286561440583886,1.3555297482497608,6.306269768585387e-05,0.00012370896423463136,7.163817264390417e-16,1.3877787807814457e-16,True,0.8998269699147712,0.7665099501609802,0.0006313800389830616,1.4204473849597612,1.4239695122528078
p107_37034_3_000034_step0000,p107_37034_3_000034,0,3,5,adaptive_edge,0.3329448565509683,True,True,0.06611195226916063,0.066937426388336,ok,0.4386438727964403,1.3871137197139236,5.1931059801342583e-05,9.265502077605517e-05,8.82221163782834e-16,1.6653345369377348e-16,True,0.8964971377736746,0.7640652470290661,0.0006742947135761451,1.4263920543178235,1.4382606744766235
p107_37034_3_000034_step0010,p107_37034_3_000034,10,3,5,fixed_probe,0.21308470819261974,False,True,0.047566543724509025,nan,ok,0.32790000550138165,1.036910862166108,0.0003826302929735175,0.0001821816000853852,0.06290695840448417,0.20154280485945508,False,0.6821257461342494,0.781291738152504,0.0004537184600399682,1.163248200979061,1.0898518562316895
p107_37034_3_000034_step0010,p107_37034_3_000034,10,3,5,adaptive_edge,0.012983156251242927,False,True,0.047566543724509025,0.049081470268842124,ok,0.3103144358829055,0.9813004082202652,0.00039530225064129645,0.00019593780203223075,2.621549624240961e-16,5.533767888366015e-16,True,0.3311679522576598,0.7734183743596077,0.0001943405106873162,3.163136656545295,3.0291834792817887
p107_37034_3_000034_step0025,p107_37034_3_000034,25,3,5,fixed_probe,0.21308470819261974,False,True,0.04756654372450914,nan,ok,0.32790000550138165,1.036910862166108,0.0003826302929735175,0.0001821816000853852,0.06290695840448417,0.20154280485945508,False,0.6821257461342494,0.7843079604208469,0.0004537184600399682,1.163248200979061,1.0898518562316895
p107_37034_3_000034_step0025,p107_37034_3_000034,25,3,5,adaptive_edge,0.012983156251242927,False,True,0.04756654372450914,0.04908147026884216,ok,0.3103144358829055,0.9813004082202652,0.00039530225064129645,0.00019593780203223075,2.621549624240961e-16,5.533767888366015e-16,True,0.3311679522576598,0.7615817934274673,0.0001943405106873162,3.163136656545295,3.0291834792817887
p107_37034_3_000034_step0050,p107_37034_3_000034,50,3,5,fixed_probe,0.21308470819261974,False,True,0.04756654372450889,nan,ok,0.32790000550138165,1.036910862166108,0.0003826302929735175,0.0001821816000853852,0.06290695840448417,0.20154280485945508,False,0.6821257461342494,0.7708537355065346,0.0004537184600399682,1.163248200979061,1.0898518562316895
p107_37034_3_000034_step0050,p107_37034_3_000034,50,3,5,adaptive_edge,0.012983156251242927,False,True,0.04756654372450889,0.049081470268842076,ok,0.3103144358829055,0.9813004082202652,0.00039530225064129645,0.00019593780203223075,2.621549624240961e-16,5.533767888366015e-16,True,0.3311679522576598,0.7798403352499008,0.0001943405106873162,3.163136656545295,3.0291834792817887
p107_37034_3_000034_step0075,p107_37034_3_000034,75,3,5,fixed_probe,0.21308470819261974,False,True,0.04756654372450913,nan,ok,0.32790000550138165,1.036910862166108,0.0003826302929735175,0.0001821816000853852,0.06290695840448417,0.20154280485945508,False,0.6821257461342494,0.7776094228029251,0.0004537184600399682,1.163248200979061,1.0898518562316895
p107_37034_3_000034_step0075,p107_37034_3_000034,75,3,5,adaptive_edge,0.012983156251242927,False,True,0.04756654372450913,0.04908147026884211,ok,0.3103144358829055,0.9813004082202652,0.00039530225064129645,0.00019593780203223075,2.621549624240961e-16,5.533767888366015e-16,True,0.3311679522576598,0.7654558382928371,0.0001943405106873162,3.163136656545295,3.0291834792817887
p107_37034_3_000034_step0100,p107_37034_3_000034,100,3,5,fixed_probe,0.21308470819261974,False,True,0.04756654372450926,nan,ok,0.32790000550138165,1.036910862166108,0.0003826302929735175,0.0001821816000853852,0.06290695840448417,0.20154280485945508,False,0.6821257461342494,0.7783935368061066,0.0004537184600399682,1.163248200979061,1.0898518562316895
p107_37034_3_000034_step0100,p107_37034_3_000034,100,3,5,adaptive_edge,0.012983156251242927,False,True,0.04756654372450926,0.04908147026884209,ok,0.3103144358829055,0.9813004082202652,0.00039530225064129645,0.00019593780203223075,2.621549624240961e-16,5.533767888366015e-16,True,0.3311679522576598,0.7612860053777695,0.0001943405106873162,3.163136656545295,3.0291834792817887
p107_37034_3_000034_step0150,p107_37034_3_000034,150,3,5,fixed_probe,0.21308470819261974,False,True,0.047566543724509025,nan,ok,0.32790000550138165,1.036910862166108,0.0003826302929735175,0.0001821816000853852,0.06290695840448417,0.20154280485945508,False,0.6821257461342494,0.7842864356935024,0.0004537184600399682,1.163248200979061,1.0898518562316895
p107_37034_3_000034_step0150,p107_37034_3_000034,150,3,5,adaptive_edge,0.012983156251242927,False,True,0.047566543724509025,0.04908147026884208,ok,0.3103144358829055,0.9813004082202652,0.00039530225064129645,0.00019593780203223075,2.621549624240961e-16,5.533767888366015e-16,True,0.3311679522576598,0.7683496326208115,0.0001943405106873162,3.163136656545295,3.0291834792817887
p107_37034_3_000034_step0200,p107_37034_3_000034,200,3,5,fixed_probe,0.21308470819261974,False,True,0.04756654372450886,nan,ok,0.32790000550138165,1.036910862166108,0.0003826302929735175,0.0001821816000853852,0.06290695840448417,0.20154280485945508,False,0.6821257461342494,0.7715155221521854,0.0004537184600399682,1.163248200979061,1.0898518562316895
p107_37034_3_000034_step0200,p107_37034_3_000034,200,3,5,adaptive_edge,0.012983156251242927,False,True,0.04756654372450886,0.049081470268842124,ok,0.3103144358829055,0.9813004082202652,0.00039530225064129645,0.00019593780203223075,2.621549624240961e-16,5.533767888366015e-16,True,0.3311679522576598,0.7621415257453918,0.0001943405106873162,3.163136656545295,3.0291834792817887
p107_37034_3_000040_step0000,p107_37034_3_000040,0,3,5,fixed_probe,0.18718452519513487,False,True,0.033119875044462836,nan,ok,0.2274439887529429,0.7192410445730194,0.00010912447222381851,0.0002126258881239617,4.0517863620154735e-15,2.506328478091291e-14,True,0.9303881485724786,0.7681754268705845,0.0007738942878756495,1.1846433669134562,1.1890338123016357
p107_37034_3_000040_step0000,p107_37034_3_000040,0,3,5,adaptive_edge,0.2924758206173982,False,True,0.033119875044462836,0.03440408847540334,ok,0.24677524960783337,0.7803718589173272,0.00013876762059523368,0.00027447310522453727,1.1757603738123591e-05,0.0006079443309381372,False,0.9288881155641677,0.7736932784318924,0.0008225880637246678,1.1878155120558167,1.193464070558548
p107_37034_3_000040_step0010,p107_37034_3_000040,10,3,5,fixed_probe,0.18718452519513487,True,True,0.01339274242685316,nan,ok,0.11753661755438413,0.37168341994398346,6.0280044196058745e-05,0.00011376821034278293,2.3483539660579805e-14,1.1332601523861285e-13,True,0.9201115463890922,0.7628135792911053,4.771946700112899e-05,1.2387312836796909,1.2433802045062683
p107_37034_3_000040_step0010,p107_37034_3_000040,10,3,5,adaptive_edge,0.30952186673583026,False,True,0.01339274242685316,0.015271267619448619,ok,0.1469206531587257,0.4646038993011852,8.193248798469455e-05,0.0001554955558995042,6.812622634680115e-16,6.661338147750939e-16,True,0.9188465022915475,0.7608013451099396,7.602081116231143e-05,1.2419445575488244,1.249318242073059
p107_37034_3_000040_step0025,p107_37034_3_000040,25,3,5,fixed_probe,0.18718452519513487,True,True,0.006600820006577314,nan,ok,0.08911830338774948,0.2818168199151882,3.798998383327276e-05,7.208041731739798e-05,4.713207297273991e-14,3.45778961019505e-13,True,0.8962718664945365,0.7719451151788235,1.1674513467018565e-05,1.3130424788224881,1.3164858260538943
p107_37034_3_000040_step0025,p107_37034_3_000040,25,3,5,adaptive_edge,0.30430100616176103,True,True,0.006600820006577314,0.007961085696599587,ok,0.11455722788886795,0.36226176256378523,4.7160887370198225e-05,8.662995298632232e-05,4.115085229440494e-14,2.732813975114823e-13,True,0.8942544374457456,0.7690239772200584,1.9695200835615035e-05,1.3156492385526282,1.3265017867088318
p107_37034_3_000040_step0050,p107_37034_3_000040,50,3,5,fixed_probe,0.18718452519513487,True,True,0.003552897464074261,nan,ok,0.07600759846515538,0.24035713062940928,4.9358382686349654e-05,8.872899914227743e-05,9.229614946290653e-14,8.019418462623662e-13,True,0.8289530134027673,0.7655040100216866,2.0107358192457413e-06,1.4046867660019178,1.4019623430250316
p107_37034_3_000040_step0050,p107_37034_3_000040,50,3,5,adaptive_edge,0.23281834395182865,True,True,0.003552897464074261,0.00448754036917329,ok,0.08548730869956161,0.27033460652854163,4.9830900075671326e-05,9.261755305148594e-05,9.659409946373045e-14,8.189282585391311e-13,True,0.8231019834974208,0.768016017973423,2.7289274742905494e-06,1.4057353929091052,1.4082427322864532
p107_37034_3_000040_step0075,p107_37034_3_000040,75,3,5,fixed_probe,0.18718452519513487,True,True,0.00268040793381052,nan,ok,0.07078719912288972,0.22384877841220488,5.173361866899509e-05,9.622767424361293e-05,6.239617440595408e-14,5.241918010767677e-13,True,0.836363857853071,0.7714274413883686,8.594412974002521e-07,1.4153299710379097,1.4124900547424986
p107_37034_3_000040_step0075,p107_37034_3_000040,75,3,5,adaptive_edge,0.2551256178354433,True,True,0.00268040793381052,0.003475516121143446,ok,0.08392247160884514,0.2653861571547661,5.1891481097799634e-05,9.422011011015713e-05,1.6069698541219624e-05,0.0007605685514664451,False,0.8276244330743414,0.771531093865633,1.3200420330327333e-06,1.4167171350786976,1.4245814085006714
p107_37034_3_000040_step0100,p107_37034_3_000040,100,3,5,fixed_probe,0.18718452519513487,True,True,0.002126405288461191,nan,ok,0.0680711823148316,0.21525997913544084,5.0845239874128175e-05,9.302724635777689e-05,6.338710017733605e-14,5.291600491119652e-13,True,0.8363431348664571,0.7673663720488548,6.047238909522982e-07,1.4128555189251544,1.411739204091044
p107_37034_3_000040_step0100,p107_37034_3_000040,100,3,5,adaptive_edge,0.2675894777666253,True,True,0.002126405288461191,0.002784744087417397,ok,0.08281713569386659,0.2618907780838476,4.9128277687413335e-05,9.012500329815027e-05,2.991166679755345e-05,0.0014250098242172826,False,0.8275339910278655,0.7809371277689934,9.529647266224918e-07,1.414372287473984,1.4191521406173706
p107_37034_3_000040_step0150,p107_37034_3_000040,150,3,5,fixed_probe,0.18718452519513487,True,True,0.0015818442487140188,nan,ok,0.06670944264512488,0.21095378019896224,4.762876728901236e-05,8.536352513563252e-05,7.602744764431918e-16,1.1102230246251565e-16,True,0.8262975459559639,0.7692423947155476,4.5856492252336446e-07,1.389601211469125,1.3882610219628286
p107_37034_3_000040_step0150,p107_37034_3_000040,150,3,5,adaptive_edge,0.271043050856743,True,True,0.0015818442487140188,0.002130594403728706,ok,0.08154021988907756,0.2578528157604474,4.376954753807859e-05,7.864721542829778e-05,2.1247533785810656e-05,0.000960355592655171,False,0.8200480349604513,0.7710208967328072,7.320956765400291e-07,1.3909735317335088,1.3954093754291534
p107_37034_3_000040_step0200,p107_37034_3_000040,200,3,5,fixed_probe,0.18718452519513487,True,True,0.0012690112933575104,nan,ok,0.06537299942821188,0.20672757567003466,4.7814972124746796e-05,8.684432110520403e-05,1.2244259757170556e-13,9.94260229703059e-13,True,0.8335036278444331,0.7706939093768597,3.529377717376211e-07,1.3943248488723312,1.3938791698114668
p107_37034_3_000040_step0200,p107_37034_3_000040,200,3,5,adaptive_edge,0.2869453765885047,True,True,0.0012690112933575104,0.0016165975066610697,ok,0.0824520789930844,0.2607363674342693,4.451153496107392e-05,8.290657341411588e-05,6.941894753831673e-06,0.00044386722148526125,False,0.8271001653862937,0.7720890864729881,5.673523034570175e-07,1.395935225360768,1.403889775276184
p107_37034_3_000045_step0000,p107_37034_3_000045,0,3,5,fixed_probe,0.2613606579121535,True,True,0.021274762214515932,nan,ok,0.15539900195608852,0.491414792298201,2.232503706370869e-05,4.713304386353703e-05,8.44172645724329e-14,6.122324869295426e-13,True,0.8833065955324724,0.7633814699947834,0.00012230541469306712,1.0647931350884687,1.0656000036582947
p107_37034_3_000045_step0000,p107_37034_3_000045,0,3,5,adaptive_edge,0.4083760279877398,True,True,0.021274762214515932,0.021793436411242283,ok,0.168780778654298,0.5337316858043107,2.569525147722862e-05,5.1569975522747834e-05,0.00013121173317067885,0.004485868155459871,False,0.8824033798929276,0.7687398493289948,0.00013010868965615676,1.0652710112050892,1.071498543024063
p107_37034_3_000045_step0010,p107_37034_3_000045,10,3,5,fixed_probe,0.2613606579121535,True,True,0.012556193423756412,nan,ok,0.10954327457085991,0.3464062499971212,2.061901590766832e-05,4.045136060208282e-05,9.393603706469266e-16,1.6653345369377348e-16,True,0.8335971972883996,0.7736436687409878,1.8117388998973827e-05,1.1108082372379313,1.1094890482722402
p107_37034_3_000045_step0010,p107_37034_3_000045,10,3,5,adaptive_edge,0.36121016768483183,True,True,0.012556193423756412,0.013263335320239749,ok,0.12038320392184092,0.3806851164215319,2.165012671355241e-05,4.1250602969438403e-05,0.00011750874040082735,0.005136900414852763,False,0.8330982646110032,0.7827641479671001,2.074895522833188e-05,1.111064468796217,1.1119315773248672
p107_37034_3_000045_step0025,p107_37034_3_000045,25,3,5,fixed_probe,0.2613606579121535,True,True,0.00673996691443598,nan,ok,0.08148976536042776,0.2576932645316438,2.0336719777270673e-05,4.191856129446654e-05,1.0178400376142896e-15,1.6653345369377348e-16,True,0.7703760817228188,0.767217617481947,4.289641964567049e-06,1.150368695960013,1.1469019821819253
p107_37034_3_000045_step0025,p107_37034_3_000045,25,3,5,adaptive_edge,0.3017440499109281,True,True,0.00673996691443598,0.00747256322717995,ok,0.08647072472863046,0.2734444410679176,1.9386338358543556e-05,3.753099611009632e-05,1.1100275122058729e-15,1.6653345369377348e-16,True,0.7701896120660157,0.762476023286581,4.764731949443708e-06,1.1504124160815477,1.1498163342475891
p107_37034_3_000045_step0050,p107_37034_3_000045,50,3,5,fixed_probe,0.2613606579121535,True,True,0.00335231120224539,nan,ok,0.07453963128381305,0.2357150108059901,5.022834576379522e-05,9.062508389423059e-05,0.004686632808075269,0.039223053413929204,False,0.7158905845550791,0.7847849279642105,5.44519705671809e-06,1.201404300060541,1.1623305976390839
p107_37034_3_000045_step0050,p107_37034_3_000045,50,3,5,adaptive_edge,0.20823403390949596,True,True,0.00335231120224539,0.004280082533787778,ok,0.06594935861231147,0.20855018344214568,5.561192539693073e-05,9.969297641172133e-05,9.20261607145837e-16,1.3877787807814457e-16,True,0.7068430860585468,0.7676061876118183,4.337267562180944e-06,1.2014842515481892,1.1925769572042868
p107_37034_3_000045_step0075,p107_37034_3_000045,75,3,5,fixed_probe,0.2613606579121535,True,True,0.003774623251275902,nan,ok,0.0779487322475121,0.24649553462475407,7.216410703496463e-05,0.00011960963245020393,0.022544892120017427,0.10213191720645348,False,0.6967687538937827,0.78676662966609,1.7211321720758122e-05,1.243087287999275,0.9646044969558716
p107_37034_3_000045_step0075,p107_37034_3_000045,75,3,5,adaptive_edge,0.16,True,True,0.003774623251275902,0.004764724032268116,ok,0.059515102283433256,0.18820327839353712,8.258169105995016e-05,0.00013824940243817383,1.609423621509257e-05,0.0007712592942999696,False,0.6322285566641835,0.7722772061824799,1.2247979561451862e-05,1.2433043665231487,1.2215743636494865
p107_37034_3_000045_step0100,p107_37034_3_000045,100,3,5,fixed_probe,0.2613606579121535,False,True,0.004063566394253059,nan,ok,0.07676452079386083,0.24275072919995716,0.0003091770109877678,0.0001436419764073785,0.07091043592319901,0.2384190346696061,False,0.6616292990902655,0.7793567776679993,6.803332479920938e-05,1.118076176908017,1.0627745389938354
p107_37034_3_000045_step0100,p107_37034_3_000045,100,3,5,adaptive_edge,0.01595034773637722,True,True,0.004063566394253059,0.006201629339285758,ok,0.023421390816023104,0.07406494094758272,0.00023722226967146697,0.00022134216105106183,1.49386221968707e-14,5.904651767529856e-13,True,0.3507614064062439,0.7632136680185795,3.221739284418519e-05,1.4159554279741011,0.004198136106898292
p107_37034_3_000045_step0150,p107_37034_3_000045,150,3,5,fixed_probe,0.2613606579121535,False,True,0.004063566394253074,nan,ok,0.07676452079386083,0.24275072919995716,0.0003091770109877678,0.0001436419764073785,0.07091043592319901,0.2384190346696061,False,0.6616292990902655,0.7713453248143196,6.803332479920938e-05,1.118076176908017,1.0627745389938354
p107_37034_3_000045_step0150,p107_37034_3_000045,150,3,5,adaptive_edge,0.01595034773637722,True,True,0.004063566394253074,0.006201629339285747,ok,0.023421390816023104,0.07406494094758272,0.00023722226967146697,0.00022134216105106183,1.49386221968707e-14,5.904651767529856e-13,True,0.3507614064062439,0.7631508372724056,3.221739284418519e-05,1.4159554279741011,0.004198136106898292
p107_37034_3_000045_step0200,p107_37034_3_000045,200,3,5,fixed_probe,0.2613606579121535,False,True,0.004063566394253066,nan,ok,0.07676452079386083,0.24275072919995716,0.0003091770109877678,0.0001436419764073785,0.07091043592319901,0.2384190346696061,False,0.6616292990902655,0.7707942686975002,6.803332479920938e-05,1.118076176908017,1.0627745389938354
p107_37034_3_000045_step0200,p107_37034_3_000045,200,3,5,adaptive_edge,0.01595034773637722,True,True,0.004063566394253066,0.00620162933928575,ok,0.023421390816023104,0.07406494094758272,0.00023722226967146697,0.00022134216105106183,1.49386221968707e-14,5.904651767529856e-13,True,0.3507614064062439,0.7654505781829357,3.221739284418519e-05,1.4159554279741011,0.004198136106898292
p107_37034_3_000046_step0000,p107_37034_3_000046,0,5,2,fixed_probe,0.26941564138550106,True,True,0.023523885782822437,nan,ok,0.2085705104713815,1.0635051028535825,9.470383090759824e-06,1.9029791467978165e-05,8.350711384571201e-15,6.078471059822732e-14,True,0.8975730744527087,0.7656203173100948,0.0002114718192964882,1.4382412642532756,1.4406331417770384
p107_37034_3_000046_step0000,p107_37034_3_000046,0,5,2,adaptive_edge,0.42096193966484535,True,True,0.023523885782822437,0.02441269220592917,ok,0.23897906618799256,1.2185589218327557,8.63296486756946e-06,1.728888439113183e-05,6.447363941638532e-14,4.556910404573955e-13,True,0.8977393615560831,0.781048871576786,0.00021539180962706548,1.4389447314086423,1.4467003345489502
p107_37034_3_000046_step0010,p107_37034_3_000046,10,5,2,fixed_probe,0.26941564138550106,True,True,0.00970821659221009,nan,ok,0.162881129119525,0.8305340557764839,8.517526310363052e-06,1.7405132755323018e-05,1.993882951104384e-14,1.3528067555057532e-13,True,0.8888198061710797,0.7847032397985458,1.50179298084721e-05,1.4503255381291853,1.4491940072526859
p107_37034_3_000046_step0010,p107_37034_3_000046,10,5,2,adaptive_edge,0.3819020545290953,True,True,0.00970821659221009,0.010648629591395353,ok,0.19135375147786585,0.9757165127848222,7.201298741463796e-06,1.4425210582945423e-05,1.0569788168278584e-13,8.067990719951013e-13,True,0.8889828236970594,0.7658108659088612,1.668906300892335e-05,1.4509279310414576,1.4600836038589478
p107_37034_3_000046_step0025,p107_37034_3_000046,25,5,2,fixed_probe,0.26941564138550106,True,True,0.0031575840636715743,nan,ok,0.15112821615663022,0.7706057232371258,8.641768129882106e-06,1.8291452235777324e-05,1.8594222841435525e-14,1.3389289676979388e-13,True,0.879903187000025,0.7773084752261639,1.652977563146783e-06,1.4679873117891795,1.466294677769338
p107_37034_3_000046_step0025,p107_37034_3_000046,25,5,2,adaptive_edge,0.36836806542830636,True,True,0.0031575840636715743,0.004085342887658154,ok,0.17701902153828758,0.9026234451008298,6.862029715089624e-06,1.3060435306407344e-05,3.680223054922549e-05,0.0012506898825859758,False,0.8801635045762697,0.7851016893982887,2.3611609826984435e-06,1.468071291650294,1.4758835434913635
p107_37034_3_000046_step0050,p107_37034_3_000046,50,5,2,fixed_probe,0.26941564138550106,True,True,0.001908378962664779,nan,ok,0.14605998527048267,0.7447627150492658,9.41702636362343e-06,2.111676575491496e-05,1.0786722390263753e-14,1.2484457911909885e-13,True,0.8821990456062653,0.776385772973299,5.236458114884476e-07,1.5081160775309437,1.5084943484104083
p107_37034_3_000046_step0050,p107_37034_3_000046,50,5,2,adaptive_edge,0.3882985582271314,True,True,0.001908378962664779,0.002426506718321244,ok,0.17581582127722342,0.8964883034909037,6.777000746853429e-06,1.316719459439271e-05,4.8563804732571824e-14,5.163647287531603e-13,True,0.8824062261882856,0.78266466781497,7.652665751111964e-07,1.5079447116260911,1.5122076272964478
p107_37034_3_000046_step0075,p107_37034_3_000046,75,5,2,fixed_probe,0.26941564138550106,True,True,0.0014509608241073662,nan,ok,0.14700801492297796,0.7495967367468038,8.321638691588196e-06,1.9099520893592357e-05,7.457164320946956e-15,8.221201497349284e-14,True,0.8876452415473204,0.7729674093425274,2.852014602555896e-07,1.5108957691456204,1.511988990308025
p107_37034_3_000046_step0075,p107_37034_3_000046,75,5,2,adaptive_edge,0.40221968137067565,True,True,0.0014509608241073662,0.0018749507394102425,ok,0.18010741450439025,0.91837122110063,5.542789796758605e-06,1.0626725539447113e-05,4.067576868220918e-14,3.8813396940895473e-13,True,0.8879040997704531,0.7718033529818058,4.6852738805534844e-07,1.5108342642497132,1.5164204835891724
p107_37034_3_000046_step0100,p107_37034_3_000046,100,5,2,fixed_probe,0.26941564138550106,True,True,0.0015746641587773744,nan,ok,0.14760413553623097,0.752636367386236,8.191250144835001e-06,1.9115056514374454e-05,8.34992945602563e-15,9.459100169806334e-14,True,0.8860520447361964,0.7749205082654953,6.955347001237831e-07,1.5255037141509133,1.5261623646106084
p107_37034_3_000046_step0100,p107_37034_3_000046,100,5,2,adaptive_edge,0.3957911944785035,True,True,0.0015746641587773744,0.0020124689753407486,ok,0.1793435879465906,0.9144764545774093,5.210317052017898e-06,1.0258604825103501e-05,4.189535137238391e-14,4.1233683134578314e-13,True,0.8863120187415204,0.768435176461935,9.729505606125713e-07,1.5254313184948287,1.5310081243515015
p107_37034_3_000046_step0150,p107_37034_3_000046,150,5,2,fixed_probe,0.26941564138550106,True,True,0.0010359977868787324,nan,ok,0.1486592068885337,0.7580161967998603,7.755843295807057e-06,1.789663251493153e-05,8.340014307366754e-15,8.293365993949919e-14,True,0.8964505818948058,0.7717362381517887,2.464558352762193e-07,1.5074246689665816,1.509369325029047
p107_37034_3_000046_step0150,p107_37034_3_000046,150,5,2,adaptive_edge,0.41931180677839036,True,True,0.0010359977868787324,0.0014594752447649813,ok,0.18603337499280337,0.9485878092678283,4.6535059376718465e-06,9.078859146100034e-06,3.43978040475343e-05,0.0016115126879693853,False,0.8966859304661565,0.7753474786877632,5.101011618568448e-07,1.5073789476901467,1.5124858021736145
p107_37034_3_000046_step0200,p107_37034_3_000046,200,5,2,fixed_probe,0.26941564138550106,True,True,0.0008716192656406099,nan,ok,0.1476907800642014,0.7530781695251031,7.639471428080161e-06,1.7866705013105134e-05,8.032625676121143e-15,8.593126210598712e-14,True,0.891907714387787,0.7716063670814037,2.8943554860888627e-07,1.5354504794276893,1.5370202476582016
p107_37034_3_000046_step0200,p107_37034_3_000046,200,5,2,adaptive_edge,0.40964112325028734,True,True,0.0008716192656406099,0.0012071445071360314,ok,0.18259939172894407,0.9310778615960588,4.394109358177415e-06,8.86011215709795e-06,1.8455389916179905e-05,0.0008655228494291456,False,0.8920894889227012,0.7692982330918312,4.886681702623109e-07,1.5354385250059328,1.5403157472610474
p107_37034_3_000047_step0000,p107_37034_3_000047,0,4,4,fixed_probe,0.17289887796952125,True,True,0.01923987454061065,nan,ok,0.15404840478746204,0.6351578443966113,0.0001344434199700689,0.00024412887432909188,8.469746712389833e-15,6.569744748219364e-14,True,0.9468115917174816,0.7803778909146786,0.0002587947463082255,1.3510384333173937,1.3587833110122682
p107_37034_3_000047_step0000,p107_37034_3_000047,0,4,4,adaptive_edge,0.2701544968273769,True,True,0.01923987454061065,0.02790979069563104,ok,0.20380184656881453,0.8402965400991464,0.0001426596907109789,0.00027120018237481136,8.972956743177753e-16,2.2093438190040615e-14,True,0.9103062658846015,0.7697271890938282,0.0004643555079401383,1.3590643945972625,1.3498263955116272
p107_37034_3_000047_step0010,p107_37034_3_000047,10,4,4,fixed_probe,0.17289887796952125,True,True,0.0166275088797032,nan,ok,0.1451146799387486,0.5983231532151605,4.6929554409419155e-05,9.282785929657451e-05,3.867186445354879e-14,2.0344836926255994e-13,True,0.9577313406167621,0.7674688436090946,0.00011079210803262426,1.432912999228506,1.4432269652011296
p107_37034_3_000047_step0010,p107_37034_3_000047,10,4,4,adaptive_edge,0.42593614214226044,True,True,0.0166275088797032,0.01968831137481877,ok,0.2216336931088371,0.9138191268834644,5.116025848387157e-05,0.00010361782237368337,7.786463864942544e-05,0.0021596275262563136,False,0.9546374240042189,0.7846479304134846,0.0002319232292686604,1.4447856447693312,1.455702006816864
p107_37034_3_000047_step0025,p107_37034_3_000047,25,4,4,fixed_probe,0.17289887796952125,True,True,0.008458920882537295,nan,ok,0.11041881503292146,0.45526843743627443,2.8589617921710636e-05,5.545310851730718e-05,2.1518829987407232e-14,1.6489587473245138e-13,True,0.93883803024378,0.7708716727793217,1.7357383207495744e-05,1.4520859025736945,1.4593726304399621
p107_37034_3_000047_step0025,p107_37034_3_000047,25,4,4,adaptive_edge,0.43844839448627154,True,True,0.008458920882537295,0.010658339948122562,ok,0.18010292760081742,0.7425833939811405,3.587092008800264e-05,7.189556448749699e-05,9.543446837141668e-16,2.942091015256665e-15,True,0.9377593418013117,0.7639436796307564,4.859652017637899e-05,1.4592502460553212,1.4722679257392883
p107_37034_3_000047_step0050,p107_37034_3_000047,50,4,4,fixed_probe,0.17289887796952125,True,True,0.005756918387816918,nan,ok,0.10277977840954387,0.4237718825601269,2.4737485860452667e-05,4.7031314680432297e-05,2.6611776702715813e-14,2.690625500179067e-13,True,0.9133505309515688,0.7758712731301785,4.753456103548629e-06,1.4530412695597892,1.4594592872294316
p107_37034_3_000047_step0050,p107_37034_3_000047,50,4,4,adaptive_edge,0.40708976914469575,True,True,0.005756918387816918,0.007267582972792627,ok,0.1598923169149579,0.6592529113651048,2.979494855761247e-05,5.528702601507688e-05,1.0234122402963096e-15,2.7755575615628914e-16,True,0.9121826671086547,0.7740096189081669,1.2183170456251553e-05,1.4577084862701895,1.4703965783119202
p107_37034_3_000047_step0075,p107_37034_3_000047,75,4,4,fixed_probe,0.17289887796952125,True,True,0.004354351478776003,nan,ok,0.09890133916774548,0.40778066790365164,2.151531921282851e-05,4.0704649280916895e-05,2.2551881843806205e-14,2.416400413096653e-13,True,0.8964982360793958,0.7654935233294964,2.1348254083303714e-06,1.433209221143397,1.437188638413036
p107_37034_3_000047_step0075,p107_37034_3_000047,75,4,4,adaptive_edge,0.3908262213281587,True,True,0.004354351478776003,0.005513854065428667,ok,0.14999526347993958,0.6184463146701421,2.3277314023233114e-05,4.399409340455831e-05,1.0819147818168478e-15,2.7755575615628914e-16,True,0.8953230932075033,0.7667143009603024,5.583998669855992e-06,1.4368281187823602,1.447390615940094
p107_37034_3_000047_step0100,p107_37034_3_000047,100,4,4,fixed_probe,0.17289887796952125,True,True,0.0032476104596831415,nan,ok,0.095678326136532,0.3944918447432164,1.8705605147978956e-05,3.591759034375096e-05,9.827898988145452e-15,9.94482274307984e-14,True,0.8900888462549544,0.7638369686901569,1.3753670783893376e-06,1.425514530428769,1.427534105511844
p107_37034_3_000047_step0100,p107_37034_3_000047,100,4,4,adaptive_edge,0.40240121510102367,True,True,0.0032476104596831415,0.004069827438425142,ok,0.1471412435973012,0.6066788892364112,1.876407192677414e-05,3.690951938433214e-05,2.945527886965897e-05,0.0013716918343404938,False,0.8892972197619738,0.7688648998737335,3.504703768165827e-06,1.4288342669936078,1.4391657710075378
p107_37034_3_000047_step0150,p107_37034_3_000047,150,4,4,fixed_probe,0.17289887796952125,True,True,0.002217750700314007,nan,ok,0.09400520744409022,0.3875933996500835,1.7209189304827033e-05,3.342288045390916e-05,6.252782765427429e-15,5.33739719088544e-14,True,0.8902355040719073,0.7723381705582142,9.42301442764202e-07,1.4528377288356915,1.4540363110123582
p107_37034_3_000047_step0150,p107_37034_3_000047,150,4,4,adaptive_edge,0.41217841582693415,True,True,0.002217750700314007,0.002777954680596814,ok,0.146332200307163,0.6033431182954742,1.6175105403796748e-05,3.085739250751071e-05,1.8469573398910034e-05,0.0008841026797016815,False,0.88948017372738,0.7746944762766361,2.531641554266263e-06,1.456093501985998,1.4673874378204346
p107_37034_3_000047_step0200,p107_37034_3_000047,200,4,4,fixed_probe,0.17289887796952125,True,True,0.0018892017613350348,nan,ok,0.0940001906617576,0.38757271492662543,1.7081199446138937e-05,3.292708753865201e-05,7.161960377889467e-15,6.261657858885883e-14,True,0.8886047413275799,0.7765406183898449,8.372531000972645e-07,1.4588459645612504,1.4594961892087497
p107_37034_3_000047_step0200,p107_37034_3_000047,200,4,4,adaptive_edge,0.40443627551885597,True,True,0.0018892017613350348,0.0023310285823968926,ok,0.1448562512102857,0.597257624271014,1.5374251459787277e-05,2.9325348249171513e-05,1.1219598166523495e-15,2.7755575615628914e-16,True,0.8878461384729809,0.7712424397468567,2.0834181702837453e-06,1.4619990729268213,1.4712408781051636
p107_37034_3_000050_step0000,p107_37034_3_000050,0,7,1,fixed_probe,0.20250250173542564,True,True,0.037837765902736395,nan,ok,0.3813816948327968,2.6967758263668906,5.593374686680674e-05,0.00010769098503192869,4.800849178576927e-16,1.3877787807814457e-16,True,0.9537708912580062,0.7656551040709019,0.0008981853252012088,1.9610043553038774,1.9623869124298094
p107_37034_3_000050_step0000,p107_37034_3_000050,0,7,1,adaptive_edge,0.3164101589616025,True,True,0.037837765902736395,0.041307206615489825,ok,0.44954178185894805,3.1787404237914583,3.8155721469691284e-05,4.9397943941369244e-05,6.112242226393281e-16,2.220446049250313e-16,True,0.9456057909245805,0.7647240050137043,0.0009351827054333946,1.9800468112562917,1.9780200272798538
p107_37034_3_000050_step0010,p107_37034_3_000050,10,7,1,fixed_probe,0.20250250173542564,True,True,0.014802477276753113,nan,ok,0.28253195389647173,1.9978026050208018,1.992647234266652e-05,3.613491661568107e-05,4.874028906861389e-16,1.3877787807814457e-16,True,0.9776738810781229,0.7632691748440266,0.00012131090648294088,1.9133748645462063,1.9167980683093389
p107_37034_3_000050_step0010,p107_37034_3_000050,10,7,1,adaptive_edge,0.43750447799660375,True,True,0.014802477276753113,0.01971984989881792,ok,0.41578104903963575,2.9400159926478295,1.613599660161548e-05,2.4564928401841696e-05,7.534079004373731e-16,2.7755575615628914e-16,True,0.9716440068097177,0.7777082100510597,0.000304826034244047,1.9483604619578192,1.949855998158455
p107_37034_3_000050_step0025,p107_37034_3_000050,25,7,1,fixed_probe,0.20250250173542564,True,True,0.01260792108817935,nan,ok,0.26938836245586223,1.9048633786527975,9.861293564084513e-06,1.7864390905442683e-05,5.550390015564793e-16,1.3877787807814457e-16,True,0.9803989110852657,0.7615120448172092,0.00011981224413461369,2.0144071324367205,2.0179810158563636
p107_37034_3_000050_step0025,p107_37034_3_000050,25,7,1,adaptive_edge,0.4497579015430663,True,True,0.01260792108817935,0.017118860502110853,ok,0.4034984142095055,2.8531646488555973,4.987591834557329e-06,9.021632348427275e-06,8.019335064516849e-16,2.7755575615628914e-16,True,0.9743569414462488,0.7593677863478661,0.00031039825440935695,2.0559709412639626,2.0582887828350067
p107_37034_3_000050_step0050,p107_37034_3_000050,50,7,1,fixed_probe,0.20250250173542564,True,True,0.017583979273441568,nan,ok,0.26648186468295526,1.8843113358055363,1.621641370461095e-05,2.8969136834020575e-05,5.186661829467721e-16,1.1102230246251565e-16,True,0.9916244603618032,0.7652952373027802,0.00017923255594404902,1.7701862421859678,1.7711643894466946
p107_37034_3_000050_step0050,p107_37034_3_000050,50,7,1,adaptive_edge,0.6425785734749119,True,True,0.017583979273441568,0.022666950422135963,ok,0.4738244574654342,3.3504448696584546,1.2732417561918498e-05,1.5668845901367893e-05,1.774008461529431e-05,0.0005479611158025754,False,0.985708180703265,0.764703031629324,0.0005071798002795743,1.8264630709441538,1.828822322189808
p107_37034_3_000050_step0075,p107_37034_3_000050,75,7,1,fixed_probe,0.20250250173542564,True,True,0.016794079562348834,nan,ok,0.25907383659997,1.8319286668785437,5.074441451310785e-06,1.0823434954051345e-05,5.310069387489582e-16,1.1102230246251565e-16,True,0.9905487695152294,0.7650224454700947,0.00014194822728458807,1.9119763533679603,1.91260525346519
p107_37034_3_000050_step0075,p107_37034_3_000050,75,7,1,adaptive_edge,0.6366504245264544,True,True,0.016794079562348834,0.02138369620410546,ok,0.4546557545648096,3.214901671582635,1.2684245118021191e-06,2.604893809354157e-06,9.423141829511065e-16,4.440892098500626e-16,True,0.9845832232068903,0.763150367885828,0.00041684843884826046,1.9705962853857037,1.9728505611419678
p107_37034_3_000050_step0100,p107_37034_3_000050,100,7,1,fixed_probe,0.20250250173542564,True,True,0.022088535712605686,nan,ok,0.2638005846673955,1.8653518229929134,6.209995405967905e-06,1.2494929816910393e-05,5.274315401132896e-16,1.1102230246251565e-16,True,0.9913631442683116,0.7693986296653748,0.0003083560721542144,1.8524372701959706,1.8523144546420571
p107_37034_3_000050_step0100,p107_37034_3_000050,100,7,1,adaptive_edge,0.6976223050701754,True,True,0.022088535712605686,0.02779092442712843,ok,0.47744732510320675,3.376062412398557,1.6679262676080056e-06,3.183166558335754e-06,1.004761361447556e-15,4.440892098500626e-16,True,0.9841140468290274,0.7628432624042034,0.0007704170532923235,1.9217394557272751,1.9245059192180634
p107_37034_3_000050_step0150,p107_37034_3_000050,150,7,1,fixed_probe,0.20250250173542564,True,True,0.019229513855990737,nan,ok,0.2511417876934504,1.77584061117351,6.694079809687889e-06,1.3600213879669563e-05,5.615480689670525e-16,1.3877787807814457e-16,True,0.9880663052122506,0.7735004313290119,0.0001504275671789782,2.0285714567330424,2.029427737020769
p107_37034_3_000050_step0150,p107_37034_3_000050,150,7,1,adaptive_edge,0.6285504212970545,True,True,0.019229513855990737,0.024183473517936947,ok,0.4336077355660018,3.0660697019366316,1.7831992086783438e-06,2.7684214146929555e-06,1.0061590567452725e-15,4.440892098500626e-16,True,0.9811460991364259,0.7753935903310776,0.00041290122090839934,2.090959660017769,2.0936423242092133
p107_37034_3_000050_step0200,p107_37034_3_000050,200,7,1,fixed_probe,0.20250250173542564,True,True,0.031394944662660504,nan,ok,0.28718820939383355,2.0307273033920183,7.319330145225148e-06,1.5725183331433516e-05,5.472854966864248e-16,1.3877787807814457e-16,True,0.985639476755327,0.7624194771051407,0.0004466908789180274,1.9920344825392806,1.9920218096433138
p107_37034_3_000050_step0200,p107_37034_3_000050,200,7,1,adaptive_edge,0.6794470558880957,True,True,0.031394944662660504,0.03464652029166594,ok,0.4595611490125292,3.249588048366409,1.4329824436185749e-06,2.4747723570236818e-06,1.0481161343157261e-15,5.551115123125783e-16,True,0.9787290161682292,0.7710379995405674,0.0007063786498655454,2.053029040034222,2.056336000561714
student_37035_0_000001_step0000,student_37035_0_000001,0,5,3,fixed_probe,0.3040694728015546,True,True,0.021727883873704733,nan,ok,0.21407984968051758,1.0915973309879692,4.671006847875038e-06,9.054435376960109e-06,1.049023086324226e-13,7.317479955304407e-13,True,0.9202476459143771,0.7645398452877998,0.0004242677953984626,1.5053188865445297,1.5067974501113892
student_37035_0_000001_step0000,student_37035_0_000001,0,5,3,adaptive_edge,0.475108551252429,True,True,0.021727883873704733,0.02245450044965255,ok,0.24901887065888847,1.26975208074251,4.366302758521385e-06,8.378824193783023e-06,1.8289262197984696e-05,0.0010129538568413032,False,0.919878841731585,0.7668517157435417,0.000433843908803213,1.506632599592595,1.5147160291671753
student_37035_0_000001_step0010,student_37035_0_000001,10,5,3,fixed_probe,0.3040694728015546,True,True,0.008963850067372306,nan,ok,0.1576597473883165,0.8039101284411349,5.351333653637284e-06,1.023405233003999e-05,8.753472071168279e-16,1.6653345369377348e-16,True,0.9159054015239168,0.7755399383604527,4.007718489710765e-05,1.5759350075306533,1.5798823020924737
student_37035_0_000001_step0010,student_37035_0_000001,10,5,3,adaptive_edge,0.5239514436937052,True,True,0.008963850067372306,0.01187455536542421,ok,0.2064373602091826,1.0526281280412046,5.20580892130797e-06,1.0097911348831367e-05,1.1744346977973925e-15,3.3306690738754696e-16,True,0.9147545696423917,0.7734830193221569,7.023083676011547e-05,1.5787792534779572,1.5868553221225739
student_37035_0_000001_step0025,student_37035_0_000001,25,5,3,fixed_probe,0.3040694728015546,True,True,0.00900062705913752,nan,ok,0.14943144737731168,0.7619538661213255,5.941857031076388e-06,1.1786054490123692e-05,3.484565927957302e-14,2.3436808049837055e-13,True,0.9105680593708626,0.7627656757831573,5.6070539876446706e-05,1.5929311114517013,1.598560776157036
student_37035_0_000001_step0025,student_37035_0_000001,25,5,3,adaptive_edge,0.5766138891011441,True,True,0.00900062705913752,0.01216665236169567,ok,0.20629389128502532,1.0518965771973325,6.4146551398139374e-06,1.2334405551671282e-05,1.182695995041638e-15,3.3306690738754696e-16,True,0.9099771110370253,0.762831773608923,0.00010920232688618038,1.5958349924674347,1.6035228073596954
student_37035_0_000001_step0050,student_37035_0_000001,50,5,3,fixed_probe,0.3040694728015546,True,True,0.005816295436087755,nan,ok,0.1447195474793844,0.7379277965956986,7.65999995084024e-06,1.6110521894183577e-05,6.385779250394664e-15,4.0190073491430667e-14,True,0.8974941392539849,0.7882966846227646,2.109520392548976e-05,1.6316560841593448,1.6355722718168977
student_37035_0_000001_step0050,student_37035_0_000001,50,5,3,adaptive_edge,0.5257376960677478,True,True,0.005816295436087755,0.007650831288315454,ok,0.19067299490781037,0.9722453217501026,7.012619581878562e-06,1.35117799366657e-05,2.7603767298276128e-05,0.0011273158548628093,False,0.8974300945133389,0.7700946033000946,3.682048861246703e-05,1.6329264792685694,1.639441430568695
student_37035_0_000001_step0075,student_37035_0_000001,75,5,3,fixed_probe,0.3040694728015546,True,True,0.0037646954533653225,nan,ok,0.14313881284976412,0.7298675998734528,1.6661659105052558e-05,3.2682530028848404e-05,8.614058550246152e-15,6.378231276471524e-14,True,0.887253645618513,0.7760914675891399,1.1478388075589536e-05,1.6580235201692755,1.6581164838255784
student_37035_0_000001_step0075,student_37035_0_000001,75,5,3,adaptive_edge,0.43868843149327014,True,True,0.0037646954533653225,0.004925002764538704,ok,0.17247257706216218,0.8794410359996001,2.3391073079946097e-05,3.8231831117315995e-05,4.1056233226119974e-14,2.566835632933362e-13,True,0.8872477150140423,0.7640272043645382,1.9713980580113245e-05,1.658429771407456,1.6656103730201721
student_37035_0_000001_step0100,student_37035_0_000001,100,5,3,fixed_probe,0.3040694728015546,True,True,0.0028576946186378116,nan,ok,0.14487953279082524,0.7387435648206235,1.5865980066669976e-05,3.097407915784598e-05,1.0851440062170898e-14,9.553469126899472e-14,True,0.8860433811847138,0.771636325865984,4.924386734856502e-06,1.6555219890120945,1.655714399215152
student_37035_0_000001_step0100,student_37035_0_000001,100,5,3,adaptive_edge,0.4381751051783962,True,True,0.0028576946186378116,0.0037626752403964034,ok,0.1744542138025851,0.8895454404078692,2.241655130727456e-05,3.397564284711644e-05,4.860697176290176e-14,3.771427614651657e-13,True,0.8860789767844747,0.761329859495163,8.057325991867646e-06,1.6556650046631627,1.6626502871513367
student_37035_0_000001_step0150,student_37035_0_000001,150,5,3,fixed_probe,0.3040694728015546,True,True,0.001716717916073138,nan,ok,0.1434950800639581,0.7316842133506813,1.4698424542421602e-05,3.0167370988167674e-05,1.435262280281578e-14,1.4155343563970746e-13,True,0.8824542600978644,0.7724973484873772,1.3588993395462618e-06,1.6530666844893631,1.6532629805131633
student_37035_0_000001_step0150,student_37035_0_000001,150,5,3,adaptive_edge,0.4378851427081185,True,True,0.001716717916073138,0.00225913648941311,ok,0.1726463693091275,0.8803272060581876,1.9432441500746108e-05,2.984567306901246e-05,5.940100872100555e-14,5.406786129924512e-13,True,0.8825283085161063,0.7706868797540665,2.230820660811462e-06,1.6529197317514523,1.6597639322280884
student_37035_0_000001_step0200,student_37035_0_000001,200,5,3,fixed_probe,0.3040694728015546,True,True,0.0012761096184076123,nan,ok,0.1434221458648762,0.7313123204463543,1.096389848204693e-05,2.4229411947951907e-05,1.643575580562476e-14,1.6708856520608606e-13,True,0.8807289267867887,0.7650646641850471,4.98796174358394e-07,1.6286119251941718,1.6289154010587683
student_37035_0_000001_step0200,student_37035_0_000001,200,5,3,adaptive_edge,0.4378939371570591,True,True,0.0012761096184076123,0.0016619338585362612,ok,0.17251840198384402,0.8796746981694649,9.538085154994634e-06,1.7075294382578588e-05,6.462604393847402e-14,6.154521337009555e-13,True,0.880806771938554,0.7677916586399078,8.167662381355352e-07,1.6283334854226572,1.633752703666687
student_37035_0_000002_step0000,student_37035_0_000002,0,4,2,fixed_probe,0.21252109218376,True,True,0.020459955414356766,nan,ok,0.1697302803841242,0.6998158738894453,1.122745015247312e-05,2.0610677698256387e-05,1.3109780299556968e-15,4.690692279041286e-15,True,0.8808450322612271,0.7639804072678089,4.9711587846364114e-05,1.1353259186230202,1.1367094528198243
student_37035_0_000002_step0000,student_37035_0_000002,0,4,2,adaptive_edge,0.33206420653712493,True,True,0.020459955414356766,0.021329832469490266,ok,0.19171687631762402,0.7904689312710408,1.1131088839673306e-05,2.2617215987489843e-05,8.212649918335876e-15,3.957945082788683e-14,True,0.8802268499981579,0.7685471996665001,5.2948920630443694e-05,1.1368227349757367,1.1411055028438568
student_37035_0_000002_step0010,student_37035_0_000002,10,4,2,fixed_probe,0.21252109218376,True,True,0.016525803847227228,nan,ok,0.14904224446802414,0.614516916620793,7.977295245713572e-06,1.6034649684988607e-05,1.4685732340368218e-14,7.033262861000367e-14,True,0.899931782059427,0.7672058902680874,3.758305844802013e-05,1.1926395127433154,1.1976438979834516
student_37035_0_000002_step0010,student_37035_0_000002,10,4,2,adaptive_edge,0.41186680767266864,True,True,0.016525803847227228,0.017664297795066435,ok,0.1862601904375493,0.7679704390216764,7.999451952137911e-06,1.622348817086873e-05,0.00020224026472289347,0.00711788120805007,False,0.8981194861515066,0.7792693115770817,4.423628294480285e-05,1.1959526383440884,1.2030555605888367
student_37035_0_000002_step0025,student_37035_0_000002,25,4,2,fixed_probe,0.21252109218376,True,True,0.009243341691388744,nan,ok,0.12548960038665105,0.5174068773107132,6.302231429464163e-06,1.2770849206430137e-05,7.082435367063206e-15,4.013456234019941e-14,True,0.8893384032552444,0.7774354219436646,1.1633664693888447e-05,1.1266221494877169,1.1294598157470832
student_37035_0_000002_step0025,student_37035_0_000002,25,4,2,adaptive_edge,0.35731040353440874,True,True,0.009243341691388744,0.010462540085640728,ok,0.1581631993313866,0.6521235769289274,5.3433799898981595e-06,1.044532044108632e-05,1.0112816984402302e-05,0.0005303418539821525,False,0.8880858081519494,0.7891527451574802,1.60544855681654e-05,1.1290329347909613,1.134722262620926
student_37035_0_000002_step0050,student_37035_0_000002,50,4,2,fixed_probe,0.21252109218376,True,True,0.005023957055356464,nan,ok,0.11654571207835226,0.4805302811118704,6.496357284832135e-06,1.2874871913586886e-05,2.046730305845966e-14,1.2914669333952133e-13,True,0.8895899633059097,0.7766230776906013,5.54949620098785e-06,1.133181507639397,1.1365828787817185
student_37035_0_000002_step0050,student_37035_0_000002,50,4,2,adaptive_edge,0.3522523737641449,True,True,0.005023957055356464,0.006676242916554317,ok,0.15002142074521554,0.6185541638377522,5.651729239927703e-06,1.1082874628579e-05,1.1165721858537553e-15,2.220446049250313e-16,True,0.8880059445872198,0.7657890096306801,1.0047249501120667e-05,1.1360378214662583,1.143212080001831
student_37035_0_000002_step0075,student_37035_0_000002,75,4,2,fixed_probe,0.21252109218376,True,True,0.003912521465398908,nan,ok,0.1124145979354173,0.4634972611490666,6.972528182782497e-06,1.4190972971913285e-05,1.5675712783246615e-14,9.620082508376981e-14,True,0.8887530345534757,0.769686870276928,4.1364952026373934e-06,1.158746729909998,1.1620071902394569
student_37035_0_000002_step0075,student_37035_0_000002,75,4,2,adaptive_edge,0.3673920691878451,True,True,0.003912521465398908,0.0054323619174438086,ok,0.14810596894409178,0.6106565537409394,5.742861376618255e-06,1.1626648333291145e-05,2.931713348314783e-05,0.001558693399205613,False,0.8870994794813296,0.7763157300651073,8.137012696106888e-06,1.161746785815822,1.165889710187912
student_37035_0_000002_step0100,student_37035_0_000002,100,4,2,fixed_probe,0.21252109218376,True,True,0.0029585354347345123,nan,ok,0.1090376260124554,0.4495736492159494,7.272666786562615e-06,1.5249446204990895e-05,4.1976512119368015e-15,2.2898349882893854e-14,True,0.885478745966657,0.7808180637657642,2.9739126922819056e-06,1.169764729664286,1.172910357106457
student_37035_0_000002_step0100,student_37035_0_000002,100,4,2,adaptive_edge,0.377372140178863,True,True,0.0029585354347345123,0.004130817645848374,ok,0.14560495750011174,0.6003446193865312,5.350949715982063e-06,1.0676531014197546e-05,3.716183330503593e-05,0.0015572157800488595,False,0.8842499943972866,0.7777510806918144,5.958888854183495e-06,1.1724132330964572,1.1779927611351013
student_37035_0_000002_step0150,student_37035_0_000002,150,4,2,fixed_probe,0.21252109218376,True,True,0.0024494892030971086,nan,ok,0.104962715946431,0.43277236459883817,8.484411322480437e-06,1.8287217914075537e-05,1.1133474831066152e-15,3.552713678800501e-15,True,0.8797366656893754,0.7704036757349968,2.1407786781917457e-06,1.1906852877300282,1.1922227889349672
student_37035_0_000002_step0150,student_37035_0_000002,150,4,2,adaptive_edge,0.38988160153575047,True,True,0.0024494892030971086,0.0032444596762234283,ok,0.14237089715569526,0.5870102469868805,5.796504564923225e-06,1.1067172786477665e-05,1.806044421267592e-05,0.000874013643298921,False,0.8789301241533923,0.7839864566922188,4.2318246863004585e-06,1.1928467652671904,1.1943573206663132
student_37035_0_000002_step0200,student_37035_0_000002,200,4,2,fixed_probe,0.21252109218376,True,True,0.0022140196314659423,nan,ok,0.10288147157446487,0.42419117422049957,9.475242618188994e-06,2.0388802891892377e-05,9.790050489182189e-16,2.3869795029440866e-15,True,0.8749134436935828,0.7772732079029083,1.5655357665441554e-06,1.2143461852826307,1.2153534060221134
student_37035_0_000002_step0200,student_37035_0_000002,200,4,2,adaptive_edge,0.3911369372032747,True,True,0.0022140196314659423,0.0028496813704052735,ok,0.13979469263131283,0.5763882836196575,6.480449155696054e-06,1.2306115899697409e-05,1.5897551252381376e-06,0.0001017443280166841,False,0.8741984399993892,0.7859327122569084,3.0003646219220055e-06,1.2163884289695817,1.220181167125702
student_37035_0_000005_step0000,student_37035_0_000005,0,3,4,fixed_probe,0.1450860149427322,True,True,0.04375670000746138,nan,ok,0.28631642675124086,0.9054120400546851,5.8040401323177605e-05,0.00011026096013414003,6.739863950953109e-16,1.1102230246251565e-16,True,0.8431680722983771,0.7780693285167217,0.0006264327474781084,1.1748633167827454,1.172359385509491
student_37035_0_000005_step0000,student_37035_0_000005,0,3,4,adaptive_edge,0.22669689834801904,True,True,0.04375670000746138,0.0443664518297167,ok,0.2958949824398285,0.9357020927253845,6.347573272366181e-05,0.00012924794231328586,2.3106419851165246e-05,0.0010530721908369456,False,0.8412584471193925,0.7726405113935471,0.0006179440868104028,1.17745684458167,1.18717622756958
student_37035_0_000005_step0010,student_37035_0_000005,10,3,4,fixed_probe,0.1450860149427322,True,True,0.028590908799945743,nan,ok,0.19034649086521113,0.6019284557545016,3.5106982132569206e-05,5.911482761250751e-05,7.315017488750824e-16,8.326672684688674e-17,True,0.7772894703085287,0.7656916119158268,0.00011812388409334773,1.2125018463249075,1.2061095621532256
student_37035_0_000005_step0010,student_37035_0_000005,10,3,4,adaptive_edge,0.18157954099388618,True,True,0.028590908799945743,0.02888932564634862,ok,0.19491770532885902,0.616383905132734,3.126962963150542e-05,5.3911326254235216e-05,8.142650221823778e-16,1.1102230246251565e-16,True,0.7755636278759349,0.782624002546072,0.00011953825982441737,1.2137082665264574,1.2090835571289062
student_37035_0_000005_step0025,student_37035_0_000005,25,3,4,fixed_probe,0.1450860149427322,True,True,0.012994796450687707,nan,ok,0.11438975047172555,0.36173215246897306,4.282415765147118e-05,6.201048189269845e-05,0.00281366834857245,0.028575648940835308,False,0.6901947433881136,0.7828854657709599,5.575686898869781e-05,1.265965013081156,1.2166169583797455
student_37035_0_000005_step0025,student_37035_0_000005,25,3,4,adaptive_edge,0.1159477488576304,True,True,0.012994796450687707,0.013844435067595274,ok,0.10618312728774833,0.335780531308862,4.730344523954477e-05,6.711705809227695e-05,6.881283853901054e-16,6.938893903907228e-17,True,0.6799421223451084,0.7629027813673019,4.617109446058302e-05,1.2644852019968378,1.2421338908994453
student_37035_0_000005_step0050,student_37035_0_000005,50,3,4,fixed_probe,0.1450860149427322,False,True,0.008060472500710092,nan,ok,0.10771366413471088,0.34062051378807623,5.432244133375226e-05,7.37102517281459e-05,0.016834022855912904,0.08374908501061612,False,0.6603549885816444,0.7732499502599239,0.00013378413848154968,1.0457923196655328,1.0406453013420105
student_37035_0_000005_step0050,student_37035_0_000005,50,3,4,adaptive_edge,0.05764423389064926,True,True,0.008060472500710092,0.010168827100550736,ok,0.07093857995482832,0.22432748663522203,7.771479798886395e-05,7.863725271790835e-05,5.0533504841033005e-16,3.469446951953614e-17,True,0.5565305957389268,0.7681397050619125,7.296666682317184e-05,1.3258559637855285,1.2529206027903443
student_37035_0_000005_step0075,student_37035_0_000005,75,3,4,fixed_probe,0.1450860149427322,False,False,0.008586119944264404,nan,ok,0.10504228933608274,0.3321728849404377,7.114614930566592e-05,8.385209314363215e-05,0.029568974533077826,0.12092485966571787,False,0.6433358899938303,0.7698250450193882,17.939117569424766,-4.628063765770109,1.037682130932808
student_37035_0_000005_step0075,student_37035_0_000005,75,3,4,adaptive_edge,0.024155126088326304,True,True,0.008586119944264404,0.01195406612722562,ok,0.05707628011674225,0.18049104553868667,0.00011317608961178581,9.408839232233571e-05,5.662355225126233e-15,2.311310864921978e-13,True,0.3943425988687877,0.7650648094713688,0.00013134317488054537,1.4010394968811921,1.3155099660618765
student_37035_0_000005_step0100,student_37035_0_000005,100,3,4,fixed_probe,0.1450860149427322,False,False,0.007275152312971994,nan,ok,0.10374113217621939,0.3280582647214336,0.00010852265398147526,8.660951609542991e-05,0.031447720997053084,0.1263662168239916,False,0.6387941553677274,0.7708901651203632,84.08283308303025,-3.0561481628906675,1.001908477395773
student_37035_0_000005_step0100,student_37035_0_000005,100,3,4,adaptive_edge,0.015050726364804003,True,True,0.007275152312971994,0.01026824504579114,ok,0.045775634063808156,0.14475526498002322,0.0001763686460104194,0.00010992704506823223,2.758133360266968e-16,8.881784197001252e-16,True,0.37279511274757127,0.7628461979329586,0.0001013402693148538,1.4107259241455457,1.3098008360744489
student_37035_0_000005_step0150,student_37035_0_000005,150,3,4,fixed_probe,0.1450860149427322,False,False,0.008531527879097913,nan,ok,0.10357108802291298,0.3275205378941905,0.00011788870852899262,9.544843296196017e-05,0.030393705236785112,0.12388019795143664,False,0.642355166985566,0.7835613898932934,7079.491173169735,-63.508128334513486,1.0299465358257294
student_37035_0_000005_step0150,student_37035_0_000005,150,3,4,adaptive_edge,0.021171588974668774,True,True,0.008531527879097913,0.01194133869727122,ok,0.054806336343070854,0.17331285305336733,0.00018106133246412567,0.00011619333343632743,3.2446640290677093e-16,1.734723475976807e-17,True,0.3781395645842328,0.7776002399623394,0.00013547990111106837,1.4088709369968668,1.364184702483038
student_37035_0_000005_step0200,student_37035_0_000005,200,3,4,fixed_probe,0.1450860149427322,True,True,0.007279807980175123,nan,ok,0.10740388418140669,0.33964090356217436,8.391215384973768e-05,7.751580429787877e-05,0.03183975346983827,0.12828149723530707,False,0.6429765741468205,0.776110578328371,0.0004672596972701337,1.1062185328278364,1.0503066182136536
student_37035_0_000005_step0200,student_37035_0_000005,200,3,4,adaptive_edge,0.012427960335168202,True,True,0.007279807980175123,0.010026606011209757,ok,0.04501514351315032,0.1423503827009088,0.000158404931498996,0.00010525758283432927,2.5082351194838537e-16,4.128641872824801e-16,True,0.363242598434728,0.7926043905317783,9.461600736157262e-05,1.4174541317261131,1.3117755606531656
student_37035_0_000011_step0000,student_37035_0_000011,0,4,2,fixed_probe,0.2540076080377296,True,True,0.023097643549537507,nan,ok,0.17817121534794012,0.7346187403242276,4.8789009301270735e-05,9.9161153481986e-05,8.198949880900212e-16,1.6653345369377348e-16,True,0.8710520799849983,0.7654828801751137,5.56057910024877e-05,1.5996024045363748,1.602365896194458
student_37035_0_000011_step0000,student_37035_0_000011,0,4,2,adaptive_edge,0.3968868875589524,True,True,0.023097643549537507,0.02334473072348508,ok,0.1973587987653856,0.8137311734547051,5.245378502853238e-05,0.00010367504141608696,9.597352731598805e-16,2.220446049250313e-16,True,0.8710715606802583,0.7630592286586761,4.754669592469247e-05,1.6024543608624207,1.610866665840149
student_37035_0_000011_step0010,student_37035_0_000011,10,4,2,fixed_probe,0.2540076080377296,True,True,0.008912912476738753,nan,ok,0.11652306301983344,0.4804368966512764,3.439895439401017e-05,6.51049209526427e-05,8.99630588422767e-16,1.6653345369377348e-16,True,0.8626903906983739,0.7691266313195229,6.6627603476568125e-06,1.6333635196302791,1.63490552878782
student_37035_0_000011_step0010,student_37035_0_000011,10,4,2,adaptive_edge,0.3904035144245206,True,True,0.008912912476738753,0.009682616213725627,ok,0.14184350616773786,0.5848357582375333,3.7456065607593667e-05,7.272694353856451e-05,1.21664912923896e-05,0.0005531947681383653,False,0.8629677368265594,0.7882213369011879,8.50960541772055e-06,1.6360651382207816,1.6434727311134338
student_37035_0_000011_step0025,student_37035_0_000011,25,4,2,fixed_probe,0.2540076080377296,True,True,0.005569784270523684,nan,ok,0.10755700967894616,0.443468911681876,2.6685296119162532e-05,5.216450782373327e-05,1.0836200686751925e-13,5.297429161998934e-13,True,0.8836400459795316,0.7626852244138718,2.7580040199852064e-06,1.6202769058882238,1.6259668125216211
student_37035_0_000011_step0025,student_37035_0_000011,25,4,2,adaptive_edge,0.4510849091585889,True,True,0.005569784270523684,0.006510948809952226,ok,0.1438848551272328,0.5932524556162758,3.0785463855979036e-05,6.070304224903578e-05,1.0948462289094447e-15,2.7755575615628914e-16,True,0.8838858749366316,0.7791946418583393,4.710615435270234e-06,1.624208979862847,1.633959710597992
student_37035_0_000011_step0050,student_37035_0_000011,50,4,2,fixed_probe,0.2540076080377296,True,True,0.003933444451232218,nan,ok,0.10359046187029859,0.42711441609775985,2.923336414331015e-05,5.78220497684264e-05,1.28103023959296e-13,7.697731341238523e-13,True,0.8784011001424833,0.764950729906559,1.631637287251515e-06,1.6112379573698252,1.6156590731056955
student_37035_0_000011_step0050,student_37035_0_000011,50,4,2,adaptive_edge,0.4434339489691821,True,True,0.003933444451232218,0.004630602030295151,ok,0.13813260886379453,0.5695353366875552,3.329045016761939e-05,6.559884298826154e-05,2.3454393358307372e-05,0.0009294313218026762,False,0.8784889689825448,0.766671497374773,2.52191421491916e-06,1.614916998659966,1.6235082149505615
student_37035_0_000011_step0075,student_37035_0_000011,75,4,2,fixed_probe,0.2540076080377296,False,False,0.0032910476877371876,nan,ok,0.10090968292718643,0.4160612813563767,3.185391124975697e-05,6.279119091173647e-05,8.704419082294742e-16,1.6653345369377348e-16,True,0.8671731435776219,0.7735822536051273,22.347010656909802,1.9438047037914217,1.6024263932957532
student_37035_0_000011_step0075,student_37035_0_000011,75,4,2,adaptive_edge,0.4308298000768821,True,True,0.0032910476877371876,0.003885766268012283,ok,0.13263905791088712,0.5468848458490053,3.524353176226643e-05,6.89049690123949e-05,1.1038911851184355e-15,2.7755575615628914e-16,True,0.8671834132167984,0.7800428532063961,1.8223143179196553e-06,1.602797293741567,1.6106176376342773
student_37035_0_000011_step0100,student_37035_0_000011,100,4,2,fixed_probe,0.2540076080377296,True,True,0.0025150517486085483,nan,ok,0.09981398636756736,0.41154360870744144,3.134349030885923e-05,6.30700250066159e-05,8.6928211937142075e-16,1.6653345369377348e-16,True,0.870729425823444,0.7753088288009167,6.500347172133107e-07,1.575178531173175,1.5784890568759042
student_37035_0_000011_step0100,student_37035_0_000011,100,4,2,adaptive_edge,0.4397609788785145,True,True,0.0025150517486085483,0.0031429477859932042,ok,0.13294381202581446,0.5481413792546923,3.557492182440566e-05,7.090832396055178e-05,2.1295812608271978e-05,0.0009090232191724112,False,0.8706700451015351,0.7662465162575245,1.2036276982028433e-06,1.5780181618669218,1.585633635520935
student_37035_0_000011_step0150,student_37035_0_000011,150,4,2,fixed_probe,0.2540076080377296,True,True,0.0023025539035184126,nan,ok,0.09973137743081861,0.41120300333560644,2.9043698466031445e-05,5.780366494843636e-05,8.555138919909354e-14,7.530087664520124e-13,True,0.8699439073739317,0.7625497467815876,8.482694055634491e-07,1.5498389744210583,1.5538272939914561
student_37035_0_000011_step0150,student_37035_0_000011,150,4,2,adaptive_edge,0.4469848470887936,True,True,0.0023025539035184126,0.0028271490655790692,ok,0.1336889997798498,0.5512138670754968,3.327622352267959e-05,6.55878897388863e-05,1.1538721546653121e-15,2.7755575615628914e-16,True,0.869903084582157,0.7655539959669113,1.2589521945736187e-06,1.5524519766555382,1.5596926808357239
student_37035_0_000011_step0200,student_37035_0_000011,200,4,2,fixed_probe,0.2540076080377296,True,True,0.001931161581286223,nan,ok,0.09875248567257194,0.4071669292203088,2.787104750612618e-05,5.525283479428196e-05,7.930832421325946e-14,7.662204204450518e-13,True,0.8660934202834457,0.7733033075928688,3.690857823466691e-07,1.532324227275419,1.5350199843422514
student_37035_0_000011_step0200,student_37035_0_000011,200,4,2,adaptive_edge,0.4459921783754822,True,True,0.001931161581286223,0.0023969662887187693,ok,0.13215478970837538,0.5448881568989213,3.1312090410655275e-05,6.184502519827304e-05,3.3492926542426615e-05,0.001429652224163136,False,0.8660404328663844,0.7790066488087177,7.131082732957054e-07,1.5346790500606327,1.5409305095672607
student_37035_0_000012_step0000,student_37035_0_000012,0,5,3,fixed_probe,0.3414688343443482,True,True,0.020033975179445586,nan,ok,0.23554294750294538,1.2010380856066794,4.349557583320262e-06,8.448713242448099e-06,9.89627815103808e-16,2.220446049250313e-16,True,0.9582709733336155,0.7588776759803295,0.00012000987387327409,1.2891077199500034,1.2902324682540893
student_37035_0_000012_step0000,student_37035_0_000012,0,5,3,adaptive_edge,0.5335450536630439,True,True,0.020033975179445586,0.021955287593526794,ok,0.28404295339554836,1.448340562062427,4.941200663925772e-06,1.0669308936659236e-05,5.5927993669179635e-05,0.0015509416099599438,False,0.9573169039425213,0.770205520093441,0.00013103383582702046,1.2945064645753042,1.3019332587718964
student_37035_0_000012_step0010,student_37035_0_000012,10,5,3,fixed_probe,0.3414688343443482,True,True,0.02040751463663038,nan,ok,0.21457919726392355,1.0941435140598217,8.433018278657649e-06,1.6597038998472024e-05,1.0157894725046276e-15,2.220446049250313e-16,True,0.9143176240603763,0.7667059302330017,5.7178881665316886e-05,1.3709568947878803,1.3660349438728194
student_37035_0_000012_step0010,student_37035_0_000012,10,5,3,adaptive_edge,0.4395667061927254,True,True,0.02040751463663038,0.022055153105050577,ok,0.23629744055464583,1.20488526040017,8.055420321221916e-06,1.574787414133168e-05,1.1858852497204603e-15,2.7755575615628914e-16,True,0.913500569389758,0.7681787610054016,6.108459886577332e-05,1.372548166684706,1.3824333548545837
student_37035_0_000012_step0025,student_37035_0_000012,25,5,3,fixed_probe,0.3414688343443482,True,True,0.010400895701601787,nan,ok,0.17655521137583097,0.9002584680318608,8.125830775346397e-06,1.5255852389671855e-05,1.0668119213576836e-15,2.7755575615628914e-16,True,0.8936511421310099,0.7676430381834507,8.437161174251677e-06,1.3337414453708267,1.3277968287216457
student_37035_0_000012_step0025,student_37035_0_000012,25,5,3,adaptive_edge,0.4113302586644331,True,True,0.010400895701601787,0.01158898547096536,ok,0.1924259208384374,0.9811835252762527,7.5618954832256184e-06,1.4795251360160638e-05,1.2239153363359715e-15,2.7755575615628914e-16,True,0.892742461985701,0.7817148007452488,1.0208838045113561e-05,1.3353101428963847,1.3458718061447144
student_37035_0_000012_step0050,student_37035_0_000012,50,5,3,fixed_probe,0.3414688343443482,True,True,0.005493205219371542,nan,ok,0.16350107673350459,0.833695180757571,7.73890085931214e-06,1.5159316082192709e-05,1.4315502447751187e-13,8.296141551511482e-13,True,0.8825273509616168,0.7692253850400448,3.599630849317872e-06,1.3180777535241373,1.3130417248543875
student_37035_0_000012_step0050,student_37035_0_000012,50,5,3,adaptive_edge,0.3939761328385536,True,True,0.005493205219371542,0.006736563687978396,ok,0.17558901387560918,0.8953318081242455,7.4427763340158895e-06,1.397563987209532e-05,1.1524401417791293e-15,2.7755575615628914e-16,True,0.8820195385085796,0.765497948974371,4.339066618270394e-06,1.3191315699483217,1.3283877968788147
student_37035_0_000012_step0075,student_37035_0_000012,75,5,3,fixed_probe,0.3414688343443482,True,True,0.004303965333792189,nan,ok,0.16448643269441665,0.8387195300300966,8.809030879284088e-06,1.606257771907006e-05,5.11567181559356e-14,3.747557819622216e-13,True,0.8859054004869791,0.7739422246813774,3.3276859209170255e-06,1.2855007212740899,1.2816197180386102
student_37035_0_000012_step0075,student_37035_0_000012,75,5,3,adaptive_edge,0.38668263731043884,True,True,0.004303965333792189,0.005548363789576477,ok,0.17511933646355904,0.8929369138351081,1.0546429676202426e-05,1.8422906013511408e-05,8.737677141694985e-14,6.189493362285248e-13,True,0.8855538472574546,0.7808129601180553,3.8695875715090694e-06,1.2863245016901277,1.294190227985382
student_37035_0_000012_step0100,student_37035_0_000012,100,5,3,fixed_probe,0.3414688343443482,True,True,0.003326189713822164,nan,ok,0.16896038738563635,0.8615323123035558,1.8134544439936178e-05,3.230033431882433e-05,2.6521298091192116e-14,2.0872192862952943e-13,True,0.8861562001228582,0.7693948931992054,2.684023616346206e-06,1.2705254025182398,1.2686697145824863
student_37035_0_000012_step0100,student_37035_0_000012,100,5,3,adaptive_edge,0.36362226341218273,True,True,0.003326189713822164,0.004385140416501588,ok,0.17438805053446077,0.88920807261262,2.316730338285677e-05,3.372919184922759e-05,4.1718667675512476e-05,0.0015888937366618783,False,0.8860013771964522,0.7825711518526077,2.925836656857822e-06,1.2708635430741044,1.2735117077827454
student_37035_0_000012_step0150,student_37035_0_000012,150,5,3,fixed_probe,0.3414688343443482,True,True,0.002206229601282244,nan,ok,0.17337323216060507,0.8840334939215775,1.1413005888476844e-05,1.5969428684275143e-05,0.0011413411966667102,0.015884806393029638,False,0.8793920830859521,0.7765584848821163,1.1994741574737064e-06,1.2745922369656504,1.2737126052379608
student_37035_0_000012_step0150,student_37035_0_000012,150,5,3,adaptive_edge,0.3174117133645527,True,True,0.002206229601282244,0.00299922754038264,ok,0.1672028755002686,0.8525707249046944,9.251751028971572e-06,1.5507152908268664e-05,2.4093366353120197e-14,1.9878543255913428e-13,True,0.8782848572891738,0.7701214775443077,1.0723808068128032e-06,1.274199629227024,1.269838357950758
student_37035_0_000012_step0200,student_37035_0_000012,200,5,3,fixed_probe,0.3414688343443482,True,True,0.0017729503356211421,nan,ok,0.16984140596076677,0.8660246432099835,7.4401805876022094e-06,1.2159442073321566e-05,0.0026011892555910547,0.026745040879212312,False,0.871416778818075,0.771388340741396,6.350021393221881e-07,1.3034156513545874,1.287649780511856
student_37035_0_000012_step0200,student_37035_0_000012,200,5,3,adaptive_edge,0.31597763468512713,True,True,0.0017729503356211421,0.002420902946306043,ok,0.16357852076486423,0.8340900693846852,7.134279994194917e-06,1.3258534977605808e-05,3.8946769949345e-05,0.0012538412199912252,False,0.8681444195994985,0.7812726609408855,5.573462344324863e-07,1.3030396593209577,1.2913270971721333
student_37035_0_000014_step0000,student_37035_0_000014,0,6,2,fixed_probe,0.28084771174009854,True,True,0.06929810959060721,nan,ok,0.47480278960263933,2.8881126178760033,3.7141674331355805e-05,7.498447235725509e-05,7.996744030084933e-15,6.367129046225273e-14,True,0.9382231929346727,0.7789902836084366,0.0015688421001743512,1.5480002221904485,1.549720504737854
student_37035_0_000014_step0000,student_37035_0_000014,0,6,2,adaptive_edge,0.4388245495939039,True,True,0.06929810959060721,0.07281403595327077,ok,0.5204622498363382,3.1658482717391885,5.0287489097359863e-05,0.00010987200184597824,6.541161262628833e-16,2.220446049250313e-16,True,0.9376363490674339,0.7640458941459656,0.0017550637604994283,1.554971200419326,1.5582216382026672
student_37035_0_000014_step0010,student_37035_0_000014,10,6,2,fixed_probe,0.28084771174009854,True,True,0.032386146825169534,nan,ok,0.28313025203019176,1.7222140882431418,2.522368209573588e-05,5.200060272408276e-05,5.1326240601234797e-14,2.0117241206207837e-13,True,0.9255256881864244,0.778270598500967,0.0003090087588807129,1.742825088231006,1.7445279693770748
student_37035_0_000014_step0010,student_37035_0_000014,10,6,2,adaptive_edge,0.43697145718078856,True,True,0.032386146825169534,0.03373510944537077,ok,0.3266096066077522,1.9866886771090768,2.7916604691561528e-05,6.100275720105752e-05,1.400960184162302e-13,6.34492458573277e-13,True,0.9256352542326614,0.7664066217839718,0.0003515347406742381,1.7464964766009843,1.7525920271873474
student_37035_0_000014_step0025,student_37035_0_000014,25,6,2,fixed_probe,0.28084771174009854,True,True,0.007767625527101695,nan,ok,0.2165825241590485,1.3174200626720691,8.309415655012989e-06,1.8035400445319776e-05,8.989081962190674e-16,2.220446049250313e-16,True,0.9104686038350505,0.7688753120601177,2.5555987516944857e-05,1.8938179972903868,1.8916086443073674
student_37035_0_000014_step0025,student_37035_0_000014,25,6,2,adaptive_edge,0.31787508328607644,True,True,0.007767625527101695,0.01028566943687258,ok,0.23074734102156427,1.4035812799319163,7.69291593352421e-06,1.623282114484317e-05,9.665858349097848e-16,2.220446049250313e-16,True,0.9104772918172317,0.7860112935304642,2.911039355724125e-05,1.894814968285974,1.9003133475780487
student_37035_0_000014_step0050,student_37035_0_000014,50,6,2,fixed_probe,0.28084771174009854,True,True,0.006290056432669252,nan,ok,0.2064389023997269,1.25571882031295,6.889954154818886e-06,1.4922549178737361e-05,1.1739411063700674e-13,7.048250871832806e-13,True,0.9248321254402202,0.776708859950304,1.1219494668370783e-05,1.8276669790386268,1.8286487721790285
student_37035_0_000014_step0050,student_37035_0_000014,50,6,2,adaptive_edge,0.4257937775310654,True,True,0.006290056432669252,0.008420257638144189,ok,0.25536333083355267,1.553314500406482,6.405416785808454e-06,1.3634177682448895e-05,1.0745467291247053e-15,2.7755575615628914e-16,True,0.9247950954428859,0.7727990187704563,1.7928605174138566e-05,1.8316608646594794,1.8378470242023468
student_37035_0_000014_step0075,student_37035_0_000014,75,6,2,fixed_probe,0.28084771174009854,True,True,0.012066373915275003,nan,ok,0.19032449962213416,1.157698734899275,4.9710364888896325e-06,1.030051671093708e-05,6.016053348085536e-14,4.013456234019941e-13,True,0.9388962303892445,0.7684742398560047,8.594918120765245e-05,1.8728411646853718,1.8784108579694179
student_37035_0_000014_step0075,student_37035_0_000014,75,6,2,adaptive_edge,0.6732818101953975,True,True,0.012066373915275003,0.015218652915055236,ok,0.2929526189642597,1.7819612137885308,5.325248195600579e-06,1.1681190180466877e-05,0.0004528050663040046,0.010627410514500113,False,0.9382890962091318,0.7682800851762295,0.00017736752240406632,1.8838100267768036,1.8906677663326263
student_37035_0_000014_step0100,student_37035_0_000014,100,6,2,fixed_probe,0.28084771174009854,True,True,0.01249815045259358,nan,ok,0.1827155284893215,1.1114151703984816,6.704220287479571e-06,1.429295589797629e-05,1.515014957707595e-14,7.172040739078511e-14,True,0.9210470345121292,0.76578214392066,5.929391040423844e-05,1.9692122638911977,1.9757104804461518
student_37035_0_000014_step0100,student_37035_0_000014,100,6,2,adaptive_edge,0.579645744421197,True,True,0.01249815045259358,0.0148576456460907,ok,0.2579587213585795,1.5691016446436061,6.3250909112243015e-06,1.3975246707186431e-05,1.1470012087210436e-15,3.3306690738754696e-16,True,0.9207651274806553,0.7729909159243107,0.0001166814636281354,1.9760190753186042,1.9835971593856812
student_37035_0_000014_step0150,student_37035_0_000014,150,6,2,fixed_probe,0.28084771174009854,True,True,0.007023755717426995,nan,ok,0.16004842641738742,0.9735365712448759,1.4686864588003843e-05,3.1695877175119284e-05,1.429396852135653e-14,1.1102230246251565e-13,True,0.8871964377778901,0.7748474217951298,1.560243442631436e-05,2.1564964605902803,2.1617425772674417
student_37035_0_000014_step0150,student_37035_0_000014,150,6,2,adaptive_edge,0.5187252378299418,True,True,0.007023755717426995,0.008751320025847813,ok,0.21788346564640348,1.3253333808054624,1.294181894520036e-05,2.8115074256603353e-05,0.00011839276421482123,0.003657578820540408,False,0.8871875829055207,0.7730909958481789,2.8213605479170998e-05,2.1611694271669974,2.168583333492279
student_37035_0_000014_step0200,student_37035_0_000014,200,6,2,fixed_probe,0.28084771174009854,True,True,0.003964471158317052,nan,ok,0.15905508203712793,0.9674942932689511,1.6719601365803045e-05,3.7282694401653826e-05,1.2378634475400068e-14,7.233103005432895e-14,True,0.8748151815348473,0.7654446549713612,2.6197788300444967e-06,2.1434480479582416,2.146000812607445
student_37035_0_000014_step0200,student_37035_0_000014,200,6,2,adaptive_edge,0.4358353948565627,True,True,0.003964471158317052,0.004880861041960242,ok,0.19865450885217492,1.2083682029208056,1.2247658464052285e-05,2.484477273200538e-05,8.857260056220518e-14,5.51170220575159e-13,True,0.8746308418645525,0.7666837945580482,4.218264322923904e-06,2.145951905241588,2.1497469544410706
student_37035_0_000015_step0000,student_37035_0_000015,0,5,3,fixed_probe,0.2871122103886168,True,True,0.012152868475349658,nan,ok,0.18443296792223346,0.9404273023853005,1.551241018077029e-05,3.017240424538369e-05,1.58747652628702e-13,9.46909217702796e-13,True,0.9317258187934686,0.8030441403388977,1.4382417671277534e-05,1.6880524566260178,1.6905836567077637
student_37035_0_000015_step0000,student_37035_0_000015,0,5,3,adaptive_edge,0.44861282873221364,True,True,0.012152868475349658,0.013689854037521163,ok,0.2279272886581364,1.1622056925481328,1.994010178739442e-05,3.96397960109944e-05,1.117513050572833e-15,2.7755575615628914e-16,True,0.9312431262416475,0.7712132893502712,1.7911932430553618e-05,1.6957825448708626,1.7063873410224915
student_37035_0_000015_step0010,student_37035_0_000015,10,5,3,fixed_probe,0.2871122103886168,True,True,0.010785165890910489,nan,ok,0.17387300611971074,0.8865818510914426,1.7430503946195305e-05,3.308425208936157e-05,8.123984465932751e-14,4.679034937282722e-13,True,0.9204674941333478,0.788294292986393,2.0870232773768205e-05,1.730811539864624,1.7324793255912554
student_37035_0_000015_step0010,student_37035_0_000015,10,5,3,adaptive_edge,0.436135744013976,True,True,0.010785165890910489,0.01182952234628965,ok,0.21187661345796738,1.0803629864961313,1.9703243480167056e-05,3.8973169193663875e-05,1.1131684861399608e-15,3.3306690738754696e-16,True,0.9199794975483648,0.7700771614909172,2.3124001566051766e-05,1.736648218430147,1.7461299300193787
student_37035_0_000015_step0025,student_37035_0_000015,25,5,3,fixed_probe,0.2871122103886168,True,True,0.0074891714190932004,nan,ok,0.16010860299350832,0.8163968909579791,1.7135732138205995e-05,3.216892988524855e-05,1.0903495420334639e-13,6.107336858462986e-13,True,0.9088023337474579,0.7631369717419147,6.088023989357097e-06,1.7608956778897291,1.763019480666649
student_37035_0_000015_step0025,student_37035_0_000015,25,5,3,adaptive_edge,0.438538665184685,True,True,0.0074891714190932004,0.008504000720397116,ok,0.19742107955175292,1.0066539370289418,1.8756546313093818e-05,3.7299413510693755e-05,1.1207780420582336e-15,2.7755575615628914e-16,True,0.908232507907084,0.7753563486039639,9.132103236937614e-06,1.7657476869136706,1.7742792963981628
student_37035_0_000015_step0050,student_37035_0_000015,50,5,3,fixed_probe,0.2871122103886168,True,True,0.004143064215233442,nan,ok,0.1524934730328626,0.7775671946901014,1.3857036497110402e-05,2.6145913212522056e-05,2.2938991848924535e-14,9.25370891025068e-14,True,0.9007042402342188,0.7772629894316196,3.4046876556611727e-06,1.6973359651516133,1.6993934601122478
student_37035_0_000015_step0050,student_37035_0_000015,50,5,3,adaptive_edge,0.4383218778452699,True,True,0.004143064215233442,0.005007500005664138,ok,0.18905763560981587,0.9640085731681652,1.567516309382851e-05,2.8643674512978996e-05,1.4343749529971229e-13,5.469513730815834e-13,True,0.9006954288302695,0.7752862572669983,5.233188217123173e-06,1.7007979454474544,1.7088176608085632
student_37035_0_000015_step0075,student_37035_0_000015,75,5,3,fixed_probe,0.2871122103886168,True,True,0.0029115057711712506,nan,ok,0.1487376813923966,0.7584163398263767,1.4229898960043982e-05,2.6459155605885228e-05,1.797375361849627e-14,9.026113190202523e-14,True,0.8946020165330375,0.7680302485823631,2.670866039364991e-06,1.6848367209810358,1.6868369674627388
student_37035_0_000015_step0075,student_37035_0_000015,75,5,3,adaptive_edge,0.43745481051557394,True,True,0.0029115057711712506,0.003616002817515861,ok,0.18431349766389465,0.9398181212067369,1.8423741954249893e-05,2.9870745798585293e-05,1.1373668993025072e-13,4.3892667278555564e-13,True,0.8946506262368814,0.7617442831397057,4.143118961810428e-06,1.687710590958942,1.6949344873428345
student_37035_0_000015_step0100,student_37035_0_000015,100,5,3,fixed_probe,0.2871122103886168,True,True,0.002214086856752534,nan,ok,0.14646775250410987,0.7468419281305347,1.5027176191775981e-05,2.7988100000291194e-05,1.6611105765556567e-14,6.689093723366568e-14,True,0.8949993025439834,0.7696032375097275,1.9979508360040485e-06,1.67480274134809,1.676927383592646
student_37035_0_000015_step0100,student_37035_0_000015,100,5,3,adaptive_edge,0.4380818355172391,True,True,0.002214086856752534,0.0027498256946860908,ok,0.18163291769631618,0.9261497916443083,2.2258427400889815e-05,3.469050247446412e-05,1.1483662780154185e-13,4.869438186005937e-13,True,0.8950685168801191,0.7597167789936066,2.871232286071899e-06,1.6774419422092457,1.6855681538581848
student_37035_0_000015_step0150,student_37035_0_000015,150,5,3,fixed_probe,0.2871122103886168,True,True,0.0014025167403898878,nan,ok,0.14374089038922128,0.7329376049958409,1.7324891946470766e-05,3.1843105489858805e-05,1.359516254464326e-14,8.171241461241152e-14,True,0.8881781368150593,0.7646104209125042,1.733771201459337e-06,1.6782411466085925,1.6801767051262322
student_37035_0_000015_step0150,student_37035_0_000015,150,5,3,adaptive_edge,0.4363502939085393,True,True,0.0014025167403898878,0.0017248712103601336,ok,0.1779647824004186,0.9074458981920283,2.7199522046143407e-05,3.71203326834304e-05,8.343287219064664e-14,3.8247183198336643e-13,True,0.8881977112657937,0.7598174400627613,2.682785080001705e-06,1.6805283840337686,1.6862685084342957
student_37035_0_000015_step0200,student_37035_0_000015,200,5,3,fixed_probe,0.2871122103886168,True,True,0.0010643237762824555,nan,ok,0.14199137132896572,0.7240167731681952,1.5322329254212714e-05,2.9182541486210975e-05,1.0993081010386422e-14,6.200595592531499e-14,True,0.8868220221211645,0.7635701857507229,8.299770334919502e-07,1.6795940845316737,1.681593932849273
student_37035_0_000015_step0200,student_37035_0_000015,200,5,3,adaptive_edge,0.43711850917468886,True,True,0.0010643237762824555,0.0013412974872860257,ok,0.17589234828857755,0.8968785162151154,2.2275606973886892e-05,3.122708283905498e-05,7.102310099722119e-14,3.08530978543331e-13,True,0.8868777085843236,0.7605653591454029,1.3709762607836363e-06,1.6816735583320748,1.6878122687339783
student_37035_0_000017_step0000,student_37035_0_000017,0,5,1,fixed_probe,0.23040000000000005,False,True,0.3098828973253432,nan,ok,1.9581789318823328,9.984792584774292,6.882312610227322e-05,0.0001360127423284206,4.973472550919393e-16,1.3877787807814457e-16,True,0.8868700392310637,0.766690332442522,0.06047748677570196,1.1163328731795092,1.1160882494201658
student_37035_0_000017_step0000,student_37035_0_000017,0,5,1,adaptive_edge,0.36,False,True,0.3098828973253432,0.3082459473534697,ok,1.9647922948161656,10.018514251424374,0.00010369566781950663,0.00013721737988267206,6.602651297442005e-16,2.220446049250313e-16,True,0.884077403556252,0.7631931081414223,0.0597288845305619,1.1158786736146342,1.106725126504898
student_37035_0_000017_step0010,student_37035_0_000017,10,5,1,fixed_probe,0.23040000000000005,False,False,0.13669921591500298,nan,ok,0.8773206654135917,4.47347519262211,7.65379795981714e-05,3.609901523506929e-05,0.07446562866421487,0.2261983832541842,False,0.7393930582670729,0.7801690474152565,1064.3563790849084,-25.042345312798357,1.0941572189331055
student_37035_0_000017_step0010,student_37035_0_000017,10,5,1,adaptive_edge,0.00417408402076116,False,True,0.13669921591500298,0.14001349369939056,ok,0.8669322369945633,4.4205043933979224,0.00010375448616259618,0.00011737502641656527,1.5213673961867823e-16,6.071532165918825e-18,True,0.22552365897727217,0.7650216333568096,0.010162619289739746,2.693549542084766,2.6492754844326085
student_37035_0_000017_step0025,student_37035_0_000017,25,5,1,fixed_probe,0.23040000000000005,False,False,0.13669921591500275,nan,ok,0.8773206654135917,4.47347519262211,7.65379795981714e-05,3.609901523506929e-05,0.07446562866421487,0.2261983832541842,False,0.7393930582670729,0.7704672068357468,1064.3563790849084,-25.042345312798357,1.0941572189331055
student_37035_0_000017_step0025,student_37035_0_000017,25,5,1,adaptive_edge,0.00417408402076116,False,True,0.13669921591500275,0.14001349369939067,ok,0.8669322369945633,4.4205043933979224,0.00010375448616259618,0.00011737502641656527,1.5213673961867823e-16,6.071532165918825e-18,True,0.22552365897727217,0.7694989778101444,0.010162619289739746,2.693549542084766,2.6492754844326085
student_37035_0_000017_step0050,student_37035_0_000017,50,5,1,fixed_probe,0.23040000000000005,False,False,0.13669921591500292,nan,ok,0.8773206654135917,4.47347519262211,7.65379795981714e-05,3.609901523506929e-05,0.07446562866421487,0.2261983832541842,False,0.7393930582670729,0.771398339420557,1064.3563790849084,-25.042345312798357,1.0941572189331055
student_37035_0_000017_step0050,student_37035_0_000017,50,5,1,adaptive_edge,0.00417408402076116,False,True,0.13669921591500292,0.14001349369939056,ok,0.8669322369945633,4.4205043933979224,0.00010375448616259618,0.00011737502641656527,1.5213673961867823e-16,6.071532165918825e-18,True,0.22552365897727217,0.7733894810080528,0.010162619289739746,2.693549542084766,2.6492754844326085
student_37035_0_000017_step0075,student_37035_0_000017,75,5,1,fixed_probe,0.23040000000000005,False,False,0.13669921591500347,nan,ok,0.8773206654135917,4.47347519262211,7.65379795981714e-05,3.609901523506929e-05,0.07446562866421487,0.2261983832541842,False,0.7393930582670729,0.7815254926681519,1064.3563790849084,-25.042345312798357,1.0941572189331055
student_37035_0_000017_step0075,student_37035_0_000017,75,5,1,adaptive_edge,0.00417408402076116,False,True,0.13669921591500347,0.14001349369939023,ok,0.8669322369945633,4.4205043933979224,0.00010375448616259618,0.00011737502641656527,1.5213673961867823e-16,6.071532165918825e-18,True,0.22552365897727217,0.764948770403862,0.010162619289739746,2.693549542084766,2.6492754844326085
student_37035_0_000017_step0100,student_37035_0_000017,100,5,1,fixed_probe,0.23040000000000005,False,False,0.13669921591500303,nan,ok,0.8773206654135917,4.47347519262211,7.65379795981714e-05,3.609901523506929e-05,0.07446562866421487,0.2261983832541842,False,0.7393930582670729,0.7832643575966358,1064.3563790849084,-25.042345312798357,1.0941572189331055
student_37035_0_000017_step0100,student_37035_0_000017,100,5,1,adaptive_edge,0.00417408402076116,False,True,0.13669921591500303,0.14001349369939037,ok,0.8669322369945633,4.4205043933979224,0.00010375448616259618,0.00011737502641656527,1.5213673961867823e-16,6.071532165918825e-18,True,0.22552365897727217,0.7765015102922916,0.010162619289739746,2.693549542084766,2.6492754844326085
student_37035_0_000017_step0150,student_37035_0_000017,150,5,1,fixed_probe,0.23040000000000005,False,False,0.13669921591500295,nan,ok,0.8773206654135917,4.47347519262211,7.65379795981714e-05,3.609901523506929e-05,0.07446562866421487,0.2261983832541842,False,0.7393930582670729,0.7782680951058865,1064.3563790849084,-25.042345312798357,1.0941572189331055
student_37035_0_000017_step0150,student_37035_0_000017,150,5,1,adaptive_edge,0.00417408402076116,False,True,0.13669921591500295,0.14001349369939056,ok,0.8669322369945633,4.4205043933979224,0.00010375448616259618,0.00011737502641656527,1.5213673961867823e-16,6.071532165918825e-18,True,0.22552365897727217,0.7726307809352875,0.010162619289739746,2.693549542084766,2.6492754844326085
student_37035_0_000017_step0200,student_37035_0_000017,200,5,1,fixed_probe,0.23040000000000005,False,False,0.13669921591500267,nan,ok,0.8773206654135917,4.47347519262211,7.65379795981714e-05,3.609901523506929e-05,0.07446562866421487,0.2261983832541842,False,0.7393930582670729,0.772543303668499,1064.3563790849084,-25.042345312798357,1.0941572189331055
student_37035_0_000017_step0200,student_37035_0_000017,200,5,1,adaptive_edge,0.00417408402076116,False,True,0.13669921591500267,0.14001349369939065,ok,0.8669322369945633,4.4205043933979224,0.00010375448616259618,0.00011737502641656527,1.5213673961867823e-16,6.071532165918825e-18,True,0.22552365897727217,0.7688938342034817,0.010162619289739746,2.693549542084766,2.6492754844326085
student_37035_0_000022_step0000,student_37035_0_000022,0,3,3,fixed_probe,0.36426407369086017,True,True,0.040413860832714636,nan,ok,0.265887702789719,0.8408107426454181,2.315738546709013e-05,4.522199607275044e-05,8.888312421860245e-16,2.220446049250313e-16,True,0.9005735307640426,0.7716816291213036,0.00028273748505825585,1.3581170219262486,1.3598297911987305
student_37035_0_000022_step0000,student_37035_0_000022,0,3,3,adaptive_edge,0.5691626151419689,True,True,0.040413860832714636,0.041399328390703066,ok,0.2772376554900036,0.8767024445134959,2.7951529969241256e-05,5.299908944056772e-05,1.0760572360339329e-15,3.3306690738754696e-16,True,0.8993421746637362,0.7706866413354874,0.0003468016026207821,1.361535832845522,1.3706637620925903
student_37035_0_000022_step0010,student_37035_0_000022,10,3,3,fixed_probe,0.36426407369086017,True,True,0.01326043015717385,nan,ok,0.11878173138003878,0.375620815579218,1.2194938093915232e-05,2.5193474402092128e-05,5.6233573361764225e-14,5.262457136723242e-13,True,0.8971185650878635,0.7833666801452637,4.6018020236481076e-05,1.2655646793939939,1.2632777656033856
student_37035_0_000022_step0010,student_37035_0_000022,10,3,3,adaptive_edge,0.509024990627556,True,True,0.01326043015717385,0.014290080095308242,ok,0.132754627108781,0.4198069915900817,1.2751337796590904e-05,2.7052773540338566e-05,1.177128439614031e-15,3.3306690738754696e-16,True,0.8967122083850176,0.8008789569139481,6.129106210365512e-05,1.2670432894365529,1.2777984142303467
student_37035_0_000022_step0025,student_37035_0_000022,25,3,3,fixed_probe,0.36426407369086017,True,True,0.004201263407598046,nan,ok,0.09224290547237408,0.2916976792843121,2.649247807737685e-05,4.5441253122178587e-05,0.005598021563882615,0.05955210939503136,False,0.8284162500885602,0.7688875906169415,2.485000806059785e-06,1.3450307235304553,1.3407208025455475
student_37035_0_000022_step0025,student_37035_0_000022,25,3,3,adaptive_edge,0.30127372224810994,True,True,0.004201263407598046,0.004696954743229837,ok,0.08359342643585185,0.2643456249550232,2.3836423682868178e-05,4.3244569501318846e-05,1.035659335301735e-15,2.220446049250313e-16,True,0.8253779919737858,0.7710030674934387,2.1182159776910134e-06,1.344297924567752,1.3378184742115677
student_37035_0_000022_step0050,student_37035_0_000022,50,3,3,fixed_probe,0.36426407369086017,True,True,0.0022009895064239427,nan,ok,0.0874031398043082,0.2763929964317375,2.132417613929281e-05,3.842152963488353e-05,0.00490696406766377,0.05343150813985592,False,0.8122227576297248,0.7703384310007095,1.20372018122096e-06,1.2829745907781311,1.269987367093563
student_37035_0_000022_step0050,student_37035_0_000022,50,3,3,adaptive_edge,0.310026362685783,True,True,0.0022009895064239427,0.0026639150639522872,ok,0.0802690626337824,0.25383306356946655,2.236796247537817e-05,4.049433333307272e-05,1.0595319785749085e-15,2.220446049250313e-16,True,0.8082885895189705,0.7732182741165161,1.023555737284999e-06,1.2825610795743587,1.2788728578425217
student_37035_0_000022_step0075,student_37035_0_000022,75,3,3,fixed_probe,0.36426407369086017,True,True,0.0020955108717646354,nan,ok,0.08562319057194911,0.2707643027380145,2.4908657809540308e-05,4.310103921625015e-05,0.00598295557956259,0.05948421953395183,False,0.7976752119210878,0.7729569487273693,1.4545667050235941e-06,1.2626903965899767,1.2503184638917446
student_37035_0_000022_step0075,student_37035_0_000022,75,3,3,adaptive_edge,0.3073023880963718,True,True,0.0020955108717646354,0.0025093413087750815,ok,0.07821681567896477,0.24734328887109813,2.5748874587165247e-05,4.616131293696018e-05,5.722760109928859e-05,0.002522533939463445,False,0.7915118354642904,0.7644995525479317,1.2908377576069519e-06,1.2623666175785022,1.2578020272496584
student_37035_0_000022_step0100,student_37035_0_000022,100,3,3,fixed_probe,0.36426407369086017,True,True,0.0018151422103632657,nan,ok,0.08421275914069218,0.2663041269317514,2.3206577673028256e-05,4.095669909722973e-05,0.0036710669551855337,0.043364084098381384,False,0.7954605992843389,0.7716828919947147,1.2364629937706654e-06,1.2306822106033788,1.2240484654903412
student_37035_0_000022_step0100,student_37035_0_000022,100,3,3,adaptive_edge,0.32425645655188184,True,True,0.0018151422103632657,0.0022151256823159794,ok,0.0792962511035694,0.25075676339991976,2.459414655909271e-05,4.484826997200574e-05,9.116278283117668e-05,0.0033564669594030594,False,0.7920011965867644,0.769757341593504,1.1058731171688055e-06,1.230513069652047,1.2273849561909793
student_37035_0_000022_step0150,student_37035_0_000022,150,3,3,fixed_probe,0.36426407369086017,True,True,0.0015887041774405516,nan,ok,0.0838969416011602,0.26530542418180003,2.1466652394630747e-05,3.9046136417285574e-05,0.00465214596314347,0.0493819823969458,False,0.7907104481208586,0.780722975730896,1.067290334908821e-06,1.2276328395685414,1.1962847486138344
student_37035_0_000022_step0150,student_37035_0_000022,150,3,3,adaptive_edge,0.31973536065181585,True,True,0.0015887041774405516,0.001968140035688651,ok,0.07851323852194114,0.24828066020540596,2.295836183668495e-05,4.2283138817610755e-05,0.00016864305977648685,0.00485326935790148,False,0.7861749921756688,0.7650654129683971,9.429863601765395e-07,1.227447556172514,1.2169867330213728
student_37035_0_000022_step0200,student_37035_0_000022,200,3,3,fixed_probe,0.36426407369086017,True,True,0.001291810062623724,nan,ok,0.08375377791380141,0.264852700851518,1.9068237621481395e-05,3.501749694643991e-05,0.005819653864986536,0.05138000946915772,False,0.7832831028131776,0.7710171155631542,1.1819185096569583e-06,1.1800747252047563,1.1559671945869923
student_37035_0_000022_step0200,student_37035_0_000022,200,3,3,adaptive_edge,0.32203249659580735,True,True,0.001291810062623724,0.001615253742545967,ok,0.07858018423675871,0.2484923611438175,2.0403541784536455e-05,3.76612225460621e-05,0.00034671132661464026,0.009148432374104898,False,0.7765496549604246,0.781254418194294,1.0467380868916836e-06,1.1799719216512587,1.1726220915105607
student_37035_0_000023_step0000,student_37035_0_000023,0,3,3,fixed_probe,0.17424226678888988,False,True,0.0298742765433689,nan,ok,0.19639101121191493,0.6210429074133164,0.00011863441939139832,0.00022757806851021829,6.073079280191432e-16,1.1102230246251565e-16,True,0.8402065110638176,0.7668205387890339,0.00014407081179175707,1.1850431044406502,1.1874134234008786
student_37035_0_000023_step0000,student_37035_0_000023,0,3,3,adaptive_edge,0.2722535418576404,False,True,0.0298742765433689,0.030102928589311018,ok,0.20401682167089502,0.6451578374684275,0.00011204562594545026,0.00022599380423472896,7.011722462204534e-16,1.6653345369377348e-16,True,0.8362856370502966,0.7736621275544167,0.0001475183366451501,1.1874404490961261,1.1927843689918518
student_37035_0_000023_step0010,student_37035_0_000023,10,3,3,fixed_probe,0.17424226678888988,False,True,0.014555796949973835,nan,ok,0.11009695863382979,0.3481571527402421,9.204243316318193e-05,0.00017941712847783722,1.7424253466500627e-13,9.766631947627502e-13,True,0.8637797267927695,0.7724115327000618,3.5234914060410304e-05,1.0922261696131759,1.0956073232672656
student_37035_0_000023_step0010,student_37035_0_000023,10,3,3,adaptive_edge,0.34358328931925886,False,True,0.014555796949973835,0.015334951462442684,ok,0.13584567427765912,0.42958174099875174,9.422682722269063e-05,0.00019356173089908586,6.990462094427418e-16,2.220446049250313e-16,True,0.8620175973110029,0.7768817916512489,4.966817282771267e-05,1.095662675979138,1.1005350351333618
student_37035_0_000023_step0025,student_37035_0_000023,25,3,3,fixed_probe,0.17424226678888988,False,True,0.013711137518446102,nan,ok,0.10576807298163367,0.3344680143488789,0.00010428320269019032,0.00020638201599726717,5.990311882185838e-16,1.1102230246251565e-16,True,0.8630116362640342,0.7720580585300922,2.4809811077475553e-05,1.115918918288989,1.1199554205402853
student_37035_0_000023_step0025,student_37035_0_000023,25,3,3,adaptive_edge,0.33501572335288626,False,True,0.013711137518446102,0.014515816298740377,ok,0.1315691712434016,0.4160582509898768,0.00010563078830582976,0.00022269916884080034,6.693661558528567e-16,2.220446049250313e-16,True,0.8609017442664377,0.7721519693732262,3.775729653974388e-05,1.1196426945703835,1.1251174807548523
student_37035_0_000023_step0050,student_37035_0_000023,50,3,3,fixed_probe,0.17424226678888988,False,True,0.010384287770280064,nan,ok,0.08873451297040852,0.28060316805224417,0.00010121754953059735,0.0001959887059438173,6.034777983998987e-16,1.1102230246251565e-16,True,0.8534476248445033,0.7698222361505032,1.2549506219618125e-05,1.1034364455656582,1.1069493279264355
student_37035_0_000023_step0050,student_37035_0_000023,50,3,3,adaptive_edge,0.3393290713030125,False,True,0.010384287770280064,0.011199520551394943,ok,0.11671692217778529,0.3690913155664217,9.568778957215525e-05,0.0002039120408785312,3.4089674921771904e-05,0.0017720835864357132,False,0.8513259789395117,0.7715232446789742,2.3168775483463258e-05,1.106852161753944,1.1128554344177246
student_37035_0_000023_step0075,student_37035_0_000023,75,3,3,fixed_probe,0.17424226678888988,False,True,0.007319657313170303,nan,ok,0.07692813271462177,0.24326811552191674,9.421875488382857e-05,0.00018713559554236478,6.362027397913902e-16,1.1102230246251565e-16,True,0.8276617942519428,0.7669864259660244,7.880933974331865e-06,1.1098079217960404,1.1109001511513443
student_37035_0_000023_step0075,student_37035_0_000023,75,3,3,adaptive_edge,0.3099895073124721,False,True,0.007319657313170303,0.007993533967945162,ok,0.10087239993134864,0.31898653683047423,8.41066511465276e-05,0.00017388312992128846,0.00011627064073029687,0.0038720302960603137,False,0.8256071389523388,0.7675060890614986,1.2184016828205034e-05,1.1123879141827613,1.1159211099147797
student_37035_0_000023_step0100,student_37035_0_000023,100,3,3,fixed_probe,0.17424226678888988,False,True,0.005101574485610777,nan,ok,0.07119316966490903,0.225132569987919,9.808237096039112e-05,0.00019848482087906697,6.765795456726714e-16,1.1102230246251565e-16,True,0.7896389343023756,0.7699937336146832,1.3254093308999818e-06,1.1429021039882337,1.1420920487076855
student_37035_0_000023_step0100,student_37035_0_000023,100,3,3,adaptive_edge,0.2624845991433923,False,True,0.005101574485610777,0.0055859752452501995,ok,0.08799488241636633,0.2782642508744186,9.143140504582629e-05,0.00018975617808927961,0.00030420997821541595,0.00807739516226319,False,0.7879682411561737,0.7691288627684116,1.883246697639527e-06,1.1448927209005824,1.1404466293752193
student_37035_0_000023_step0150,student_37035_0_000023,150,3,3,fixed_probe,0.17424226678888988,False,True,0.0031384409983556834,nan,ok,0.07457904593632052,0.2358396508810977,0.0017046286700217368,0.00029557441547857055,0.039798095986974945,0.1507843404676185,False,0.6300136060281687,0.8067677915096283,8.601401056533208e-05,1.3394579630066115,1.1597636938095093
student_37035_0_000023_step0150,student_37035_0_000023,150,3,3,adaptive_edge,0.006531200785185505,True,True,0.0031384409983556834,0.0032927512895013903,ok,0.021703167331544558,0.06863144120743953,0.00020640988353762241,0.00027404062189910743,1.8482289256290173e-16,3.7296554733501353e-16,True,0.5682030976672946,0.7622176446020603,9.238712827035944e-06,1.3918592063699493,1.062007666441692
student_37035_0_000023_step0200,student_37035_0_000023,200,3,3,fixed_probe,0.17424226678888988,True,True,0.002274602040451202,nan,ok,0.07292748530524353,0.23061695759302936,0.0008326821036356073,0.0002456322977728785,0.04240147453570293,0.15348462537814864,False,0.6222697995810109,0.7888302989304066,0.0001667041920702535,1.2355731895635853,1.1095000505447388
student_37035_0_000023_step0200,student_37035_0_000023,200,3,3,adaptive_edge,0.006175073532760588,True,True,0.002274602040451202,0.0025827891415799577,ok,0.016104265844807644,0.050926160114447866,0.00020264653793647798,0.0002458019408996046,1.8299203122885946e-16,5.316927453868914e-16,True,0.5154335913621036,0.7686549350619316,1.1873724814148614e-05,1.4042181786624983,0.6745193188608696
student_37035_0_000025_step0000,student_37035_0_000025,0,5,3,fixed_probe,0.2893766102587739,True,True,0.014429572992314336,nan,ok,0.20289554569107343,1.0345683466998399,3.830946763673317e-06,7.287606168627267e-06,9.48638810588954e-16,1.6653345369377348e-16,True,0.944182540819185,0.7636865675449371,7.140960234381882e-05,1.184883361180117,1.1858467898941039
student_37035_0_000025_step0000,student_37035_0_000025,0,5,3,adaptive_edge,0.4521509535293342,True,True,0.014429572992314336,0.01596085444030886,ok,0.24789088514961719,1.264000460619686,3.1444552662332897e-06,6.259700020429408e-06,1.2008472123167321e-15,2.7755575615628914e-16,True,0.9435156429485697,0.7789695039391518,9.146627483704166e-05,1.187018744204871,1.1886631697416306
student_37035_0_000025_step0010,student_37035_0_000025,10,5,3,fixed_probe,0.2893766102587739,True,True,0.00912852107321125,nan,ok,0.1959852958544559,0.9993328479391257,3.2880594209134205e-06,5.822769846620058e-06,9.61667158422561e-16,2.220446049250313e-16,True,0.952986492700671,0.7723557129502296,4.480320830654985e-05,1.0939474169217527,1.094905900502499
student_37035_0_000025_step0010,student_37035_0_000025,10,5,3,adaptive_edge,0.45871763015405775,True,True,0.00912852107321125,0.010774375463209002,ok,0.24562865695370886,1.2524653149045493,2.445704824363935e-06,4.020179327246805e-06,1.1918187843223396e-15,3.3306690738754696e-16,True,0.9523691979046623,0.762406874448061,6.80606994987096e-05,1.0970817269701019,1.0986018180847168
student_37035_0_000025_step0025,student_37035_0_000025,25,5,3,fixed_probe,0.2893766102587739,True,True,0.01124687185943087,nan,ok,0.20214848818239875,1.0307590858853317,2.6921757495336776e-06,4.816182941742109e-06,9.532735620130874e-16,1.6653345369377348e-16,True,0.9572458170188084,0.7716284021735191,7.497735835515337e-05,1.0902742699664119,1.0915013377664606
student_37035_0_000025_step0025,student_37035_0_000025,25,5,3,adaptive_edge,0.4689032482069992,True,True,0.01124687185943087,0.012683978297386631,ok,0.2541691779390606,1.2960135980651066,1.9435074458978256e-06,3.3614006574144137e-06,1.1952112567352352e-15,2.7755575615628914e-16,True,0.956545455666555,0.7676052451133728,0.00010290047672870197,1.0947230312901333,1.0968383699655533
student_37035_0_000025_step0050,student_37035_0_000025,50,5,3,fixed_probe,0.2893766102587739,True,True,0.013560539304187725,nan,ok,0.2095193795426568,1.0683434047638598,2.6551480768975514e-06,4.783805764789377e-06,9.201113787554881e-16,2.220446049250313e-16,True,0.9613612531730295,0.7734689153730869,0.00014473234711945697,1.1194570967199478,1.1207923392580852
student_37035_0_000025_step0050,student_37035_0_000025,50,5,3,adaptive_edge,0.46613860277540153,True,True,0.013560539304187725,0.015026068243459392,ok,0.2607353102053506,1.3294944346197506,1.767582486652452e-06,3.4769233705464527e-06,1.2241869947856478e-15,2.7755575615628914e-16,True,0.9605708285516825,0.7688722908496857,0.0001785075378139209,1.125175101357465,1.128174751996994
student_37035_0_000025_step0075,student_37035_0_000025,75,5,3,fixed_probe,0.2893766102587739,True,True,0.007813703634757599,nan,ok,0.20042611605428695,1.0219766767944212,2.804740257699644e-06,5.1269382381892195e-06,9.379553745769477e-16,1.6653345369377348e-16,True,0.960726306399145,0.773182813078165,2.8732580024564313e-05,1.1433157586061624,1.1439115949115382
student_37035_0_000025_step0075,student_37035_0_000025,75,5,3,adaptive_edge,0.44225564874816514,True,True,0.007813703634757599,0.009259039151146842,ok,0.24738584518526777,1.261425251986324,2.129224384592162e-06,4.201227613029743e-06,1.143153814371436e-15,2.7755575615628914e-16,True,0.9598400926549356,0.7647048309445381,4.7011553387347476e-05,1.148922303053157,1.1517373621463776
student_37035_0_000025_step0100,student_37035_0_000025,100,5,3,fixed_probe,0.2893766102587739,True,True,0.008830041454510672,nan,ok,0.2048608566344202,1.0445895055502425,2.799534065439085e-06,5.074433735165e-06,9.283064363224901e-16,2.220446049250313e-16,True,0.9665543605454787,0.766456913203001,4.67929660035866e-05,1.1532380960041284,1.1540208053090684
student_37035_0_000025_step0100,student_37035_0_000025,100,5,3,adaptive_edge,0.44839064492918884,True,True,0.008830041454510672,0.010617164999873674,ok,0.25448431563143575,1.2976204913079963,2.138535940031977e-06,4.186092748465556e-06,1.1700118301378524e-15,3.3306690738754696e-16,True,0.9654555727217795,0.7636109814047813,7.210943481294438e-05,1.1607405263022261,1.1641509979963303
student_37035_0_000025_step0150,student_37035_0_000025,150,5,3,fixed_probe,0.2893766102587739,True,True,0.006945063355944488,nan,ok,0.20271216156727256,1.0336332674740962,4.397739124252896e-06,8.118525703668059e-06,8.944854798082286e-16,2.220446049250313e-16,True,0.9697497794465189,0.7652241624891758,3.7980178614310956e-05,1.1922964200436943,1.1927729268302991
student_37035_0_000025_step0150,student_37035_0_000025,150,5,3,adaptive_edge,0.4396891653317161,True,True,0.006945063355944488,0.009109521786143328,ok,0.2505869701670965,1.277747850734118,5.64967695058875e-06,7.535139289140856e-06,1.1492055331587243e-15,3.3306690738754696e-16,True,0.9682591378327938,0.7609169706702232,6.141648627261065e-05,1.2012283438342781,1.2050735354423523
student_37035_0_000025_step0200,student_37035_0_000025,200,5,3,fixed_probe,0.2893766102587739,True,True,0.006685910945155779,nan,ok,0.20187348203816466,1.0293568241895241,5.315189131476581e-06,9.873127447725442e-06,9.030822799957438e-16,1.6653345369377348e-16,True,0.9705147480503706,0.7792751863598824,4.09857323036816e-05,1.1991290801235341,1.199393256534881
student_37035_0_000025_step0200,student_37035_0_000025,200,5,3,adaptive_edge,0.43405178044551457,True,True,0.006685910945155779,0.00889042198483643,ok,0.2480762151702963,1.2649454620115832,6.926554248655575e-06,9.392013155770958e-06,1.1397651398116544e-15,2.7755575615628914e-16,True,0.9689614331970776,0.7586923502385616,6.50334776727193e-05,1.2085164486109101,1.212557464838028
student_37035_0_000027_step0000,student_37035_0_000027,0,7,2,fixed_probe,0.4145653469849046,True,True,0.08110824224029958,nan,ok,0.5836201019032846,4.1268173169259645,4.379151180117129e-06,8.459670520486704e-06,7.724458926016523e-16,2.7755575615628914e-16,True,0.9612200187210553,0.7639685198664665,0.0018989674920516677,1.6651679674164253,1.665706901374817
student_37035_0_000027_step0000,student_37035_0_000027,0,7,2,adaptive_edge,0.6477583546639133,True,True,0.08110824224029958,0.08520476991762536,ok,0.6395110090053358,4.522025711111242,6.540722619857118e-06,1.1957488841751977e-05,9.609021516558148e-16,3.3306690738754696e-16,True,0.9583426839575552,0.7659682892262936,0.0022080962900522293,1.6789494220363592,1.6786320209503174
student_37035_0_000027_step0010,student_37035_0_000027,10,7,2,fixed_probe,0.4145653469849046,True,True,0.0629726444384012,nan,ok,0.4713300713597492,3.3328068963561805,8.228227899248308e-06,1.5406889954227958e-05,7.967939189138549e-16,2.7755575615628914e-16,True,0.9473382735691863,0.7736823074519634,0.0017526066366538244,1.997580743621769,2.001460450218131
student_37035_0_000027_step0010,student_37035_0_000027,10,7,2,adaptive_edge,0.5153215585557014,True,True,0.0629726444384012,0.06654966439729623,ok,0.49362767941752256,3.4904747949750936,7.64935549308688e-06,1.2018922484722112e-05,9.47502087867862e-16,3.3306690738754696e-16,True,0.94299515406495,0.7719515152275562,0.0018728757719573398,2.011725096299389,2.0051620304584503
student_37035_0_000027_step0025,student_37035_0_000027,25,7,2,fixed_probe,0.4145653469849046,True,True,0.05595880665079458,nan,ok,0.43977257279680404,3.1096616840447475,6.394886465779114e-06,1.1101201930541747e-05,8.026250777524154e-16,2.7755575615628914e-16,True,0.9417623999937468,0.7657463774085045,0.0015250434526856015,2.099939727004435,2.0988188770070066
student_37035_0_000027_step0025,student_37035_0_000027,25,7,2,adaptive_edge,0.43887961990645935,True,True,0.05595880665079458,0.05986378422680509,ok,0.4461580874297005,3.154814091027618,6.244747857659015e-06,1.1675161108861487e-05,8.411834941517864e-16,2.7755575615628914e-16,True,0.9396086545445748,0.7800972498953342,0.0015667537378446865,2.1049596874005805,2.0954549312591553
student_37035_0_000027_step0050,student_37035_0_000027,50,7,2,fixed_probe,0.4145653469849046,True,True,0.04723819950659702,nan,ok,0.3975604810751741,2.811177121000417,4.445709931865887e-06,9.05973205674447e-06,8.051747558240723e-16,2.7755575615628914e-16,True,0.9539030411847949,0.77236158400774,0.0009801815284874809,2.1158291575204764,2.121635339312103
student_37035_0_000027_step0050,student_37035_0_000027,50,7,2,adaptive_edge,0.5021933351156538,True,True,0.04723819950659702,0.052153748096369024,ok,0.4228933462375317,2.9903075284322926,5.755172053944442e-06,1.1692130755545249e-05,9.335020748718238e-16,3.3306690738754696e-16,True,0.9473837712365697,0.7757906392216682,0.001106511921699755,2.133246604200112,2.1253223419189453
student_37035_0_000027_step0075,student_37035_0_000027,75,7,2,fixed_probe,0.4145653469849046,True,True,0.04040527011220716,nan,ok,0.36988122921651984,2.6154552541261693,3.6624355235055127e-06,7.393169972432779e-06,8.373873363363403e-16,2.7755575615628914e-16,True,0.9636450596090338,0.7692336961627007,0.0007325871314345113,2.079739180238969,2.0833097142524366
student_37035_0_000027_step0075,student_37035_0_000027,75,7,2,adaptive_edge,0.5514974752734384,True,True,0.04040527011220716,0.04625346208533179,ok,0.41182978887176164,2.9120763640584686,4.221335975386173e-06,8.043973051855134e-06,1.00188653620128e-15,3.3306690738754696e-16,True,0.9570514511056274,0.7783347815275192,0.0008790955287175378,2.1034100261099016,2.0977452993392944
student_37035_0_000027_step0100,student_37035_0_000027,100,7,2,fixed_probe,0.4145653469849046,True,True,0.03416436005499781,nan,ok,0.3470815215849677,2.4542369753727575,3.920938377456374e-06,8.273575485605503e-06,8.593734133751026e-16,2.7755575615628914e-16,True,0.9686322822561809,0.7830182425677776,0.0003750369051594819,2.1028537493622492,2.1051198337477084
student_37035_0_000027_step0100,student_37035_0_000027,100,7,2,adaptive_edge,0.5797747135954618,True,True,0.03416436005499781,0.03988482709856711,ok,0.3988665760406117,2.820412607069762,4.8409929435188266e-06,9.481094202299095e-06,1.0404335765265196e-15,3.3306690738754696e-16,True,0.9622752884336175,0.7696411274373531,0.0005059466821430503,2.1294926757206865,2.125318095088005
student_37035_0_000027_step0150,student_37035_0_000027,150,7,2,fixed_probe,0.4145653469849046,True,True,0.031369661050869455,nan,ok,0.3396352494733224,2.4015838803257106,4.352536709397279e-06,9.552054144781936e-06,8.662399475158506e-16,2.7755575615628914e-16,True,0.9684847257869085,0.7714964374899864,0.0003359649665263519,2.0861025848163757,2.0890593217103244
student_37035_0_000027_step0150,student_37035_0_000027,150,7,2,adaptive_edge,0.5570303825390981,True,True,0.031369661050869455,0.03674556683848573,ok,0.38520188625836216,2.7237886589913707,4.768182535986369e-06,9.583122702316208e-06,1.030999445566927e-15,3.3306690738754696e-16,True,0.9624714056680619,0.7785948924720287,0.00044347963214912074,2.110621729358085,2.106117606163025
student_37035_0_000027_step0200,student_37035_0_000027,200,7,2,fixed_probe,0.4145653469849046,True,True,0.03443016564396665,nan,ok,0.3438366920539595,2.4312925657210545,4.633007563235706e-06,9.508210541179307e-06,8.8450613991408e-16,2.7755575615628914e-16,True,0.9659648128675364,0.7820201516151428,0.00046049229182169724,2.066910247122649,2.0687207427756933
student_37035_0_000027_step0200,student_37035_0_000027,200,7,2,adaptive_edge,0.5804083035471258,True,True,0.03443016564396665,0.039184714480887256,ok,0.3919030193313546,2.771172825366835,5.657381901933611e-06,1.0964952436734341e-05,1.0918716671370396e-15,6.661338147750939e-16,True,0.959754041399013,0.7672959566116333,0.000579143092946041,2.0933592766477,2.0894293785095215
student_37035_0_000030_step0000,student_37035_0_000030,0,5,4,fixed_probe,0.263348498672917,True,True,0.030365848738194708,nan,ok,0.26551486817201725,1.3538654939581318,4.877095039973047e-06,9.432218580626552e-06,8.687852115738577e-16,1.6653345369377348e-16,True,0.9484290571587227,0.7609860748052597,0.0006151491967150374,1.06558865301157,1.0658422676925658
student_37035_0_000030_step0000,student_37035_0_000030,0,5,4,adaptive_edge,0.4114820291764327,True,True,0.030365848738194708,0.031837964936209696,ok,0.3038402819159928,1.5492875265051804,6.9985459701093686e-06,1.3039488045463756e-05,1.0901815823887645e-15,2.7755575615628914e-16,True,0.9472613614457854,0.759894110262394,0.0006649180973899841,1.0697548972480675,1.0703546181321144
student_37035_0_000030_step0010,student_37035_0_000030,10,5,4,fixed_probe,0.263348498672917,True,True,0.022478329759927505,nan,ok,0.2321121570947201,1.1835444183680917,8.373637167608674e-06,1.5709691987803757e-05,6.259321257995634e-14,4.2810199829546036e-13,True,0.9526340366733984,0.7739076279103756,0.00023931849101347893,1.0808751180703202,1.0814482437634878
student_37035_0_000030_step0010,student_37035_0_000030,10,5,4,adaptive_edge,0.4330716981643129,True,True,0.022478329759927505,0.024255633113044982,ok,0.2813925334321452,1.4348260189498183,1.1454407446387948e-05,2.062884122602672e-05,1.0654373050145927e-15,2.7755575615628914e-16,True,0.9514842482363067,0.7653588652610779,0.0002923256039036789,1.0845597511420264,1.085164237767458
student_37035_0_000030_step0025,student_37035_0_000030,25,5,4,fixed_probe,0.263348498672917,True,True,0.019658482367869407,nan,ok,0.22145965855497157,1.1292271204453952,1.0329984447790504e-05,1.8848422493586723e-05,2.6856030843613624e-14,1.6897594434794883e-13,True,0.9557253241355833,0.7634599134325981,0.00010517784364246088,1.0966932066145103,1.0978304518286504
student_37035_0_000030_step0025,student_37035_0_000030,25,5,4,adaptive_edge,0.43750238550997966,True,True,0.019658482367869407,0.02158808940148389,ok,0.27835169260231685,1.4193207122207938,1.7058085749349775e-05,3.2712046186156355e-05,9.111778515841005e-16,2.7755575615628914e-16,True,0.9545099371511632,0.7689265422523022,0.000159769483708644,1.1001080322652914,1.1016332358121872
student_37035_0_000030_step0050,student_37035_0_000030,50,5,4,fixed_probe,0.263348498672917,True,True,0.016944574341741677,nan,ok,0.20938368354809261,1.0676514882396608,1.2112535491011305e-05,2.2237801200084414e-05,2.639867473660059e-14,1.6692203175239229e-13,True,0.9519094841918008,0.7793387100100517,8.451098485638767e-05,1.1289225740710813,1.1302587433894642
student_37035_0_000030_step0050,student_37035_0_000030,50,5,4,adaptive_edge,0.4422726668929913,True,True,0.016944574341741677,0.01892356795915025,ok,0.26718191188001483,1.3623657823552235,1.900782544199482e-05,3.5483326918670566e-05,1.2904249864817522e-15,3.941291737419306e-15,True,0.9506700264717347,0.7754283770918846,0.00013275463981640237,1.1321498502589764,1.1338839828968048
student_37035_0_000030_step0075,student_37035_0_000030,75,5,4,fixed_probe,0.263348498672917,True,True,0.01525909767279342,nan,ok,0.1815142506448837,0.9255447060334336,5.0330587700743545e-06,9.598156300112567e-06,6.23270586287313e-15,4.2021941482062175e-14,True,0.9571071837031874,0.7677010260522366,8.031691774414078e-05,1.1611582291397566,1.1644499930385985
student_37035_0_000030_step0075,student_37035_0_000030,75,5,4,adaptive_edge,0.6038034750989041,True,True,0.01525909767279342,0.01842035083905062,ok,0.26680790221807776,1.360458699790734,7.795629938901719e-06,1.7407740723951158e-05,1.0191516490057724e-13,6.352696146905146e-13,True,0.9555020289035383,0.777635008096695,0.00016210269040301388,1.1654671909081584,1.1691361218690872
student_37035_0_000030_step0100,student_37035_0_000030,100,5,4,fixed_probe,0.263348498672917,True,True,0.016094707406515085,nan,ok,0.1840782520143259,0.9386185990490981,7.903331879303374e-06,1.5032653961182842e-05,1.4217798080314753e-14,9.880984919163893e-14,True,0.9553755440780548,0.7644989155232906,0.00011368344897970967,1.1802681296165636,1.1835304832227267
student_37035_0_000030_step0100,student_37035_0_000030,100,5,4,adaptive_edge,0.5733499355163155,True,True,0.016094707406515085,0.02010818877041801,ok,0.2677305603340907,1.3651633515286588,1.277346713601463e-05,2.6610116562852887e-05,2.1887360751464175e-14,1.5232259897857148e-13,True,0.952811214395208,0.7624039724469185,0.0001978703483324765,1.1847712127405812,1.1885732859373093
student_37035_0_000030_step0150,student_37035_0_000030,150,5,4,fixed_probe,0.263348498672917,True,True,0.015238868606936856,nan,ok,0.1781186305185984,0.9082303727487564,9.683075338844514e-06,1.7873506732664577e-05,1.8280505516147184e-14,1.1890488593735427e-13,True,0.9552749691295421,0.7667453996837139,8.393273487977717e-05,1.2019401058956694,1.204608879885935
student_37035_0_000030_step0150,student_37035_0_000030,150,5,4,adaptive_edge,0.5661693091117224,True,True,0.015238868606936856,0.020321532598359563,ok,0.2627120996869917,1.339574122760904,1.4545378082968234e-05,3.132262482030806e-05,2.4532515270948316e-14,1.7619239400801234e-13,True,0.9514600427816107,0.7746954746544361,0.0001947288496789226,1.206651489749351,1.2101316154003143
student_37035_0_000030_step0200,student_37035_0_000030,200,5,4,fixed_probe,0.263348498672917,True,True,0.014935511458694652,nan,ok,0.17459291603917762,0.8902526858188333,8.650621785448277e-06,1.6684244635755004e-05,1.3815499629684713e-14,9.54236689665322e-14,True,0.9503497573205925,0.7754976712167263,8.49427569848199e-05,1.1912844944353598,1.193735121591704
student_37035_0_000030_step0200,student_37035_0_000030,200,5,4,adaptive_edge,0.5732985517890978,True,True,0.014935511458694652,0.0198910467437224,ok,0.2618362596164712,1.335108197150533,1.5650917017133958e-05,3.604715513094302e-05,4.487027842605722e-15,3.019806626980426e-14,True,0.948144226775644,0.7755272500216961,0.00019162285903227185,1.1945142828253377,1.1973457783460617
student_37035_0_000031_step0000,student_37035_0_000031,0,5,2,fixed_probe,0.4252901954790367,True,True,0.028969232993151604,nan,ok,0.2748195804254695,1.4013104033068506,2.1236872052884606e-06,4.080117695291132e-06,1.02601891417012e-15,2.7755575615628914e-16,True,0.9672456122484716,0.7725553438067436,0.0005337244525202291,1.2026490127543557,1.2031980624542236
student_37035_0_000031_step0000,student_37035_0_000031,0,5,2,adaptive_edge,0.6645159304359947,True,True,0.028969232993151604,0.03213320173889536,ok,0.32441907198614384,1.6542191786390097,2.083593257256757e-06,3.947414639192018e-06,1.2619859932103165e-15,4.440892098500626e-16,True,0.9660049203388272,0.7733463980257511,0.0005979743146092126,1.2093021692411385,1.2145309448242188
student_37035_0_000031_step0010,student_37035_0_000031,10,5,2,fixed_probe,0.4252901954790367,True,True,0.025914878610390536,nan,ok,0.26004733915469075,1.325986456807649,3.185034861786608e-06,6.287036107345097e-06,9.968311141115261e-16,2.7755575615628914e-16,True,0.9609255608134778,0.7656385935842991,0.0002374063245040826,1.2155622962620811,1.215484436813875
student_37035_0_000031_step0010,student_37035_0_000031,10,5,2,adaptive_edge,0.6315499581172478,True,True,0.025914878610390536,0.02892446331869253,ok,0.30333003996110863,1.546685792820572,4.933247943547127e-06,9.125528808731306e-06,1.1960713947009664e-15,4.440892098500626e-16,True,0.959331989361079,0.7658727392554283,0.0002890160267400332,1.2203384132830977,1.2245492935180664
student_37035_0_000031_step0025,student_37035_0_000031,25,5,2,fixed_probe,0.4252901954790367,True,True,0.017235810379852914,nan,ok,0.22928051919150724,1.1691058414441804,2.4089043989009267e-06,4.731599430180378e-06,1.0438315638107977e-15,2.7755575615628914e-16,True,0.9604370767323426,0.7688678912818432,0.00010639349740420196,1.1961283734883403,1.1966560868054472
student_37035_0_000031_step0025,student_37035_0_000031,25,5,2,adaptive_edge,0.6550466598011235,True,True,0.017235810379852914,0.020136347417367292,ok,0.279018612527626,1.422721349933949,2.1452846839052263e-06,4.220301533019588e-06,1.3293302693007783e-15,4.440892098500626e-16,True,0.9597415111061123,0.7763588204979897,0.00015082567756782736,1.2004544939724777,1.2049666345119476
student_37035_0_000031_step0050,student_37035_0_000031,50,5,2,fixed_probe,0.4252901954790367,True,True,0.01466029856366101,nan,ok,0.21842713646877102,1.1137642311524574,3.0210380439928548e-06,5.852636341754197e-06,1.0312077527903265e-15,3.3306690738754696e-16,True,0.9572497917871873,0.7727183438837528,8.203968622906422e-05,1.203480278336996,1.2035418808874352
student_37035_0_000031_step0050,student_37035_0_000031,50,5,2,adaptive_edge,0.6442573136830614,True,True,0.01466029856366101,0.017916463852696577,ok,0.2665483496841946,1.3591352363556612,3.583497178778484e-06,6.4002529275667315e-06,2.731198825519727e-05,0.0010881074703297244,False,0.9564621228628964,0.776463944464922,0.00012119627026478565,1.207277465125932,1.2128123044967651
student_37035_0_000031_step0075,student_37035_0_000031,75,5,2,fixed_probe,0.4252901954790367,True,True,0.011530772545410555,nan,ok,0.213143456085201,1.0868226417730467,4.717622896377071e-06,9.53245960379798e-06,1.0461202422190832e-15,2.7755575615628914e-16,True,0.9520569360221001,0.7745446115732193,5.781011679031913e-05,1.2200720335070752,1.2181296800691652
student_37035_0_000031_step0075,student_37035_0_000031,75,5,2,adaptive_edge,0.5772394643044373,True,True,0.011530772545410555,0.015143633261016452,ok,0.24867153690702906,1.2679810191640495,9.253557440232108e-06,1.5917954403471276e-05,1.234100617924916e-15,4.440892098500626e-16,True,0.9508482160807415,0.7766969501972198,8.237278342891326e-05,1.2226712149730523,1.2268683910369873
student_37035_0_000031_step0100,student_37035_0_000031,100,5,2,fixed_probe,0.4252901954790367,True,True,0.009909780142309425,nan,ok,0.20968830443022143,1.0692047560618834,2.6422401475348237e-06,5.3641519336200724e-06,1.0660472098501172e-15,2.7755575615628914e-16,True,0.9538853610059305,0.768433228135109,6.144559324444335e-05,1.1768556091535758,1.175177855053519
student_37035_0_000031_step0100,student_37035_0_000031,100,5,2,adaptive_edge,0.5794084302795071,True,True,0.009909780142309425,0.013055493692199435,ok,0.2450473287609721,1.249501111105983,2.2022468778451334e-06,4.3306534686162555e-06,1.2446903865827637e-15,3.3306690738754696e-16,True,0.9535907339864232,0.7717125341296196,8.563916421999466e-05,1.1789073813585496,1.1833361983299255
student_37035_0_000031_step0150,student_37035_0_000031,150,5,2,fixed_probe,0.4252901954790367,True,True,0.00814648173456539,nan,ok,0.2065311721940942,1.0531064771828775,7.060445713852285e-06,1.432776677043029e-05,1.0769416362970759e-15,2.7755575615628914e-16,True,0.9401582308763993,0.7699536606669426,3.909818443024862e-05,1.2235874489377985,1.2204066542694827
student_37035_0_000031_step0150,student_37035_0_000031,150,5,2,adaptive_edge,0.5185371646819728,True,True,0.00814648173456539,0.011167946508474214,ok,0.22844131263253736,1.164826710824058,1.3136685198007292e-05,2.0365106724340915e-05,1.2114618721992874e-15,3.3306690738754696e-16,True,0.9395002479536607,0.7917685098946095,4.985411386539321e-05,1.224621248538286,1.2279622554779053
student_37035_0_000031_step0200,student_37035_0_000031,200,5,2,fixed_probe,0.4252901954790367,False,False,0.006299940219798762,nan,ok,0.2085676933567627,1.0634907383311691,3.7038961091611007e-05,6.534832371311018e-05,1.0539533724243045e-15,2.7755575615628914e-16,True,0.9339223229833649,0.772732712328434,135.9236281381867,5.4709120661930415,1.245035397531122
student_37035_0_000031_step0200,student_37035_0_000031,200,5,2,adaptive_edge,0.43835139397912387,False,False,0.006299940219798762,0.008544900707714855,ok,0.21190228003273234,1.080493860861705,4.038560240215277e-05,7.043431701452655e-05,1.0643814998596177e-15,2.7755575615628914e-16,True,0.9338616918256104,0.7725034952163696,5.386841835862104,0.5809075159752364,1.24679234623909
student_37035_0_000033_step0000,student_37035_0_000033,0,3,4,fixed_probe,0.07232972204316414,True,True,0.02741846623563886,nan,ok,0.17079410760385086,0.540098390964052,0.00011483391172901222,0.00020618704871200777,7.150560856723856e-15,7.638334409421077e-14,True,0.7570381023398096,0.7778433002531528,0.00034152623099923616,1.4481373976449434,1.4196143651809692
student_37035_0_000033_step0000,student_37035_0_000033,0,3,4,adaptive_edge,0.11301519069244395,True,True,0.02741846623563886,0.02743888252174908,ok,0.1732819785882317,0.5479657297993404,0.00012151218773047839,0.00018804046507739342,6.191465396634028e-16,8.326672684688674e-17,True,0.7237275289894773,0.7773216590285301,0.00035100030486904426,1.4518803773725613,1.430059127509594
student_37035_0_000033_step0010,student_37035_0_000033,10,3,4,fixed_probe,0.07232972204316414,False,True,0.022002246021389987,nan,ok,0.15532492580718327,0.49118054294736657,0.0009614612635524347,0.0002213469503612222,0.00950891493382284,0.06704478876781904,False,0.46683732720910515,0.7887803316116333,0.0003144558241948382,1.4976587377606805,1.1103559732437134
student_37035_0_000033_step0010,student_37035_0_000033,10,3,4,adaptive_edge,0.04063785682850586,False,False,0.022002246021389987,0.022929981073848457,ok,0.14566818665782214,0.4606432524652685,0.0006241998767700792,0.0002694400844401183,1.4856978817606513e-06,0.0003387305391785028,False,0.4802414788591002,0.785187266767025,35.433786346454845,2.75202614467734,1.3984506552160805
student_37035_0_000033_step0025,student_37035_0_000033,25,3,4,fixed_probe,0.07232972204316414,False,True,0.022002246021389997,nan,ok,0.15532492580718327,0.49118054294736657,0.0009614612635524347,0.0002213469503612222,0.00950891493382284,0.06704478876781904,False,0.46683732720910515,0.775893323123455,0.0003144558241948382,1.4976587377606805,1.1103559732437134
student_37035_0_000033_step0025,student_37035_0_000033,25,3,4,adaptive_edge,0.04063785682850586,False,False,0.022002246021389997,0.022929981073848492,ok,0.14566818665782214,0.4606432524652685,0.0006241998767700792,0.0002694400844401183,1.4856978817606513e-06,0.0003387305391785028,False,0.4802414788591002,0.7772551104426384,35.433786346454845,2.75202614467734,1.3984506552160805
student_37035_0_000033_step0050,student_37035_0_000033,50,3,4,fixed_probe,0.07232972204316414,False,True,0.022002246021390007,nan,ok,0.15532492580718327,0.49118054294736657,0.0009614612635524347,0.0002213469503612222,0.00950891493382284,0.06704478876781904,False,0.46683732720910515,0.7746195644140244,0.0003144558241948382,1.4976587377606805,1.1103559732437134
student_37035_0_000033_step0050,student_37035_0_000033,50,3,4,adaptive_edge,0.04063785682850586,False,False,0.022002246021390007,0.022929981073848454,ok,0.14566818665782214,0.4606432524652685,0.0006241998767700792,0.0002694400844401183,1.4856978817606513e-06,0.0003387305391785028,False,0.4802414788591002,0.7716831043362617,35.433786346454845,2.75202614467734,1.3984506552160805
student_37035_0_000033_step0075,student_37035_0_000033,75,3,4,fixed_probe,0.07232972204316414,False,True,0.02200224602139005,nan,ok,0.15532492580718327,0.49118054294736657,0.0009614612635524347,0.0002213469503612222,0.00950891493382284,0.06704478876781904,False,0.46683732720910515,0.7756830863654613,0.0003144558241948382,1.4976587377606805,1.1103559732437134
student_37035_0_000033_step0075,student_37035_0_000033,75,3,4,adaptive_edge,0.04063785682850586,False,False,0.02200224602139005,0.022929981073848447,ok,0.14566818665782214,0.4606432524652685,0.0006241998767700792,0.0002694400844401183,1.4856978817606513e-06,0.0003387305391785028,False,0.4802414788591002,0.7769212611019611,35.433786346454845,2.75202614467734,1.3984506552160805
student_37035_0_000033_step0100,student_37035_0_000033,100,3,4,fixed_probe,0.07232972204316414,False,True,0.02200224602139008,nan,ok,0.15532492580718327,0.49118054294736657,0.0009614612635524347,0.0002213469503612222,0.00950891493382284,0.06704478876781904,False,0.46683732720910515,0.7715869545936584,0.0003144558241948382,1.4976587377606805,1.1103559732437134
student_37035_0_000033_step0100,student_37035_0_000033,100,3,4,adaptive_edge,0.04063785682850586,False,False,0.02200224602139008,0.022929981073848475,ok,0.14566818665782214,0.4606432524652685,0.0006241998767700792,0.0002694400844401183,1.4856978817606513e-06,0.0003387305391785028,False,0.4802414788591002,0.7673698142170906,35.433786346454845,2.75202614467734,1.3984506552160805
student_37035_0_000033_step0150,student_37035_0_000033,150,3,4,fixed_probe,0.07232972204316414,False,True,0.022002246021389973,nan,ok,0.15532492580718327,0.49118054294736657,0.0009614612635524347,0.0002213469503612222,0.00950891493382284,0.06704478876781904,False,0.46683732720910515,0.7883765362203121,0.0003144558241948382,1.4976587377606805,1.1103559732437134
student_37035_0_000033_step0150,student_37035_0_000033,150,3,4,adaptive_edge,0.04063785682850586,False,False,0.022002246021389973,0.022929981073848457,ok,0.14566818665782214,0.4606432524652685,0.0006241998767700792,0.0002694400844401183,1.4856978817606513e-06,0.0003387305391785028,False,0.4802414788591002,0.7669743075966835,35.433786346454845,2.75202614467734,1.3984506552160805
student_37035_0_000033_step0200,student_37035_0_000033,200,3,4,fixed_probe,0.07232972204316414,False,True,0.02200224602138998,nan,ok,0.15532492580718327,0.49118054294736657,0.0009614612635524347,0.0002213469503612222,0.00950891493382284,0.06704478876781904,False,0.46683732720910515,0.7783945649862289,0.0003144558241948382,1.4976587377606805,1.1103559732437134
student_37035_0_000033_step0200,student_37035_0_000033,200,3,4,adaptive_edge,0.04063785682850586,False,False,0.02200224602138998,0.02292998107384849,ok,0.14566818665782214,0.4606432524652685,0.0006241998767700792,0.0002694400844401183,1.4856978817606513e-06,0.0003387305391785028,False,0.4802414788591002,0.7734563052654266,35.433786346454845,2.75202614467734,1.3984506552160805
student_37035_0_000035_step0000,student_37035_0_000035,0,4,2,fixed_probe,0.2806688855659508,True,True,0.020024112442500845,nan,ok,0.17015562215542218,0.7015696029394942,6.540767177835335e-06,1.0246917428511974e-05,8.190944705713268e-16,2.220446049250313e-16,True,0.954905782359007,0.7657710015773773,0.00031566119019100727,1.5332217612306203,1.5339186354942322
student_37035_0_000035_step0000,student_37035_0_000035,0,4,2,adaptive_edge,0.4385451336967981,True,True,0.020024112442500845,0.024281341595655242,ok,0.20408536838195176,0.8414655304818781,6.778119770204436e-06,9.256868061882305e-06,1.0296533718924843e-15,2.7755575615628914e-16,True,0.9481775928650151,0.79485297575593,0.0004618421786969882,1.548082650312068,1.5481300093233585
student_37035_0_000035_step0010,student_37035_0_000035,10,4,2,fixed_probe,0.2806688855659508,True,True,0.018048638168865844,nan,ok,0.16075117273721246,0.662794064637437,5.7955274891069175e-06,9.978108218304101e-06,8.097480332567957e-16,2.220446049250313e-16,True,0.9560382092026319,0.7668943218886852,0.00026960302496641944,1.4882751144406379,1.4887903461958798
student_37035_0_000035_step0010,student_37035_0_000035,10,4,2,adaptive_edge,0.4393258332168291,True,True,0.018048638168865844,0.022593280128654466,ok,0.19573290771926458,0.8070274529358022,5.299740713977159e-06,7.778197563289956e-06,1.0303833979166349e-15,3.3306690738754696e-16,True,0.9503751765863409,0.7799998745322227,0.00042104569354729717,1.5017992907692561,1.5011670691892505
student_37035_0_000035_step0025,student_37035_0_000035,25,4,2,fixed_probe,0.2806688855659508,True,True,0.020887978415670177,nan,ok,0.17001355132967205,0.7009838299186077,7.688696866355045e-06,1.355269973108522e-05,8.141616519823508e-16,2.220446049250313e-16,True,0.9598986501618882,0.7731808498501778,0.00027712173957565296,1.4433869373269221,1.4432337171715413
student_37035_0_000035_step0025,student_37035_0_000035,25,4,2,adaptive_edge,0.5093115988202026,True,True,0.020887978415670177,0.025320767132261775,ok,0.21530091912411167,0.8877084308412779,5.039035172004261e-06,7.399894868020314e-06,1.0992043514308706e-15,3.3306690738754696e-16,True,0.9528949877566593,0.769156951457262,0.0004960234630358475,1.4599341183966998,1.4580039605498314
student_37035_0_000035_step0050,student_37035_0_000035,50,4,2,fixed_probe,0.2806688855659508,True,True,0.017859990488267547,nan,ok,0.1531288743786668,0.631366523395181,4.437844060896243e-06,8.028384383427403e-06,9.642236177187691e-14,9.546807788751721e-13,True,0.9617438853977127,0.7652151919901371,0.0002183076042555773,1.4393835350525774,1.4397398374044599
student_37035_0_000035_step0050,student_37035_0_000035,50,4,2,adaptive_edge,0.5563003823511761,True,True,0.017859990488267547,0.022515937147653167,ok,0.20739771752720307,0.8551226958766734,3.357525722259651e-06,4.898422379299193e-06,1.1585576420195575e-15,4.440892098500626e-16,True,0.9559963175004815,0.769206129014492,0.00043992892538840075,1.4565451645694416,1.455789060331881
student_37035_0_000035_step0075,student_37035_0_000035,75,4,2,fixed_probe,0.2806688855659508,True,True,0.021160645030090665,nan,ok,0.16740628728112394,0.6902338048525684,6.959162568939765e-06,1.2573514540667714e-05,7.925360959219996e-16,2.220446049250313e-16,True,0.962207944099516,0.762697272002697,0.0002788004012214094,1.4077764928400924,1.4058783071030678
student_37035_0_000035_step0075,student_37035_0_000035,75,4,2,adaptive_edge,0.5791874761020521,True,True,0.021160645030090665,0.024850485461313108,ok,0.21843158366233476,0.9006164914107471,2.5499829301109214e-06,3.886119434770039e-06,1.1724959914203704e-15,3.3306690738754696e-16,True,0.956751981692204,0.7717029824852943,0.0005013616994799649,1.4219937172040733,1.4184964299201965
student_37035_0_000035_step0100,student_37035_0_000035,100,4,2,fixed_probe,0.2806688855659508,True,True,0.020852443332040095,nan,ok,0.16182920034222573,0.6672388863202384,7.883870755090572e-06,1.405873246474616e-05,6.69158799459176e-14,7.042699756709681e-13,True,0.9562922248631298,0.7653970941901207,0.0002761726134934602,1.3598625114448895,1.3588863277162115
student_37035_0_000035_step0100,student_37035_0_000035,100,4,2,adaptive_edge,0.5787854168984308,True,True,0.020852443332040095,0.02517574208692131,ok,0.2147291847018856,0.8853511094286381,3.5141998379109576e-06,4.750891478911091e-06,1.158077018869133e-15,4.440892098500626e-16,True,0.9515405632859654,0.782985009253025,0.000534555721233882,1.373026370596375,1.3708316460251808
student_37035_0_000035_step0150,student_37035_0_000035,150,4,2,fixed_probe,0.2806688855659508,True,True,0.019258816309364546,nan,ok,0.14739269485127113,0.6077156493162231,2.02701712182496e-06,3.958908234165732e-06,1.2057560840691972e-14,7.083222897108499e-14,True,0.9563542012100057,0.7696877755224705,0.0002489447490820224,1.3220648089487947,1.3241100953237428
student_37035_0_000035_step0150,student_37035_0_000035,150,4,2,adaptive_edge,0.7022708234548587,False,True,0.019258816309364546,0.023864776756283176,ok,0.21787380960941352,0.898316730075324,7.666077715906008e-06,1.2528150815897415e-05,1.1667959522973561e-15,4.440892098500626e-16,True,0.9537341553578521,0.7639899998903275,0.000955608556890641,1.3341941511040123,1.3377645015716553
student_37035_0_000035_step0200,student_37035_0_000035,200,4,2,fixed_probe,0.2806688855659508,True,True,0.019654922988878835,nan,ok,0.1386332400222929,0.5715994918335193,4.301675041005369e-06,7.640865430210415e-06,1.1218011653955814e-13,6.56030785251005e-13,True,0.9373088116869659,0.7783522754907608,0.0002064818078341334,1.4155840813296203,1.421735165949452
student_37035_0_000035_step0200,student_37035_0_000035,200,4,2,adaptive_edge,0.7213637470250115,True,True,0.019654922988878835,0.024979848090887692,ok,0.2084010419346645,0.8592595083853972,2.9544338459158216e-06,4.977748654425446e-06,1.2005940844807496e-15,4.440892098500626e-16,True,0.9346040887048895,0.7690279260277748,0.000516953088422318,1.4295073054774594,1.438387930393219
student_37035_0_000037_step0000,student_37035_0_000037,0,5,5,fixed_probe,0.30206739053150294,True,True,0.038325000421817086,nan,ok,0.30994593882810806,1.5804203902433585,1.074163058039406e-05,2.052412276898974e-05,8.470870202258401e-14,5.333511410299252e-13,True,0.9583662624686384,0.7693242058157921,0.0005333939434006946,1.125030879086888,1.1263874677352905
student_37035_0_000037_step0000,student_37035_0_000037,0,5,5,adaptive_edge,0.47198029770547323,True,True,0.038325000421817086,0.040272213917708265,ok,0.3530081685777808,1.7999955400357557,1.436759325545226e-05,2.6041631483368482e-05,5.73925837692753e-14,4.348743587456738e-13,True,0.9583034619939402,0.7758989483118057,0.0005572415247489838,1.1295920040490457,1.1328561305999756
student_37035_0_000037_step0010,student_37035_0_000037,10,5,5,fixed_probe,0.30206739053150294,True,True,0.019163586018774766,nan,ok,0.22935502450225131,1.1694857454775307,1.2468474841436136e-05,2.3828098008881057e-05,6.546019949120464e-14,4.5324854980322016e-13,True,0.9494415960743634,0.7766065560281277,8.81217903681468e-05,1.1936794641509507,1.1941457556531663
student_37035_0_000037_step0010,student_37035_0_000037,10,5,5,adaptive_edge,0.44520530382708334,True,True,0.019163586018774766,0.021880858295395347,ok,0.2747442661191905,1.400926374189481,1.2619091846819987e-05,2.4049213962251155e-05,1.0079836868764033e-15,2.7755575615628914e-16,True,0.9487649538598443,0.7695761136710644,0.0001233944881227411,1.1980723993882807,1.2005207538604736
student_37035_0_000037_step0025,student_37035_0_000037,25,5,5,fixed_probe,0.30206739053150294,True,True,0.014032740263846212,nan,ok,0.21334959926190925,1.087873769853676,1.0477716780473198e-05,2.0241183718841184e-05,5.580705211063988e-14,5.240807787743051e-13,True,0.9452201738600544,0.7698309496045113,8.706769583108596e-05,1.164987204607651,1.1646464427671779
student_37035_0_000037_step0025,student_37035_0_000037,25,5,5,adaptive_edge,0.4266784957231546,True,True,0.014032740263846212,0.01587267835362719,ok,0.2515946147068679,1.2828858499051774,1.0509907817168697e-05,1.9495535822776e-05,1.0489365941678043e-15,2.7755575615628914e-16,True,0.945357253512316,0.7732489667832851,0.0001067685578407109,1.167606333659739,1.1701915562152863
student_37035_0_000037_step0050,student_37035_0_000037,50,5,5,fixed_probe,0.30206739053150294,True,True,0.007666276937060598,nan,ok,0.18835449031330384,0.9604232215803594,9.324898628355782e-06,1.7440638703536287e-05,3.387570934252416e-14,2.682298827494378e-13,True,0.9407315274521314,0.7690220400691032,3.567740065882597e-05,1.1607454050067387,1.161599558070298
student_37035_0_000037_step0050,student_37035_0_000037,50,5,5,adaptive_edge,0.4563459160099297,True,True,0.007666276937060598,0.010182074001960658,ok,0.23422649391841566,1.1943254630904232,1.0140102995729734e-05,1.8735013544678416e-05,1.072477619730116e-15,2.7755575615628914e-16,True,0.9408000231742469,0.7706505618989468,5.514024359385014e-05,1.1627154236040396,1.1655047237873077
student_37035_0_000037_step0075,student_37035_0_000037,75,5,5,fixed_probe,0.30206739053150294,True,True,0.006811591740677522,nan,ok,0.17785933163923062,0.9069082027030074,7.900888165313187e-06,1.5258916779826407e-05,4.144356781631578e-14,5.649924972317422e-13,True,0.9370221780481628,0.7664523310959339,2.487316219866937e-05,1.1841970289658756,1.1865436298676353
student_37035_0_000037_step0075,student_37035_0_000037,75,5,5,adaptive_edge,0.5025161548333211,True,True,0.006811591740677522,0.009307716451966569,ok,0.2322938985929064,1.1844711218137731,9.570930102500559e-06,1.9163501350723163e-05,9.215922596384525e-06,0.00048189362599193597,False,0.9365727798480977,0.775300495326519,4.3612338172209414e-05,1.186462688991786,1.191297173500061
student_37035_0_000037_step0100,student_37035_0_000037,100,5,5,fixed_probe,0.30206739053150294,True,True,0.006314549491240432,nan,ok,0.17176479841870101,0.8758320588852875,7.09803792181613e-06,1.3810111944670528e-05,5.51327733443744e-14,7.843725668976731e-13,True,0.9343411010884924,0.7690939381718636,2.133429760269974e-05,1.1908937400858424,1.1940150716948026
student_37035_0_000037_step0100,student_37035_0_000037,100,5,5,adaptive_edge,0.5234796106452348,True,True,0.006314549491240432,0.008671501531263797,ok,0.22825114029911842,1.1638570183850092,9.958177128186085e-06,2.016002594809869e-05,1.2044066538278404e-15,3.3306690738754696e-16,True,0.9336613231180886,0.7715234234929085,3.842594770258148e-05,1.1931864065164646,1.197483479976654
student_37035_0_000037_step0150,student_37035_0_000037,150,5,5,fixed_probe,0.30206739053150294,True,True,0.005259899097138857,nan,ok,0.16937512519257938,0.8636470684741832,6.914361657182788e-06,1.3296337484361227e-05,2.7575523162502042e-14,3.7625458304546555e-13,True,0.931933457222043,0.7724836133420467,1.6409127774408602e-05,1.2097058064067778,1.2131657571445977
student_37035_0_000037_step0150,student_37035_0_000037,150,5,5,adaptive_edge,0.5278415618204071,True,True,0.005259899097138857,0.007316314325871595,ok,0.22543626969131886,1.1495039382276004,1.0055007587260118e-05,2.0391918562472696e-05,1.2629787667464052e-15,4.440892098500626e-16,True,0.931416926563086,0.7692576162517071,3.0194323372201367e-05,1.2119569015008909,1.2179498374462128
student_37035_0_000037_step0200,student_37035_0_000037,200,5,5,fixed_probe,0.30206739053150294,True,True,0.0034943936399318104,nan,ok,0.16950721111305803,0.8643205771601747,8.815525473898343e-06,1.6466697650350658e-05,1.3811298124186817e-14,8.171241461241152e-14,True,0.9172166992629492,0.788431067019701,6.030488659539753e-06,1.3103368716387636,1.310809175110727
student_37035_0_000037_step0200,student_37035_0_000037,200,5,5,adaptive_edge,0.44545448049237135,True,True,0.0034943936399318104,0.004276934563450708,ok,0.20612507447419298,1.0510357769846759,9.121073620124358e-06,1.6496780491776663e-05,8.555001477538422e-14,5.005995618034831e-13,True,0.9171041677641056,0.771244715899229,7.700929868777329e-06,1.3116639852763128,1.3167076110839844
student_37035_0_000038_step0000,student_37035_0_000038,0,7,2,fixed_probe,0.29603156524773433,True,True,0.04902737578304692,nan,ok,0.3615247158307618,2.556365781304713,2.3926549703642317e-05,4.528804842960076e-05,1.3141583765255434e-13,8.094636072542016e-13,True,0.906976489005672,0.7733688019216061,0.0015766746068457496,2.882014339320226,2.883511705963135
student_37035_0_000038_step0000,student_37035_0_000038,0,7,2,adaptive_edge,0.46254932069958477,True,True,0.04902737578304692,0.05049918666638534,ok,0.395745715374454,2.798344789667978,2.4388767925479212e-05,4.90315740280833e-05,1.093655792888063e-15,2.7755575615628914e-16,True,0.9051232964095328,0.7735345214605331,0.0016325455118747177,2.8905137008086053,2.8927101343870163
student_37035_0_000038_step0010,student_37035_0_000038,10,7,2,fixed_probe,0.29603156524773433,True,True,0.014119517795129866,nan,ok,0.23800068474175212,1.6829189810793463,1.103917100562143e-05,2.265472055138176e-05,9.646427432589894e-16,2.220446049250313e-16,True,0.9061394683602522,0.7793319970369339,0.00010313856984149974,2.53718026857455,2.537850083199214
student_37035_0_000038_step0010,student_37035_0_000038,10,7,2,adaptive_edge,0.4226527345684262,True,True,0.014119517795129866,0.018182240317543327,ok,0.2837836177592535,2.0066532050721935,9.904508863382252e-06,2.05907219590653e-05,1.1321177409375891e-15,3.3306690738754696e-16,True,0.9043991127767238,0.76529386267066,0.0001480443591426404,2.545153145692888,2.545994520187378
student_37035_0_000038_step0025,student_37035_0_000038,25,7,2,fixed_probe,0.29603156524773433,True,True,0.008442630513550103,nan,ok,0.2183712754742846,1.5441180970422226,9.41150983227358e-06,2.091692571422686e-05,9.131832191818727e-16,2.220446049250313e-16,True,0.9194469579950808,0.7766555286943913,3.2113781912779494e-05,2.371398732842843,2.374543435840698
student_37035_0_000038_step0025,student_37035_0_000038,25,7,2,adaptive_edge,0.5174447816842357,True,True,0.008442630513550103,0.011587161794610262,ok,0.2896750292694935,2.048311775368705,5.373425196710392e-06,1.1459258501673368e-05,1.2461232472671965e-15,3.3306690738754696e-16,True,0.9178459097731387,0.7827127389609814,6.429298544442573e-05,2.3806437934229794,2.3844931721687317
student_37035_0_000038_step0050,student_37035_0_000038,50,7,2,fixed_probe,0.29603156524773433,True,True,0.006272238879427563,nan,ok,0.18356409676422236,1.2979941760436522,1.5272405894939664e-05,3.722499459735057e-05,1.5033040628514935e-14,7.732703366514215e-14,True,0.8949447070878938,0.7760741151869297,4.199920344781624e-06,2.403298217986122,2.405808511303389
student_37035_0_000038_step0050,student_37035_0_000038,50,7,2,adaptive_edge,0.5845467887952557,True,True,0.006272238879427563,0.00804723084354537,ok,0.2584324872960639,1.8273936424595307,6.80433200246169e-06,1.4001255450511804e-05,1.2729608426651665e-15,4.440892098500626e-16,True,0.8937812557239544,0.7684339247643948,9.453403418365153e-06,2.409849961699347,2.4132538735866547
student_37035_0_000038_step0075,student_37035_0_000038,75,7,2,fixed_probe,0.29603156524773433,True,True,0.005440373623095312,nan,ok,0.18154879127958565,1.2837438143001616,1.5799216285020546e-05,3.786019020485064e-05,1.6529162125111824e-14,9.625633623500107e-14,True,0.8953504133273029,0.7840200774371624,3.6094121154510473e-06,2.3914685000078686,2.393574432340339
student_37035_0_000038_step0075,student_37035_0_000038,75,7,2,adaptive_edge,0.602259650003371,True,True,0.005440373623095312,0.0069394215860491765,ok,0.25949764735991615,1.8349254615015214,8.356653023683626e-06,1.761396621971399e-05,1.2753143820941776e-15,4.440892098500626e-16,True,0.8942194985070161,0.7652821764349937,8.713777942750647e-06,2.39871743912307,2.401812344789505
student_37035_0_000038_step0100,student_37035_0_000038,100,7,2,fixed_probe,0.29603156524773433,True,True,0.004947141250159308,nan,ok,0.17840453216268906,1.2615105448665096,1.618744555935022e-05,3.723409551341921e-05,1.8636965697290617e-14,1.1735057370287905e-13,True,0.8967668975586949,0.7782728895545006,5.445416975368121e-06,2.408112821120266,2.4102364101191
student_37035_0_000038_step0100,student_37035_0_000038,100,7,2,adaptive_edge,0.6412746522422399,True,True,0.004947141250159308,0.006437340356581099,ok,0.26340799638955725,1.8625758046581755,1.058888567616297e-05,2.1410848456018683e-05,5.114907371012167e-06,0.0003273540717446677,False,0.8955980839658001,0.7746204622089863,1.1552783944432755e-05,2.416678073251715,2.423146575689316
student_37035_0_000038_step0150,student_37035_0_000038,150,7,2,fixed_probe,0.29603156524773433,True,True,0.004498483102178385,nan,ok,0.17575989375745457,1.2428101273652326,1.7056549757610797e-05,3.975360343434964e-05,1.7739380676610593e-14,9.986456106503283e-14,True,0.8941433768192072,0.7657137252390385,5.641013958221451e-06,2.3768436787276603,2.3783993218734616
student_37035_0_000038_step0150,student_37035_0_000038,150,7,2,adaptive_edge,0.6580158619763334,True,True,0.004498483102178385,0.005767659926916756,ok,0.2627856926852057,1.8581754529651306,1.0906029165173137e-05,2.1496882213983424e-05,3.2973687865394986e-06,0.0001558442661833137,False,0.893122506141133,0.77925069257617,1.326051258927999e-05,2.3855827057270784,2.3910521268844604
student_37035_0_000038_step0200,student_37035_0_000038,200,7,2,fixed_probe,0.29603156524773433,True,True,0.003821799761668356,nan,ok,0.17262558214351903,1.220647197399577,1.6620330501720948e-05,3.841186798198543e-05,1.717118941862214e-14,9.303668946358812e-14,True,0.8886483347153885,0.764789242297411,6.2705031466382306e-06,2.4680912631177394,2.4700439642273455
student_37035_0_000038_step0200,student_37035_0_000038,200,7,2,adaptive_edge,0.613507397043082,True,True,0.003821799761668356,0.00480477005103622,ok,0.24912117451686389,1.7615527183803181,9.413565595502295e-06,1.913164348229343e-05,1.16961230287212e-05,0.0005933463552654228,False,0.8877442805099321,0.7875676080584526,1.3116081465701899e-05,2.4757272863174897,2.479202300310135
student_37035_0_000039_step0000,student_37035_0_000039,0,4,4,fixed_probe,0.4010804167616565,True,True,0.03446435708745128,nan,ok,0.24763897699422466,1.02104165916709,1.049885914745398e-05,2.0575531721093705e-05,1.4981921339402254e-13,5.5827564793276e-13,True,0.9255446849876422,0.7713833265006542,0.00040858264651430395,1.6761869308328143,1.6768995485534668
student_37035_0_000039_step0000,student_37035_0_000039,0,4,4,adaptive_edge,0.6266881511900881,True,True,0.03446435708745128,0.03634898035653917,ok,0.27206063540219255,1.1217347363358954,1.4466010768114675e-05,3.054034433969135e-05,1.4723210175413748e-13,5.840883332552949e-13,True,0.9233267027673133,0.766862515360117,0.0005608197927838488,1.6830649153796464,1.6857048720121384
student_37035_0_000039_step0010,student_37035_0_000039,10,4,4,fixed_probe,0.4010804167616565,True,True,0.019947128238264118,nan,ok,0.173910696869471,0.7170521726176037,9.643189705919699e-06,1.9409748949099983e-05,8.407145601219111e-14,2.867150961094467e-13,True,0.9166017339496169,0.7614996246993542,0.00015068986840391518,1.6946757884594845,1.6962075008800366
student_37035_0_000039_step0010,student_37035_0_000039,10,4,4,adaptive_edge,0.6287815506347112,True,True,0.019947128238264118,0.021432070951403658,ok,0.2028044908543008,0.836184337141893,1.3876945740605559e-05,2.9022016959829253e-05,0.0008443752779897582,0.013558225372154342,False,0.9156314925834599,0.7673099115490913,0.00021170536304299792,1.6993404950699882,1.7071335911750793
student_37035_0_000039_step0025,student_37035_0_000039,25,4,4,fixed_probe,0.4010804167616565,True,True,0.007712874534977329,nan,ok,0.13563707063582484,0.5592459689808694,1.5156847619720059e-05,2.9404673452419294e-05,1.663411637666685e-13,8.866796186168813e-13,True,0.8906456677722907,0.7782859988510609,1.5477011324384092e-05,1.6572041882472774,1.6504858055167748
student_37035_0_000039_step0025,student_37035_0_000039,25,4,4,adaptive_edge,0.49408986847395087,True,True,0.007712874534977329,0.008628971862918553,ok,0.15034745537514557,0.619898439054563,1.5911326481353712e-05,3.189438483212827e-05,0.0006103652547095174,0.012365856726548552,False,0.8905532494655541,0.7686844766139984,1.890710876702769e-05,1.6583933114351976,1.671242356300354
student_37035_0_000039_step0050,student_37035_0_000039,50,4,4,fixed_probe,0.4010804167616565,True,True,0.0033752378718083487,nan,ok,0.12724506421975615,0.5246448401165571,1.7673206715743835e-05,3.1873660449204845e-05,1.1101339131828649e-15,2.220446049250313e-16,True,0.8601422614769254,0.7820061929523945,2.319110687995828e-06,1.6390274841635495,1.6426099013142959
student_37035_0_000039_step0050,student_37035_0_000039,50,4,4,adaptive_edge,0.4159169471407585,True,True,0.0033752378718083487,0.004267872860603077,ok,0.1297219726778344,0.5348573953141994,1.7575206941326017e-05,3.2519584939839267e-05,0.0003600815666860992,0.007943422045917525,False,0.860251090693487,0.7685462757945061,2.3910111483231865e-06,1.6391665448115507,1.6480455994606018
student_37035_0_000039_step0075,student_37035_0_000039,75,4,4,fixed_probe,0.4010804167616565,True,True,0.0019482713809974939,nan,ok,0.12149182203217075,0.5009236148873828,1.3318109524125712e-05,2.54598863231558e-05,1.1283172774316297e-15,2.220446049250313e-16,True,0.8456278755012326,0.7626383155584335,1.0485811498507888e-06,1.599077394651852,1.6077390627941508
student_37035_0_000039_step0075,student_37035_0_000039,75,4,4,adaptive_edge,0.40921396270968646,True,True,0.0019482713809974939,0.0025594937800716656,ok,0.12278279507254508,0.506246433092671,1.328860965311714e-05,2.521292294412573e-05,0.0001287286363307584,0.0033088823364664233,False,0.8456608129221815,0.7837975360453129,1.1726051097213608e-06,1.599134488304934,1.611638605594635
student_37035_0_000039_step0100,student_37035_0_000039,100,4,4,fixed_probe,0.4010804167616565,True,True,0.0016814472524013385,nan,ok,0.11886509133844714,0.49009332678710854,1.1154533404806857e-05,2.0870952800697517e-05,1.1456692893687703e-15,2.7755575615628914e-16,True,0.8361993879605375,0.762477058917284,8.478217319007669e-07,1.5723485906331596,1.5758409170157686
student_37035_0_000039_step0100,student_37035_0_000039,100,4,4,adaptive_edge,0.4029773962664548,True,True,0.0016814472524013385,0.002079164470858306,ok,0.11915343301465196,0.4912821899743686,1.1130830164729544e-05,2.0980877939544142e-05,4.381262290432206e-05,0.0018463331793553417,False,0.8362079363967085,0.7876537218689919,8.502928441109395e-07,1.5723583540605985,1.5762363970279694
student_37035_0_000039_step0150,student_37035_0_000039,150,4,4,fixed_probe,0.4010804167616565,True,True,0.0013725644386409631,nan,ok,0.11685910800569727,0.4818224456229522,1.1991178033332725e-05,2.195602934020063e-05,0.0008459312755062788,0.015064156992780131,False,0.8221944268103443,0.7683969661593437,1.0321293223949703e-06,1.5474167550170406,1.5534464716911316
student_37035_0_000039_step0150,student_37035_0_000039,150,4,4,adaptive_edge,0.3854996563626836,True,True,0.0013725644386409631,0.0016962257722464094,ok,0.11451127256459388,0.47214207210771425,1.2436317381569269e-05,2.2975617348942867e-05,1.1467614527574801e-15,2.7755575615628914e-16,True,0.8216551150376648,0.7693076692521572,1.0068808622086385e-06,1.5473683316326918,1.5486252851520945
student_37035_0_000039_step0200,student_37035_0_000039,200,4,4,fixed_probe,0.4010804167616565,True,True,0.0009873886166882249,nan,ok,0.11620046959992116,0.4791068099068489,1.228009887734821e-05,2.2430092000049025e-05,0.0012166350942365751,0.01976219377071553,False,0.8201443785558299,0.7686659395694733,5.363498437122366e-07,1.541435889051165,1.5459548830986023
student_37035_0_000039_step0200,student_37035_0_000039,200,4,4,adaptive_edge,0.3808939386811091,True,True,0.0009873886166882249,0.0013454437309492317,ok,0.11318350556370459,0.46666754851683817,1.2825684015142082e-05,2.352114806052826e-05,1.1359670818241424e-15,2.220446049250313e-16,True,0.8191307977100458,0.7649504952132702,5.025885230284414e-07,1.5413627713383435,1.5414155163597791
student_37035_0_000044_step0000,student_37035_0_000044,0,4,4,fixed_probe,0.11444916896683191,True,True,0.022957989580297322,nan,ok,0.1588312747547487,0.6548781224653287,8.074702158227337e-05,0.0001294110302686065,6.804269022107772e-16,6.938893903907228e-17,True,0.7053093808760752,0.7716301083564758,0.0003809756023102615,1.6441941179832122,1.607716137840271
student_37035_0_000044_step0000,student_37035_0_000044,0,4,4,adaptive_edge,0.17882682651067483,True,True,0.022957989580297322,0.023600780466600857,ok,0.16950594955247097,0.6988909341754564,8.177212975890698e-05,0.00011606553205965204,0.00010698780337930454,0.004005727582169494,False,0.7047494009563495,0.7710605971515179,0.0004035871106418864,1.6440677844255145,1.6132256090641022
student_37035_0_000044_step0010,student_37035_0_000044,10,4,4,fixed_probe,0.11444916896683191,True,True,0.013890484286343615,nan,ok,0.11517405731481732,0.4748748036399341,0.0002858305713541576,0.00013906192082992487,0.02580615860317334,0.10472307300214792,False,0.5416971100802876,0.7674264349043369,0.0009289444031683837,1.9001622106377596,1.3484444618225098
student_37035_0_000044_step0010,student_37035_0_000044,10,4,4,adaptive_edge,0.008638935588682667,True,True,0.013890484286343615,0.018767248936748974,ok,0.0751075867246057,0.30967651335078805,0.0002442349135727014,0.00019328430393966494,7.676084516603846e-15,3.7151878795604887e-13,True,0.26398666044605473,0.7630090191960335,0.00016795118826137424,1.9336907283596587,1.6499154392614475
student_37035_0_000044_step0025,student_37035_0_000044,25,4,4,fixed_probe,0.11444916896683191,True,True,0.01264310808829681,nan,ok,0.0986268853578883,0.4066490658562573,0.00014376676119660375,0.00013482610880876321,0.01789039925783286,0.08060185890166832,False,0.544396225954808,0.7678534463047981,0.00046081221858089346,1.8498874286864537,1.5290552079677582
student_37035_0_000044_step0025,student_37035_0_000044,25,4,4,adaptive_edge,0.03487188930984476,True,True,0.01264310808829681,0.015945995970840395,ok,0.07654811518143718,0.3156159643350123,0.00016146248843273967,0.00016839281716730085,2.1122574014223305e-05,0.0010245792446811688,False,0.3809218196020492,0.7673118188977242,0.0002055420820342741,1.8569333085434356,1.5949377394599547
student_37035_0_000044_step0050,student_37035_0_000044,50,4,4,fixed_probe,0.11444916896683191,True,True,0.010777372496069786,nan,ok,0.10230001050249968,0.4217937488036022,0.0002217954350744947,0.00013628831467365674,0.025294388115776927,0.10329393384393075,False,0.5372869910240651,0.7893172316253185,0.0006512770627763803,1.4803951833606577,1.3935254514217377
student_37035_0_000044_step0050,student_37035_0_000044,50,4,4,adaptive_edge,0.008641710818738449,True,True,0.010777372496069786,0.015075300986759365,ok,0.055848033861404925,0.23026734259364423,0.00024550158492089624,0.00018797742318363246,2.2282210373203764e-16,1.3877787807814457e-17,True,0.2843745454618635,0.7871350273489952,0.0001502532920654417,1.9292880205391412,1.144222984698148
student_37035_0_000044_step0075,student_37035_0_000044,75,4,4,fixed_probe,0.11444916896683191,True,True,0.01077737249606977,nan,ok,0.10230001050249968,0.4217937488036022,0.0002217954350744947,0.00013628831467365674,0.025294388115776927,0.10329393384393075,False,0.5372869910240651,0.7916757054626942,0.0006512770627763803,1.4803951833606577,1.3935254514217377
student_37035_0_000044_step0075,student_37035_0_000044,75,4,4,adaptive_edge,0.008641710818738449,True,True,0.01077737249606977,0.015075300986759375,ok,0.055848033861404925,0.23026734259364423,0.00024550158492089624,0.00018797742318363246,2.2282210373203764e-16,1.3877787807814457e-17,True,0.2843745454618635,0.7781266942620277,0.0001502532920654417,1.9292880205391412,1.144222984698148
student_37035_0_000044_step0100,student_37035_0_000044,100,4,4,fixed_probe,0.11444916896683191,True,True,0.010777372496069776,nan,ok,0.10230001050249968,0.4217937488036022,0.0002217954350744947,0.00013628831467365674,0.025294388115776927,0.10329393384393075,False,0.5372869910240651,0.7673549763858318,0.0006512770627763803,1.4803951833606577,1.3935254514217377
student_37035_0_000044_step0100,student_37035_0_000044,100,4,4,adaptive_edge,0.008641710818738449,True,True,0.010777372496069776,0.015075300986759367,ok,0.055848033861404925,0.23026734259364423,0.00024550158492089624,0.00018797742318363246,2.2282210373203764e-16,1.3877787807814457e-17,True,0.2843745454618635,0.7617641091346741,0.0001502532920654417,1.9292880205391412,1.144222984698148
student_37035_0_000044_step0150,student_37035_0_000044,150,4,4,fixed_probe,0.11444916896683191,True,True,0.010777372496069814,nan,ok,0.10230001050249968,0.4217937488036022,0.0002217954350744947,0.00013628831467365674,0.025294388115776927,0.10329393384393075,False,0.5372869910240651,0.780706562101841,0.0006512770627763803,1.4803951833606577,1.3935254514217377
student_37035_0_000044_step0150,student_37035_0_000044,150,4,4,adaptive_edge,0.008641710818738449,True,True,0.010777372496069814,0.015075300986759348,ok,0.055848033861404925,0.23026734259364423,0.00024550158492089624,0.00018797742318363246,2.2282210373203764e-16,1.3877787807814457e-17,True,0.2843745454618635,0.7593308202922344,0.0001502532920654417,1.9292880205391412,1.144222984698148
student_37035_0_000044_step0200,student_37035_0_000044,200,4,4,fixed_probe,0.11444916896683191,True,True,0.010777372496069804,nan,ok,0.10230001050249968,0.4217937488036022,0.0002217954350744947,0.00013628831467365674,0.025294388115776927,0.10329393384393075,False,0.5372869910240651,0.7829686626791954,0.0006512770627763803,1.4803951833606577,1.3935254514217377
student_37035_0_000044_step0200,student_37035_0_000044,200,4,4,adaptive_edge,0.008641710818738449,True,True,0.010777372496069804,0.01507530098675937,ok,0.055848033861404925,0.23026734259364423,0.00024550158492089624,0.00018797742318363246,2.2282210373203764e-16,1.3877787807814457e-17,True,0.2843745454618635,0.7804151885211468,0.0001502532920654417,1.9292880205391412,1.144222984698148
student_37035_0_000050_step0000,student_37035_0_000050,0,4,4,fixed_probe,0.15364417272882827,True,True,0.03322024610201643,nan,ok,0.24338161505480777,1.0034881062043899,1.8546840032888947e-05,3.460064631627653e-05,7.000237953979382e-16,1.1102230246251565e-16,True,0.8721595950578739,0.7632131688296795,0.00015544079942071302,1.6091476925627373,1.608028983757019
student_37035_0_000050_step0000,student_37035_0_000050,0,4,4,adaptive_edge,0.24006901988879414,True,True,0.03322024610201643,0.03354871558282125,ok,0.2592452499124842,1.0688955483288203,2.1524902626712488e-05,3.889995865045517e-05,8.560331967583539e-16,1.942890293094024e-16,True,0.8700649675551148,0.7637652419507504,0.00015827109183087743,1.6154237065606387,1.6167583614587784
student_37035_0_000050_step0010,student_37035_0_000050,10,4,4,fixed_probe,0.15364417272882827,True,True,0.012484141760963652,nan,ok,0.12286198372190242,0.5065729362583214,2.6665287394576002e-05,4.9801309908529774e-05,1.6679319752423118e-14,8.01581023779363e-14,True,0.8816799853632996,0.7772136442363262,1.518360539615697e-05,1.6178307232709768,1.6190751824001253
student_37035_0_000050_step0010,student_37035_0_000050,10,4,4,adaptive_edge,0.31471383150168314,True,True,0.012484141760963652,0.013501383448280927,ok,0.16227127625508045,0.6690616120034797,2.87629570756408e-05,5.158227785325082e-05,1.4146428258644443e-05,0.0008093563626299649,False,0.8800975232336449,0.7888098582625389,2.3545254633804628e-05,1.6228822753671317,1.6266342401504517
student_37035_0_000050_step0025,student_37035_0_000050,25,4,4,fixed_probe,0.15364417272882827,True,True,0.0059752094912726315,nan,ok,0.09746269757237697,0.4018489966485402,2.614280646451117e-05,4.968014896557792e-05,7.899665832710111e-15,3.2529534621517087e-14,True,0.8806716696671858,0.7618564441800117,6.15611289441298e-06,1.575782596145969,1.5772064254628995
student_37035_0_000050_step0025,student_37035_0_000050,25,4,4,adaptive_edge,0.3469259343973373,True,True,0.0059752094912726315,0.006921401871529653,ok,0.14595559695493407,0.6017903428952727,2.6597421636783013e-05,5.080397528969534e-05,0.0001635610694089695,0.004987533730779703,False,0.879693273862281,0.7947385087609291,9.724572050855953e-06,1.5795428713274835,1.5849416255950928
student_37035_0_000050_step0050,student_37035_0_000050,50,4,4,fixed_probe,0.15364417272882827,True,True,0.0038100679747764465,nan,ok,0.09262026550325772,0.3818831377426833,2.4586275539719403e-05,4.6834661369686866e-05,5.0246334542660224e-15,2.095545958979983e-14,True,0.8868991593613177,0.7709954902529716,9.564413104853941e-07,1.53971698198849,1.5430838126897535
student_37035_0_000050_step0050,student_37035_0_000050,50,4,4,adaptive_edge,0.3771422942933865,True,True,0.0038100679747764465,0.004627874677012869,ok,0.14764178077851428,0.6087426569041016,2.4205612349872468e-05,4.6461265150360016e-05,0.000344143999688944,0.008625884125071315,False,0.8861254889938946,0.7733730636537075,1.860701743885835e-06,1.543703512964944,1.5528420805931091
student_37035_0_000050_step0075,student_37035_0_000050,75,4,4,fixed_probe,0.15364417272882827,True,True,0.0029020055860479034,nan,ok,0.09083712556705927,0.37453106344047987,2.1503459283298978e-05,4.1432013023882875e-05,3.691454414615487e-15,1.582067810090848e-14,True,0.8930153226501047,0.7826138734817505,4.151278800751511e-07,1.5413677651745161,1.5432629431089542
student_37035_0_000050_step0075,student_37035_0_000050,75,4,4,adaptive_edge,0.39353372843016526,True,True,0.0029020055860479034,0.0036871675775341554,ok,0.14839344036230143,0.6118418287625639,2.163954346176021e-05,4.0775517838465354e-05,8.737870844285556e-05,0.003013404677807807,False,0.8919961710302968,0.7763773165643215,1.1797506266447335e-06,1.5459638589809253,1.5542340278625488
student_37035_0_000050_step0100,student_37035_0_000050,100,4,4,fixed_probe,0.15364417272882827,True,True,0.002296638055926887,nan,ok,0.08981477518918289,0.3703158048461055,2.1284540480871177e-05,4.032361595124962e-05,2.863404531358746e-15,1.0796918914479647e-14,True,0.8914285011746096,0.7786637954413891,4.5446428842169514e-07,1.5240648485883734,1.5240810918571026
student_37035_0_000050_step0100,student_37035_0_000050,100,4,4,adaptive_edge,0.39943567285791537,True,True,0.002296638055926887,0.002931309318866128,ok,0.14797387481957652,0.6101119157130394,2.0659802851705947e-05,3.957983590015212e-05,0.00019321929809328848,0.005621398213968454,False,0.8905563229340503,0.7676382213830948,9.10173254596912e-07,1.528340245611636,1.5332838594913483
student_37035_0_000050_step0150,student_37035_0_000050,150,4,4,fixed_probe,0.15364417272882827,True,True,0.003472225628279149,nan,ok,0.09156042392909289,0.3775132989859808,2.2661166686826243e-05,4.2190894875512485e-05,3.541335077738501e-15,2.2898349882893854e-14,True,0.8827528258025782,0.7629304155707359,8.704847937303063e-06,1.5120353792196617,1.5124176738111
student_37035_0_000050_step0150,student_37035_0_000050,150,4,4,adaptive_edge,0.38565528218131123,True,True,0.003472225628279149,0.0037108004144805885,ok,0.14633181926434072,0.6033415472156699,2.117070842007648e-05,4.0610394937186645e-05,0.0005987860433063372,0.012824721063953437,False,0.8821243941944602,0.7836351059377193,8.381509635540991e-06,1.5157254544487908,1.5224701166152954
student_37035_0_000050_step0200,student_37035_0_000050,200,4,4,fixed_probe,0.15364417272882827,True,True,0.00193196940505154,nan,ok,0.08902244615579691,0.3670489485512115,2.250103848684453e-05,4.2151802489967784e-05,3.2883068239548865e-15,2.403632848313464e-14,True,0.8827271138989414,0.7651518322527409,3.561736032375071e-07,1.5077116491266025,1.5085837107152595
student_37035_0_000050_step0200,student_37035_0_000050,200,4,4,adaptive_edge,0.39421393801644233,True,True,0.00193196940505154,0.002373721054580036,ok,0.14575248665295965,0.6009528976665809,2.0764438454635964e-05,3.932017042267247e-05,0.0006286709519110908,0.013463989510170915,False,0.8822006879158331,0.7687964737415314,7.61312464723224e-07,1.511330342942103,1.5208743810653687
student_37035_1_000001_step0000,student_37035_1_000001,0,5,2,fixed_probe,0.3749493213412278,True,True,0.04935519196012994,nan,ok,0.33511292058914577,1.7087473213411235,1.5400118233540344e-05,3.0251990548761652e-05,1.0535160766089523e-15,2.7755575615628914e-16,True,0.8965736156069969,0.7648826241493225,0.0018267484694020483,1.1647109187730285,1.1652182018203736
student_37035_1_000001_step0000,student_37035_1_000001,0,5,2,adaptive_edge,0.5858583145956684,True,True,0.04935519196012994,0.04981259675311771,ok,0.3501336191779192,1.7853381565530746,1.4551756351508251e-05,2.654625667923271e-05,6.214367994669811e-05,0.0027377541698725416,False,0.8952879031520333,0.76838468760252,0.0018548804387378982,1.1649061414168156,1.1683308780193329
student_37035_1_000001_step0010,student_37035_1_000001,10,5,2,fixed_probe,0.3749493213412278,True,True,0.03743788343441382,nan,ok,0.2660893044946606,1.3567945559766068,1.3687509989989793e-05,2.8402051875798206e-05,9.963023009137865e-16,2.7755575615628914e-16,True,0.9047103807701563,0.780444111675024,0.0008722863107280619,1.126538024921808,1.1277074318552966
student_37035_1_000001_step0010,student_37035_1_000001,10,5,2,adaptive_edge,0.6107718034804132,True,True,0.03743788343441382,0.0382918422945818,ok,0.2871882079239844,1.4643782762781388,1.0158319363277626e-05,2.069638382270712e-05,1.52878691877853e-05,0.00097823577321543,False,0.9036812582433827,0.7708688266575336,0.0009199658676824323,1.1267224460146241,1.129953384399414
student_37035_1_000001_step0025,student_37035_1_000001,25,5,2,fixed_probe,0.3749493213412278,True,True,0.033203444439457795,nan,ok,0.24277568042928352,1.2379179319346825,1.6262794037207914e-05,3.352796983742263e-05,1.0154642872428431e-15,2.220446049250313e-16,True,0.8935582863832144,0.7718182653188705,0.0006828502891288145,1.173241835746317,1.1740943206678969
student_37035_1_000001_step0025,student_37035_1_000001,25,5,2,adaptive_edge,0.5774907155414593,True,True,0.033203444439457795,0.03397069365879798,ok,0.26191493957262574,1.3355093877822937,1.2923060862921263e-05,2.5766727931332213e-05,1.295650320354721e-15,3.3306690738754696e-16,True,0.8925652684938005,0.7833916880190372,0.0007179963501780295,1.1731081072098368,1.1759452521800995
student_37035_1_000001_step0050,student_37035_1_000001,50,5,2,fixed_probe,0.3749493213412278,True,True,0.02799348652042949,nan,ok,0.21649651599962172,1.1039199597069238,1.1871525741397315e-05,2.419985464659816e-05,5.406095740428334e-14,8.61866134016509e-13,True,0.9065244113841096,0.7779880836606026,0.00033746359522056834,1.1454579371595195,1.147178312552219
student_37035_1_000001_step0050,student_37035_1_000001,50,5,2,adaptive_edge,0.6102103362943627,True,True,0.02799348652042949,0.02925883782530204,ok,0.24309264364709685,1.2395341335674037,7.934546120703256e-06,1.6320083724016794e-05,1.31196598614942e-15,4.440892098500626e-16,True,0.9055963612846442,0.7682079002261162,0.0003886357794191836,1.1457787412729374,1.14925017952919
student_37035_1_000001_step0075,student_37035_1_000001,75,5,2,fixed_probe,0.3749493213412278,True,True,0.020794320489778736,nan,ok,0.18102942698375601,0.923072580724692,1.423206053522712e-05,2.8582518683342812e-05,1.0081325742412915e-15,2.7755575615628914e-16,True,0.8985994682094492,0.7677255608141422,0.00014712496638003656,1.1692826799284124,1.1705810312169278
student_37035_1_000001_step0075,student_37035_1_000001,75,5,2,adaptive_edge,0.5795949219062035,True,True,0.020794320489778736,0.022608333493084852,ok,0.20862205487236157,1.0637679287599964,1.2309637155144246e-05,2.442538547883441e-05,1.2626236985428064e-15,3.3306690738754696e-16,True,0.8979457135596264,0.7847872599959373,0.0001971711719576523,1.1684946739820703,1.1719363331794739
student_37035_1_000001_step0100,student_37035_1_000001,100,5,2,fixed_probe,0.3749493213412278,True,True,0.012735443564100125,nan,ok,0.15555797461698317,0.7931931480669684,1.06718441888944e-05,2.1779443517419045e-05,1.8225151276524188e-14,1.8302026560945706e-13,True,0.9025955853467391,0.7778851315379143,9.90027036047517e-05,1.196166559208417,1.1967934141476393
student_37035_1_000001_step0100,student_37035_1_000001,100,5,2,adaptive_edge,0.5667287376138995,True,True,0.012735443564100125,0.015279937262212146,ok,0.18765666271465403,0.9568649850377204,8.025004114373134e-06,1.665642183892161e-05,1.3675665800658925e-05,0.0006626522937974721,False,0.9023619512389729,0.7712654024362564,0.00014327047613829592,1.1951047029142463,1.2015839219093323
student_37035_1_000001_step0150,student_37035_1_000001,150,5,2,fixed_probe,0.3749493213412278,True,True,0.02197589529137666,nan,ok,0.20799018272586486,1.0605460003549139,4.8439042773158015e-06,9.426831002303534e-06,6.688484337997608e-15,5.717648576819556e-14,True,0.9278514405037009,0.7707668803632259,0.00011839415560489093,1.1912253374967274,1.192690654796718
student_37035_1_000001_step0150,student_37035_1_000001,150,5,2,adaptive_edge,0.5802110057594767,True,True,0.02197589529137666,0.02370957972042395,ok,0.24265792329748861,1.2373174860217955,3.511145348336944e-06,7.001556937482063e-06,5.590530142910883e-14,5.477840403500522e-13,True,0.9277571231637189,0.7679109461605549,0.00015613037104423934,1.1921003510059385,1.199360728263855
student_37035_1_000001_step0200,student_37035_1_000001,200,5,2,fixed_probe,0.3749493213412278,True,True,0.012926761152570833,nan,ok,0.18125374509181447,0.9242163831349344,4.288191184094202e-06,8.63572993290479e-06,7.414337314565257e-14,6.973865929182921e-13,True,0.9274641984705764,0.765408631414175,5.799350690384935e-05,1.186137933800539,1.1857569762531839
student_37035_1_000001_step0200,student_37035_1_000001,200,5,2,adaptive_edge,0.5513061757895334,True,True,0.012926761152570833,0.014836697765077815,ok,0.21594337157499088,1.101099465491896,3.3652294644491038e-06,7.321410580330235e-06,4.644195404308532e-05,0.001664097631134176,False,0.9270757381546212,0.7784839794039726,8.197188362567279e-05,1.1880730555709276,1.1972325444221497
student_37035_1_000004_step0000,student_37035_1_000004,0,4,4,fixed_probe,0.23992440101763873,True,True,0.023223025666660405,nan,ok,0.19621595995505442,0.8090191283266543,5.005025482615717e-05,9.926853448645774e-05,1.8361117957733644e-14,8.867906409193438e-14,True,0.9506423631778306,0.7835835516452789,0.00011106935482500249,1.466958879001879,1.47033925189209
student_37035_1_000004_step0000,student_37035_1_000004,0,4,4,adaptive_edge,0.37488187659006045,True,True,0.023223025666660405,0.024473236464416605,ok,0.22966081238056504,0.9469157875102296,6.736506638951483e-05,0.00013396755107546534,6.172985954701924e-14,7.657763312352017e-13,True,0.9490367971907474,0.7728473879396915,0.00014399939436120202,1.4733056450267201,1.485904574394226
student_37035_1_000004_step0010,student_37035_1_000004,10,4,4,fixed_probe,0.23992440101763873,True,True,0.010631065030270271,nan,ok,0.13823521924907733,0.5699584101443615,2.9438022159966606e-05,5.67522324800864e-05,5.644183168403311e-14,3.2787661474742436e-13,True,0.9376807639463223,0.7619859501719475,2.7934323407130205e-05,1.4833499469243556,1.4885335932137602
student_37035_1_000004_step0010,student_37035_1_000004,10,4,4,adaptive_edge,0.3966775432981914,True,True,0.010631065030270271,0.01201153057072371,ok,0.1785733795366706,0.7362769057532041,3.757142022912503e-05,7.543415801990739e-05,2.422534967950629e-15,3.858025010572419e-14,True,0.9366093338381812,0.7729983814060688,4.633521328849947e-05,1.4878951357282268,1.5003705620765686
student_37035_1_000004_step0025,student_37035_1_000004,25,4,4,fixed_probe,0.23992440101763873,True,True,0.00541633949929409,nan,ok,0.1178008212125602,0.48570522864388727,2.2054802109458507e-05,4.232713587855535e-05,6.573756222835614e-14,4.738431869100168e-13,True,0.9214570253965656,0.7744094543159008,8.300886959119227e-06,1.514000841456258,1.5203530906567073
student_37035_1_000004_step0025,student_37035_1_000004,25,4,4,adaptive_edge,0.41290470172858623,True,True,0.00541633949929409,0.006455403653323142,ok,0.15788000475021458,0.6509559357581527,2.9563928658684455e-05,5.6309509464708694e-05,2.70881724297559e-14,2.284838984678572e-13,True,0.9209457346261918,0.7729195579886436,1.5702977528306456e-05,1.51743751767519,1.5288051962852478
student_37035_1_000004_step0050,student_37035_1_000004,50,4,4,fixed_probe,0.23992440101763873,True,True,0.002390918394572033,nan,ok,0.10400471480684721,0.4288224247108722,2.301924715775373e-05,4.279874794064965e-05,8.369671123514011e-16,1.3877787807814457e-16,True,0.8769345847945643,0.7828353457152843,5.856710900440224e-07,1.5380997012028366,1.5412100879946709
student_37035_1_000004_step0050,student_37035_1_000004,50,4,4,adaptive_edge,0.3887851427645528,True,True,0.002390918394572033,0.002864649650669861,ok,0.13390016342234023,0.5520845170777752,2.4736837581933232e-05,4.678858184949946e-05,0.00011389194159374416,0.004466544550332352,False,0.8766200191279103,0.7762008272111416,9.871249703036393e-07,1.5396056740678137,1.546385407447815
student_37035_1_000004_step0075,student_37035_1_000004,75,4,4,fixed_probe,0.23992440101763873,True,True,0.0016785235081231956,nan,ok,0.1000688964432757,0.41259462987462114,1.9708226178819958e-05,3.786382010364257e-05,8.936520254222296e-14,9.71889235756862e-13,True,0.8582650045789857,0.7668762505054474,3.334585607562869e-07,1.519234269798997,1.5216115663259253
student_37035_1_000004_step0075,student_37035_1_000004,75,4,4,adaptive_edge,0.3875771899106881,True,True,0.0016785235081231956,0.002055256083292483,ok,0.12810588146498034,0.5281940805429697,1.9408235291474406e-05,3.3488532886200656e-05,0.0004132585694795851,0.010287059542485322,False,0.8581974796252566,0.7832903750240803,5.566680059418447e-07,1.5203128673985762,1.52444988489151
student_37035_1_000004_step0100,student_37035_1_000004,100,4,4,fixed_probe,0.23992440101763873,True,True,0.0014246662307698125,nan,ok,0.09849667848298096,0.4061122091578328,1.6353301695151308e-05,3.4029183346688433e-05,5.5185248288443304e-14,6.067091273820324e-13,True,0.8523802126254988,0.7742974534630775,4.5051239818809107e-07,1.4968718176927838,1.49783273343394
student_37035_1_000004_step0100,student_37035_1_000004,100,4,4,adaptive_edge,0.38919931690611537,True,True,0.0014246662307698125,0.0016679938787863922,ok,0.12608525090760225,0.519862807324549,1.4526345849524979e-05,2.4071397758759127e-05,0.00025867887087427914,0.00686307845134454,False,0.852260416884479,0.7686852402985096,5.829429497795434e-07,1.4977543608528658,1.502009242773056
student_37035_1_000004_step0150,student_37035_1_000004,150,4,4,fixed_probe,0.23992440101763873,True,True,0.0009521194522786593,nan,ok,0.09714060317051505,0.4005209674082434,1.4540410041405391e-05,3.2211227473342395e-05,3.578771560746188e-14,4.0811798385220754e-13,True,0.8478128910767226,0.7615050598978996,9.846978633711054e-08,1.4873288279906247,1.488162487954
student_37035_1_000004_step0150,student_37035_1_000004,150,4,4,adaptive_edge,0.39003031357833995,True,True,0.0009521194522786593,0.0011592347346150772,ok,0.1243886238110697,0.5128674345982603,1.0860886727048565e-05,1.88642032153488e-05,0.0001665192217848023,0.005665642656032477,False,0.8476811186000137,0.785179752856493,1.6219623734358742e-07,1.4880267103385114,1.4922528266906738
student_37035_1_000004_step0200,student_37035_1_000004,200,4,4,fixed_probe,0.23992440101763873,True,True,0.0009999598076095753,nan,ok,0.0980414083383319,0.4042350822632545,1.5301556616352397e-05,3.2762776134291834e-05,3.3334118651358687e-14,3.829436767688321e-13,True,0.846656382300086,0.7636362463235855,1.9956740146499457e-07,1.4501846211137193,1.4502156532491348
student_37035_1_000004_step0200,student_37035_1_000004,200,4,4,adaptive_edge,0.3820017270028367,True,True,0.0009999598076095753,0.0011697868992998398,ok,0.12418822220770802,0.5120411576200571,1.2428619055347547e-05,2.186619515486231e-05,5.854038624145722e-05,0.002538863811959946,False,0.8464804131868654,0.7831539586186409,2.1275836830401123e-07,1.4507342118535025,1.452115148305893
student_37035_1_000011_step0000,student_37035_1_000011,0,5,2,fixed_probe,0.19220721369146626,True,True,0.06039257185620087,nan,ok,0.39944021200637975,2.036753435534169,1.2511177190489094e-05,2.5375961594854612e-05,4.5935889131140394e-15,5.831446436843635e-14,True,0.8527691378681159,0.7639075964689255,0.0008747616451384591,1.38092304637132,1.378941489906311
student_37035_1_000011_step0000,student_37035_1_000011,0,5,2,adaptive_edge,0.300323771392916,True,True,0.06039257185620087,0.06176318722568359,ok,0.41694283092940376,2.125999630961647,7.495867824768022e-06,1.571816491058511e-05,3.0105390058480595e-14,3.6753933230215807e-13,True,0.8526708616416898,0.7672039903700352,0.000867245012832857,1.3794976710795948,1.375086085870862
student_37035_1_000011_step0010,student_37035_1_000011,10,5,2,fixed_probe,0.19220721369146626,True,True,0.04754375175058063,nan,ok,0.3311833685289717,1.6887104587066168,8.793450614782472e-06,1.6557643014931232e-05,2.5684721182631094e-15,1.0658141036401503e-14,True,0.8778774081141743,0.7678545974195004,0.0005225546486400234,1.3069068259465635,1.3070022096749834
student_37035_1_000011_step0010,student_37035_1_000011,10,5,2,adaptive_edge,0.2934631262748775,True,True,0.04754375175058063,0.048786858891150225,ok,0.3520994284192113,1.7953618562344245,5.5780994612282056e-06,1.0227841520499562e-05,1.8149967494069905e-14,7.69939667577546e-14,True,0.8779014701058766,0.7814516313374043,0.0005191587392882836,1.3060947462507626,1.3036879785358906
student_37035_1_000011_step0025,student_37035_1_000011,25,5,2,fixed_probe,0.19220721369146626,True,True,0.039304444322952256,nan,ok,0.29063381908904384,1.4819475148450296,8.214210645643184e-06,1.4674963914327e-05,6.738061016207634e-15,3.480549182199866e-14,True,0.8911670975821927,0.764594316482544,0.00038395492156844036,1.272782818567694,1.2732035426053334
student_37035_1_000011_step0025,student_37035_1_000011,25,5,2,adaptive_edge,0.2911835160260742,True,True,0.039304444322952256,0.040470511249776846,ok,0.3151001614397885,1.6067018719177182,9.77020363442787e-06,1.5664724785718734e-05,4.8033521580731746e-14,2.698397061351443e-13,True,0.8911989918663271,0.7658492363989353,0.0003814441515917464,1.2727294966394602,1.2698812633752823
student_37035_1_000011_step0050,student_37035_1_000011,50,5,2,fixed_probe,0.19220721369146626,True,True,0.018603699472829825,nan,ok,0.193824815017739,0.9883165139939628,6.204248563149176e-06,1.0983451299347248e-05,5.879954539061782e-14,5.765388166878438e-13,True,0.9036614764354961,0.7832627519965172,4.3528500667400456e-05,1.172420524587699,1.1732426449257154
student_37035_1_000011_step0050,student_37035_1_000011,50,5,2,adaptive_edge,0.29672055473843373,True,True,0.018603699472829825,0.019833997532400293,ok,0.22785686140411812,1.1618465826056048,5.167180912640974e-06,7.598113989087607e-06,1.0243369533157358e-15,1.6653345369377348e-16,True,0.902923174885835,0.763168279081583,5.052383359574032e-05,1.1734689669541136,1.1741297096014023
student_37035_1_000011_step0075,student_37035_1_000011,75,5,2,fixed_probe,0.19220721369146626,True,True,0.018603699472829777,nan,ok,0.193824815017739,0.9883165139939628,6.204248563149176e-06,1.0983451299347248e-05,5.879954539061782e-14,5.765388166878438e-13,True,0.9036614764354961,0.7677960358560085,4.3528500667400456e-05,1.172420524587699,1.1732426449257154
student_37035_1_000011_step0075,student_37035_1_000011,75,5,2,adaptive_edge,0.29672055473843373,True,True,0.018603699472829777,0.019833997532400362,ok,0.22785686140411812,1.1618465826056048,5.167180912640974e-06,7.598113989087607e-06,1.0243369533157358e-15,1.6653345369377348e-16,True,0.902923174885835,0.7620822414755821,5.052383359574032e-05,1.1734689669541136,1.1741297096014023
student_37035_1_000011_step0100,student_37035_1_000011,100,5,2,fixed_probe,0.19220721369146626,True,True,0.01860369947282974,nan,ok,0.193824815017739,0.9883165139939628,6.204248563149176e-06,1.0983451299347248e-05,5.879954539061782e-14,5.765388166878438e-13,True,0.9036614764354961,0.7751860357820988,4.3528500667400456e-05,1.172420524587699,1.1732426449257154
student_37035_1_000011_step0100,student_37035_1_000011,100,5,2,adaptive_edge,0.29672055473843373,True,True,0.01860369947282974,0.019833997532400303,ok,0.22785686140411812,1.1618465826056048,5.167180912640974e-06,7.598113989087607e-06,1.0243369533157358e-15,1.6653345369377348e-16,True,0.902923174885835,0.7624216601252556,5.052383359574032e-05,1.1734689669541136,1.1741297096014023
student_37035_1_000011_step0150,student_37035_1_000011,150,5,2,fixed_probe,0.19220721369146626,True,True,0.01860369947282986,nan,ok,0.193824815017739,0.9883165139939628,6.204248563149176e-06,1.0983451299347248e-05,5.879954539061782e-14,5.765388166878438e-13,True,0.9036614764354961,0.7601997889578342,4.3528500667400456e-05,1.172420524587699,1.1732426449257154
student_37035_1_000011_step0150,student_37035_1_000011,150,5,2,adaptive_edge,0.29672055473843373,True,True,0.01860369947282986,0.019833997532400307,ok,0.22785686140411812,1.1618465826056048,5.167180912640974e-06,7.598113989087607e-06,1.0243369533157358e-15,1.6653345369377348e-16,True,0.902923174885835,0.775842010974884,5.052383359574032e-05,1.1734689669541136,1.1741297096014023
student_37035_1_000011_step0200,student_37035_1_000011,200,5,2,fixed_probe,0.19220721369146626,True,True,0.01860369947282978,nan,ok,0.193824815017739,0.9883165139939628,6.204248563149176e-06,1.0983451299347248e-05,5.879954539061782e-14,5.765388166878438e-13,True,0.9036614764354961,0.7886110618710518,4.3528500667400456e-05,1.172420524587699,1.1732426449257154
student_37035_1_000011_step0200,student_37035_1_000011,200,5,2,adaptive_edge,0.29672055473843373,True,True,0.01860369947282978,0.01983399753240029,ok,0.22785686140411812,1.1618465826056048,5.167180912640974e-06,7.598113989087607e-06,1.0243369533157358e-15,1.6653345369377348e-16,True,0.902923174885835,0.762990590184927,5.052383359574032e-05,1.1734689669541136,1.1741297096014023
student_37035_1_000012_step0000,student_37035_1_000012,0,5,2,fixed_probe,0.4037867339760542,True,True,0.017349485378900187,nan,ok,0.19708717362854852,1.0049513442108182,3.7520883506491914e-06,7.134615981007941e-06,1.019544523109036e-15,2.7755575615628914e-16,True,0.9423102078485993,0.7659761533141136,0.00013289687097748333,1.119595844595425,1.1205922284088137
student_37035_1_000012_step0000,student_37035_1_000012,0,5,2,adaptive_edge,0.6309167718375845,True,True,0.017349485378900187,0.02195006874771957,ok,0.24291971105136442,1.238652346887228,3.378607108329036e-06,6.755225165970656e-06,1.3299606881112029e-05,0.0007037641123539551,False,0.9417111161717504,0.7760652787983418,0.00019279451215216777,1.120642167622626,1.1239800155162811
student_37035_1_000012_step0010,student_37035_1_000012,10,5,2,fixed_probe,0.4037867339760542,True,True,0.011873193807051886,nan,ok,0.20104263500346636,1.0251203189467868,4.500664940840269e-06,8.285721851577982e-06,1.0927480874818485e-15,2.7755575615628914e-16,True,0.9371301394832348,0.7615317404270172,6.211960571318224e-05,1.180123265192372,1.1772506994191763
student_37035_1_000012_step0010,student_37035_1_000012,10,5,2,adaptive_edge,0.5267285423907608,True,True,0.011873193807051886,0.015522442327280447,ok,0.22945411254376746,1.1699909973347853,4.59721718457952e-06,8.819649124636399e-06,1.2582689710228527e-15,4.440892098500626e-16,True,0.9364548400752478,0.781871035695076,8.040829620738439e-05,1.1804986408103848,1.1862272024154663
student_37035_1_000012_step0025,student_37035_1_000012,25,5,2,fixed_probe,0.4037867339760542,True,True,0.008459878648915058,nan,ok,0.2020674873221366,1.0303460609182373,9.334430085478998e-06,1.7406351931824868e-05,1.122649252877115e-15,2.7755575615628914e-16,True,0.9291420669087402,0.7777843363583088,3.5817606894200564e-05,1.2082120240889584,1.2056275437236625
student_37035_1_000012_step0025,student_37035_1_000012,25,5,2,adaptive_edge,0.447740668148013,True,True,0.008459878648915058,0.011586581153506137,ok,0.213087135265159,1.0865354608126307,1.0769752663247728e-05,2.0892278918251247e-05,1.1777453401676798e-15,2.7755575615628914e-16,True,0.9285757185175003,0.7697132602334023,4.009450191302547e-05,1.2084095178460523,1.2148456573486328
student_37035_1_000012_step0050,student_37035_1_000012,50,5,2,fixed_probe,0.4037867339760542,True,True,0.00591862492142732,nan,ok,0.2023315488000522,1.0316925155469168,4.562880215215794e-06,8.634508658896723e-06,1.1620083758212825e-15,2.7755575615628914e-16,True,0.9321721178909332,0.7660494558513165,2.0866282820194676e-05,1.1755667793595364,1.173845991537934
student_37035_1_000012_step0050,student_37035_1_000012,50,5,2,adaptive_edge,0.44178199847075444,True,True,0.00591862492142732,0.007988561233248745,ok,0.21179310711206523,1.0799371860088673,4.667202556534911e-06,8.856184816612604e-06,1.2115134140043327e-15,2.7755575615628914e-16,True,0.9319041212158728,0.777006383985281,2.309408224000412e-05,1.1758139996052146,1.1833730340003967
student_37035_1_000012_step0075,student_37035_1_000012,75,5,2,fixed_probe,0.4037867339760542,True,True,0.004738249025384987,nan,ok,0.20498626166491277,1.0452289482478268,4.165944939910952e-06,8.036720693119776e-06,1.169340989910302e-15,2.7755575615628914e-16,True,0.9301061933115814,0.7762794010341167,1.4486848887064315e-05,1.170753868121205,1.1692990898584246
student_37035_1_000012_step0075,student_37035_1_000012,75,5,2,adaptive_edge,0.44023645416840695,True,True,0.004738249025384987,0.006618427825065462,ok,0.2142282311353101,1.0923539309214114,4.21686201142941e-06,7.84775578697743e-06,1.1939242987572793e-15,3.885780586188048e-16,True,0.9298880214786845,0.7692415751516819,1.6119038074227845e-05,1.1709923414892331,1.1786154508590698
student_37035_1_000012_step0100,student_37035_1_000012,100,5,2,fixed_probe,0.4037867339760542,True,True,0.004170633333187015,nan,ok,0.2054989589544725,1.047843201731858,3.1443016779744747e-06,5.892878232424134e-06,1.1473812389512046e-15,2.7755575615628914e-16,True,0.932658595430169,0.7711858227849007,1.4128750758795464e-05,1.154959387256474,1.1533889260540269
student_37035_1_000012_step0100,student_37035_1_000012,100,5,2,adaptive_edge,0.4420674113302971,True,True,0.004170633333187015,0.0058634746543987405,ok,0.2152049491337672,1.0973342350548216,2.843270676507065e-06,5.011360917250929e-06,1.208622754316964e-15,2.7755575615628914e-16,True,0.9325079515552637,0.7696970142424107,1.5744490427461852e-05,1.1551774787388842,1.1622361540794373
student_37035_1_000012_step0150,student_37035_1_000012,150,5,2,fixed_probe,0.4037867339760542,True,True,0.0035051766412840467,nan,ok,0.20582001714117823,1.0494802836908692,2.8268513321035604e-06,5.199086726426752e-06,1.1584371802144724e-15,2.7755575615628914e-16,True,0.933166735887992,0.7850909717381,1.2375749477450026e-05,1.1515211062992134,1.1487632775815828
student_37035_1_000012_step0150,student_37035_1_000012,150,5,2,adaptive_edge,0.45688577223478266,True,True,0.0035051766412840467,0.004961687443194622,ok,0.21918735118543115,1.117640580827228,2.260192317940314e-06,3.957409557212132e-06,0.00025191096924224765,0.006545407049180274,False,0.9330927270406253,0.7685012072324753,1.4332381745933044e-05,1.1516945833407557,1.1598387956619263
student_37035_1_000012_step0200,student_37035_1_000012,200,5,2,fixed_probe,0.4037867339760542,True,True,0.00307689654400882,nan,ok,0.20446192163384208,1.0425553281976394,2.922359097236513e-06,5.353758446036147e-06,1.164318367721426e-15,2.7755575615628914e-16,True,0.9313856476495932,0.7750382646918297,1.0183187192528328e-05,1.1591090006642581,1.1569945179919792
student_37035_1_000012_step0200,student_37035_1_000012,200,5,2,adaptive_edge,0.45338567937476015,True,True,0.00307689654400882,0.004388879554783134,ok,0.21688840160888584,1.1059181920756576,2.4548417796697784e-06,4.231054959528939e-06,0.00017462214599647734,0.004013285275700995,False,0.9313313906119216,0.789723627269268,1.1712547310981628e-05,1.1592009710427706,1.166604220867157
student_37035_1_000016_step0000,student_37035_1_000016,0,3,3,fixed_probe,0.1560409811412682,True,True,0.06971432587009459,nan,ok,0.43684955678684567,1.3814395942814999,5.5023394005845967e-05,0.00010060331098326296,2.2663080143249756e-14,1.231514890065455e-13,True,0.8935714589886462,0.7665830329060555,0.002307319376148843,0.9796715880432905,0.9788308064117432
student_37035_1_000016_step0000,student_37035_1_000016,0,3,3,adaptive_edge,0.2438140330332315,True,True,0.06971432587009459,0.07039306898998618,ok,0.44309859172308885,1.4012007778579936,8.368398567693591e-05,0.0001444483571232616,0.0008676729130153006,0.018781010490372785,False,0.8806452777555137,0.7754795961081982,0.002385263224746903,0.9838838496009709,0.9835386648774147
student_37035_1_000016_step0010,student_37035_1_000016,10,3,3,fixed_probe,0.1560409811412682,False,False,0.06161417025794759,nan,ok,0.3993004964428427,1.2626990395953452,0.000291997629773761,0.0004766693219797917,0.0006755887681522355,0.011021853240915036,False,0.712663247209496,0.7845207042992115,14782.742435164757,-317333.1329145554,1.4702449105679989
student_37035_1_000016_step0010,student_37035_1_000016,10,3,3,adaptive_edge,0.11019476215556807,False,False,0.06161417025794759,0.0618175342043598,ok,0.3974226215228205,1.2567606776871683,0.00016235004476328462,0.000277787572603826,5.7820326003353735e-16,5.551115123125783e-17,True,0.7658832167444871,0.7780620418488979,28.842459276900907,6.553835292541852,1.4779066420939673
student_37035_1_000016_step0025,student_37035_1_000016,25,3,3,fixed_probe,0.1560409811412682,False,False,0.060515477865225056,nan,ok,0.3950514970106666,1.2492625236129065,0.0007667296196370118,0.0003842702799466631,0.03729491238656056,0.1256356837602308,False,0.5983675429813551,0.7848612405359745,21.942532786188142,69.93831743038427,1.326225757598877
student_37035_1_000016_step0025,student_37035_1_000016,25,3,3,adaptive_edge,0.041798440734312374,False,False,0.060515477865225056,0.061207748984689996,ok,0.3893170627086258,1.2311286501258594,0.00037413390821777097,0.0002813578337195075,4.3358201914811983e-16,2.7755575615628914e-17,True,0.4907333534438088,0.7713353484869003,15.0215345756078,3.7008150709489542,1.7359198193752197
student_37035_1_000016_step0050,student_37035_1_000016,50,3,3,fixed_probe,0.1560409811412682,False,False,0.060515477865224716,nan,ok,0.3950514970106666,1.2492625236129065,0.0007667296196370118,0.0003842702799466631,0.03729491238656056,0.1256356837602308,False,0.5983675429813551,0.7870762124657631,21.942532786188142,69.93831743038427,1.326225757598877
student_37035_1_000016_step0050,student_37035_1_000016,50,3,3,adaptive_edge,0.041798440734312374,False,False,0.060515477865224716,0.061207748984690016,ok,0.3893170627086258,1.2311286501258594,0.00037413390821777097,0.0002813578337195075,4.3358201914811983e-16,2.7755575615628914e-17,True,0.4907333534438088,0.7704203352332115,15.0215345756078,3.7008150709489542,1.7359198193752197
student_37035_1_000016_step0075,student_37035_1_000016,75,3,3,fixed_probe,0.1560409811412682,False,False,0.06051547786522518,nan,ok,0.3950514970106666,1.2492625236129065,0.0007667296196370118,0.0003842702799466631,0.03729491238656056,0.1256356837602308,False,0.5983675429813551,0.7835929654538631,21.942532786188142,69.93831743038427,1.326225757598877
student_37035_1_000016_step0075,student_37035_1_000016,75,3,3,adaptive_edge,0.041798440734312374,False,False,0.06051547786522518,0.06120774898469016,ok,0.3893170627086258,1.2311286501258594,0.00037413390821777097,0.0002813578337195075,4.3358201914811983e-16,2.7755575615628914e-17,True,0.4907333534438088,0.7825251072645187,15.0215345756078,3.7008150709489542,1.7359198193752197
student_37035_1_000016_step0100,student_37035_1_000016,100,3,3,fixed_probe,0.1560409811412682,False,False,0.060515477865225126,nan,ok,0.3950514970106666,1.2492625236129065,0.0007667296196370118,0.0003842702799466631,0.03729491238656056,0.1256356837602308,False,0.5983675429813551,0.7706110179424286,21.942532786188142,69.93831743038427,1.326225757598877
student_37035_1_000016_step0100,student_37035_1_000016,100,3,3,adaptive_edge,0.041798440734312374,False,False,0.060515477865225126,0.061207748984690155,ok,0.3893170627086258,1.2311286501258594,0.00037413390821777097,0.0002813578337195075,4.3358201914811983e-16,2.7755575615628914e-17,True,0.4907333534438088,0.781818151473999,15.0215345756078,3.7008150709489542,1.7359198193752197
student_37035_1_000016_step0150,student_37035_1_000016,150,3,3,fixed_probe,0.1560409811412682,False,False,0.060515477865224945,nan,ok,0.3950514970106666,1.2492625236129065,0.0007667296196370118,0.0003842702799466631,0.03729491238656056,0.1256356837602308,False,0.5983675429813551,0.7711697444319725,21.942532786188142,69.93831743038427,1.326225757598877
student_37035_1_000016_step0150,student_37035_1_000016,150,3,3,adaptive_edge,0.041798440734312374,False,False,0.060515477865224945,0.061207748984690086,ok,0.3893170627086258,1.2311286501258594,0.00037413390821777097,0.0002813578337195075,4.3358201914811983e-16,2.7755575615628914e-17,True,0.4907333534438088,0.760484341531992,15.0215345756078,3.7008150709489542,1.7359198193752197
student_37035_1_000016_step0200,student_37035_1_000016,200,3,3,fixed_probe,0.1560409811412682,False,False,0.06051547786522486,nan,ok,0.3950514970106666,1.2492625236129065,0.0007667296196370118,0.0003842702799466631,0.03729491238656056,0.1256356837602308,False,0.5983675429813551,0.7868910878896713,21.942532786188142,69.93831743038427,1.326225757598877
student_37035_1_000016_step0200,student_37035_1_000016,200,3,3,adaptive_edge,0.041798440734312374,False,False,0.06051547786522486,0.0612077489846901,ok,0.3893170627086258,1.2311286501258594,0.00037413390821777097,0.0002813578337195075,4.3358201914811983e-16,2.7755575615628914e-17,True,0.4907333534438088,0.779400147497654,15.0215345756078,3.7008150709489542,1.7359198193752197
student_37035_1_000019_step0000,student_37035_1_000019,0,5,4,fixed_probe,0.2753993104805777,True,True,0.018186402428228582,nan,ok,0.18905507564530957,0.9639955198591934,9.229129532201758e-06,1.9095604365875165e-05,1.0959794291072113e-14,5.71209746169643e-14,True,0.900921422442072,0.7682255990803242,5.1182984257895726e-05,1.4921141027940013,1.493853252883911
student_37035_1_000019_step0000,student_37035_1_000019,0,5,4,adaptive_edge,0.4303114226259026,True,True,0.018186402428228582,0.01966196995000289,ok,0.22430895326473285,1.1437557297704448,9.053495560877052e-06,1.837632030895483e-05,7.554193650352029e-14,3.917421942389865e-13,True,0.9002611708988129,0.7663240134716034,5.931417427292917e-05,1.493075249488894,1.4995278120040894
student_37035_1_000019_step0010,student_37035_1_000019,10,5,4,fixed_probe,0.2753993104805777,True,True,0.010735861602126466,nan,ok,0.17030177781690672,0.8683720882879501,5.344582328786957e-06,1.1146249957021098e-05,3.3350266360196665e-15,1.554312234475219e-14,True,0.9210569952551302,0.7845429927110672,1.5414166390184002e-05,1.3987445583243956,1.4018061542998335
student_37035_1_000019_step0010,student_37035_1_000019,10,5,4,adaptive_edge,0.467830237153389,True,True,0.010735861602126466,0.012679798359876966,ok,0.21859474036347354,1.1146188466820997,4.594794586515433e-06,8.605317854324414e-06,3.596097753070079e-14,1.7463808177353712e-13,True,0.9204811226900707,0.7623348161578178,2.4274801120292068e-05,1.4000164327009363,1.4048177897930145
student_37035_1_000019_step0025,student_37035_1_000019,25,5,4,fixed_probe,0.2753993104805777,True,True,0.006984449797876408,nan,ok,0.14952889343322506,0.7624507454619506,1.1262152605653415e-05,2.5071807744722963e-05,3.2296612352197927e-15,1.915134717478395e-14,True,0.8888296683132799,0.771829754114151,6.202648294381656e-06,1.5020294720202387,1.5030298732221496
student_37035_1_000019_step0025,student_37035_1_000019,25,5,4,adaptive_edge,0.43460865711376634,True,True,0.006984449797876408,0.008754228420534593,ok,0.18757943836754912,0.9564712165849081,9.209941425016432e-06,1.629814794274664e-05,6.033737266894143e-07,3.861591850884416e-05,False,0.8883514547115524,0.7940291427075863,1.021018473470703e-05,1.5023596786295215,1.5060222744941711
student_37035_1_000019_step0050,student_37035_1_000019,50,5,4,fixed_probe,0.2753993104805777,True,True,0.005382147297401598,nan,ok,0.1427209483723307,0.7277369007489826,1.1080168477916543e-05,2.628634715224679e-05,1.9558407145045564e-15,1.1712852909795402e-14,True,0.8908255193751313,0.764463983476162,3.539909586341672e-06,1.4759885130056707,1.4777528996907439
student_37035_1_000019_step0050,student_37035_1_000019,50,5,4,adaptive_edge,0.47215927651564527,True,True,0.005382147297401598,0.006921471773596155,ok,0.18685637869177305,0.9527843211886338,8.215527348694667e-06,1.5495833808421654e-05,7.323772124981212e-05,0.002768609742484607,False,0.8901951597051518,0.7779950872063637,6.987888636553636e-06,1.4764445560116606,1.4791799783706665
student_37035_1_000019_step0075,student_37035_1_000019,75,5,4,fixed_probe,0.2753993104805777,True,True,0.004813258083616177,nan,ok,0.1362518097510492,0.6947506366829314,1.2586231172169604e-05,3.0803548921006254e-05,1.466252121695682e-15,8.548717289613705e-15,True,0.890140451965086,0.7801620699465275,3.2963037287634567e-06,1.4584869709757333,1.4574789507864638
student_37035_1_000019_step0075,student_37035_1_000019,75,5,4,adaptive_edge,0.5121669738602453,True,True,0.004813258083616177,0.006283370528543591,ok,0.18577159271985844,0.9472529763497692,8.642194858783222e-06,1.7555738762183854e-05,0.000173275233976148,0.004879825012261141,False,0.8893019499052607,0.7886103391647339,6.976039119759396e-06,1.4588441693735703,1.4612636864185333
student_37035_1_000019_step0100,student_37035_1_000019,100,5,4,fixed_probe,0.2753993104805777,True,True,0.004296916519963001,nan,ok,0.13269945495514424,0.6766371102594072,1.3262113457303835e-05,3.3060084817309716e-05,1.2985552378929018e-15,7.216449660063518e-15,True,0.889729680309352,0.7885640487074852,3.711714703062147e-06,1.4709320287841485,1.4727969606529308
student_37035_1_000019_step0100,student_37035_1_000019,100,5,4,adaptive_edge,0.5281801964918005,True,True,0.004296916519963001,0.00566806333807882,ok,0.18387069049282387,0.9375602388006883,8.660874185145935e-06,1.764398595184204e-05,0.0002209228044830112,0.007006303537039571,False,0.8889025990798362,0.7743204236030579,8.41917480160672e-06,1.4713231806880842,1.4737646579742432
student_37035_1_000019_step0150,student_37035_1_000019,150,5,4,fixed_probe,0.2753993104805777,True,True,0.003791312786022528,nan,ok,0.12782538532112614,0.651784134084939,1.417027578252308e-05,3.57406525541085e-05,1.1586043947099843e-15,4.163336342344337e-15,True,0.892546712409042,0.7637187913060188,6.21434903795911e-06,1.4633077588196286,1.4660067072279201
student_37035_1_000019_step0150,student_37035_1_000019,150,5,4,adaptive_edge,0.5563603937753578,True,True,0.003791312786022528,0.005000452494703421,ok,0.18188354543662932,0.9274277473828129,8.924104870387073e-06,1.7803077541574214e-05,0.00010032351661430148,0.004047007073685105,False,0.8917204662139592,0.7886027954518795,1.3662905385418163e-05,1.4635586280107309,1.4686980843544006
student_37035_1_000019_step0200,student_37035_1_000019,200,5,4,fixed_probe,0.2753993104805777,True,True,0.0035022588876951594,nan,ok,0.12938913131354393,0.6597577054145797,1.4064618950342197e-05,3.379665698355295e-05,1.2659218108731635e-15,5.662137425588298e-15,True,0.8958716106716428,0.7658649794757366,6.026683955500971e-06,1.4570487365004379,1.4579364960343546
student_37035_1_000019_step0200,student_37035_1_000019,200,5,4,adaptive_edge,0.5581744039466869,True,True,0.0035022588876951594,0.004618316390069287,ok,0.18451590103303522,0.9408501799356016,1.004543549723195e-05,1.982809050631457e-05,0.00010062279143733772,0.003388433802543722,False,0.8950825397815356,0.7817308269441128,1.3119887839667251e-05,1.4576023743606512,1.459779292345047
student_37035_1_000021_step0000,student_37035_1_000021,0,3,3,fixed_probe,0.11440568204560636,False,True,0.01961286675193653,nan,ok,0.1349046304797239,0.42660589921930114,0.00020361693049088809,0.0002818433320624279,5.974988496975787e-16,6.938893903907228e-17,True,0.7933312365971861,0.765763059258461,3.953686235166887e-05,1.441067455969604,1.434197735176086
student_37035_1_000021_step0000,student_37035_1_000021,0,3,3,adaptive_edge,0.1787588781962599,False,True,0.01961286675193653,0.020842862172263544,ok,0.14858083916746484,0.469853868428345,0.00021001269166962151,0.0003226342364767678,0.0005423692721858766,0.01368228716705433,False,0.7903164880798831,0.7791681662201881,4.471469701278596e-05,1.4436905923235768,1.458719253540039
student_37035_1_000021_step0010,student_37035_1_000021,10,3,3,fixed_probe,0.11440568204560636,True,True,0.016989115200284947,nan,ok,0.13617461581488244,0.4306219454734145,0.00048037013738577147,0.00040574764288562053,0.014560476143955853,0.14895025201297238,False,0.6081687480013975,0.7915315590798855,0.00022359410928596713,1.1033237910904072,1.0804425477981567
student_37035_1_000021_step0010,student_37035_1_000021,10,3,3,adaptive_edge,0.03410821684262528,True,True,0.016989115200284947,0.018849575581193982,ok,0.10971625009402342,0.3469532466297771,0.0006211893083473822,0.000612176233560906,3.9392915998539303e-16,1.2281842209915794e-15,True,0.48740884245784993,0.7606350593268871,8.482590957609118e-05,1.4132808291542451,1.213342212437137
student_37035_1_000021_step0025,student_37035_1_000021,25,3,3,fixed_probe,0.11440568204560636,True,True,0.016989115200285003,nan,ok,0.13617461581488244,0.4306219454734145,0.00048037013738577147,0.00040574764288562053,0.014560476143955853,0.14895025201297238,False,0.6081687480013975,0.78349918872118,0.00022359410928596713,1.1033237910904072,1.0804425477981567
student_37035_1_000021_step0025,student_37035_1_000021,25,3,3,adaptive_edge,0.03410821684262528,True,True,0.016989115200285003,0.01884957558119399,ok,0.10971625009402342,0.3469532466297771,0.0006211893083473822,0.000612176233560906,3.9392915998539303e-16,1.2281842209915794e-15,True,0.48740884245784993,0.7656838446855545,8.482590957609118e-05,1.4132808291542451,1.213342212437137
student_37035_1_000021_step0050,student_37035_1_000021,50,3,3,fixed_probe,0.11440568204560636,True,True,0.016989115200284895,nan,ok,0.13617461581488244,0.4306219454734145,0.00048037013738577147,0.00040574764288562053,0.014560476143955853,0.14895025201297238,False,0.6081687480013975,0.7720861285924911,0.00022359410928596713,1.1033237910904072,1.0804425477981567
student_37035_1_000021_step0050,student_37035_1_000021,50,3,3,adaptive_edge,0.03410821684262528,True,True,0.016989115200284895,0.018849575581194,ok,0.10971625009402342,0.3469532466297771,0.0006211893083473822,0.000612176233560906,3.9392915998539303e-16,1.2281842209915794e-15,True,0.48740884245784993,0.7662938199937344,8.482590957609118e-05,1.4132808291542451,1.213342212437137
student_37035_1_000021_step0075,student_37035_1_000021,75,3,3,fixed_probe,0.11440568204560636,True,True,0.016989115200284993,nan,ok,0.13617461581488244,0.4306219454734145,0.00048037013738577147,0.00040574764288562053,0.014560476143955853,0.14895025201297238,False,0.6081687480013975,0.7743429355323315,0.00022359410928596713,1.1033237910904072,1.0804425477981567
student_37035_1_000021_step0075,student_37035_1_000021,75,3,3,adaptive_edge,0.03410821684262528,True,True,0.016989115200284993,0.018849575581194003,ok,0.10971625009402342,0.3469532466297771,0.0006211893083473822,0.000612176233560906,3.9392915998539303e-16,1.2281842209915794e-15,True,0.48740884245784993,0.7644008025527,8.482590957609118e-05,1.4132808291542451,1.213342212437137
student_37035_1_000021_step0100,student_37035_1_000021,100,3,3,fixed_probe,0.11440568204560636,True,True,0.01698911520028492,nan,ok,0.13617461581488244,0.4306219454734145,0.00048037013738577147,0.00040574764288562053,0.014560476143955853,0.14895025201297238,False,0.6081687480013975,0.7856544181704521,0.00022359410928596713,1.1033237910904072,1.0804425477981567
student_37035_1_000021_step0100,student_37035_1_000021,100,3,3,adaptive_edge,0.03410821684262528,True,True,0.01698911520028492,0.018849575581194017,ok,0.10971625009402342,0.3469532466297771,0.0006211893083473822,0.000612176233560906,3.9392915998539303e-16,1.2281842209915794e-15,True,0.48740884245784993,0.7657185681164265,8.482590957609118e-05,1.4132808291542451,1.213342212437137
student_37035_1_000021_step0150,student_37035_1_000021,150,3,3,fixed_probe,0.11440568204560636,True,True,0.01698911520028498,nan,ok,0.13617461581488244,0.4306219454734145,0.00048037013738577147,0.00040574764288562053,0.014560476143955853,0.14895025201297238,False,0.6081687480013975,0.7766376733779907,0.00022359410928596713,1.1033237910904072,1.0804425477981567
student_37035_1_000021_step0150,student_37035_1_000021,150,3,3,adaptive_edge,0.03410821684262528,True,True,0.01698911520028498,0.018849575581194024,ok,0.10971625009402342,0.3469532466297771,0.0006211893083473822,0.000612176233560906,3.9392915998539303e-16,1.2281842209915794e-15,True,0.48740884245784993,0.7672115676105022,8.482590957609118e-05,1.4132808291542451,1.213342212437137
student_37035_1_000021_step0200,student_37035_1_000021,200,3,3,fixed_probe,0.11440568204560636,True,True,0.01698911520028492,nan,ok,0.13617461581488244,0.4306219454734145,0.00048037013738577147,0.00040574764288562053,0.014560476143955853,0.14895025201297238,False,0.6081687480013975,0.7967638522386551,0.00022359410928596713,1.1033237910904072,1.0804425477981567
student_37035_1_000021_step0200,student_37035_1_000021,200,3,3,adaptive_edge,0.03410821684262528,True,True,0.01698911520028492,0.018849575581194006,ok,0.10971625009402342,0.3469532466297771,0.0006211893083473822,0.000612176233560906,3.9392915998539303e-16,1.2281842209915794e-15,True,0.48740884245784993,0.7744652256369591,8.482590957609118e-05,1.4132808291542451,1.213342212437137
student_37035_1_000023_step0000,student_37035_1_000023,0,3,4,fixed_probe,0.3180575416136674,False,True,0.04727645848734986,nan,ok,0.29890600458491,0.9452237807890481,9.133918597793223e-05,0.00018218650469417407,7.830989273387644e-16,2.220446049250313e-16,True,0.8402896832367408,0.7626870162785053,0.0016732452628434515,1.5895284294105005,1.5937255112075805
student_37035_1_000023_step0000,student_37035_1_000023,0,3,4,adaptive_edge,0.49696490877135524,False,True,0.04727645848734986,0.048182489567596194,ok,0.3060064674899608,0.9676774160105445,8.770606212613162e-05,0.00016228953592421628,0.0012811169994765836,0.024494904960957076,False,0.8380479418582994,0.7667208313941956,0.0017527758206512167,1.5912712074657314,1.6109634637832642
student_37035_1_000023_step0010,student_37035_1_000023,10,3,4,fixed_probe,0.3180575416136674,False,True,0.013709442409948354,nan,ok,0.11572652700122461,0.36595941102484536,0.00017236431672121213,0.0003125795536750447,0.019538257771310963,0.2304911031712985,False,0.7068716075840888,0.7680412493646145,0.00010850147896984707,1.52738686470277,1.472308874130249
student_37035_1_000023_step0010,student_37035_1_000023,10,3,4,adaptive_edge,0.2121497279187703,False,True,0.013709442409948354,0.014554035682262982,ok,0.10561773212915859,0.3339925948296863,0.00020750758174741316,0.00037864918427966336,0.0015307055915405703,0.02996504114087356,False,0.6741578660095385,0.7929296121001244,1.3310294092193126e-05,1.6376740321688747,1.5692023708479175
student_37035_1_000023_step0025,student_37035_1_000023,25,3,4,fixed_probe,0.3180575416136674,False,True,0.009234099958442366,nan,ok,0.08882433756634454,0.28088721836530633,7.40040254279057e-05,0.0001458284342634567,0.002267739846761565,0.04245606632399773,False,0.780361021974343,0.8142413422465324,1.5657837652356203e-05,1.643449422088485,1.6353043913841248
student_37035_1_000023_step0025,student_37035_1_000023,25,3,4,adaptive_edge,0.2907794609802148,False,True,0.009234099958442366,0.010242138842303152,ok,0.08593659544832871,0.2717553759771775,7.613236703194547e-05,0.00014951253683202352,0.0004936511169516948,0.015177985690545126,False,0.7786181148429744,0.7668484747409821,1.4885968795607575e-05,1.6432588697855248,1.629983721221639
student_37035_1_000023_step0050,student_37035_1_000023,50,3,4,fixed_probe,0.3180575416136674,False,True,0.0059614568575597805,nan,ok,0.08090757483574482,0.25585221644147715,9.372926228879703e-05,0.00015430042812887367,0.016807372308322507,0.1957742283034194,False,0.7532263882085471,0.7886420525610447,6.634283846957426e-06,1.6316029138189254,1.559346066787839
student_37035_1_000023_step0050,student_37035_1_000023,50,3,4,adaptive_edge,0.23303830369597556,False,True,0.0059614568575597805,0.007273663833021182,ok,0.0696136521868963,0.22013769715335385,7.575977970796805e-05,0.00016220715941217203,0.0001845759160442749,0.006589290015356936,False,0.7412762509805851,0.7711765319108963,4.9418355104582416e-06,1.6308839173602683,1.6044254907631375
student_37035_1_000023_step0075,student_37035_1_000023,75,3,4,fixed_probe,0.3180575416136674,False,True,0.005114596782178191,nan,ok,0.07995341026935233,0.25283488314905006,8.402397828749556e-05,0.00014469442475728724,0.01733816475286959,0.20577522957284003,False,0.7497897849050406,0.7887484990060329,8.535530825295661e-06,1.6351360511017026,1.5504472702741623
student_37035_1_000023_step0075,student_37035_1_000023,75,3,4,adaptive_edge,0.21464932436818895,False,True,0.005114596782178191,0.006367459869604036,ok,0.06509172593036393,0.2058381107713927,7.14480657698063e-05,0.00015160236878321127,5.545366237985357e-05,0.002606654773211814,False,0.7332456562842132,0.7877271212637424,6.001993717368153e-06,1.6341153375680582,1.6093283901425266
student_37035_1_000023_step0100,student_37035_1_000023,100,3,4,fixed_probe,0.3180575416136674,True,True,0.0050641647300834255,nan,ok,0.08435158415068351,0.2667431301595196,0.00012157300794947936,0.00016966530371265534,0.036377036331451826,0.23402318078060041,False,0.7065178009034796,0.7905526012182236,0.00014085378783575155,1.517394175915452,1.413487434387207
student_37035_1_000023_step0100,student_37035_1_000023,100,3,4,adaptive_edge,0.15158061111048507,True,True,0.0050641647300834255,0.006426180189370938,ok,0.057688465188328764,0.18242694471445328,8.970694295789993e-05,0.00019154967727642313,2.4548030773035527e-14,6.978029265525265e-13,True,0.6565962122991789,0.7631771191954613,2.2793415833278578e-05,1.5887637409322695,1.5198693057855495
student_37035_1_000023_step0150,student_37035_1_000023,150,3,4,fixed_probe,0.3180575416136674,True,True,0.004596022544183227,nan,ok,0.08357572821417014,0.2642896582639744,9.581203323462334e-05,0.00014962688500372835,0.03627781757602912,0.2247442636252196,False,0.7189790409996342,0.768932044506073,4.47126617598356e-05,1.5886830842449498,1.4546067491173744
student_37035_1_000023_step0150,student_37035_1_000023,150,3,4,adaptive_edge,0.13990434751245057,True,True,0.004596022544183227,0.005847278186791096,ok,0.05558228371540394,0.1757666140943626,8.724866669049653e-05,0.00017657313840900875,1.044009027464358e-15,2.5118795932144167e-14,True,0.6471388461174187,0.7683622501790524,2.504478203667832e-05,1.5858285442864863,1.5045773705749774
student_37035_1_000023_step0200,student_37035_1_000023,200,3,4,fixed_probe,0.3180575416136674,True,True,0.0032464827844419703,nan,ok,0.07944034741848191,0.2512124359574801,7.291008944388678e-05,0.00012829188707133863,0.024746343797504202,0.22733517548566548,False,0.7399972601334978,0.7871283330023289,1.5364523540295437e-05,1.6387101397048107,1.5023095207288861
student_37035_1_000023_step0200,student_37035_1_000023,200,3,4,adaptive_edge,0.17575129310020615,True,True,0.0032464827844419703,0.0042425856957314335,ok,0.056539292330377765,0.178792941058083,7.067958722730872e-05,0.00014485916280354018,8.665123918349661e-16,1.1102230246251565e-16,True,0.6988053783372208,0.7678991220891476,9.457387354386098e-06,1.6363681704836426,1.5957942064512984
student_37035_1_000025_step0000,student_37035_1_000025,0,8,3,fixed_probe,0.170484838601388,False,True,0.0764309199074564,nan,ok,0.48876509811962476,3.9405501994128453,9.863964346864398e-05,0.00017934727351680648,5.888298704837482e-16,1.1102230246251565e-16,True,0.9116292779146102,0.7802845984697342,0.001477450966429542,2.754872022170182,2.759578826309204
student_37035_1_000025_step0000,student_37035_1_000025,0,8,3,adaptive_edge,0.26638256031466867,False,True,0.0764309199074564,0.08739567720457002,ok,0.5431246062103149,4.378810564710709,9.645547982376207e-05,0.00015818077623485963,7.546625339504633e-16,2.220446049250313e-16,True,0.8783536656939205,0.759384274482727,0.0019204834448465422,2.74895551902284,2.754906952381134
student_37035_1_000025_step0010,student_37035_1_000025,10,8,3,fixed_probe,0.170484838601388,True,True,0.04425816656746543,nan,ok,0.28877419632993295,2.3281720018696883,2.074698347676075e-05,4.142597880087002e-05,5.836223133809987e-16,1.1102230246251565e-16,True,0.9431830584849497,0.7717422321438789,0.00037271180063359064,2.8989382211895878,2.9003732090432917
student_37035_1_000025_step0010,student_37035_1_000025,10,8,3,adaptive_edge,0.5618031106347171,True,True,0.04425816656746543,0.0540957585452497,ok,0.45727046981922725,3.686632388368183,2.2606331296549537e-05,4.552597282731639e-05,1.0345222379583963e-15,3.3306690738754696e-16,True,0.9384094707463642,0.7601584456861019,0.0007867604724457437,2.9382609561912334,2.9448536336421967
student_37035_1_000025_step0025,student_37035_1_000025,25,8,3,fixed_probe,0.170484838601388,True,True,0.034841690407516064,nan,ok,0.24547599558800767,1.9790907474507153,1.724140175558623e-05,3.42847707622887e-05,6.131555828798374e-16,1.1102230246251565e-16,True,0.9470469009602502,0.778056550770998,0.00018346346030443113,2.9470457851472194,2.9470965009727244
student_37035_1_000025_step0025,student_37035_1_000025,25,8,3,adaptive_edge,0.5796212266994197,True,True,0.034841690407516064,0.04459699400057751,ok,0.42194904410799067,3.4018619502468144,1.6325123519762863e-05,3.32555833425748e-05,1.1505232235115899e-15,3.3306690738754696e-16,True,0.9424928480262035,0.7839635238051414,0.0005431086038405413,2.989056973485411,2.997254580259323
student_37035_1_000025_step0050,student_37035_1_000025,50,8,3,fixed_probe,0.170484838601388,True,True,0.024227517220269685,nan,ok,0.21913626806177777,1.766733075114296,2.6708385301544053e-05,5.02121880986816e-05,6.685904801511736e-16,1.3877787807814457e-16,True,0.945697171448624,0.7823347076773643,4.78475160036201e-05,2.922177859638485,2.926298391714594
student_37035_1_000025_step0050,student_37035_1_000025,50,8,3,adaptive_edge,0.495542625052411,True,True,0.024227517220269685,0.03133507813102783,ok,0.36074144005862063,2.9083904702449908,1.303679285957267e-05,2.4835942901765623e-05,1.1733266166471979e-15,3.3306690738754696e-16,True,0.9404468817169371,0.7598990052938461,0.00016301336565698615,2.9418705330572847,2.953222632408142
student_37035_1_000025_step0075,student_37035_1_000025,75,8,3,fixed_probe,0.170484838601388,True,True,0.018072832659836315,nan,ok,0.20313568570540566,1.6377322560343455,2.373866452012893e-05,4.6980747838808716e-05,6.764620867324401e-16,1.1102230246251565e-16,True,0.934909072380066,0.78470054641366,2.053828906716897e-05,3.0008249755761254,3.0019884942762274
student_37035_1_000025_step0075,student_37035_1_000025,75,8,3,adaptive_edge,0.4786781485606839,True,True,0.018072832659836315,0.02332685689516109,ok,0.3340441159465728,2.693149762063796,1.1316848500732835e-05,1.980972888385953e-05,1.186815855174316e-15,3.3306690738754696e-16,True,0.9297935279669441,0.7740324325859547,7.061554201630195e-05,3.020329358553413,3.029152572154999
student_37035_1_000025_step0100,student_37035_1_000025,100,8,3,fixed_probe,0.170484838601388,True,True,0.01450652745814941,nan,ok,0.19373247542763375,1.5619211511134985,2.2211547716178552e-05,4.5944132647762165e-05,6.771525085348832e-16,1.1102230246251565e-16,True,0.9372695526294351,0.763249296694994,1.8237511997802098e-05,3.0229662046840002,3.0237989355471537
student_37035_1_000025_step0100,student_37035_1_000025,100,8,3,adaptive_edge,0.5032481829286162,True,True,0.01450652745814941,0.019467511429677,ok,0.33241045357036253,2.6799787549130905,1.3317586926844358e-05,2.6354774776550444e-05,1.2027452240123982e-15,3.3306690738754696e-16,True,0.9315493494882361,0.7686281353235245,6.860377504921794e-05,3.050646974972137,3.055647075176239
student_37035_1_000025_step0150,student_37035_1_000025,150,8,3,fixed_probe,0.170484838601388,True,True,0.012720447642028622,nan,ok,0.16942770332587484,1.3659698139154623,3.790741420380471e-05,8.248974499357246e-05,6.654198068556978e-16,1.3877787807814457e-16,True,0.9018965270972799,0.7696443796157837,1.265236081740506e-05,2.9934617516887236,2.994386805602487
student_37035_1_000025_step0150,student_37035_1_000025,150,8,3,adaptive_edge,0.5179165145170804,True,True,0.012720447642028622,0.01727110592550832,ok,0.2968597430885022,2.3933597638731934,3.344283450294371e-05,6.862878028182188e-05,1.1991168587282399e-15,3.3306690738754696e-16,True,0.8971625357450113,0.7826889082789421,5.116740374563124e-05,3.0149386668931206,3.0197400748729706
student_37035_1_000025_step0200,student_37035_1_000025,200,8,3,fixed_probe,0.170484838601388,True,True,0.009200339604320604,nan,ok,0.159351457555653,1.2847325233807307,4.215593104560587e-05,9.253418233531489e-05,6.55931467038144e-14,6.358524817784428e-13,True,0.8944395319391589,0.7837067022919655,7.193024880157527e-06,3.0253677916912416,3.02508690274024
student_37035_1_000025_step0200,student_37035_1_000025,200,8,3,adaptive_edge,0.5260476110721901,True,True,0.009200339604320604,0.01271579407326223,ok,0.283425054245028,2.2850458396489137,3.9616838806869065e-05,7.722684204317706e-05,2.824156110223117e-05,0.001272125128750523,False,0.8912935640135063,0.7905829213559628,3.128141561762307e-05,3.047971372849903,3.050990715622902
student_37035_1_000027_step0000,student_37035_1_000027,0,3,3,fixed_probe,0.13798647213645912,False,True,0.051835519362019085,nan,ok,0.32926556205517205,1.0412291311498558,0.00017140945139850706,0.00025345872302339476,8.209672963309499e-14,3.074485110943215e-13,True,0.9091420416807107,0.7669589035212994,0.0004765325771543064,1.351514866453446,1.356529890892029
student_37035_1_000027_step0000,student_37035_1_000027,0,3,3,adaptive_edge,0.21560386271321733,False,True,0.051835519362019085,0.0529720604839947,ok,0.3376422163458033,1.0677184378800726,0.00021229739782992112,0.0002897176221970381,6.18294177561183e-16,1.3877787807814457e-16,True,0.8938265081967905,0.7808461561799049,0.0006228438329709171,1.3648047272621981,1.3782850503921509
student_37035_1_000027_step0010,student_37035_1_000027,10,3,3,fixed_probe,0.13798647213645912,False,True,0.03671212297427685,nan,ok,0.2638014822610452,0.8342135340734084,0.0009547040776290599,0.0010763524929594064,0.04032537703440096,0.10844324874252587,False,0.6445057868552713,0.7970398142933846,0.00016384665899125375,2.8565780432483083,2.822728842496872
student_37035_1_000027_step0010,student_37035_1_000027,10,3,3,adaptive_edge,0.04122819326672134,False,False,0.03671212297427685,0.037730760174470634,ok,0.23189351059482627,0.7333116680920385,0.00048291958725727894,0.0006915937926864212,2.2122662095832466e-15,3.37924133120282e-14,True,0.7488201075557036,0.7623557262122631,345.3749158169773,-0.100688295566143,1.4328938549452293
student_37035_1_000027_step0025,student_37035_1_000027,25,3,3,fixed_probe,0.13798647213645912,False,True,0.03671212297427687,nan,ok,0.2638014822610452,0.8342135340734084,0.0009547040776290599,0.0010763524929594064,0.04032537703440096,0.10844324874252587,False,0.6445057868552713,0.7884478829801083,0.00016384665899125375,2.8565780432483083,2.822728842496872
student_37035_1_000027_step0025,student_37035_1_000027,25,3,3,adaptive_edge,0.04122819326672134,False,False,0.03671212297427687,0.03773076017447059,ok,0.23189351059482627,0.7333116680920385,0.00048291958725727894,0.0006915937926864212,2.2122662095832466e-15,3.37924133120282e-14,True,0.7488201075557036,0.7597413770854473,345.3749158169773,-0.100688295566143,1.4328938549452293
student_37035_1_000027_step0050,student_37035_1_000027,50,3,3,fixed_probe,0.13798647213645912,False,True,0.0367121229742769,nan,ok,0.2638014822610452,0.8342135340734084,0.0009547040776290599,0.0010763524929594064,0.04032537703440096,0.10844324874252587,False,0.6445057868552713,0.7784823402762413,0.00016384665899125375,2.8565780432483083,2.822728842496872
student_37035_1_000027_step0050,student_37035_1_000027,50,3,3,adaptive_edge,0.04122819326672134,False,False,0.0367121229742769,0.037730760174470655,ok,0.23189351059482627,0.7333116680920385,0.00048291958725727894,0.0006915937926864212,2.2122662095832466e-15,3.37924133120282e-14,True,0.7488201075557036,0.7621756456792355,345.3749158169773,-0.100688295566143,1.4328938549452293
student_37035_1_000027_step0075,student_37035_1_000027,75,3,3,fixed_probe,0.13798647213645912,False,True,0.03671212297427685,nan,ok,0.2638014822610452,0.8342135340734084,0.0009547040776290599,0.0010763524929594064,0.04032537703440096,0.10844324874252587,False,0.6445057868552713,0.784403920173645,0.00016384665899125375,2.8565780432483083,2.822728842496872
student_37035_1_000027_step0075,student_37035_1_000027,75,3,3,adaptive_edge,0.04122819326672134,False,False,0.03671212297427685,0.037730760174470655,ok,0.23189351059482627,0.7333116680920385,0.00048291958725727894,0.0006915937926864212,2.2122662095832466e-15,3.37924133120282e-14,True,0.7488201075557036,0.7720316350460052,345.3749158169773,-0.100688295566143,1.4328938549452293
student_37035_1_000027_step0100,student_37035_1_000027,100,3,3,fixed_probe,0.13798647213645912,False,True,0.036712122974276826,nan,ok,0.2638014822610452,0.8342135340734084,0.0009547040776290599,0.0010763524929594064,0.04032537703440096,0.10844324874252587,False,0.6445057868552713,0.7839729301631451,0.00016384665899125375,2.8565780432483083,2.822728842496872
student_37035_1_000027_step0100,student_37035_1_000027,100,3,3,adaptive_edge,0.04122819326672134,False,False,0.036712122974276826,0.03773076017447071,ok,0.23189351059482627,0.7333116680920385,0.00048291958725727894,0.0006915937926864212,2.2122662095832466e-15,3.37924133120282e-14,True,0.7488201075557036,0.7607290297746658,345.3749158169773,-0.100688295566143,1.4328938549452293
student_37035_1_000027_step0150,student_37035_1_000027,150,3,3,fixed_probe,0.13798647213645912,False,True,0.036712122974276916,nan,ok,0.2638014822610452,0.8342135340734084,0.0009547040776290599,0.0010763524929594064,0.04032537703440096,0.10844324874252587,False,0.6445057868552713,0.7855725809931755,0.00016384665899125375,2.8565780432483083,2.822728842496872
student_37035_1_000027_step0150,student_37035_1_000027,150,3,3,adaptive_edge,0.04122819326672134,False,False,0.036712122974276916,0.037730760174470704,ok,0.23189351059482627,0.7333116680920385,0.00048291958725727894,0.0006915937926864212,2.2122662095832466e-15,3.37924133120282e-14,True,0.7488201075557036,0.775990329682827,345.3749158169773,-0.100688295566143,1.4328938549452293
student_37035_1_000027_step0200,student_37035_1_000027,200,3,3,fixed_probe,0.13798647213645912,False,True,0.03671212297427675,nan,ok,0.2638014822610452,0.8342135340734084,0.0009547040776290599,0.0010763524929594064,0.04032537703440096,0.10844324874252587,False,0.6445057868552713,0.770669486373663,0.00016384665899125375,2.8565780432483083,2.822728842496872
student_37035_1_000027_step0200,student_37035_1_000027,200,3,3,adaptive_edge,0.04122819326672134,False,False,0.03671212297427675,0.03773076017447065,ok,0.23189351059482627,0.7333116680920385,0.00048291958725727894,0.0006915937926864212,2.2122662095832466e-15,3.37924133120282e-14,True,0.7488201075557036,0.7634853571653366,345.3749158169773,-0.100688295566143,1.4328938549452293
student_37035_1_000033_step0000,student_37035_1_000033,0,5,3,fixed_probe,0.22673540894971947,True,True,0.02009880817862649,nan,ok,0.20332854188000068,1.036776202716491,7.121861386317455e-06,1.4172782456099981e-05,1.3930066589851473e-14,8.165690346118026e-14,True,0.9154880806707947,0.7671341896057129,9.49353837452454e-05,1.221521546044245,1.2237685157318114
student_37035_1_000033_step0000,student_37035_1_000033,0,5,3,adaptive_edge,0.3542740764839366,True,True,0.02009880817862649,0.020996904534583704,ok,0.2387758617871078,1.2175227786273963,1.0174140054260393e-05,1.8337495712515386e-05,1.1677652997218804e-13,9.282019597378621e-13,True,0.9161432548652809,0.7620918601751328,0.00010045805187253558,1.2215389466273938,1.229696273803711
student_37035_1_000033_step0010,student_37035_1_000033,10,5,3,fixed_probe,0.22673540894971947,True,True,0.007344662655478334,nan,ok,0.17104102660661283,0.8721415322920615,5.217022094326715e-06,1.0912608975421099e-05,2.3779417947050638e-14,1.6928125567972074e-13,True,0.9196430176870743,0.7859295681118965,7.226137227348574e-06,1.198506620689568,1.1999733855239765
student_37035_1_000033_step0010,student_37035_1_000033,10,5,3,adaptive_edge,0.35560487332799695,True,True,0.007344662655478334,0.009708310005443043,ok,0.214928968855672,1.0959270062314475,5.562831322742397e-06,1.0376085849065084e-05,4.669911131097543e-06,0.00029882700920957905,False,0.9203880486885428,0.7837868221104145,1.114639540873976e-05,1.1989355333247658,1.2112849354743958
student_37035_1_000033_step0025,student_37035_1_000033,25,5,3,fixed_probe,0.22673540894971947,True,True,0.005058593764021267,nan,ok,0.17061441558607368,0.8699662343736186,4.784740139271043e-06,1.0281015535964493e-05,1.0356425504857898e-14,6.150635556423367e-14,True,0.9222632142539756,0.763182494789362,4.223615999742913e-06,1.1966470652358794,1.1988887864021587
student_37035_1_000033_step0025,student_37035_1_000033,25,5,3,adaptive_edge,0.36184313186809786,True,True,0.005058593764021267,0.006930070758763642,ok,0.2166328300872109,1.1046150278995186,4.663355643779736e-06,8.626549390118747e-06,3.0616255802676587e-06,0.0001959440371367971,False,0.9230600391152182,0.7684325836598873,7.355329247728054e-06,1.1973813380015113,1.2052376866340637
student_37035_1_000033_step0050,student_37035_1_000033,50,5,3,fixed_probe,0.22673540894971947,True,True,0.004355287943562356,nan,ok,0.1662723801535033,0.847826110974231,4.25131214966722e-06,8.853268999740544e-06,6.3692855273323815e-15,3.7136960173711486e-14,True,0.9376077175984814,0.7646950334310532,5.2552494441417005e-06,1.2057544833679592,1.2118757941518086
student_37035_1_000033_step0050,student_37035_1_000033,50,5,3,adaptive_edge,0.43492000528411523,True,True,0.004355287943562356,0.005713702448418815,ok,0.2307156598404561,1.1764236516179207,2.4531928786559197e-06,4.323997457644993e-06,1.1795172516133765e-15,3.3306690738754696e-16,True,0.9379560138946306,0.7602933011949062,9.603838656532681e-06,1.208329266133288,1.215489149093628
student_37035_1_000033_step0075,student_37035_1_000033,75,5,3,fixed_probe,0.22673540894971947,True,True,0.009785133287191765,nan,ok,0.1782245952285309,0.9087706888724545,6.8247700319371264e-06,1.2484569274423084e-05,5.4486957138441613e-14,4.74426053997945e-13,True,0.965752219650338,0.7726687677204609,4.1231379305917166e-05,1.2542155105710868,1.2604424937458798
student_37035_1_000033_step0075,student_37035_1_000033,75,5,3,adaptive_edge,0.513650433863591,True,True,0.009785133287191765,0.011487666427906195,ok,0.2638891470530498,1.3455759102488567,6.652405871861379e-06,1.2834894558513701e-05,1.1877853182413872e-15,3.3306690738754696e-16,True,0.964309532325548,0.7644270658493042,6.831083394075972e-05,1.2639980682607765,1.2718686163425446
student_37035_1_000033_step0100,student_37035_1_000033,100,5,3,fixed_probe,0.22673540894971947,True,True,0.01891504095894819,nan,ok,0.191611190896216,0.9770292014025574,3.5394454768662248e-06,7.071052922932004e-06,2.5612783225149152e-14,1.2059797604990763e-13,True,0.9779715671755892,0.7876299172639847,0.0002224226186836318,1.4487988365469713,1.4508206971341018
student_37035_1_000033_step0100,student_37035_1_000033,100,5,3,adaptive_edge,0.6719337293730046,True,True,0.01891504095894819,0.021494368344803647,ok,0.30201321134311376,1.5399712580013587,4.451299718161402e-06,8.816552840920226e-06,6.307260647230327e-06,0.00031935163766161345,False,0.975302555023956,0.7865147590637207,0.0003456098937944673,1.4724519733178065,1.47769495844841
student_37035_1_000033_step0150,student_37035_1_000033,150,5,3,fixed_probe,0.22673540894971947,True,True,0.036376734471421916,nan,ok,0.2690411778494731,1.3718462158144502,5.47404639696208e-06,1.0981778340979097e-05,6.981757204931554e-14,9.785783294802286e-13,True,0.9801108262995814,0.7826638706028461,0.0008902415522325794,1.321795213622393,1.3227830003234866
student_37035_1_000033_step0150,student_37035_1_000033,150,5,3,adaptive_edge,0.6704518486439803,True,True,0.036376734471421916,0.03844330798352827,ok,0.35159527614738684,1.7927911739625693,3.159219882776233e-06,6.403587504941287e-06,1.3436550374207393e-15,5.551115123125783e-16,True,0.9767537639301744,0.76001350954175,0.0009875206284447637,1.3439035485588806,1.3473770767450333
student_37035_1_000033_step0200,student_37035_1_000033,200,5,3,fixed_probe,0.22673540894971947,True,True,0.01886839271067239,nan,ok,0.18500449174963202,0.9433415135336889,6.36130581852215e-06,1.3107248110215719e-05,6.684811980862925e-14,5.628553179093387e-13,True,0.9749444314484952,0.7887552119791508,0.00019444322242166847,1.3943583258404126,1.3968680391720942
student_37035_1_000033_step0200,student_37035_1_000033,200,5,3,adaptive_edge,0.6140431418090985,True,True,0.01886839271067239,0.02201742597110127,ok,0.2805322380777968,1.4304393561505426,3.321942664243219e-06,6.889977453576494e-06,1.2767293729768968e-15,4.440892098500626e-16,True,0.9730563745556638,0.7593991681933403,0.0002775261244749562,1.4102103647015605,1.4166208505630493
student_37035_1_000037_step0000,student_37035_1_000037,0,5,2,fixed_probe,0.26041882420950135,True,True,0.02204099121249198,nan,ok,0.20176093021975708,1.0287829202711736,1.3627261260036065e-05,2.3911297872536328e-05,1.0938068605972083e-14,1.0264011862659572e-13,True,0.9020632821928078,0.7727671973407269,0.00013098505798735965,1.253584509478028,1.255227170288086
student_37035_1_000037_step0000,student_37035_1_000037,0,5,2,adaptive_edge,0.4069044128273458,True,True,0.02204099121249198,0.02322960504868803,ok,0.23352900144020133,1.190768935333424,3.054330276766182e-05,4.1800396903233505e-05,1.8407346489000443e-05,0.0007210152701271899,False,0.9017516655843263,0.7739220634102821,0.0001590058282490335,1.2539385577685631,1.2587143778800964
student_37035_1_000037_step0010,student_37035_1_000037,10,5,2,fixed_probe,0.26041882420950135,True,True,0.014570212051085054,nan,ok,0.1797326493641541,0.9164602863375514,3.148788203301115e-06,6.989908783849756e-06,2.26670997008023e-15,1.7985612998927536e-14,True,0.9311063362004496,0.7813974097371101,0.00010546688995971548,1.1225817072280047,1.1243256120541758
student_37035_1_000037_step0010,student_37035_1_000037,10,5,2,adaptive_edge,0.4514933520774658,True,True,0.014570212051085054,0.01675434577304398,ok,0.2286322550055515,1.1658003297100288,1.6296075407517981e-06,3.5594980373454877e-06,3.3187476101216725e-14,3.0586644328423063e-13,True,0.9304884383382468,0.7641324698925018,0.00015192120628599568,1.123651541568483,1.126253381371498
student_37035_1_000037_step0025,student_37035_1_000037,25,5,2,fixed_probe,0.26041882420950135,True,True,0.014205844891677281,nan,ok,0.17565469470137657,0.8956667159365023,3.8533275351823735e-06,8.561952565412235e-06,4.1481239372318785e-15,3.6692870963861424e-14,True,0.9266499894590426,0.7889188155531883,7.990386613443728e-05,1.1665802881191056,1.1686612654743067
student_37035_1_000037_step0025,student_37035_1_000037,25,5,2,adaptive_edge,0.4390811861843869,True,True,0.014205844891677281,0.015971147490302273,ok,0.2197166841485559,1.120339659935389,2.1446283700720037e-06,4.491053755736207e-06,6.012595305405776e-14,5.775935285612377e-13,True,0.9260436135562451,0.7858634144067764,0.000110896262857531,1.167498098286114,1.1713369190692902
student_37035_1_000037_step0050,student_37035_1_000037,50,5,2,fixed_probe,0.26041882420950135,True,True,0.010700481301462469,nan,ok,0.16388707161359622,0.8356633761833053,5.7249736314246845e-06,1.0844044484818325e-05,9.186905463873405e-15,7.532863222081687e-14,True,0.9148596000600311,0.793577067553997,3.576163541988979e-05,1.2186276034165342,1.2202882487016793
student_37035_1_000037_step0050,student_37035_1_000037,50,5,2,adaptive_edge,0.4163596855882925,True,True,0.010700481301462469,0.012591752639133964,ok,0.2035420544767704,1.0378649076138178,7.815152786614583e-06,1.1022474822870347e-05,1.0999135229960962e-15,2.7755575615628914e-16,True,0.9139644325196458,0.7874742746353149,5.424998003567997e-05,1.2193310895421254,1.224320411682129
student_37035_1_000037_step0075,student_37035_1_000037,75,5,2,fixed_probe,0.26041882420950135,True,True,0.008684758435572273,nan,ok,0.16256601625392358,0.8289272891257982,5.8800980372703986e-06,1.1018377315013601e-05,1.4248729877752766e-14,1.2789769243681803e-13,True,0.9106688138808626,0.7647712603211403,2.8697229786820824e-05,1.2176931325597773,1.2181944662760025
student_37035_1_000037_step0075,student_37035_1_000037,75,5,2,adaptive_edge,0.3952066264862013,True,True,0.008684758435572273,0.010510934048800255,ok,0.19830563707537927,1.0111643131028076,8.189128902307493e-06,1.0907730560236332e-05,1.0965613697437665e-15,2.220446049250313e-16,True,0.909776652594096,0.7753280326724052,4.231205109410601e-05,1.21837085341316,1.2230886220932007
student_37035_1_000037_step0100,student_37035_1_000037,100,5,2,fixed_probe,0.26041882420950135,True,True,0.006863248181118006,nan,ok,0.16289586671845435,0.8306092030810082,4.936103183732246e-06,9.776015968035375e-06,1.9093451890642817e-14,1.8041124150158794e-13,True,0.9092501006683253,0.7670024409890175,2.494053799182081e-05,1.2043119508647562,1.2043594988041706
student_37035_1_000037_step0100,student_37035_1_000037,100,5,2,adaptive_edge,0.38434059641474244,True,True,0.006863248181118006,0.00870425801616264,ok,0.19695963090923294,1.0043010013962113,5.601589300864396e-06,7.714378727259858e-06,1.0505818197337202e-06,6.72372364629581e-05,False,0.9084192586289904,0.766602884978056,3.650049919528412e-05,1.2050227304969776,1.2078522145748138
student_37035_1_000037_step0150,student_37035_1_000037,150,5,2,fixed_probe,0.26041882420950135,True,True,0.005390349066876016,nan,ok,0.1630389089833613,0.8313385783810373,4.542626423214052e-06,9.291877784296826e-06,1.7588390558615562e-14,1.699196339188802e-13,True,0.9085638536581866,0.7798828110098839,2.269587541783215e-05,1.1957895478259484,1.1959047129140716
student_37035_1_000037_step0150,student_37035_1_000037,150,5,2,adaptive_edge,0.38032954375440686,True,True,0.005390349066876016,0.0071406622094490595,ok,0.1965805330809672,1.0023679741723237,4.679009680458657e-06,6.423662782346439e-06,5.176765830411917e-05,0.0019084323393563363,False,0.9078099312304987,0.7761394158005714,3.3152319760564154e-05,1.1965149886254145,1.1988516747951508
student_37035_1_000037_step0200,student_37035_1_000037,200,5,2,fixed_probe,0.26041882420950135,True,True,0.004499760725806735,nan,ok,0.15953287900362512,0.8134612630991211,5.554627668148375e-06,1.090586797131094e-05,1.1153709432700218e-14,1.0474954237338352e-13,True,0.9052013890515948,0.7644630037248135,1.9166844854542583e-05,1.2130601904829488,1.2128971093392722
student_37035_1_000037_step0200,student_37035_1_000037,200,5,2,adaptive_edge,0.37739465334631184,True,True,0.004499760725806735,0.006049499575989166,ok,0.1917823531751345,0.977901961202754,6.716442998951044e-06,8.684665411868081e-06,2.285150590102561e-05,0.0009329245189242386,False,0.9044999447914595,0.7790331393480301,2.7927493330534547e-05,1.213520453916219,1.2163725197315216
student_37035_1_000040_step0000,student_37035_1_000040,0,5,4,fixed_probe,0.3414963419565792,True,True,0.023739520648477116,nan,ok,0.23682841923753478,1.2075927310655228,2.670497570349442e-05,5.747702701154389e-05,2.24128217770518e-14,1.0313971898767704e-13,True,0.9661702627659429,0.7628884091973305,0.0001719553811388744,1.103286778778223,1.1045253052978516
student_37035_1_000040_step0000,student_37035_1_000040,0,5,4,adaptive_edge,0.5335880343071548,True,True,0.023739520648477116,0.02714205620152517,ok,0.29207068626442745,1.4892741286107518,3.482652250280576e-05,7.840556990916763e-05,9.259508036549253e-16,3.3306690738754696e-16,True,0.9657562925090365,0.7771726474165916,0.00021625897453201882,1.104289648598295,1.108957678079605
student_37035_1_000040_step0010,student_37035_1_000040,10,5,4,fixed_probe,0.3414963419565792,True,True,0.019232634033398414,nan,ok,0.21161135339503837,1.0790104202590793,1.6358780243411267e-05,3.3385080472792675e-05,3.418193094459176e-14,2.9504176879413535e-13,True,0.9395042481931781,0.7661324739456177,0.00013364324922902877,1.3204907667374692,1.3240519134583477
student_37035_1_000040_step0010,student_37035_1_000040,10,5,4,adaptive_edge,0.5617766904301549,True,True,0.019232634033398414,0.021576592755166546,ok,0.2621432943677173,1.3366737733384881,2.033358277947919e-05,4.012173696401483e-05,0.00013792870900410567,0.003745443680461924,False,0.9392697681515747,0.7672186866402626,0.0001495571576183555,1.3210160384264882,1.3256059288978577
student_37035_1_000040_step0025,student_37035_1_000040,25,5,4,fixed_probe,0.3414963419565792,True,True,0.01046917438928479,nan,ok,0.18336838143920456,0.9349989551344291,1.214731458912101e-05,2.4869668866488423e-05,2.2102996510940543e-14,1.904587598744456e-13,True,0.9232086771083149,0.7945002168416977,1.2444381666234593e-05,1.3841791511972237,1.3844341547460999
student_37035_1_000040_step0025,student_37035_1_000040,25,5,4,adaptive_edge,0.5081872564183232,True,True,0.01046917438928479,0.012693131361340646,ok,0.2226975564427305,1.1355391859309134,1.3108706807842764e-05,2.6828189034977492e-05,8.991340631492659e-05,0.002523200796704095,False,0.9231570069169506,0.7645735815167427,1.821812057378035e-05,1.3843120123139883,1.3923105597496033
student_37035_1_000040_step0050,student_37035_1_000040,50,5,4,fixed_probe,0.3414963419565792,True,True,0.007484002303813452,nan,ok,0.1771252426429536,0.9031650685862772,1.0974964573303624e-05,2.205351667057944e-05,2.2222338226724302e-14,1.9312329513354598e-13,True,0.9157934118903351,0.7692768312990665,5.78681869774929e-06,1.4284674912291402,1.4274257304433742
student_37035_1_000040_step0050,student_37035_1_000040,50,5,4,adaptive_edge,0.4860640758464946,True,True,0.007484002303813452,0.009224924549896056,ok,0.2112502055075103,1.077168920133281,1.1354810047970856e-05,2.3876836671084228e-05,9.361006029666919e-14,7.343015084870785e-13,True,0.9157295672148497,0.7726677544414997,8.264485367699563e-06,1.4287279140773184,1.4373902678489685
student_37035_1_000040_step0075,student_37035_1_000040,75,5,4,fixed_probe,0.3414963419565792,True,True,0.006082598853400977,nan,ok,0.17302920583314127,0.8822792969646498,1.038803553268491e-05,2.03717430826811e-05,2.5406455671959014e-14,2.1049828546892968e-13,True,0.9078452185151641,0.7787436544895172,3.7206658623918136e-06,1.4761192264103595,1.4744648532332065
student_37035_1_000040_step0075,student_37035_1_000040,75,5,4,adaptive_edge,0.47311012242169326,True,True,0.006082598853400977,0.007473627864030627,ok,0.20371898407627623,1.0387670750942304,1.0366567116461448e-05,2.1739736667655607e-05,9.451966507903459e-14,7.191469642009451e-13,True,0.9077329108296923,0.7799092084169388,5.254621317935267e-06,1.4764499458757914,1.4836013317108154
student_37035_1_000040_step0100,student_37035_1_000040,100,5,4,fixed_probe,0.3414963419565792,True,True,0.005116073986433671,nan,ok,0.17080958638072943,0.8709614140640517,9.324116816486754e-06,1.807712614609022e-05,2.4308743311973178e-14,1.900701818158268e-13,True,0.9065267606891632,0.7627090439200401,2.6023340193618913e-06,1.482079252738922,1.4804303930242357
student_37035_1_000040_step0100,student_37035_1_000040,100,5,4,adaptive_edge,0.4738404654697278,True,True,0.005116073986433671,0.006315171577163768,ok,0.2013648397121691,1.0267632470438335,9.260444462501457e-06,1.937367325193233e-05,9.32524649709914e-14,6.628031457012185e-13,True,0.906367640462509,0.774382445961237,3.8359084781999705e-06,1.4825197044075382,1.4897543787956238
student_37035_1_000040_step0150,student_37035_1_000040,150,5,4,fixed_probe,0.3414963419565792,True,True,0.0035880296120308717,nan,ok,0.16682771376297045,0.850657767885458,8.569157313708205e-06,1.668124480179186e-05,1.7176479624016067e-14,1.2462253451417382e-13,True,0.9050687305415412,0.7622614912688732,1.4033301689964279e-06,1.4993086007734198,1.4978907907362986
student_37035_1_000040_step0150,student_37035_1_000040,150,5,4,adaptive_edge,0.47706181419151306,True,True,0.0035880296120308717,0.004449451247918486,ok,0.1975175765706547,1.0071459772113251,8.303784333306216e-06,1.634170788326995e-05,6.0757077794756214e-05,0.0022885460590203466,False,0.9048912895161624,0.7659803852438927,2.2011715462026832e-06,1.4998118484122098,1.5074273347854614
student_37035_1_000040_step0200,student_37035_1_000040,200,5,4,fixed_probe,0.3414963419565792,True,True,0.002489822620367293,nan,ok,0.16290079724529088,0.83063434393356,9.23474034683186e-06,1.7893985626938287e-05,1.2106343384118776e-14,8.060219158778636e-14,True,0.9022543544518372,0.7652575708925724,7.976833841262874e-07,1.524921075971016,1.523853701367169
student_37035_1_000040_step0200,student_37035_1_000040,200,5,4,adaptive_edge,0.47283900352987485,True,True,0.002489822620367293,0.0031054976535472094,ok,0.19211342132020265,0.9795900841347853,8.637268073202532e-06,1.6701298723650723e-05,4.06102650236062e-05,0.0014132756018914172,False,0.9020662220360706,0.7854663245379925,1.29958353778364e-06,1.5253830593245206,1.531161606311798
student_37035_1_000048_step0000,student_37035_1_000048,0,3,3,fixed_probe,0.17030790384331052,False,True,0.041322463699290504,nan,ok,0.2743373243311536,0.8675307920827743,0.0001250284173198892,0.00021586989286661326,4.043402272877241e-14,1.942890293094024e-13,True,0.9074911553910703,0.766516674309969,0.0012201791760724167,1.2675757798088285,1.2727217069320678
student_37035_1_000048_step0000,student_37035_1_000048,0,3,3,adaptive_edge,0.26610609975517263,False,False,0.041322463699290504,0.04299481231847831,ok,0.28988912649873994,0.9167099086526906,0.0001215169560246228,0.0002214003802634104,0.00017319444477416893,0.0043962580980438926,False,0.8915434653856951,0.767692394554615,138.79022133829122,1.5565569609635457,1.2976588010787964
student_37035_1_000048_step0010,student_37035_1_000048,10,3,3,fixed_probe,0.17030790384331052,True,True,0.024692532037400367,nan,ok,0.17369228100222595,0.5492632199570278,4.593097528447593e-05,9.012981443767727e-05,3.1748318608319274e-14,2.7566837701442637e-13,True,0.8838236634225053,0.7838419079780579,0.0003054999736435333,1.1357005453852336,1.1380706757456684
student_37035_1_000048_step0010,student_37035_1_000048,10,3,3,adaptive_edge,0.29948851448988556,True,True,0.024692532037400367,0.024985119913051735,ok,0.18867255139223,0.5966349943546194,4.945270166505557e-05,9.461505661898007e-05,8.84540161245643e-16,2.220446049250313e-16,True,0.8829947765765747,0.7623781524598598,0.00030603187650745387,1.1384931136831729,1.1448723673820496
student_37035_1_000048_step0025,student_37035_1_000048,25,3,3,fixed_probe,0.17030790384331052,True,True,0.01050687402702352,nan,ok,0.09557915247243887,0.30224781864142075,2.8798862972847775e-05,5.719555288474021e-05,3.4801008156743174e-14,3.868572129306358e-13,True,0.8526382434964873,0.760338768362999,1.45712230557581e-05,1.1211329474404323,1.1196319462423399
student_37035_1_000048_step0025,student_37035_1_000048,25,3,3,adaptive_edge,0.30204268907901594,True,True,0.01050687402702352,0.010912351708138692,ok,0.11495814585955548,0.3635295765060504,3.122422201420668e-05,6.161995196356196e-05,9.597607488912352e-16,2.220446049250313e-16,True,0.8517458005018864,0.7814072147011757,1.69063391779876e-05,1.1223502104934786,1.1248596012592316
student_37035_1_000048_step0050,student_37035_1_000048,50,3,3,fixed_probe,0.17030790384331052,True,True,0.00464754168206278,nan,ok,0.07220217133265361,0.22832331342090031,3.7199809606769315e-05,6.837636976205553e-05,7.658853260761324e-16,1.1102230246251565e-16,True,0.8255446455318253,0.7623441107571125,1.7298734840561677e-06,1.134605170163846,1.1305221013575613
student_37035_1_000048_step0050,student_37035_1_000048,50,3,3,adaptive_edge,0.27829111466679585,True,True,0.00464754168206278,0.005181763857961131,ok,0.09125665774799643,0.2885788901381208,3.617724327043057e-05,6.712177600452637e-05,9.425037770075308e-16,2.220446049250313e-16,True,0.8247407054838417,0.7680481746792793,2.46923570353306e-06,1.1354610183833789,1.1355245411396027
student_37035_1_000048_step0075,student_37035_1_000048,75,3,3,fixed_probe,0.17030790384331052,True,True,0.002469553314549013,nan,ok,0.06302269416050865,0.19929525782740073,4.361757582199989e-05,7.950439762691099e-05,7.697499467347036e-16,1.1102230246251565e-16,True,0.7999237158942429,0.7774656116962433,6.757503881786708e-07,1.1476588874030995,1.1402062747290334
student_37035_1_000048_step0075,student_37035_1_000048,75,3,3,adaptive_edge,0.2760811878690931,True,True,0.002469553314549013,0.0029550977488520323,ok,0.08085945109872933,0.2557000358229893,3.965329820834964e-05,6.899447755277992e-05,9.680798395781185e-16,2.220446049250313e-16,True,0.798870595425769,0.7651250027120113,1.078799321150825e-06,1.1482119007178218,1.1457213908433914
student_37035_1_000048_step0100,student_37035_1_000048,100,3,3,fixed_probe,0.17030790384331052,True,True,0.0019931223676703633,nan,ok,0.05953635991895483,0.188270500939455,4.512100093036352e-05,8.570837646235677e-05,7.894719201564993e-16,1.1102230246251565e-16,True,0.777468744905812,0.7627362497150898,5.240010238686593e-07,1.1590091916629925,1.1480223331172092
student_37035_1_000048_step0100,student_37035_1_000048,100,3,3,adaptive_edge,0.27102109187756585,True,True,0.0019931223676703633,0.002408269343196468,ok,0.07574296460469351,0.23952028488434657,4.065235989287937e-05,7.247239433010011e-05,5.754415138668763e-05,0.002400026896676233,False,0.7762976569591524,0.787600465118885,8.181269731616168e-07,1.159370229042007,1.1510522291064262
student_37035_1_000048_step0150,student_37035_1_000048,150,3,3,fixed_probe,0.17030790384331052,True,True,0.0016205867119360158,nan,ok,0.059805336153199204,0.1891210784761222,4.431028716938706e-05,8.331761083352241e-05,8.227903351875926e-16,1.1102230246251565e-16,True,0.7490958981315906,0.7634052932262421,1.2350875399701552e-06,1.1786034406046855,1.170559650924595
student_37035_1_000048_step0150,student_37035_1_000048,150,3,3,adaptive_edge,0.2390387840261819,True,True,0.0016205867119360158,0.001972783924518612,ok,0.07126607211574018,0.2253631077795539,4.119383198304247e-05,7.397378710845215e-05,3.4806089070820074e-05,0.0017394574692520814,False,0.7482196006695698,0.7638508081436157,1.5585053917644546e-06,1.178986047477589,1.1676338715478778
student_37035_1_000048_step0200,student_37035_1_000048,200,3,3,fixed_probe,0.17030790384331052,True,True,0.0012549665582782606,nan,ok,0.05773349093837068,0.18256932863794317,3.972846569479688e-05,7.695466413636665e-05,8.03123342900712e-16,1.1102230246251565e-16,True,0.7541477849747171,0.7816209979355335,5.624801777560758e-07,1.1706819133101354,1.1584762329569807
student_37035_1_000048_step0200,student_37035_1_000048,200,3,3,adaptive_edge,0.26095289206612426,True,True,0.0012549665582782606,0.001480716793910272,ok,0.07200380299199349,0.2276960176487461,3.665033414077659e-05,6.675203279156306e-05,0.00022480906944086654,0.006720589698960888,False,0.7532436652043435,0.7685016356408596,6.175619220799013e-07,1.1711242099541266,1.1584689954761416
student_37035_1_000051_step0000,student_37035_1_000051,0,2,4,fixed_probe,0.12932029858099808,False,False,0.1274880409714596,nan,prepare_skipped,nan,nan,nan,nan,nan,nan,False,nan,nan,nan,nan,nan
student_37035_1_000051_step0000,student_37035_1_000051,0,2,4,adaptive_edge,0.20206296653280947,False,False,0.1274880409714596,0.12778714268584881,prepare_skipped,nan,nan,nan,nan,nan,nan,False,nan,nan,nan,nan,nan
student_37035_1_000051_step0010,student_37035_1_000051,10,2,4,fixed_probe,0.12932029858099808,False,True,0.11714346792845934,nan,ok,0.7557342574240794,1.6898731725255667,0.00042395354280984403,0.0005356669422410835,0.00363972707517211,0.046153787194527784,False,0.5786864421322641,0.7752994149923325,0.003998938011212157,1.1104422600029027,1.0180264115333557
student_37035_1_000051_step0010,student_37035_1_000051,10,2,4,adaptive_edge,0.05717942489295537,False,True,0.11714346792845934,0.11791364313058589,ok,0.7570326398429231,1.692776443874892,0.0003727650942075801,0.00046159763494089295,4.3384391590386563e-16,3.469446951953614e-17,True,0.57612662231556,0.7634923122823238,0.0035065670925766472,1.078592266104877,1.0779234970468556
student_37035_1_000051_step0025,student_37035_1_000051,25,2,4,fixed_probe,0.12932029858099808,False,True,0.11714346792845898,nan,ok,0.7557342574240794,1.6898731725255667,0.00042395354280984403,0.0005356669422410835,0.00363972707517211,0.046153787194527784,False,0.5786864421322641,0.7767077758908272,0.003998938011212157,1.1104422600029027,1.0180264115333557
student_37035_1_000051_step0025,student_37035_1_000051,25,2,4,adaptive_edge,0.05717942489295537,False,True,0.11714346792845898,0.11791364313058593,ok,0.7570326398429231,1.692776443874892,0.0003727650942075801,0.00046159763494089295,4.3384391590386563e-16,3.469446951953614e-17,True,0.57612662231556,0.770327877253294,0.0035065670925766472,1.078592266104877,1.0779234970468556
student_37035_1_000051_step0050,student_37035_1_000051,50,2,4,fixed_probe,0.12932029858099808,False,True,0.1171434679284585,nan,ok,0.7557342574240794,1.6898731725255667,0.00042395354280984403,0.0005356669422410835,0.00363972707517211,0.046153787194527784,False,0.5786864421322641,0.7712382264435291,0.003998938011212157,1.1104422600029027,1.0180264115333557
student_37035_1_000051_step0050,student_37035_1_000051,50,2,4,adaptive_edge,0.05717942489295537,False,True,0.1171434679284585,0.11791364313058583,ok,0.7570326398429231,1.692776443874892,0.0003727650942075801,0.00046159763494089295,4.3384391590386563e-16,3.469446951953614e-17,True,0.57612662231556,0.7725949846208096,0.0035065670925766472,1.078592266104877,1.0779234970468556
student_37035_1_000051_step0075,student_37035_1_000051,75,2,4,fixed_probe,0.12932029858099808,False,True,0.11714346792845848,nan,ok,0.7557342574240794,1.6898731725255667,0.00042395354280984403,0.0005356669422410835,0.00363972707517211,0.046153787194527784,False,0.5786864421322641,0.7846648842096329,0.003998938011212157,1.1104422600029027,1.0180264115333557
student_37035_1_000051_step0075,student_37035_1_000051,75,2,4,adaptive_edge,0.05717942489295537,False,True,0.11714346792845848,0.11791364313058583,ok,0.7570326398429231,1.692776443874892,0.0003727650942075801,0.00046159763494089295,4.3384391590386563e-16,3.469446951953614e-17,True,0.57612662231556,0.7643209435045719,0.0035065670925766472,1.078592266104877,1.0779234970468556
student_37035_1_000051_step0100,student_37035_1_000051,100,2,4,fixed_probe,0.12932029858099808,False,True,0.11714346792845845,nan,ok,0.7557342574240794,1.6898731725255667,0.00042395354280984403,0.0005356669422410835,0.00363972707517211,0.046153787194527784,False,0.5786864421322641,0.7719419114291668,0.003998938011212157,1.1104422600029027,1.0180264115333557
student_37035_1_000051_step0100,student_37035_1_000051,100,2,4,adaptive_edge,0.05717942489295537,False,True,0.11714346792845845,0.11791364313058603,ok,0.7570326398429231,1.692776443874892,0.0003727650942075801,0.00046159763494089295,4.3384391590386563e-16,3.469446951953614e-17,True,0.57612662231556,0.7706289663910866,0.0035065670925766472,1.078592266104877,1.0779234970468556
student_37035_1_000051_step0150,student_37035_1_000051,150,2,4,fixed_probe,0.12932029858099808,False,True,0.11714346792845905,nan,ok,0.7557342574240794,1.6898731725255667,0.00042395354280984403,0.0005356669422410835,0.00363972707517211,0.046153787194527784,False,0.5786864421322641,0.7681518197059631,0.003998938011212157,1.1104422600029027,1.0180264115333557
student_37035_1_000051_step0150,student_37035_1_000051,150,2,4,adaptive_edge,0.05717942489295537,False,True,0.11714346792845905,0.11791364313058596,ok,0.7570326398429231,1.692776443874892,0.0003727650942075801,0.00046159763494089295,4.3384391590386563e-16,3.469446951953614e-17,True,0.57612662231556,0.7796950228512287,0.0035065670925766472,1.078592266104877,1.0779234970468556
student_37035_1_000051_step0200,student_37035_1_000051,200,2,4,fixed_probe,0.12932029858099808,False,True,0.11714346792845877,nan,ok,0.7557342574240794,1.6898731725255667,0.00042395354280984403,0.0005356669422410835,0.00363972707517211,0.046153787194527784,False,0.5786864421322641,0.7698451466858387,0.003998938011212157,1.1104422600029027,1.0180264115333557
student_37035_1_000051_step0200,student_37035_1_000051,200,2,4,adaptive_edge,0.05717942489295537,False,True,0.11714346792845877,0.11791364313058583,ok,0.7570326398429231,1.692776443874892,0.0003727650942075801,0.00046159763494089295,4.3384391590386563e-16,3.469446951953614e-17,True,0.57612662231556,0.7767907455563545,0.0035065670925766472,1.078592266104877,1.0779234970468556
