point_id,case_id,source_id,kind,path,direction,alpha,normalized_delta_rms,position_delta_rms_m,coefficient_relative_l2,status,score,score_wall_s
0,0,1446077,source_raw,,,,,4.4713290408311026e-08,4.028171641745794e-08,ok,72.1850627159278,8.050465617328882
1,1,1446077,source_flipped,,,,,0.0,0.0,ok,72.19713568879688,8.001323459669948
2,2,1446077,source_canonical,,,,,4.31007106790893e-08,3.910132740260421e-08,ok,72.25119314050727,8.003381107002497
3,3,1446077,reconstruction,,,,0.0,0.0,0.0,ok,72.2544133583791,8.002795999869704
4,4,1446077,landscape,latent,0,-0.23999999463558197,0.23611101508140564,0.04547436182684004,0.03638363090541172,ok,35.80602058782555,10.610560091212392
5,5,1446077,landscape,tangent_direct,0,-0.23999999463558197,0.23810823261737823,0.042255960113022656,0.034263061942233004,ok,44.78112043000889,8.0204116422683
6,6,1446077,landscape,random_direct,0,-0.23999999463558197,0.23810824751853943,0.1346824269515421,0.10545711328448416,flux_rejected,0.31466441977300713,8.668383423238993
7,7,1446077,landscape,latent,0,-0.18000000715255737,0.17521372437477112,0.03313916194929611,0.02661869337323865,ok,54.274461184110066,7.0381131283938885
8,8,1446077,landscape,tangent_direct,0,-0.18000000715255737,0.17858119308948517,0.03169194903080427,0.025697284984339645,ok,57.93592804241807,9.632015066221356
9,9,1446077,landscape,random_direct,0,-0.18000000715255737,0.17858119308948517,0.10101181444580067,0.07909283277001136,flux_rejected,0.32047119539594005,8.69878144748509
10,10,1446077,landscape,latent,0,-0.11999999731779099,0.11645817011594772,0.02161839716887032,0.01742944928611448,ok,68.89617834780744,6.094355035573244
11,11,1446077,landscape,tangent_direct,0,-0.11999999731779099,0.11905411630868912,0.021127971387274062,0.017131525373593047,ok,69.40725432731972,7.022702783346176
12,12,1446077,landscape,random_direct,0,-0.11999999731779099,0.11905412375926971,0.06734121580735272,0.052728558044753314,drift_rejected,0.3109263256136776,4.942950518801808
13,13,1446077,landscape,latent,0,-0.09000000357627869,0.08746233582496643,0.01607563080600195,0.012982200810005217,ok,72.35183029999541,6.098077526316047
14,14,1446077,landscape,tangent_direct,0,-0.09000000357627869,0.08929060399532318,0.015845978206185322,0.012848645661371531,ok,72.41057327680456,6.083380360156298
15,15,1446077,landscape,random_direct,0,-0.09000000357627869,0.08929059654474258,0.050505915920325474,0.039546421155148,flux_rejected,0.38687395031707644,5.658261999487877
16,16,1446077,landscape,latent,0,-0.05999999865889549,0.05852175131440163,0.010644272118656832,0.00860876163260279,ok,71.61558858469449,7.209726290777326
17,17,1446077,landscape,tangent_direct,0,-0.05999999865889549,0.05952706187963486,0.010563976977480795,0.008565757954793557,ok,71.61810385937312,7.058027900755405
18,18,1446077,landscape,random_direct,0,-0.05999999865889549,0.05952706187963486,0.0336706192829706,0.026364286776835805,ok,8.80646174090966,5.132941488176584
19,19,1446077,landscape,latent,0,-0.04500000178813934,0.04401790350675583,0.007961688510521005,0.006443566795258931,ok,71.88092178730916,7.037296993657947
20,20,1446077,landscape,tangent_direct,0,-0.04500000178813934,0.04464529827237129,0.007922975422812381,0.00642431486910081,ok,71.90058743925135,7.21756137907505
21,21,1446077,landscape,random_direct,0,-0.04500000178813934,0.04464529827237129,0.025252972530780304,0.01977322013496556,ok,10.7515680458875,6.102232402190566
22,22,1446077,landscape,latent,0,-0.029999999329447746,0.029454225674271584,0.005296215510606843,0.00428912858919451,ok,71.97718765051334,7.039265895262361
23,23,1446077,landscape,tangent_direct,0,-0.029999999329447746,0.029763532802462578,0.0052819763701652525,0.0042828723839929295,ok,71.99183447239136,7.029460778459907
24,24,1446077,landscape,random_direct,0,-0.029999999329447746,0.02976352907717228,0.016835298844282313,0.01318213739269755,ok,21.42608672068267,7.23250182159245
25,25,1446077,landscape,latent,0,-0.024000000208616257,0.023604366928339005,0.004233870811747528,0.0034296611681988304,ok,72.07445004587024,7.05848441272974
26,26,1446077,landscape,tangent_direct,0,-0.024000000208616257,0.023810824379324913,0.004225588861424768,0.0034263009871101924,ok,72.07274111056574,7.047934832051396
27,27,1446077,landscape,random_direct,0,-0.024000000208616257,0.023810826241970062,0.01346824448155323,0.0105457147003593,ok,31.717162721513425,7.027461063116789
28,28,1446077,landscape,latent,0,-0.017999999225139618,0.017736773937940598,0.003173372635574108,0.0025712547698585166,ok,72.13922560661202,7.228795634582639
29,29,1446077,landscape,tangent_direct,0,-0.017999999225139618,0.017858117818832397,0.0031691906575787923,0.0025697253930862325,ok,72.14885700592662,7.065983569249511
30,30,1446077,landscape,random_direct,0,-0.017999999225139618,0.017858117818832397,0.010101209305939256,0.007909300044740938,ok,46.71695991157795,7.051465593278408
31,31,1446077,landscape,latent,0,-0.012000000104308128,0.011848796159029007,0.002114408137704038,0.0017136472498702007,ok,72.198252158975,7.039028931409121
32,32,1446077,landscape,tangent_direct,0,-0.012000000104308128,0.011905409395694733,0.002112793703122335,0.0017131492964357216,ok,72.19495868877357,7.227123228833079
33,33,1446077,landscape,random_direct,0,-0.012000000104308128,0.01190541498363018,0.00673413653971955,0.005272866386002952,ok,63.24965410409355,7.227899380028248
34,34,1446077,landscape,latent,0,-0.008999999612569809,0.008896414190530777,0.0015854753543880892,0.0012851222536488518,ok,72.20165904729276,6.107367547228932
35,35,1446077,landscape,tangent_direct,0,-0.008999999612569809,0.008929056115448475,0.001584594453243374,0.0012848617372011532,ok,72.19005978210072,6.369167365133762
36,36,1446077,landscape,random_direct,0,-0.008999999612569809,0.008929059840738773,0.005050599761040126,0.003954645574787371,ok,69.07009016072777,7.226934360340238
37,37,1446077,landscape,latent,0,-0.006000000052154064,0.005937623325735331,0.0010567459649460276,0.0008566656263771066,ok,72.20762270585818,6.160287557169795
38,38,1446077,landscape,tangent_direct,0,-0.006000000052154064,0.005952706094831228,0.0010563846798369808,0.0008565677685944136,ok,72.24917951644127,6.096016136929393
39,39,1446077,landscape,random_direct,0,-0.006000000052154064,0.005952702835202217,0.003367058488109588,0.0026364247516163877,ok,71.25325271712559,7.040261156857014
40,40,1446077,landscape,latent,0,-0.004000000189989805,0.003961480222642422,0.0007043867620837561,0.0005710704279635555,ok,72.202497531519,6.243595125153661
41,41,1446077,landscape,tangent_direct,0,-0.004000000189989805,0.003968470264226198,0.0007042597904622809,0.0005710463259281518,ok,72.20802056979691,6.129487322643399
42,42,1446077,landscape,random_direct,0,-0.004000000189989805,0.003968472592532635,0.002244717646292023,0.00175762564148236,ok,71.76100239797367,6.096897577866912
43,43,1446077,landscape,latent,0,-0.0020000000949949026,0.001982346875593066,0.0003521165440815698,0.00028550136268328446,ok,72.22713148545213,6.080896724015474
44,44,1446077,landscape,tangent_direct,0,-0.0020000000949949026,0.0019842342007905245,0.0003521123795707122,0.0002855130563807853,ok,72.20261435533388,6.2435300927609205
45,45,1446077,landscape,random_direct,0,-0.0020000000949949026,0.0019842360634356737,0.001122349238007078,0.0008788058113898816,ok,72.0651264105135,6.108704270794988
46,46,1446077,landscape,latent,0,-0.0010000000474974513,0.0009916413109749556,0.0001760478597025281,0.00014275229331744426,ok,72.21965656532018,6.097106264904141
47,47,1446077,landscape,tangent_direct,0,-0.0010000000474974513,0.0009921208256855607,0.00017605848120752732,0.00014275513593605763,ok,72.20870330317766,6.080973448231816
48,48,1446077,landscape,random_direct,0,-0.0010000000474974513,0.000992120010778308,0.0005611903377248464,0.0004394142193725708,ok,72.16722029743336,6.243489485234022
49,49,1446077,landscape,latent,0,0.0,1.1518514497765864e-07,2.949353875718035e-08,2.309062356631084e-08,ok,72.23941403848546,6.111217714846134
50,3,1446077,landscape,tangent_direct,0,0.0,0.0,0.0,0.0,ok,72.2544133583791,8.002795999869704
51,3,1446077,landscape,random_direct,0,0.0,0.0,0.0,0.0,ok,72.2544133583791,8.002795999869704
52,50,1446077,landscape,latent,0,0.0010000000474974513,0.0009922754252329469,0.0001760256384931373,0.0001427352578763282,ok,72.23332787202686,6.095713904127479
53,51,1446077,landscape,tangent_direct,0,0.0010000000474974513,0.0009921208256855607,0.00017609070336178128,0.0001427766167604537,ok,72.21077333416503,6.079362763091922
54,52,1446077,landscape,random_direct,0,0.0010000000474974513,0.0009921197779476643,0.0005611638354815587,0.00043939930524071675,ok,72.22378765528154,6.244436603039503
55,53,1446077,landscape,latent,0,0.0020000000949949026,0.0019855306018143892,0.00035216328872685114,0.00028556187586463856,ok,72.2155388250871,6.106674045324326
56,54,1446077,landscape,tangent_direct,0,0.0020000000949949026,0.0019842342007905245,0.00035214729047629355,0.00028553365766848714,ok,72.24297253358186,6.097004855051637
57,55,1446077,landscape,random_direct,0,0.0020000000949949026,0.0019842362962663174,0.001122352023111003,0.0008788079937464121,ok,72.18137361548185,6.0800975654274225
58,56,1446077,landscape,latent,0,0.004000000189989805,0.003974494524300098,0.0007041474047491726,0.0005710444435893663,ok,72.25368352739707,6.245250180363655
59,57,1446077,landscape,tangent_direct,0,0.004000000189989805,0.003968470264226198,0.0007042822750426528,0.0005710601852984429,ok,72.21966390015378,6.110904179513454
60,58,1446077,landscape,random_direct,0,0.004000000189989805,0.003968472592532635,0.0022447066928555598,0.0017576196383744579,ok,71.99645549677031,6.099660124629736
61,59,1446077,landscape,latent,0,0.006000000052154064,0.005966979544609785,0.0010561425263899236,0.0008565650804455914,ok,72.20934119293234,6.08023564517498
62,60,1446077,landscape,tangent_direct,0,0.006000000052154064,0.0059527065604925156,0.0010564046903900747,0.0008565807724912735,ok,72.22522842945564,6.244782872498035
63,61,1446077,landscape,random_direct,0,0.006000000052154064,0.005952703300863504,0.00336704811448326,0.002636420014252124,ok,71.65589225279292,6.108155567198992
64,62,1446077,landscape,latent,0,0.008999999612569809,0.008962668478488922,0.0015840554062021119,0.0012848936817349825,ok,72.19212441565654,6.097808413207531
65,63,1446077,landscape,tangent_direct,0,0.008999999612569809,0.008929056115448475,0.001584612609577026,0.0012848736095405248,ok,72.25001500821718,6.08581655472517
66,64,1446077,landscape,random_direct,0,0.008999999612569809,0.008929059840738773,0.005050586594625708,0.0039546404348980635,ok,69.91078768205384,6.26312586478889
67,65,1446077,landscape,latent,0,0.012000000104308128,0.011966897174715996,0.0021119570792124645,0.0017132945285189389,ok,72.20194096678908,6.107773467898369
68,66,1446077,landscape,tangent_direct,0,0.012000000104308128,0.011905409395694733,0.0021128277661876444,0.0017131697999515573,ok,72.21040711970777,6.097866306081414
69,67,1446077,landscape,random_direct,0,0.012000000104308128,0.01190541498363018,0.006734115413992862,0.005272853311538996,ok,64.95917546616164,6.085358809679747
70,68,1446077,landscape,latent,0,0.017999999225139618,0.018003134056925774,0.0031678080596139573,0.0025704602702011745,ok,72.17315282074831,6.249584970995784
71,69,1446077,landscape,tangent_direct,0,0.017999999225139618,0.017858117818832397,0.0031692165483094984,0.0025697415049579357,ok,72.17252511955084,6.112405123189092
72,70,1446077,landscape,random_direct,0,0.017999999225139618,0.017858119681477547,0.01010118333724092,0.007909283519901328,ok,50.5076220592069,6.0972736440598965
73,71,1446077,landscape,latent,0,0.024000000208616257,0.024079302325844765,0.00422414527119255,0.00342839918085905,ok,72.11010320293524,6.0845983643084764
74,72,1446077,landscape,tangent_direct,0,0.024000000208616257,0.023810826241970062,0.004225610432307031,0.0034263149586854697,ok,72.14579326710634,6.247545599937439
75,73,1446077,landscape,random_direct,0,0.024000000208616257,0.023810826241970062,0.013468229506183666,0.010545703394691403,ok,36.982929745434966,6.112784108147025
76,74,1446077,landscape,latent,0,0.029999999329447746,0.030199235305190086,0.005281304480569182,0.004287396027475204,ok,72.07270677057154,6.140542950481176
77,75,1446077,landscape,tangent_direct,0,0.029999999329447746,0.02976353093981743,0.0052820058577009756,0.0042828914861894685,ok,72.09120141973222,6.0891111474484205
78,76,1446077,landscape,random_direct,0,0.029999999329447746,0.02976352907717228,0.01683528948610189,0.013182130892149825,ok,27.079726644786362,6.252160323783755
79,77,1446077,landscape,latent,0,0.04500000178813934,0.04571639373898506,0.007931080858394002,0.006442039637846223,ok,71.87350507063356,6.114342434331775
80,78,1446077,landscape,tangent_direct,0,0.04500000178813934,0.04464529827237129,0.007923007644268698,0.006424333876710757,ok,71.89558944472199,6.0990897715091705
81,79,1446077,landscape,random_direct,0,0.04500000178813934,0.04464529827237129,0.02525294980304234,0.01977320669287788,ok,9.268165290271012,7.055229738354683
82,80,1446077,landscape,latent,0,0.05999999865889549,0.06159697845578194,0.01059725175277764,0.00861195192620959,ok,71.60538485637727,6.251019025221467
83,81,1446077,landscape,tangent_direct,0,0.05999999865889549,0.05952706187963486,0.010564006035206169,0.008565775119694672,ok,71.62474683370282,6.114041371271014
84,82,1446077,landscape,random_direct,0,0.05999999865889549,0.05952706187963486,0.033670593062009174,0.02636427066166744,ok,8.391037124212794,6.0991586316376925
85,83,1446077,landscape,latent,0,0.09000000357627869,0.09474269300699234,0.016020657391576498,0.013028771609665495,ok,70.82030575422269,6.0869076307863
86,84,1446077,landscape,tangent_direct,0,0.09000000357627869,0.08929059654474258,0.01584599338091563,0.012848655273300525,ok,70.95234187353395,6.248020097613335
87,85,1446077,landscape,random_direct,0,0.09000000357627869,0.08929060399532318,0.050505902968424776,0.03954641241144244,drift_rejected,0.3626887645116712,3.0453636087477207
88,86,1446077,landscape,latent,0,0.11999999731779099,0.13029567897319794,0.02166923843639855,0.01762168964517373,ok,68.19394939531308,6.102231930941343
89,87,1446077,landscape,tangent_direct,0,0.11999999731779099,0.11905411630868912,0.021127988323632923,0.01713153602400476,ok,69.2917120869122,6.087089775130153
90,88,1446077,landscape,random_direct,0,0.11999999731779099,0.11905412375926971,0.06734119576231032,0.052728546533145314,no_axis,0.10066836947735361,4.560501968488097
91,89,1446077,landscape,latent,0,0.18000000715255737,0.21193043887615204,0.03490953110010493,0.028132448740088117,flux_rejected,0.4040140679183643,9.040613628923893
92,90,1446077,landscape,tangent_direct,0,0.18000000715255737,0.17858119308948517,0.03169198896264402,0.025697309003537835,ok,41.47197790598245,6.102311244234443
93,91,1446077,landscape,random_direct,0,0.18000000715255737,0.17858119308948517,0.10101181153702711,0.07909283271187108,no_axis,0.09938547361324346,4.418921517208219
94,92,1446077,landscape,latent,0,0.23999999463558197,0.3175502419471741,0.07984914304483062,0.059335809496868425,flux_rejected,0.38682197977204846,8.752812676131725
95,93,1446077,landscape,tangent_direct,0,0.23999999463558197,0.23810824751853943,0.04225597762873152,0.03426307256394889,flux_rejected,0.40217382407933533,9.098647352308035
96,94,1446077,landscape,random_direct,0,0.23999999463558197,0.23810824751853943,0.1346823995677835,0.10545709836567202,no_axis,0.09730187543535784,4.440558193251491
97,95,1446077,landscape,latent,1,-0.23999999463558197,0.22977010905742645,0.03345205573591672,0.02833716278463766,ok,17.696062658983706,7.05860173329711
98,96,1446077,landscape,tangent_direct,1,-0.23999999463558197,0.228127583861351,0.031120809558184127,0.02647039680278958,ok,23.171926077201295,7.232134196907282
99,97,1446077,landscape,random_direct,1,-0.23999999463558197,0.228127583861351,0.13058109327556802,0.10121379772916793,no_axis,0.1027505138701515,4.455140436068177
100,98,1446077,landscape,latent,1,-0.18000000715255737,0.1703125238418579,0.0244899204516177,0.020782807306754743,ok,29.99513082989056,7.060691099613905
101,99,1446077,landscape,tangent_direct,1,-0.18000000715255737,0.17109569907188416,0.02334061564271132,0.01985280430573707,ok,35.26806991859587,7.043071612715721
102,100,1446077,landscape,random_direct,1,-0.18000000715255737,0.17109571397304535,0.09793584581000947,0.07591036329091674,no_axis,0.10422228599995374,4.558797236531973
103,101,1446077,landscape,latent,1,-0.11999999731779099,0.11295168101787567,0.015989136131924847,0.013585227735862127,ok,50.495369409997515,7.0757218562066555
104,102,1446077,landscape,tangent_direct,1,-0.11999999731779099,0.1140637919306755,0.015560402494378728,0.013235197711757593,ok,53.5397646564244,7.107144044712186
105,103,1446077,landscape,random_direct,1,-0.11999999731779099,0.1140637919306755,0.06529056006495844,0.05060690536226333,drift_rejected,0.3605479024218277,3.4598122909665108
106,104,1446077,landscape,latent,1,-0.09000000357627869,0.08470652252435684,0.011886081531556486,0.010103190457176394,ok,61.87011663148373,7.234219361096621
107,105,1446077,landscape,tangent_direct,1,-0.09000000357627869,0.08554785698652267,0.011670301243975929,0.009926395088524933,ok,63.29336006001809,6.114759577438235
108,106,1446077,landscape,random_direct,1,-0.09000000357627869,0.08554785698652267,0.04896792499104811,0.03795518432044799,ok,6.912548768733624,6.104333329945803
109,107,1446077,landscape,latent,1,-0.05999999865889549,0.056561991572380066,0.007864213964057842,0.00668663109933401,ok,69.73408892798918,6.086908642202616
110,108,1446077,landscape,tangent_direct,1,-0.05999999865889549,0.05703189596533775,0.007780210689831975,0.006617603739979389,ok,70.01866108339091,6.247686102986336
111,109,1446077,landscape,random_direct,1,-0.05999999865889549,0.05703189596533775,0.0326452792086128,0.025303451760756168,ok,9.780420515962442,7.07354542799294
112,110,1446077,landscape,latent,1,-0.04500000178813934,0.042482636868953705,0.005878969650077397,0.004999244713572154,ok,71.1730150248659,6.104069270193577
113,111,1446077,landscape,tangent_direct,1,-0.04500000178813934,0.042773932218551636,0.005835153459379479,0.0049632028664797516,ok,71.20718721408355,6.087250923737884
114,112,1446077,landscape,random_direct,1,-0.04500000178813934,0.04277392849326134,0.024483950753606983,0.018977584841091643,ok,13.147083630215963,9.195572838187218
115,113,1446077,landscape,latent,1,-0.029999999329447746,0.02837439998984337,0.003908002977407254,0.003323546713337335,ok,71.75096031559889,6.114120248705149
116,114,1446077,landscape,tangent_direct,1,-0.029999999329447746,0.028515951707959175,0.0038901121633340466,0.0033088075923253107,ok,71.7408616936035,6.103317787870765
117,115,1446077,landscape,random_direct,1,-0.029999999329447746,0.028515947982668877,0.016322630510753916,0.012651721120179676,ok,25.791069056341474,7.065919665619731
118,116,1446077,landscape,latent,1,-0.024000000208616257,0.02271903119981289,0.0031231374654312975,0.0026561414348779118,ok,71.84860318931109,6.248085053637624
119,117,1446077,landscape,tangent_direct,1,-0.024000000208616257,0.02281276322901249,0.0031120900075012363,0.002647047243409681,ok,71.84211211080257,6.114611767232418
120,118,1446077,landscape,random_direct,1,-0.024000000208616257,0.02281275764107704,0.013058102943917686,0.010121372662392701,ok,36.14284006879065,7.0656882375478745
121,119,1446077,landscape,latent,1,-0.017999999225139618,0.01705494523048401,0.00234002538977476,0.00199019306242232,ok,71.96963661856773,6.087091859430075
122,120,1446077,landscape,tangent_direct,1,-0.017999999225139618,0.017109567299485207,0.002334063571370203,0.0019852815483583034,ok,71.97257504168341,6.249998828396201
123,121,1446077,landscape,random_direct,1,-0.017999999225139618,0.017109569162130356,0.009793579534157609,0.007591030740102584,ok,50.31543942083165,7.076264979317784
124,122,1446077,landscape,latent,1,-0.012000000104308128,0.011381271295249462,0.0015585997396767737,0.0013256244647749725,ok,72.10992510839479,6.102734023705125
125,123,1446077,landscape,tangent_direct,1,-0.012000000104308128,0.01140638068318367,0.0015560491396934073,0.0013235247492089394,ok,72.07993941406602,6.085433777421713
126,124,1446077,landscape,random_direct,1,-0.012000000104308128,0.011406376957893372,0.0065290482851495385,0.005060685738375823,ok,65.15567790963345,6.248202679678798
127,125,1446077,landscape,latent,1,-0.008999999612569809,0.008540344424545765,0.0011684303349023743,0.0009937951374509382,ok,72.18164300438221,6.117177087813616
128,126,1446077,landscape,tangent_direct,1,-0.008999999612569809,0.008554782718420029,0.001167036350454335,0.0009926447169733,ok,72.13556201220932,6.102695222944021
129,127,1446077,landscape,random_direct,1,-0.008999999612569809,0.008554781787097454,0.0048967990554715035,0.0037955216526483785,ok,70.14262188903395,6.085234398022294
130,128,1446077,landscape,latent,1,-0.006000000052154064,0.005696678068488836,0.0007786679824453763,0.0006622895949762481,ok,72.22809293961747,6.2548152934759855
131,129,1446077,landscape,tangent_direct,1,-0.006000000052154064,0.005703188478946686,0.0007780260383112983,0.000661764798736763,ok,72.16812944336738,6.115804547443986
132,130,1446077,landscape,random_direct,1,-0.006000000052154064,0.00570319127291441,0.0032645290499816342,0.0025303462014814055,ok,71.7287821141023,6.1031032633036375
133,131,1446077,landscape,latent,1,-0.004000000189989805,0.0037992331199347973,0.0005189672304739033,0.0004414100187129771,ok,72.17438865889983,6.083930501714349
134,132,1446077,landscape,tangent_direct,1,-0.004000000189989805,0.0038021295331418514,0.0005186874049019196,0.0004411799102740248,ok,72.19567138322678,6.254215186461806
135,133,1446077,landscape,random_direct,1,-0.004000000189989805,0.0038021248765289783,0.002176340472070111,0.0016868885371767919,ok,72.04890966117608,6.112796735018492
136,134,1446077,landscape,latent,1,-0.0020000000949949026,0.0019002427579835057,0.0002593853834411109,0.00022062123006460954,ok,72.20550168238091,6.10285509377718
137,135,1446077,landscape,tangent_direct,1,-0.0020000000949949026,0.0019010654650628567,0.00025934662557737097,0.00022059202216095052,ok,72.1752976651238,6.085207911208272
138,136,1446077,landscape,random_direct,1,-0.0020000000949949026,0.0019010641844943166,0.0010881653532076859,0.0008434414811169587,ok,72.19968133544,6.552771080285311
139,137,1446077,landscape,latent,1,-0.0010000000474974513,0.0009504423942416906,0.00012967382776943486,0.00011029680019510075,ok,72.185844701615,6.133351519703865
140,138,1446077,landscape,tangent_direct,1,-0.0010000000474974513,0.0009505326743237674,0.00012968408939108468,0.00011029998676950353,ok,72.2369043213258,6.10478762537241
141,139,1446077,landscape,random_direct,1,-0.0010000000474974513,0.0009505311027169228,0.0005440911335530569,0.00042172486038110485,ok,72.23124939838783,6.08440351113677
142,49,1446077,landscape,latent,1,0.0,1.1518514497765864e-07,2.949353875718035e-08,2.309062356631084e-08,ok,72.23941403848546,6.111217714846134
143,3,1446077,landscape,tangent_direct,1,0.0,0.0,0.0,0.0,ok,72.2544133583791,8.002795999869704
144,3,1446077,landscape,random_direct,1,0.0,0.0,0.0,0.0,ok,72.2544133583791,8.002795999869704
145,140,1446077,landscape,latent,1,0.0010000000474974513,0.0009506739443168044,0.00012967257246728,0.00011029225470937274,ok,72.20349002157855,6.2522572465240955
146,141,1446077,landscape,tangent_direct,1,0.0010000000474974513,0.0009505326743237674,0.00012967056353397686,0.00011029279962562822,ok,72.21649668300105,6.113478437066078
147,142,1446077,landscape,random_direct,1,0.0010000000474974513,0.0009505308698862791,0.0005440822275227901,0.00042172041955193,ok,72.1820036925988,6.106515012681484
148,143,1446077,landscape,latent,1,0.0020000000949949026,0.0019016922451555729,0.00025924276681001096,0.00022051547221111408,ok,72.21276744107418,6.107566135004163
149,144,1446077,landscape,tangent_direct,1,0.0020000000949949026,0.0019010653486475348,0.0002593362326928159,0.00022058274003702597,ok,72.22332038146618,6.24772990308702
150,145,1446077,landscape,random_direct,1,0.0020000000949949026,0.0019010644173249602,0.0010881860009013956,0.0008434565237517936,ok,72.09545990241699,6.113176783546805
151,146,1446077,landscape,latent,1,0.004000000189989805,0.0038049458526074886,0.0005183902723907922,0.0004409442797563765,ok,72.26641344405532,6.113590467721224
152,147,1446077,landscape,tangent_direct,1,0.004000000189989805,0.0038021295331418514,0.0005186750124710858,0.00044117294262947934,ok,72.23076463399539,6.156996378675103
153,148,1446077,landscape,random_direct,1,0.004000000189989805,0.003802124410867691,0.0021763343434537466,0.0016868867384481174,ok,71.69449812383462,6.309569863602519
154,149,1446077,landscape,latent,1,0.006000000052154064,0.00570963229984045,0.0007774103622401485,0.0006612657071439206,ok,72.23389921401261,6.112444767728448
155,150,1446077,landscape,tangent_direct,1,0.006000000052154064,0.005703188478946686,0.0007780157111099232,0.0006617570139247504,ok,72.25515054093262,6.106967825442553
156,151,1446077,landscape,random_direct,1,0.006000000052154064,0.005703190807253122,0.003264539984615536,0.0025303530909065353,ok,71.23287215272484,6.086120622232556
157,152,1446077,landscape,latent,1,0.008999999612569809,0.008569753728806973,0.0011657482751737131,0.0009915875401662064,ok,72.24438392097031,6.279945841059089
158,153,1446077,landscape,tangent_direct,1,0.008999999612569809,0.008554783649742603,0.0011670214085458483,0.0009926348755533254,ok,72.2121412644251,6.112279141321778
159,154,1446077,landscape,random_direct,1,0.008999999612569809,0.00855478085577488,0.004896791477697491,0.003795520123594781,ok,69.47096050839157,7.065052082762122
160,155,1446077,landscape,latent,1,0.012000000104308128,0.011433498933911324,0.0015538395984905885,0.0013217152308619966,ok,72.20251863092484,6.086743304505944
161,156,1446077,landscape,tangent_direct,1,0.012000000104308128,0.01140638068318367,0.0015560417780221473,0.0013235198333060962,ok,72.19667737409725,6.248697083443403
162,157,1446077,landscape,random_direct,1,0.012000000104308128,0.011406376957893372,0.006529031946481139,0.0050606765793376855,ok,64.17563377352208,7.123997550457716
163,158,1446077,landscape,latent,1,0.017999999225139618,0.01717265322804451,0.002329391946244958,0.0019814347745295306,ok,72.18083990030215,6.107846902683377
164,159,1446077,landscape,tangent_direct,1,0.017999999225139618,0.017109569162130356,0.0023340450750378187,0.0019852702065010584,ok,72.21003660310248,6.086651019752026
165,160,1446077,landscape,random_direct,1,0.017999999225139618,0.017109569162130356,0.009793598555160269,0.007591043253586009,ok,48.594619911400514,7.231961460784078
166,161,1446077,landscape,latent,1,0.024000000208616257,0.022927846759557724,0.0031041442987421925,0.002640506755964846,ok,72.10627878232607,6.114376289770007
167,162,1446077,landscape,tangent_direct,1,0.024000000208616257,0.02281276136636734,0.003112078415127936,0.002647037610435493,ok,72.10851360554331,6.108019717037678
168,163,1446077,landscape,random_direct,1,0.024000000208616257,0.02281275764107704,0.013058105509319363,0.010121378021503,ok,33.99330698294935,7.0447574481368065
169,164,1446077,landscape,latent,1,0.029999999329447746,0.028700439259409904,0.003878358608632958,0.0032991290705510243,ok,72.00409277723736,6.249592363834381
170,165,1446077,landscape,tangent_direct,1,0.029999999329447746,0.028515947982668877,0.00389009836872913,0.0033088003390342557,ok,71.9793142230507,6.114117367193103
171,166,1446077,landscape,random_direct,1,0.029999999329447746,0.028515946120023727,0.01632262424414912,0.012651717295576318,ok,23.450613160992795,7.071846613660455
172,167,1446077,landscape,latent,1,0.04500000178813934,0.04321379214525223,0.005812355861242599,0.0049444298917808655,ok,71.66950579191678,6.086721299216151
173,168,1446077,landscape,tangent_direct,1,0.04500000178813934,0.042773932218551636,0.00583515229161212,0.004963200916093091,ok,71.65113228541668,6.252073369920254
174,169,1446077,landscape,random_direct,1,0.04500000178813934,0.04277392849326134,0.024483966269412644,0.01897759493577747,ok,11.408411422578784,7.074135724455118
175,170,1446077,landscape,latent,1,0.05999999865889549,0.057855069637298584,0.007745825876968494,0.006589301377013373,ok,70.83877769265021,6.106801876798272
176,171,1446077,landscape,tangent_direct,1,0.05999999865889549,0.05703189596533775,0.007780201138083122,0.006617596704673564,ok,70.56835331809914,6.090675154700875
177,172,1446077,landscape,random_direct,1,0.05999999865889549,0.05703189596533775,0.03264527247585524,0.025303449511807435,ok,9.144471550905536,7.232361683622003
178,173,1446077,landscape,latent,1,0.09000000357627869,0.08756900578737259,0.011619606689733998,0.009884729793231501,ok,63.97485806699652,6.114382972940803
179,174,1446077,landscape,tangent_direct,1,0.09000000357627869,0.08554785698652267,0.011670281052996587,0.00992638372261357,ok,62.54611666387245,6.108038101345301
180,175,1446077,landscape,random_direct,1,0.09000000357627869,0.08554785698652267,0.0489679183899191,0.03795517892656814,ok,8.437974064062317,6.092641884461045
181,176,1446077,landscape,latent,1,0.11999999731779099,0.11791233718395233,0.015514315002637679,0.013197432569535443,ok,53.16615093575704,6.2508180402219296
182,177,1446077,landscape,tangent_direct,1,0.11999999731779099,0.1140637919306755,0.015560391073858698,0.01323518964105531,ok,50.17882500293556,6.116024848073721
183,178,1446077,landscape,random_direct,1,0.11999999731779099,0.1140637919306755,0.06529055822535329,0.05060690363750695,ok,6.714169265227198,5.147361936047673
184,179,1446077,landscape,latent,1,0.18000000715255737,0.18059657514095306,0.023409576045182807,0.019910773314704977,ok,32.7975515938595,6.090718258172274
185,180,1446077,landscape,tangent_direct,1,0.18000000715255737,0.17109569907188416,0.023340600645606793,0.019852790930441563,ok,28.13227544698197,7.230440974235535
186,181,1446077,landscape,random_direct,1,0.18000000715255737,0.17109571397304535,0.09793584465251245,0.07591036305882305,flux_rejected,0.3352539131513505,8.71662100031972
187,182,1446077,landscape,latent,1,0.23999999463558197,0.24607835710048676,0.031502136145446856,0.026791868736588714,ok,20.1852088972863,7.071271114051342
188,183,1446077,landscape,tangent_direct,1,0.23999999463558197,0.228127583861351,0.03112079941399892,0.02647038985206193,ok,15.928832737488607,7.049029789865017
189,184,1446077,landscape,random_direct,1,0.23999999463558197,0.228127583861351,0.13058111953852466,0.10121381539799798,no_axis,0.11337151024065972,4.5601098239421844
190,185,1446077,landscape,latent,2,-0.23999999463558197,0.19460785388946533,0.03308489978568271,0.026418820026421312,ok,35.70606122788461,6.115233084186912
191,186,1446077,landscape,tangent_direct,2,-0.23999999463558197,0.20219218730926514,0.03180194794104836,0.025722698968722438,ok,34.09767095066384,6.109765266999602
192,187,1446077,landscape,random_direct,2,-0.23999999463558197,0.20219218730926514,0.12706285906302237,0.09983909021264291,drift_rejected,0.36911044254709147,3.0292353816330433
193,188,1446077,landscape,latent,2,-0.18000000715255737,0.14536988735198975,0.024291815569401087,0.019392688434380433,ok,49.939738092109344,6.250382088124752
194,189,1446077,landscape,tangent_direct,2,-0.18000000715255737,0.15164415538311005,0.023851460157951077,0.01929202422479874,ok,48.290577121227486,6.1146714221686125
195,190,1446077,landscape,random_direct,2,-0.18000000715255737,0.15164415538311005,0.09529715251877406,0.07487932292542636,no_axis,0.11190050313964506,4.446389205753803
196,191,1446077,landscape,latent,2,-0.11999999731779099,0.09739623218774796,0.01596926103059179,0.012776316252230902,ok,64.49474664696929,6.090456698089838
197,192,1446077,landscape,tangent_direct,2,-0.11999999731779099,0.10109610110521317,0.01590097169205687,0.012861348632731579,ok,63.6200270381661,6.250668343156576
198,193,1446077,landscape,random_direct,2,-0.11999999731779099,0.10109609365463257,0.06353142097499918,0.04991953857215163,no_axis,0.11217018453452315,4.452599357813597
199,194,1446077,landscape,latent,2,-0.09000000357627869,0.07348143309354782,0.011926207096495276,0.009560330128473769,ok,69.45082248371878,6.109093206003308
200,195,1446077,landscape,tangent_direct,2,-0.09000000357627869,0.07582207769155502,0.011925731762136335,0.009646013976266415,ok,69.09993607930922,6.093257639557123
201,196,1446077,landscape,random_direct,2,-0.09000000357627869,0.07582207769155502,0.04764858696915803,0.03743966814623704,no_axis,0.11245180999183113,4.579840512946248
202,197,1446077,landscape,latent,2,-0.05999999865889549,0.04939168319106102,0.007932798187443652,0.00637504152668649,ok,71.3353360702402,6.115371802821755
203,198,1446077,landscape,tangent_direct,2,-0.05999999865889549,0.050548046827316284,0.007950469210378787,0.006430665148427174,ok,71.29380363545516,6.110443761572242
204,199,1446077,landscape,random_direct,2,-0.05999999865889549,0.050548046827316284,0.03176572030632114,0.02495977552588655,drift_rejected,0.38748768214277135,4.888162000104785
205,200,1446077,landscape,latent,2,-0.04500000178813934,0.037227556109428406,0.005947532050718262,0.004786526859512971,ok,71.65274174984137,6.249733315780759
206,201,1446077,landscape,tangent_direct,2,-0.04500000178813934,0.03791104257106781,0.0059628654977030605,0.0048230064113412826,ok,71.63830846483846,6.39026446826756
207,202,1446077,landscape,random_direct,2,-0.04500000178813934,0.03791103512048721,0.023824285158662,0.018719829149870144,flux_rejected,0.4914853266342615,6.881620243191719
208,203,1446077,landscape,latent,2,-0.029999999329447746,0.024955332279205322,0.003965972170278849,0.003196763121189912,ok,71.90888280974418,6.092545971274376
209,204,1446077,landscape,tangent_direct,2,-0.029999999329447746,0.02527402527630329,0.003975242341822846,0.0032153369679140315,ok,71.91980663158552,6.249772744253278
210,205,1446077,landscape,random_direct,2,-0.029999999329447746,0.025274023413658142,0.015882866668827076,0.012479890345914714,ok,11.490254127518803,7.075263787060976
211,206,1446077,landscape,latent,2,-0.024000000208616257,0.020011335611343384,0.0031735616185388387,0.002559730537712709,ok,72.02366885195244,6.110509151592851
212,207,1446077,landscape,tangent_direct,2,-0.024000000208616257,0.020219219848513603,0.0031802080768862425,0.0025722763057909807,ok,71.99517610171618,6.100874969735742
213,208,1446077,landscape,random_direct,2,-0.024000000208616257,0.020219219848513603,0.012706304035983447,0.009983920115183294,ok,15.98560764278653,7.230359295383096
214,209,1446077,landscape,latent,2,-0.017999999225139618,0.015045209787786007,0.0023810116453763745,0.0019217751265011315,ok,72.08534131566863,6.113301876932383
215,210,1446077,landscape,tangent_direct,2,-0.017999999225139618,0.01516441348940134,0.002385141707237805,0.001929200096042898,ok,72.09505256325907,6.110253654420376
216,211,1446077,landscape,random_direct,2,-0.017999999225139618,0.01516441348940134,0.009529712200436795,0.007487926494534331,ok,25.950079385777762,7.284545401111245
217,212,1446077,landscape,latent,2,-0.012000000104308128,0.010055439546704292,0.0015880673661367462,0.0012826595861197454,ok,72.13788356017682,6.247546372935176
218,213,1446077,landscape,tangent_direct,2,-0.012000000104308128,0.010109609924256802,0.0015900985377905387,0.0012861350745927544,ok,72.16058939095477,6.113942567259073
219,214,1446077,landscape,random_direct,2,-0.012000000104308128,0.010109610855579376,0.00635314524559537,0.004991954779549724,ok,45.07542274771742,7.070330403745174
220,215,1446077,landscape,latent,2,-0.008999999612569809,0.00755138648673892,0.001191398298949316,0.0009626121000833896,ok,72.16818394446454,6.091563194990158
221,216,1446077,landscape,tangent_direct,2,-0.008999999612569809,0.00758220674470067,0.001192570149403045,0.0009646020550668821,ok,72.19316890650097,6.310398107394576
222,217,1446077,landscape,random_direct,2,-0.008999999612569809,0.00758220674470067,0.004764862215375378,0.0037439677900885982,ok,57.602016348595235,7.075525755062699
223,218,1446077,landscape,latent,2,-0.006000000052154064,0.005040883086621761,0.0007944598423199026,0.0006421344155970271,ok,72.19887706607035,6.1107693035155535
224,219,1446077,landscape,tangent_direct,2,-0.006000000052154064,0.005054808221757412,0.0007950374817452658,0.0006430616707242168,ok,72.22711821563247,6.100297316908836
225,220,1446077,landscape,random_direct,2,-0.006000000052154064,0.005054806359112263,0.003176585174151588,0.0024959852813926336,ok,68.24067825924884,7.231484636664391
226,221,1446077,landscape,latent,2,-0.004000000189989805,0.003363607916980982,0.000529734037319794,0.00042827400883831466,ok,72.22376653006505,6.114477472379804
227,222,1446077,landscape,tangent_direct,2,-0.004000000189989805,0.003369871061295271,0.0005300344666281515,0.00042871452170135233,ok,72.16268890543793,6.108320971950889
228,223,1446077,landscape,random_direct,2,-0.004000000189989805,0.003369869664311409,0.002117718051332183,0.001663985857908928,ok,71.30627647376005,6.088890952989459
229,224,1446077,landscape,latent,2,-0.0020000000949949026,0.001683268928900361,0.00026491676627866283,0.00021423980851911333,ok,72.20654592336037,6.247187906876206
230,225,1446077,landscape,tangent_direct,2,-0.0020000000949949026,0.0016849328530952334,0.0002650202967832741,0.00021435905554639508,ok,72.21083596910422,6.115481693297625
231,226,1446077,landscape,random_direct,2,-0.0020000000949949026,0.0016849341336637735,0.0010588612707286933,0.0008319950609446426,ok,71.86828243223606,6.107742743566632
232,227,1446077,landscape,latent,2,-0.0010000000474974513,0.0008419865625910461,0.00013248855776970878,0.00010716171255675942,ok,72.21788008950095,6.0907322615385056
233,228,1446077,landscape,tangent_direct,2,-0.0010000000474974513,0.0008424695115536451,0.00013249719086995662,0.0001071723906599853,ok,72.20741506566571,6.248536620289087
234,229,1446077,landscape,random_direct,2,-0.0010000000474974513,0.0008424683474004269,0.0005294382479762057,0.0004159984304278809,ok,72.10469928639813,6.113676644861698
235,49,1446077,landscape,latent,2,0.0,1.1518514497765864e-07,2.949353875718035e-08,2.309062356631084e-08,ok,72.23941403848546,6.111217714846134
236,3,1446077,landscape,tangent_direct,2,0.0,0.0,0.0,0.0,ok,72.2544133583791,8.002795999869704
237,3,1446077,landscape,random_direct,2,0.0,0.0,0.0,0.0,ok,72.2544133583791,8.002795999869704
238,230,1446077,landscape,latent,2,0.0010000000474974513,0.0008428471628576517,0.0001325190000223155,0.0001071809535923494,ok,72.2172813240521,6.108407208696008
239,231,1446077,landscape,tangent_direct,2,0.0010000000474974513,0.0008424697443842888,0.0001325130123307047,0.00010717996485387282,ok,72.22733236328577,6.08573186211288
240,232,1446077,landscape,random_direct,2,0.0010000000474974513,0.0008424683474004269,0.0005294344149353275,0.00041599981998675966,ok,72.22535062811795,6.248183775693178
241,233,1446077,landscape,latent,2,0.0020000000949949026,0.001686450676061213,0.00026509065149119107,0.0002144564948369524,ok,72.21241188422965,6.112881893292069
242,234,1446077,landscape,tangent_direct,2,0.0020000000949949026,0.0016849328530952334,0.00026503512997515374,0.00021436618040447225,ok,72.19622606973101,6.106790976598859
243,235,1446077,landscape,random_direct,2,0.0020000000949949026,0.0016849341336637735,0.001058857386391863,0.0008319944962560987,ok,72.05333938249406,6.086911799386144
244,236,1446077,landscape,latent,2,0.004000000189989805,0.0033759395591914654,0.0005303148707278785,0.0004291302035595935,ok,72.24942189084929,6.249537192285061
245,237,1446077,landscape,tangent_direct,2,0.004000000189989805,0.0033698708284646273,0.0005300277312955814,0.0004287079598965619,ok,72.24168815918627,6.113700428977609
246,238,1446077,landscape,random_direct,2,0.004000000189989805,0.003369869664311409,0.002117696875214766,0.0016639744419422616,ok,71.50420358755137,6.10742804966867
247,239,1446077,landscape,latent,2,0.006000000052154064,0.005068609025329351,0.0007956479960457991,0.0006440065470328969,ok,72.21569776310756,6.086519055068493
248,240,1446077,landscape,tangent_direct,2,0.006000000052154064,0.005054808221757412,0.0007950559098789384,0.0006430702860866489,ok,72.23481512097105,6.250509291887283
249,241,1446077,landscape,random_direct,2,0.006000000052154064,0.005054806359112263,0.0031765655920598115,0.002495972158127724,ok,69.09975697384326,6.112510047852993
250,242,1446077,landscape,latent,2,0.008999999612569809,0.007613728288561106,0.0011939298433747915,0.0009667539574705498,ok,72.23492955132502,6.106422860175371
251,243,1446077,landscape,tangent_direct,2,0.008999999612569809,0.00758220674470067,0.001192574802521288,0.0009646015813298542,ok,72.21712683771501,6.086223172023892
252,244,1446077,landscape,random_direct,2,0.008999999612569809,0.007582205813378096,0.004764854759610152,0.00374396333472051,ok,58.38454535307821,6.246906844899058
253,245,1446077,landscape,latent,2,0.012000000104308128,0.010166292078793049,0.0015926995192483556,0.0012901311213379162,ok,72.19345196267224,6.113539692014456
254,246,1446077,landscape,tangent_direct,2,0.012000000104308128,0.010109609924256802,0.00159010738445283,0.0012861395512868692,ok,72.2097791074065,6.1072301883250475
255,247,1446077,landscape,random_direct,2,0.012000000104308128,0.010109609924256802,0.006353139427120765,0.0049919510567437144,ok,44.90059464844107,6.084917774423957
256,248,1446077,landscape,latent,2,0.017999999225139618,0.015294300392270088,0.002391439747416708,0.0019386272607537856,ok,72.22176186349493,6.247907225042582
257,249,1446077,landscape,tangent_direct,2,0.017999999225139618,0.01516441348940134,0.0023851491991038584,0.0019292020943222912,ok,72.21563734905655,6.118234092369676
258,250,1446077,landscape,random_direct,2,0.017999999225139618,0.015164412558078766,0.009529714684326927,0.007487931207538849,ok,24.31744260794371,6.1068599577993155
259,251,1446077,landscape,latent,2,0.024000000208616257,0.02045419253408909,0.003192207011276686,0.0025897889268082647,ok,72.15346443306944,6.086458131670952
260,252,1446077,landscape,tangent_direct,2,0.024000000208616257,0.020219219848513603,0.003180201231156677,0.0025722707122106843,ok,72.14450401176799,6.273069331422448
261,253,1446077,landscape,random_direct,2,0.024000000208616257,0.020219221711158752,0.012706282410481051,0.009983908081940317,ok,14.228104931180948,6.113491835072637
262,254,1446077,landscape,latent,2,0.029999999329447746,0.025647200644016266,0.003995194370920034,0.0032438179156239703,ok,72.11113891164231,6.107409639284015
263,255,1446077,landscape,tangent_direct,2,0.029999999329447746,0.02527402900159359,0.0039752420554131146,0.0032153342465351133,ok,72.11933847922202,6.086890239268541
264,256,1446077,landscape,random_direct,2,0.029999999329447746,0.025274023413658142,0.015882849735962216,0.012479881628016483,ok,10.300011895217436,7.24420714750886
265,257,1446077,landscape,latent,2,0.04500000178813934,0.038783762603998184,0.0060149066270271554,0.004893583815815626,ok,71.97195085699214,7.0762721579521894
266,258,1446077,landscape,tangent_direct,2,0.04500000178813934,0.03791103884577751,0.0059628721259049194,0.004823008920585623,ok,71.95718838349877,7.066493187099695
267,259,1446077,landscape,random_direct,2,0.04500000178813934,0.03791103884577751,0.023824278037003082,0.018719824477632704,ok,6.845024702212863,6.263731895014644
268,260,1446077,landscape,latent,2,0.05999999865889549,0.05215747281908989,0.008056253405565705,0.006568069547687515,ok,71.73482201173475,7.236205078661442
269,261,1446077,landscape,tangent_direct,2,0.05999999865889549,0.050548046827316284,0.007950494147345416,0.0064306768628764515,ok,71.86254539217346,7.135983752086759
270,262,1446077,landscape,random_direct,2,0.05999999865889549,0.050548046827316284,0.03176570540830638,0.02495976681740997,flux_rejected,0.38576704661539185,7.590905703604221
271,263,1446077,landscape,latent,2,0.09000000357627869,0.07970241457223892,0.012229150769033281,0.010013076426828122,ok,70.55931993520628,7.0470819510519505
272,264,1446077,landscape,tangent_direct,2,0.09000000357627869,0.07582207769155502,0.011925737223746404,0.009646013839867622,ok,70.79445074334038,7.231185611337423
273,265,1446077,landscape,random_direct,2,0.09000000357627869,0.07582207769155502,0.04764857652710921,0.037439665269838864,drift_rejected,0.32326085141113575,3.0451060105115175
274,266,1446077,landscape,latent,2,0.11999999731779099,0.10845740884542465,0.01657354456097946,0.013629600176595612,ok,65.77462419563693,7.067512538284063
275,267,1446077,landscape,tangent_direct,2,0.11999999731779099,0.10109610110521317,0.015900981383827003,0.012861348935521833,ok,66.65693260511608,7.043567545711994
276,268,1446077,landscape,random_direct,2,0.11999999731779099,0.10109609365463257,0.06353141844883005,0.04991954200410163,no_axis,0.10768356613181414,4.561314871534705
277,269,1446077,landscape,latent,2,0.18000000715255737,0.17037762701511383,0.02612488398762163,0.021665798105368738,ok,50.127368575534376,7.0770680122077465
278,270,1446077,landscape,tangent_direct,2,0.18000000715255737,0.15164414048194885,0.023851471340266363,0.01929202645324312,ok,52.77844093903813,7.438302105292678
279,271,1446077,landscape,random_direct,2,0.18000000715255737,0.15164415538311005,0.0952971263100703,0.0748793114292557,no_axis,0.10407768540202865,4.4223731849342585
280,272,1446077,landscape,latent,2,0.23999999463558197,0.23991477489471436,0.03779859890525977,0.03156517986304042,ok,35.18713860259689,8.209955861791968
281,273,1446077,landscape,tangent_direct,2,0.23999999463558197,0.20219218730926514,0.03180195465180598,0.025722698213210805,ok,38.79658871881985,8.036313300952315
282,274,1446077,landscape,random_direct,2,0.23999999463558197,0.20219218730926514,0.12706284907530058,0.09983908613918087,no_axis,0.09816581444479558,4.445275392383337
283,275,1446077,landscape,latent,3,-0.23999999463558197,0.25528159737586975,0.04434296654266189,0.03624599717870536,flux_rejected,0.40514256349839645,8.460119435563684
284,276,1446077,landscape,tangent_direct,3,-0.23999999463558197,0.22158509492874146,0.0388010953578589,0.03176357719685472,ok,59.48611871192351,6.248789630830288
285,277,1446077,landscape,random_direct,3,-0.23999999463558197,0.22158509492874146,0.12067810361735803,0.09357831268541479,no_axis,0.09942235263665211,4.453584933653474
286,278,1446077,landscape,latent,3,-0.18000000715255737,0.18136173486709595,0.03171438307472154,0.025834276549728096,ok,63.20851313761468,6.132045602425933
287,279,1446077,landscape,tangent_direct,3,-0.18000000715255737,0.1661888211965561,0.02910081061321964,0.02382267657228646,ok,66.35186949582074,6.084968036040664
288,280,1446077,landscape,random_direct,3,-0.18000000715255737,0.1661888211965561,0.09050859691470108,0.07018374635719901,no_axis,0.1013829963789455,4.560085963457823
289,281,1446077,landscape,latent,3,-0.11999999731779099,0.11576149612665176,0.020378381211567126,0.016571772917569325,ok,70.66455088171881,6.11446182243526
290,282,1446077,landscape,tangent_direct,3,-0.11999999731779099,0.11079254746437073,0.019400549943300475,0.015881789649607552,ok,71.0993553043193,6.120546035468578
291,283,1446077,landscape,random_direct,3,-0.11999999731779099,0.11079254746437073,0.06033904927988938,0.04678915637935591,no_axis,0.1007333239644201,4.423866415396333
292,284,1446077,landscape,latent,3,-0.09000000357627869,0.08537868410348892,0.015051788229331566,0.012243008263065094,ok,71.56246843555253,6.2470481395721436
293,285,1446077,landscape,tangent_direct,3,-0.09000000357627869,0.08309441804885864,0.01455042321020286,0.011911350807671252,ok,71.56990064201109,6.113775175064802
294,286,1446077,landscape,random_direct,3,-0.09000000357627869,0.08309441059827805,0.045254295342950585,0.035091871206730615,drift_rejected,0.3587148953358378,3.0385265853255987
295,287,1446077,landscape,latent,3,-0.05999999865889549,0.0561797134578228,0.00990082884706657,0.008062249500106722,ok,72.02430818074015,6.0869750287383795
296,288,1446077,landscape,tangent_direct,3,-0.05999999865889549,0.055396273732185364,0.009700259303363693,0.007940889098986012,ok,72.04873316534615,6.2492240481078625
297,289,1446077,landscape,random_direct,3,-0.05999999865889549,0.055396273732185364,0.030169546695134553,0.02339459001829877,flux_rejected,0.40854382093453245,8.436555843800306
298,290,1446077,landscape,latent,3,-0.04500000178813934,0.04192087799310684,0.00738139734531259,0.006016203144809518,ok,72.18759295372537,6.1073027439415455
299,291,1446077,landscape,tangent_direct,3,-0.04500000178813934,0.04154720902442932,0.007275191316952125,0.005955664758988213,ok,72.19194719239452,6.084472866728902
300,292,1446077,landscape,random_direct,3,-0.04500000178813934,0.04154720529913902,0.02262715923088175,0.017545943909853624,ok,30.273008476138262,6.289215167984366
301,293,1446077,landscape,latent,3,-0.029999999329447746,0.027833525091409683,0.004894199826842909,0.003993704997336401,ok,72.29829948251228,6.112849211320281
302,294,1446077,landscape,tangent_direct,3,-0.029999999329447746,0.027698135003447533,0.004850135114566369,0.003970447424357038,ok,72.27831849907861,6.107036856934428
303,295,1446077,landscape,random_direct,3,-0.029999999329447746,0.027698136866092682,0.015084776966949117,0.011697299329952527,ok,53.234930374957244,6.084242809563875
304,296,1446077,landscape,latent,3,-0.024000000208616257,0.02223699912428856,0.0039075061879885785,0.003190288184834304,ok,72.30400069079639,6.265109213069081
305,297,1446077,landscape,tangent_direct,3,-0.024000000208616257,0.022158509120345116,0.003880108334060491,0.0031763576380542066,ok,72.30115395420627,6.130648257210851
306,298,1446077,landscape,random_direct,3,-0.024000000208616257,0.022158510982990265,0.012067811227682607,0.009357834691048993,ok,62.69065142406005,6.10785099491477
307,299,1446077,landscape,latent,3,-0.017999999225139618,0.016658229753375053,0.0029250450750191994,0.0023895569222735598,ok,72.31183130129101,6.0848121121525764
308,300,1446077,landscape,tangent_direct,3,-0.017999999225139618,0.0166188795119524,0.0029100644974282244,0.0023822592919517977,ok,72.30719595019102,6.249280042946339
309,301,1446077,landscape,random_direct,3,-0.017999999225139618,0.0166188795119524,0.009050872969815037,0.007018383272996542,ok,69.381978606512,6.12243870459497
310,302,1446077,landscape,latent,3,-0.012000000104308128,0.01109438668936491,0.0019464057092730097,0.0015910920822532729,ok,72.27681157016433,6.106131907552481
311,303,1446077,landscape,tangent_direct,3,-0.012000000104308128,0.011079251766204834,0.0019400460906720852,0.001588174748816493,ok,72.3042063869352,6.086475100368261
312,304,1446077,landscape,random_direct,3,-0.012000000104308128,0.011079256422817707,0.006033911049173982,0.004678919798561732,ok,71.56378298381692,6.250648630782962
313,305,1446077,landscape,latent,3,-0.008999999612569809,0.008317205123603344,0.0014585820130569233,0.0011927145139576148,ok,72.29021096744927,6.115079812705517
314,306,1446077,landscape,tangent_direct,3,-0.008999999612569809,0.00830944161862135,0.001455021413771488,0.001191125306989958,ok,72.28289716925028,6.107316924259067
315,307,1446077,landscape,random_direct,3,-0.008999999612569809,0.0083094397559762,0.004525434709770273,0.0035091893029792405,ok,71.84952038080078,6.086570596322417
316,308,1446077,landscape,latent,3,-0.006000000052154064,0.005542662460356951,0.0009716079138841444,0.0007947692163711647,ok,72.2545769803394,6.249729227274656
317,309,1446077,landscape,tangent_direct,3,-0.006000000052154064,0.00553962541744113,0.0009700200211296565,0.0007940873371697039,ok,72.28391178455526,6.113879509270191
318,310,1446077,landscape,random_direct,3,-0.006000000052154064,0.005539625883102417,0.003016963130530986,0.002339466982163932,ok,72.16054003960431,6.133330658078194
319,311,1446077,landscape,latent,3,-0.004000000189989805,0.003694310085847974,0.0006473804750210631,0.0005296870663246325,ok,72.2475549166319,6.131061013787985
320,312,1446077,landscape,tangent_direct,3,-0.004000000189989805,0.003693085629492998,0.0006466804991425975,0.0005293915893465283,ok,72.257219008151,6.523433342576027
321,313,1446077,landscape,random_direct,3,-0.004000000189989805,0.0036930853966623545,0.00201130318535669,0.001559639874158661,ok,72.23277554892208,6.114507237449288
322,314,1446077,landscape,latent,3,-0.0020000000949949026,0.0018467312911525369,0.00032358118740419625,0.00026480613749137004,ok,72.2274081369072,6.107627199962735
323,315,1446077,landscape,tangent_direct,3,-0.0020000000949949026,0.0018465440953150392,0.0003233426796528345,0.0002646967854955585,ok,72.24329579961723,6.091946067288518
324,316,1446077,landscape,random_direct,3,-0.0020000000949949026,0.001846541534177959,0.0010056583184563062,0.0007798270879801193,ok,72.23809030951637,6.248679254204035
325,317,1446077,landscape,latent,3,-0.0010000000474974513,0.000923281826544553,0.00016172519820077864,0.00013236264800393013,ok,72.24947153279207,6.114405835047364
326,318,1446077,landscape,tangent_direct,3,-0.0010000000474974513,0.0009232708835043013,0.00016166337989597526,0.0001323477708525838,ok,72.24082334541444,6.186178455129266
327,319,1446077,landscape,random_direct,3,-0.0010000000474974513,0.0009232698939740658,0.0005028256979699505,0.0003899108586512435,ok,72.25884584524289,6.091260699555278
328,49,1446077,landscape,latent,3,0.0,1.1518514497765864e-07,2.949353875718035e-08,2.309062356631084e-08,ok,72.23941403848546,6.111217714846134
329,3,1446077,landscape,tangent_direct,3,0.0,0.0,0.0,0.0,ok,72.2544133583791,8.002795999869704
330,3,1446077,landscape,random_direct,3,0.0,0.0,0.0,0.0,ok,72.2544133583791,8.002795999869704
331,320,1446077,landscape,latent,3,0.0010000000474974513,0.0009230505093000829,0.00016160872831925513,0.00013231298573151382,ok,72.21348630564009,6.249343775212765
332,321,1446077,landscape,tangent_direct,3,0.0010000000474974513,0.0009232708835043013,0.00016168183080942592,0.00013235263991507123,ok,72.18842420210449,6.11341498605907
333,322,1446077,landscape,random_direct,3,0.0010000000474974513,0.0009232700103893876,0.0005028111214007942,0.00038989802327782754,ok,72.1718079713246,6.106864484027028
334,323,1446077,landscape,latent,3,0.0020000000949949026,0.0018460557330399752,0.0003231266028458184,0.0002645874390665598,ok,72.22836437143897,6.1579946503043175
335,324,1446077,landscape,tangent_direct,3,0.0020000000949949026,0.0018465440953150392,0.0003233442301753908,0.0002646960651476632,ok,72.22353167560948,6.250186812132597
336,325,1446077,landscape,random_direct,3,0.0020000000949949026,0.001846541534177959,0.001005645372884821,0.0007798149866237713,ok,72.08961395902202,6.113429320976138
337,326,1446077,landscape,latent,3,0.004000000189989805,0.003691466059535742,0.0006460023929690177,0.0005290850819658187,ok,72.18430986739976,6.1074767876416445
338,327,1446077,landscape,tangent_direct,3,0.004000000189989805,0.003693085629492998,0.0006466965698962203,0.0005293960185944933,ok,72.18102136725027,6.090260826051235
339,328,1446077,landscape,random_direct,3,0.004000000189989805,0.003693085163831711,0.0020112800079366473,0.0015596245218316867,ok,72.06749499894002,6.247976396232843
340,329,1446077,landscape,latent,3,0.006000000052154064,0.0055365003645420074,0.000968596389656659,0.0007934902229233269,ok,72.15450750784201,6.114158943295479
341,330,1446077,landscape,tangent_direct,3,0.006000000052154064,0.00553962541744113,0.0009700449920985832,0.0007940981998549413,ok,72.16289305712048,6.108459133654833
342,331,1446077,landscape,random_direct,3,0.006000000052154064,0.005539626348763704,0.0030169426969716443,0.0023394512470840973,ok,71.93126209261807,7.048931973055005
343,332,1446077,landscape,latent,3,0.008999999612569809,0.008303327485918999,0.0014518234342816615,0.0011898470401441668,ok,72.11888905905288,6.250329988077283
344,333,1446077,landscape,tangent_direct,3,0.008999999612569809,0.008309442549943924,0.001455044611421032,0.0011911345484287262,ok,72.12227919310263,6.115369807928801
345,334,1446077,landscape,random_direct,3,0.008999999612569809,0.0083094397559762,0.00452542615145131,0.0035091845611419856,ok,71.6256550453408,7.0686016865074635
346,335,1446077,landscape,latent,3,0.012000000104308128,0.011069794185459614,0.0019345193266813957,0.0015860888174767922,ok,72.07942548603954,6.091326508671045
347,336,1446077,landscape,tangent_direct,3,0.012000000104308128,0.011079252697527409,0.0019400702599648453,0.0015881858352847136,ok,72.09798090708667,6.24900334328413
348,337,1446077,landscape,random_direct,3,0.012000000104308128,0.011079256422817707,0.006033899334781269,0.004678910277697392,ok,71.20909333785929,7.073611944913864
349,338,1446077,landscape,latent,3,0.017999999225139618,0.01660306192934513,0.002898256903063539,0.002378308458464099,ok,72.01428192164512,6.1083102859556675
350,339,1446077,landscape,tangent_direct,3,0.017999999225139618,0.0166188795119524,0.002910081792554504,0.0023822648512403354,ok,72.0031023243356,6.089923771098256
351,340,1446077,landscape,random_direct,3,0.017999999225139618,0.0166188795119524,0.009050847763313519,0.007018364133409797,ok,67.42610380487972,7.230477539822459
352,341,1446077,landscape,latent,3,0.024000000208616257,0.02213946357369423,0.003860167458516379,0.003170533747199971,ok,71.95009849493545,6.114612605422735
353,342,1446077,landscape,tangent_direct,3,0.024000000208616257,0.022158509120345116,0.003880112397320747,0.003176358687002996,ok,71.92019662140419,6.10805107653141
354,343,1446077,landscape,random_direct,3,0.024000000208616257,0.022158509120345116,0.01206779247230282,0.009357822644689158,ok,60.895049822174,7.048333540558815
355,344,1446077,landscape,latent,3,0.029999999329447746,0.027682136744260788,0.004820738248650094,0.003963294697276478,ok,71.96121529075836,8.666333394125104
356,345,1446077,landscape,tangent_direct,3,0.029999999329447746,0.027698136866092682,0.004850163300968012,0.003970462549496695,ok,71.97610443079294,6.1133627369999886
357,346,1446077,landscape,random_direct,3,0.029999999329447746,0.027698135003447533,0.01508476160372244,0.011697287127682485,ok,53.18057090006035,7.069445613771677
358,347,1446077,landscape,latent,3,0.04500000178813934,0.04158816114068031,0.007219517701152888,0.005950937713754773,ok,71.74875223245338,6.093053102493286
359,348,1446077,landscape,tangent_direct,3,0.04500000178813934,0.04154720902442932,0.007275223716071384,0.005955678670449666,ok,71.71509128641758,6.248173035681248
360,349,1446077,landscape,random_direct,3,0.04500000178813934,0.04154720529913902,0.022627139105118578,0.01754592933785446,ok,36.55800714860192,6.115365445613861
361,350,1446077,landscape,latent,3,0.05999999865889549,0.055607087910175323,0.009621551869110526,0.007954121213134414,ok,71.48239573492796,6.109381075948477
362,351,1446077,landscape,tangent_direct,3,0.05999999865889549,0.055396273732185364,0.009700281623455424,0.007940897015087994,ok,71.43933945717055,6.093040190637112
363,352,1446077,landscape,random_direct,3,0.05999999865889549,0.055396273732185364,0.03016952895672213,0.02339457662731326,no_axis,0.11111288798407062,4.560011100023985
364,353,1446077,landscape,latent,3,0.09000000357627869,0.08421272784471512,0.01448056942867622,0.012052659276484896,ok,70.43647567363375,6.114264266565442
365,354,1446077,landscape,tangent_direct,3,0.09000000357627869,0.08309441059827805,0.014550419110097648,0.011911345329458818,ok,70.06692957395113,6.1080063208937645
366,355,1446077,landscape,random_direct,3,0.09000000357627869,0.08309441059827805,0.04525426655254072,0.03509184931116254,no_axis,0.11007581800817284,4.42719953507185
367,356,1446077,landscape,latent,3,0.11999999731779099,0.11400222033262253,0.01951654524546852,0.01637557478230997,ok,66.84331882017842,6.314653504639864
368,357,1446077,landscape,tangent_direct,3,0.11999999731779099,0.11079254746437073,0.019400549861060983,0.015881789531220984,ok,65.87163055051668,6.113395961001515
369,358,1446077,landscape,random_direct,3,0.11999999731779099,0.11079254746437073,0.06033902533270007,0.046789139271355,no_axis,0.10918374036380635,4.445311589166522
370,359,1446077,landscape,latent,3,0.18000000715255737,0.17977675795555115,0.03099546698523314,0.026522953342149515,flux_rejected,0.47900941395738034,5.781574342399836
371,360,1446077,landscape,tangent_direct,3,0.18000000715255737,0.1661888211965561,0.029100831434020175,0.023822685777961407,flux_rejected,0.4794725371469449,5.872342584654689
372,361,1446077,landscape,random_direct,3,0.18000000715255737,0.1661888211965561,0.09050856825200382,0.07018372831847222,ok,12.36520046488108,5.153555445373058
373,362,1446077,landscape,latent,3,0.23999999463558197,0.2613362967967987,0.04799281486043365,0.04203679899320238,flux_rejected,0.4762919341562175,5.741185873746872
374,363,1446077,landscape,tangent_direct,3,0.23999999463558197,0.22158509492874146,0.03880111254361319,0.031763583069596965,flux_rejected,0.47616271631464535,5.723063120618463
375,364,1446077,landscape,random_direct,3,0.23999999463558197,0.22158509492874146,0.12067808792834786,0.09357830008045241,ok,12.490021877145612,5.264705656096339
376,365,1826200,source_raw,,,,,5.230544956046952e-08,3.870823503004144e-08,ok,69.38161169980616,7.328669158741832
377,366,1826200,source_flipped,,,,,0.0,0.0,ok,69.38154697219039,7.2900307681411505
378,367,1826200,source_canonical,,,,,4.573024804328432e-08,3.309748510892392e-08,ok,69.40615999094842,7.268516583368182
379,368,1826200,reconstruction,,,,0.0,0.0,0.0,ok,69.39636564378334,7.512690830975771
380,369,1826200,landscape,latent,0,-0.23999999463558197,0.6064570546150208,0.8107813572891542,0.5813749781775621,no_axis,0.102303938968103,3.9501344189047813
381,370,1826200,landscape,tangent_direct,0,-0.23999999463558197,0.2541361153125763,0.058724186399490695,0.05202300017118009,no_surface,0.29986183954876494,2.760712867602706
382,371,1826200,landscape,random_direct,0,-0.23999999463558197,0.2541361153125763,0.1511698874702863,0.11498480923018964,no_axis,0.10802366441508422,3.925891686230898
383,372,1826200,landscape,latent,0,-0.18000000715255737,0.48551884293556213,0.73068766810681,0.519367028394809,no_axis,0.10176736344394455,4.042574008926749
384,373,1826200,landscape,tangent_direct,0,-0.18000000715255737,0.190602108836174,0.04404314197923556,0.03901725095429305,drift_rejected,0.3468350110614665,2.7676185443997383
385,374,1826200,landscape,random_direct,0,-0.18000000715255737,0.190602108836174,0.11337739431875293,0.08623859578848861,no_axis,0.10603197598685113,3.938927412033081
386,375,1826200,landscape,latent,0,-0.11999999731779099,0.133121058344841,0.03813520249156227,0.03323652131170118,ok,7.800339503385359,4.626314336434007
387,376,1826200,landscape,tangent_direct,0,-0.11999999731779099,0.12706805765628815,0.029362089078546004,0.026011496812189457,ok,9.302314049483266,5.644774038344622
388,377,1826200,landscape,random_direct,0,-0.11999999731779099,0.12706805765628815,0.07558493248800763,0.05749239895361512,no_axis,0.1079049707358753,3.9501893632113934
389,378,1826200,landscape,latent,0,-0.09000000357627869,0.09672698378562927,0.02466332445815074,0.02166224506783901,ok,10.02351027710565,6.404732136055827
390,379,1826200,landscape,tangent_direct,0,-0.09000000357627869,0.095301054418087,0.02202157094520328,0.01950862698916357,ok,12.219407390948538,6.437062233686447
391,380,1826200,landscape,random_direct,0,-0.09000000357627869,0.095301054418087,0.056688716881227945,0.04311930861805566,drift_rejected,0.36249658203697654,2.821546006947756
392,381,1826200,landscape,latent,0,-0.05999999865889549,0.06380731612443924,0.015389181732060908,0.013573245086673201,ok,21.53339040498819,6.415940487757325
393,382,1826200,landscape,tangent_direct,0,-0.05999999865889549,0.06353402882814407,0.014681045429704751,0.013005749185167535,ok,24.66327482467087,6.400042502209544
394,383,1826200,landscape,random_direct,0,-0.05999999865889549,0.06353402882814407,0.037792460623423986,0.028746195820521687,drift_rejected,0.3720027570163476,4.355055471882224
395,384,1826200,landscape,latent,0,-0.04500000178813934,0.04773670807480812,0.011319093330047587,0.009997677273625211,ok,35.72683835139385,6.548690931871533
396,385,1826200,landscape,tangent_direct,0,-0.04500000178813934,0.0476505272090435,0.01101077672190201,0.00975430705231529,ok,38.11787642102147,6.415886232629418
397,386,1826200,landscape,random_direct,0,-0.04500000178813934,0.0476505272090435,0.028344336584165294,0.021559641308843174,drift_rejected,0.38197068223552827,4.404277501627803
398,387,1826200,landscape,latent,0,-0.029999999329447746,0.03177988901734352,0.007444232245708936,0.0065827509067641525,ok,55.22561693961506,6.387602815404534
399,388,1826200,landscape,tangent_direct,0,-0.029999999329447746,0.031767018139362335,0.007340535537305503,0.006502882484513666,ok,56.31865634458344,6.547662014141679
400,389,1826200,landscape,random_direct,0,-0.029999999329447746,0.031767018139362335,0.018896221382808887,0.014373092580624552,flux_rejected,0.4544008325933413,5.464288126677275
401,390,1826200,landscape,latent,0,-0.024000000208616257,0.02541588991880417,0.005931020968274104,0.00524677573667023,ok,62.7235492482099,6.401301816105843
402,391,1826200,landscape,tangent_direct,0,-0.024000000208616257,0.02541361190378666,0.005872422977220978,0.0052023022532567565,ok,63.31097125740591,6.4905941393226385
403,392,1826200,landscape,random_direct,0,-0.024000000208616257,0.025413615629076958,0.015116963920075104,0.011498466747854895,flux_rejected,0.45375667080970694,5.632145004346967
404,393,1826200,landscape,latent,0,-0.017999999225139618,0.019058268517255783,0.004432955787178124,0.003923037659430154,ok,68.47445268840532,8.51627497933805
405,394,1826200,landscape,tangent_direct,0,-0.017999999225139618,0.019060207530856133,0.0044043150612470515,0.0039017242061913063,ok,68.71835808351778,6.3999405689537525
406,395,1826200,landscape,random_direct,0,-0.017999999225139618,0.019060209393501282,0.011337726925128641,0.008623852999367819,ok,8.529146167129928,6.386971233412623
407,396,1826200,landscape,latent,0,-0.012000000104308128,0.012704562395811081,0.0029469388985606136,0.002608894172417509,ok,71.8432086961867,6.580500664189458
408,397,1826200,landscape,tangent_direct,0,-0.012000000104308128,0.01270680595189333,0.0029362112447575517,0.0026011509885774586,ok,71.94773439525754,6.412698337808251
409,398,1826200,landscape,random_direct,0,-0.012000000104308128,0.01270680595189333,0.007558483084423796,0.0057492346808608544,ok,10.337965203963991,6.40103742480278
410,399,1826200,landscape,latent,0,-0.008999999612569809,0.009528441354632378,0.002207500863395226,0.0019546171874001744,ok,66.17617811415147,7.267763173207641
411,400,1826200,landscape,tangent_direct,0,-0.008999999612569809,0.00953010655939579,0.0022021508208965998,0.0019508581309366558,ok,66.1829848504632,7.467491453513503
412,401,1826200,landscape,random_direct,0,-0.008999999612569809,0.00953010655939579,0.005668861232257238,0.0043119239258685715,ok,15.331119725200956,6.450783599168062
413,402,1826200,landscape,latent,0,-0.006000000052154064,0.006352447438985109,0.0014700920638319986,0.0013019119260510206,ok,68.03904673430482,7.620162101462483
414,403,1826200,landscape,tangent_direct,0,-0.006000000052154064,0.0063534025102853775,0.0014681082648422678,0.0013005766536060969,ok,68.08665899666472,7.311155118048191
415,404,1826200,landscape,random_direct,0,-0.006000000052154064,0.006353403907269239,0.0037792291657129167,0.002874609702181506,ok,30.22755682546559,7.497422929853201
416,405,1826200,landscape,latent,0,-0.004000000189989805,0.0042350394651293755,0.0009794244617657936,0.0008674679746240317,ok,68.80133432713309,7.315236814320087
417,406,1826200,landscape,tangent_direct,0,-0.004000000189989805,0.004235601983964443,0.0009787387597544525,0.0008670512514484719,ok,68.80602416440425,7.283908540382981
418,407,1826200,landscape,random_direct,0,-0.004000000189989805,0.0042356024496257305,0.0025194830059746915,0.0019164052509050354,ok,48.537142364438175,7.268600169569254
419,408,1826200,landscape,latent,0,-0.0020000000949949026,0.0021176100708544254,0.0004893977490164274,0.000433513826978785,ok,69.21904569380098,7.448134081438184
420,409,1826200,landscape,tangent_direct,0,-0.0020000000949949026,0.0021178056485950947,0.0004893645430319286,0.00043352287146631663,ok,69.23497328224316,7.298240080475807
421,410,1826200,landscape,random_direct,0,-0.0020000000949949026,0.002117801457643509,0.001259743082987289,0.000958203705820736,ok,65.91632244299788,7.288407228887081
422,411,1826200,landscape,latent,0,-0.0010000000474974513,0.00105884054210037,0.00024462592154096897,0.0002167041316718376,ok,69.35400254088236,7.269375391304493
423,412,1826200,landscape,tangent_direct,0,-0.0010000000474974513,0.00105890107806772,0.00024469467645765167,0.00021677058937362998,ok,69.33565024025508,7.4497548919171095
424,413,1826200,landscape,random_direct,0,-0.0010000000474974513,0.001058900379575789,0.0006298557387173492,0.0004790923840317233,ok,69.12128337286383,7.298931919038296
425,414,1826200,landscape,latent,0,0.0,1.0436745867536956e-07,4.4640317867836566e-08,3.318825207861222e-08,ok,69.39092581663293,7.28907142393291
426,368,1826200,landscape,tangent_direct,0,0.0,0.0,0.0,0.0,ok,69.39636564378334,7.512690830975771
427,368,1826200,landscape,random_direct,0,0.0,0.0,0.0,0.0,ok,69.39636564378334,7.512690830975771
428,415,1826200,landscape,latent,0,0.0010000000474974513,0.0010590639431029558,0.00024456289587401276,0.00021666791705906994,ok,69.4815908931213,7.303392011672258
429,416,1826200,landscape,tangent_direct,0,0.0010000000474974513,0.00105890107806772,0.00024468860605892035,0.00021676582707349568,ok,69.42400197225354,7.451610412448645
430,417,1826200,landscape,random_direct,0,0.0010000000474974513,0.0010589002631604671,0.000629886175286069,0.0004791090028077858,ok,67.23165257260244,7.300093654543161
431,418,1826200,landscape,latent,0,0.0020000000949949026,0.0021180210169404745,0.000488976265645194,0.0004332243917364866,ok,69.4386528844392,7.283569600433111
432,419,1826200,landscape,tangent_direct,0,0.0020000000949949026,0.0021178056485950947,0.000489368591654005,0.0004335268623413819,ok,69.45962462733281,7.269606105983257
433,420,1826200,landscape,random_direct,0,0.0020000000949949026,0.0021178016904741526,0.001259757090349579,0.0009582111785146969,ok,60.647394656498314,7.448780618607998
434,421,1826200,landscape,latent,0,0.004000000189989805,0.00423627533018589,0.0009774401376324785,0.0008660962214779943,ok,69.27245314638286,7.29867890290916
435,422,1826200,landscape,tangent_direct,0,0.004000000189989805,0.004235601518303156,0.0009787327260080464,0.0008670483757332739,ok,69.2949707134137,7.284039719030261
436,423,1826200,landscape,random_direct,0,0.004000000189989805,0.0042356024496257305,0.0025195063507963407,0.001916417396847727,ok,40.05730640456465,7.26781128719449
437,424,1826200,landscape,latent,0,0.006000000052154064,0.006354932207614183,0.0014656448212360313,0.0012988177602290933,ok,68.95609773850464,7.450081113725901
438,425,1826200,landscape,tangent_direct,0,0.006000000052154064,0.0063534025102853775,0.0014681109206636411,0.0013005794669974158,ok,68.9926056027163,7.298763515427709
439,426,1826200,landscape,random_direct,0,0.006000000052154064,0.006353403907269239,0.00377926255777763,0.002874628421438881,ok,41.99647874033194,6.40457964502275
440,427,1826200,landscape,latent,0,0.008999999612569809,0.009533852338790894,0.002197383502146142,0.001947582530428465,flux_rejected,0.49606235962497974,7.145004024729133
441,428,1826200,landscape,tangent_direct,0,0.008999999612569809,0.009530105628073215,0.002202157898391231,0.0019508635544497623,flux_rejected,0.4959509033134086,7.319043535739183
442,429,1826200,landscape,random_direct,0,0.008999999612569809,0.00953010655939579,0.005668877781217124,0.004311932739736134,ok,23.60983872293894,6.4152932949364185
443,430,1826200,landscape,latent,0,0.012000000104308128,0.01271397527307272,0.00292877027730657,0.002596223062944046,flux_rejected,0.49526259157012253,7.052705736830831
444,431,1826200,landscape,tangent_direct,0,0.012000000104308128,0.012706806883215904,0.002936217631773744,0.0026011564168823918,flux_rejected,0.4948571170432319,7.034508531913161
445,432,1826200,landscape,random_direct,0,0.012000000104308128,0.01270680595189333,0.007558501293811816,0.0057492449713580735,ok,14.356994952320596,6.5477060955017805
446,433,1826200,landscape,latent,0,0.017999999225139618,0.01907859370112419,0.004391283013291611,0.0038938856153545582,flux_rejected,0.49216020818062867,6.401981150731444
447,434,1826200,landscape,tangent_direct,0,0.017999999225139618,0.019060205668210983,0.004404315584692293,0.00390172634639792,flux_rejected,0.4924919355004536,6.3917285948991776
448,435,1826200,landscape,random_direct,0,0.017999999225139618,0.019060209393501282,0.011337756674301574,0.00862386939511309,ok,9.606737389915052,6.71329396404326
449,436,1826200,landscape,latent,0,0.024000000208616257,0.025450628250837326,0.005855051566935016,0.00519343346927231,flux_rejected,0.4800356619472739,5.685762517154217
450,437,1826200,landscape,tangent_direct,0,0.024000000208616257,0.02541361190378666,0.005872422127054785,0.005202301097290125,flux_rejected,0.47976030313079826,5.573757287114859
451,438,1826200,landscape,random_direct,0,0.024000000208616257,0.025413615629076958,0.015116999332186687,0.011498487511612168,ok,8.505690193499836,7.291011596098542
452,439,1826200,landscape,latent,0,0.029999999329447746,0.0318312793970108,0.0073215928673523644,0.006496225067144907,flux_rejected,0.4771791033809465,5.440791184082627
453,440,1826200,landscape,tangent_direct,0,0.029999999329447746,0.031767018139362335,0.007340525666118428,0.006502877686264847,flux_rejected,0.47700170822557375,5.573995655402541
454,441,1826200,landscape,random_direct,0,0.029999999329447746,0.031767018139362335,0.018896259937037873,0.014373113923400994,ok,7.795961658671145,7.299205278977752
455,442,1826200,landscape,latent,0,0.04500000178813934,0.04782998189330101,0.0110106200063689,0.009776759530721083,no_axis,0.11199083088090794,3.9407111518085003
456,443,1826200,landscape,tangent_direct,0,0.04500000178813934,0.0476505272090435,0.011010787504140923,0.009754313469304977,no_axis,0.11193912407101535,3.926549980416894
457,444,1826200,landscape,random_direct,0,0.04500000178813934,0.0476505272090435,0.028344367423751002,0.021559660178568793,ok,6.7847169996210095,7.4475047793239355
458,445,1826200,landscape,latent,0,0.05999999865889549,0.06391257792711258,0.014751987054243654,0.01310866445298782,no_axis,0.11181714226491064,3.9506620671600103
459,446,1826200,landscape,tangent_direct,0,0.05999999865889549,0.06353402882814407,0.01468104477817668,0.013005748790095022,no_axis,0.11172684012800421,3.940031982958317
460,447,1826200,landscape,random_direct,0,0.05999999865889549,0.06353402882814407,0.03779247252414904,0.028746203370337384,ok,6.276766552833677,7.2678623758256435
461,448,1826200,landscape,latent,0,0.09000000357627869,0.09642214328050613,0.02250141299692543,0.020022579368013733,no_axis,0.11153557752270503,4.060698045417666
462,449,1826200,landscape,tangent_direct,0,0.09000000357627869,0.095301054418087,0.022021572788187813,0.019508628702896096,no_axis,0.1112580317870125,3.949920728802681
463,450,1826200,landscape,random_direct,0,0.09000000357627869,0.095301054418087,0.056688736957633296,0.0431193209004387,no_axis,0.1065376662807953,3.940279820933938
464,451,1826200,landscape,latent,0,0.11999999731779099,0.12958835065364838,0.03084418542987604,0.027472616082516544,no_axis,0.11119009536456625,3.9273186940699816
465,452,1826200,landscape,tangent_direct,0,0.11999999731779099,0.12706805765628815,0.029362095989051522,0.02601150238258801,no_axis,0.11073835165514341,4.042185006663203
466,453,1826200,landscape,random_direct,0,0.11999999731779099,0.12706805765628815,0.07558497064735484,0.057492419695498065,no_axis,0.10999875029467146,3.9505539778620005
467,454,1826200,landscape,latent,0,0.18000000715255737,0.19924339652061462,0.05109390374466481,0.04544454048425707,no_axis,0.10699289132921071,3.939943391829729
468,455,1826200,landscape,tangent_direct,0,0.18000000715255737,0.190602108836174,0.04404313911515003,0.039017250746888936,no_axis,0.10966500899670349,3.9261097703129053
469,456,1826200,landscape,random_direct,0,0.18000000715255737,0.1906021237373352,0.11337744130198926,0.08623862445646928,no_axis,0.10947254593848516,4.042251441627741
470,457,1826200,landscape,latent,0,0.23999999463558197,0.27497076988220215,0.07912985919909699,0.06989370764087674,ok,5.5183290947656145,6.416381379589438
471,458,1826200,landscape,tangent_direct,0,0.23999999463558197,0.2541361153125763,0.05872419476865045,0.052023006746451425,no_axis,0.10855302164436356,3.9403436612337828
472,459,1826200,landscape,random_direct,0,0.23999999463558197,0.2541361153125763,0.15116991559653978,0.11498482632005327,drift_rejected,0.33736686294197243,2.7493335735052824
473,460,1826200,landscape,latent,1,-0.23999999463558197,0.2362297624349594,0.0935019129066604,0.07557403818333962,drift_rejected,0.334637934725874,2.821998840197921
474,461,1826200,landscape,tangent_direct,1,-0.23999999463558197,0.20300869643688202,0.05839199665601241,0.04786428420381253,no_axis,0.10586137401700896,3.9506084229797125
475,462,1826200,landscape,random_direct,1,-0.23999999463558197,0.20300866663455963,0.14873655473096353,0.11209702668502763,no_surface,0.29459422880592023,4.85737725533545
476,463,1826200,landscape,latent,1,-0.18000000715255737,0.1593635380268097,0.05431058414423049,0.0442916244911569,drift_rejected,0.3591925558006721,2.751129813492298
477,464,1826200,landscape,tangent_direct,1,-0.18000000715255737,0.15225651860237122,0.043794004069101285,0.035898214994796465,no_axis,0.10784875913771122,4.042261580005288
478,465,1826200,landscape,random_direct,1,-0.18000000715255737,0.15225651860237122,0.11155238866102453,0.0840727550448995,drift_rejected,0.34123995792190154,2.778306471183896
479,466,1826200,landscape,latent,1,-0.11999999731779099,0.10211306810379028,0.03213279901732225,0.02630811051238984,drift_rejected,0.3706791621520853,4.352801837027073
480,467,1826200,landscape,tangent_direct,1,-0.11999999731779099,0.10150434821844101,0.029195983080953194,0.02393213072869941,drift_rejected,0.3724001570364539,3.5785670541226864
481,468,1826200,landscape,random_direct,1,-0.11999999731779099,0.10150433331727982,0.07436824886841192,0.056048496716914656,drift_rejected,0.35322118402758407,2.8214154448360205
482,469,1826200,landscape,latent,1,-0.09000000357627869,0.07598969340324402,0.02327970724697589,0.019076731934821466,drift_rejected,0.3848074131082226,4.470429252833128
483,470,1826200,landscape,tangent_direct,1,-0.09000000357627869,0.0761282667517662,0.021897003682465752,0.017949110684525864,drift_rejected,0.38461727684667163,4.405898608267307
484,471,1826200,landscape,random_direct,1,-0.09000000357627869,0.07612825930118561,0.055776217634785526,0.04203639114075752,drift_rejected,0.36710231943547067,2.7485816031694412
485,472,1826200,landscape,latent,1,-0.05999999865889549,0.05050675570964813,0.01512473583643453,0.012399281685347568,flux_rejected,0.48165207179460756,5.630933992564678
486,473,1826200,landscape,tangent_direct,1,-0.05999999865889549,0.050752174109220505,0.014597995012928598,0.011966068316220367,flux_rejected,0.48015196040583086,5.520624238997698
487,474,1826200,landscape,random_direct,1,-0.05999999865889549,0.050752170383930206,0.03718411594345285,0.028024242832337377,drift_rejected,0.37551919824885743,4.353868179023266
488,475,1826200,landscape,latent,1,-0.04500000178813934,0.037877656519412994,0.01122425127889296,0.009202374893217572,flux_rejected,0.48264716606531044,6.154814016073942
489,476,1826200,landscape,tangent_direct,1,-0.04500000178813934,0.038064129650592804,0.010948491260085472,0.008974547867998794,flux_rejected,0.48180968652988104,6.307852443307638
490,477,1826200,landscape,random_direct,1,-0.04500000178813934,0.038064129650592804,0.027888105296099596,0.021018193835483243,ok,8.07517793605187,4.646632451564074
491,478,1826200,landscape,latent,1,-0.029999999329447746,0.025271791964769363,0.007413135084710257,0.006077801639917976,flux_rejected,0.4933660141495443,9.151639835909009
492,479,1826200,landscape,tangent_direct,1,-0.029999999329447746,0.025376085191965103,0.0072989880970276465,0.005983027016145577,flux_rejected,0.4922762297489974,9.167068453505635
493,480,1826200,landscape,random_direct,1,-0.029999999329447746,0.025376083329319954,0.018592053566838247,0.014012118050604993,ok,9.497702594407238,5.6430527325719595
494,481,1826200,landscape,latent,1,-0.024000000208616257,0.020228562876582146,0.0059101587556448735,0.00484547999142422,ok,68.25160045014455,7.300252731889486
495,482,1826200,landscape,tangent_direct,1,-0.024000000208616257,0.02030087076127529,0.005839199420024579,0.004786429903627157,ok,68.38889735008009,7.286782091483474
496,483,1826200,landscape,random_direct,1,-0.024000000208616257,0.020300867035984993,0.014873639267539951,0.01120969288195205,ok,10.756952657650046,6.440340289846063
497,484,1826200,landscape,latent,1,-0.017999999225139618,0.015181622467935085,0.004418027533968366,0.003622055713274075,ok,69.0406710222774,7.4458287358284
498,485,1826200,landscape,tangent_direct,1,-0.017999999225139618,0.015225651673972607,0.0043794056482226945,0.0035898244794073495,ok,69.12291144748542,7.29838071577251
499,486,1826200,landscape,random_direct,1,-0.017999999225139618,0.015225649811327457,0.011155219294925665,0.008407263267931238,ok,15.65318783881438,7.305448081344366
500,487,1826200,landscape,latent,1,-0.012000000104308128,0.010129276663064957,0.0029361789291168635,0.0024070937329133085,ok,69.47672419934236,7.270438585430384
501,488,1826200,landscape,tangent_direct,1,-0.012000000104308128,0.01015043631196022,0.0029196005098281893,0.0023932134200298754,ok,69.5648098756459,7.4480284713208675
502,489,1826200,landscape,random_direct,1,-0.012000000104308128,0.010150435380637646,0.007436809190987114,0.005604841280310347,ok,30.147527912756246,7.2996083199977875
503,490,1826200,landscape,latent,1,-0.008999999612569809,0.007600369397550821,0.0021988296272764437,0.0018025672075749229,ok,69.5852058332005,7.2880192175507545
504,491,1826200,landscape,tangent_direct,1,-0.008999999612569809,0.007612826302647591,0.0021896970325496505,0.001794908288138388,ok,69.59102440521646,7.371512208133936
505,492,1826200,landscape,random_direct,1,-0.008999999612569809,0.007612826302647591,0.005577606285548537,0.004203628625803198,ok,43.7472464069949,7.454753424972296
506,493,1826200,landscape,latent,1,-0.006000000052154064,0.005069372709840536,0.0014636981366201295,0.0011999014516207132,ok,69.60883316291061,7.297747353091836
507,494,1826200,landscape,tangent_direct,1,-0.006000000052154064,0.005075215827673674,0.0014597918449814147,0.0011966011574142202,ok,69.61366997046859,7.286767648532987
508,495,1826200,landscape,random_direct,1,-0.006000000052154064,0.005075215827673674,0.0037184040696945004,0.002802419903534181,ok,60.30313807250799,7.268631588667631
509,496,1826200,landscape,latent,1,-0.004000000189989805,0.0033807046711444855,0.0009748494463985385,0.0007991412837469472,ok,69.57875459785379,7.445913100615144
510,497,1826200,landscape,tangent_direct,1,-0.004000000189989805,0.003383479081094265,0.000973190570423696,0.0007977320808859734,ok,69.60320168960007,7.298987524583936
511,498,1826200,landscape,random_direct,1,-0.004000000189989805,0.003383478382602334,0.00247893736626363,0.0018682783588332848,ok,69.10994133409356,7.287618542090058
512,499,1826200,landscape,latent,1,-0.0020000000949949026,0.0016910077538341284,0.00048697450021855613,0.0003991997255482844,ok,69.55796733994856,7.269521206617355
513,500,1826200,landscape,tangent_direct,1,-0.0020000000949949026,0.0016917403554543853,0.00048660104648133964,0.0003988679538306505,ok,69.53864541684564,7.446725454181433
514,501,1826200,landscape,random_direct,1,-0.0020000000949949026,0.0016917409375309944,0.0012394714387141065,0.0009341424985007822,ok,72.86384318845685,6.417660992592573
515,502,1826200,landscape,latent,1,-0.0010000000474974513,0.0008456744253635406,0.0002433559467281463,0.0001994919979850964,ok,69.51076607738455,7.2878178879618645
516,503,1826200,landscape,tangent_direct,1,-0.0010000000474974513,0.0008458696538582444,0.0002433011184230585,0.00019943314669654207,ok,69.49999596103675,7.270209463313222
517,504,1826200,landscape,random_direct,1,-0.0010000000474974513,0.0008458700031042099,0.0006197193150819492,0.0004670603814615609,ok,68.9985240509449,7.445446332916617
518,414,1826200,landscape,latent,1,0.0,1.0436745867536956e-07,4.4640317867836566e-08,3.318825207861222e-08,ok,69.39092581663293,7.28907142393291
519,368,1826200,landscape,tangent_direct,1,0.0,0.0,0.0,0.0,ok,69.39636564378334,7.512690830975771
520,368,1826200,landscape,random_direct,1,0.0,0.0,0.0,0.0,ok,69.39636564378334,7.512690830975771
521,505,1826200,landscape,latent,1,0.0010000000474974513,0.000845864589791745,0.00024316102497679874,0.0001993143618158584,ok,69.33396768418952,7.298156408593059
522,506,1826200,landscape,tangent_direct,1,0.0010000000474974513,0.0008458696538582444,0.0002433044858566668,0.00019943838472525618,ok,69.34236146766659,7.2868219204247
523,507,1826200,landscape,random_direct,1,0.0010000000474974513,0.0008458700031042099,0.00061973439608208,0.00046707177561539195,ok,68.7912870792115,7.537879748269916
524,508,1826200,landscape,latent,1,0.0020000000949949026,0.0016921564238145947,0.000486093569734674,0.00039845154346015624,ok,69.27668276064676,7.4472850933671
525,509,1826200,landscape,tangent_direct,1,0.0020000000949949026,0.0016917403554543853,0.00048660874180721247,0.00039887397021276815,ok,69.25489408175645,7.298556096851826
526,510,1826200,landscape,random_direct,1,0.0020000000949949026,0.0016917410539463162,0.0012394778693840215,0.0009341474239581925,ok,66.71438416934949,7.287014503031969
527,511,1826200,landscape,latent,1,0.004000000189989805,0.0033856297377496958,0.0009712771277866169,0.0007961310350257702,ok,68.99712370091724,7.272506842389703
528,512,1826200,landscape,tangent_direct,1,0.004000000189989805,0.0033834795467555523,0.0009731994408195875,0.0007977412884697223,ok,69.003149361222,7.446989243850112
529,513,1826200,landscape,random_direct,1,0.004000000189989805,0.0033834779169410467,0.0024789542372805266,0.001868289769235734,flux_rejected,0.48921770537879755,7.010335933417082
530,514,1826200,landscape,latent,1,0.006000000052154064,0.005080522503703833,0.001455626292483427,0.0011931084732506427,ok,68.72823051150421,7.28966136649251
531,515,1826200,landscape,tangent_direct,1,0.006000000052154064,0.005075216293334961,0.001459799113028249,0.0011966058387475774,ok,68.72638497016605,7.269343167543411
532,516,1826200,landscape,random_direct,1,0.006000000052154064,0.005075216758996248,0.0037184141212061473,0.0028024269691498136,flux_rejected,0.4858299190648988,5.686713298782706
533,517,1826200,landscape,latent,1,0.008999999612569809,0.007625656668096781,0.0021805890880816493,0.0017872728022256497,ok,68.11228646107429,7.301009094342589
534,518,1826200,landscape,tangent_direct,1,0.008999999612569809,0.007612825371325016,0.0021897038825753833,0.0017949161470810276,ok,68.1271136617297,7.287979943677783
535,519,1826200,landscape,random_direct,1,0.008999999612569809,0.007612826302647591,0.005577625849015582,0.004203641671835811,flux_rejected,0.4803214606891804,5.33054294064641
536,520,1826200,landscape,latent,1,0.012000000104308128,0.010174287483096123,0.0029037420199102726,0.0023799012861064183,ok,67.2666706688628,7.529114618897438
537,521,1826200,landscape,tangent_direct,1,0.012000000104308128,0.01015043631196022,0.0029196067420495246,0.0023932204418623997,ok,67.35633018566317,7.298140248283744
538,522,1826200,landscape,random_direct,1,0.012000000104308128,0.010150435380637646,0.007436816669132809,0.00560484583698469,no_axis,0.11182745335746168,3.93923663161695
539,523,1826200,landscape,latent,1,0.017999999225139618,0.015283098444342613,0.0043449922282904965,0.003560840505472379,ok,72.3189016359799,6.388550141826272
540,524,1826200,landscape,tangent_direct,1,0.017999999225139618,0.015225652605295181,0.004379408394225318,0.0035898264597876866,ok,72.40294531083144,6.62689714692533
541,525,1826200,landscape,random_direct,1,0.017999999225139618,0.015225649811327457,0.01115525136285674,0.008407283147923342,no_axis,0.1114530251479637,3.9502066876739264
542,526,1826200,landscape,latent,1,0.024000000208616257,0.020408887416124344,0.005779950622122538,0.004736366160576624,ok,71.12459390661755,6.420554956421256
543,527,1826200,landscape,tangent_direct,1,0.024000000208616257,0.02030087076127529,0.00583920041654473,0.004786428560399377,ok,71.27717384556017,6.386689016595483
544,528,1826200,landscape,random_direct,1,0.024000000208616257,0.020300867035984993,0.014873659003560271,0.011209705132691495,no_axis,0.11107244471615635,4.042158491909504
545,529,1826200,landscape,latent,1,0.029999999329447746,0.025553550571203232,0.007209183484531436,0.0059069121118372585,ok,69.25500128734933,6.455081272870302
546,530,1826200,landscape,tangent_direct,1,0.029999999329447746,0.025376085191965103,0.007298995172567766,0.005983032360006494,ok,69.59659701690971,6.404710980132222
547,531,1826200,landscape,random_direct,1,0.029999999329447746,0.025376083329319954,0.018592085406012867,0.014012137648209626,no_axis,0.11064268414527681,3.9233475364744663
548,532,1826200,landscape,latent,1,0.04500000178813934,0.03851054608821869,0.010761202042302553,0.00881449550235357,ok,61.532153868437625,6.546244775876403
549,533,1826200,landscape,tangent_direct,1,0.04500000178813934,0.0380641333758831,0.010948498467203971,0.008974552130972542,ok,62.6753857411063,6.4595534689724445
550,534,1826200,landscape,random_direct,1,0.04500000178813934,0.038064129650592804,0.02788811569832359,0.021018200290274867,no_axis,0.10958855589511536,3.939358262345195
551,535,1826200,landscape,latent,1,0.05999999865889549,0.051629438996315,0.014290849279422887,0.011701099943609097,ok,51.03694822770194,6.387074211612344
552,536,1826200,landscape,tangent_direct,1,0.05999999865889549,0.050752174109220505,0.014597999882929499,0.01196607265679632,ok,53.238415577136166,6.54696718044579
553,537,1826200,landscape,random_direct,1,0.05999999865889549,0.050752170383930206,0.03718412970223662,0.028024251904045182,no_axis,0.1084202585625689,4.026968324556947
554,538,1826200,landscape,latent,1,0.09000000357627869,0.07851193100214005,0.02132482429255637,0.017443612300657756,ok,30.745524506466598,6.398498542606831
555,539,1826200,landscape,tangent_direct,1,0.09000000357627869,0.0761282667517662,0.021897011584208106,0.017949115192635312,ok,34.321999625447,6.388491990044713
556,540,1826200,landscape,random_direct,1,0.09000000357627869,0.07612825930118561,0.05577622719277981,0.04203639591872191,no_axis,0.10572853973744203,4.0421643275767565
557,541,1826200,landscape,latent,1,0.11999999731779099,0.10662265866994858,0.028396039760276357,0.023203574660726853,ok,17.810654751691036,7.297595679759979
558,542,1826200,landscape,tangent_direct,1,0.11999999731779099,0.10150434076786041,0.029196004958133712,0.02393214652876916,ok,21.2727126890157,6.410213792696595
559,543,1826200,landscape,random_direct,1,0.11999999731779099,0.10150433331727982,0.07436826296901096,0.05604850668264355,no_axis,0.10111176067598303,3.934038681909442
560,544,1826200,landscape,latent,1,0.18000000715255737,0.16870665550231934,0.04294010739952069,0.03504316327447853,ok,9.74701457379346,6.546255020424724
561,545,1826200,landscape,tangent_direct,1,0.18000000715255737,0.15225651860237122,0.043794002247304106,0.035898216097825474,ok,10.919470713724776,7.296756561845541
562,546,1826200,landscape,random_direct,1,0.18000000715255737,0.15225651860237122,0.11155242097626705,0.08407277549763624,drift_rejected,0.35164019862487716,3.6114150770008564
563,547,1826200,landscape,latent,1,0.23999999463558197,0.24160265922546387,0.05843160131784927,0.04770333684683094,flux_rejected,0.46871185312701763,5.458697224035859
564,548,1826200,landscape,tangent_direct,1,0.23999999463558197,0.20300869643688202,0.058392002032181735,0.047864287580598075,ok,8.879938631184483,6.547690100967884
565,549,1826200,landscape,random_direct,1,0.23999999463558197,0.20300868153572083,0.14873656340610514,0.11209703439318211,ok,2.850578526091315,3.907152419909835
566,550,1826200,landscape,latent,2,-0.23999999463558197,0.31784436106681824,0.13926075428904341,0.11538720238951486,no_axis,0.11000738157307405,3.9366830214858055
567,551,1826200,landscape,tangent_direct,2,-0.23999999463558197,0.23761864006519318,0.1010176451476826,0.08603430735016114,no_axis,0.11023822077294552,3.9232131894677877
568,552,1826200,landscape,random_direct,2,-0.23999999463558197,0.23761864006519318,0.12361065880353643,0.10182869580380162,no_axis,0.10845751447277535,4.043651459738612
569,553,1826200,landscape,latent,2,-0.18000000715255737,0.2218836098909378,0.0965452400523628,0.08060145573866864,no_axis,0.11118918757808752,3.949925858527422
570,554,1826200,landscape,tangent_direct,2,-0.18000000715255737,0.17821399867534637,0.07576323061474527,0.06452572787773762,no_axis,0.11083411400497421,3.9335329812020063
571,555,1826200,landscape,random_direct,2,-0.18000000715255737,0.17821399867534637,0.09270798769839039,0.07637151726509511,no_axis,0.10512693281103898,3.922901339828968
572,556,1826200,landscape,latent,2,-0.11999999731779099,0.13357487320899963,0.05686854523121904,0.047992460916949954,no_axis,0.11185711745564811,4.042621478438377
573,557,1826200,landscape,tangent_direct,2,-0.11999999731779099,0.11880932003259659,0.05050883482024983,0.04301716082692898,no_axis,0.11160604525146052,3.949866361916065
574,558,1826200,landscape,random_direct,2,-0.11999999731779099,0.11880932003259659,0.06180531934192803,0.05091434003804867,no_axis,0.10588878291226363,3.9347713366150856
575,559,1826200,landscape,latent,2,-0.09000000357627869,0.09608207643032074,0.040714133199338434,0.034479492238764835,ok,33.64403149828446,7.2673834301531315
576,560,1826200,landscape,tangent_direct,2,-0.09000000357627869,0.08910699933767319,0.03788161240802245,0.03226286606316482,ok,27.833619852414856,7.447977872565389
577,561,1826200,landscape,random_direct,2,-0.09000000357627869,0.08910699188709259,0.046353995737999434,0.03818575694859758,no_axis,0.10788308993224344,3.9495881646871567
578,562,1826200,landscape,latent,2,-0.05999999865889549,0.06202966347336769,0.026257002326380535,0.02229028941709279,ok,53.53198234818673,7.280883315950632
579,563,1826200,landscape,tangent_direct,2,-0.05999999865889549,0.05940466374158859,0.0252544151645869,0.02150857842838323,ok,49.91357368070384,7.2682068813592196
580,564,1826200,landscape,random_direct,2,-0.05999999865889549,0.059404660016298294,0.030902667585786987,0.025457173568392676,no_axis,0.10990182971462772,4.042536236345768
581,565,1826200,landscape,latent,2,-0.04500000178813934,0.04591797664761543,0.01944475579832223,0.016522955906190084,ok,64.30265860271955,7.298384763300419
582,566,1826200,landscape,tangent_direct,2,-0.04500000178813934,0.044553499668836594,0.018940805713162444,0.016131429370158917,ok,62.57690479203378,7.340777408331633
583,567,1826200,landscape,random_direct,2,-0.04500000178813934,0.044553499668836594,0.02317698513706445,0.019092873410462237,no_axis,0.11075043819676395,3.923434505239129
584,568,1826200,landscape,latent,2,-0.029999999329447746,0.03026353381574154,0.01282682350192478,0.010908584747139797,ok,71.48308564111743,6.547713389620185
585,569,1826200,landscape,tangent_direct,2,-0.029999999329447746,0.029702328145503998,0.012627208837724785,0.010754290472779487,ok,71.15755040714899,6.414437480270863
586,570,1826200,landscape,random_direct,2,-0.029999999329447746,0.029702328145503998,0.01545132385226012,0.012728578523028816,no_axis,0.11143196864985534,3.9405865110456944
587,571,1826200,landscape,latent,2,-0.024000000208616257,0.02410987578332424,0.010223426850909358,0.008697226855966519,ok,72.74665434821551,6.386130552738905
588,572,1826200,landscape,tangent_direct,2,-0.024000000208616257,0.023761864751577377,0.01010176413221949,0.00860343104425944,ok,72.6356784977076,6.5474265050143
589,573,1826200,landscape,random_direct,2,-0.024000000208616257,0.023761864751577377,0.012361059325330107,0.010182866410703947,no_axis,0.11167276660759509,3.9503684043884277
590,574,1826200,landscape,latent,2,-0.017999999225139618,0.018010791391134262,0.007641260126473388,0.00650247095291963,ok,73.10258854062054,6.400858540087938
591,575,1826200,landscape,tangent_direct,2,-0.017999999225139618,0.01782139763236046,0.007576308618196418,0.006452563401813167,ok,73.09892310546863,6.38694529607892
592,576,1826200,landscape,random_direct,2,-0.017999999225139618,0.01782139576971531,0.009270780467010253,0.007637140112175828,no_axis,0.11189813375194664,4.042667105793953
593,577,1826200,landscape,latent,2,-0.012000000104308128,0.01196200866252184,0.005077949141270378,0.00432241777952787,ok,69.8789584554718,7.298927379772067
594,578,1826200,landscape,tangent_direct,2,-0.012000000104308128,0.011880932375788689,0.005050885317386443,0.004301716580975929,ok,69.92452476637251,7.288088856264949
595,579,1826200,landscape,random_direct,2,-0.012000000104308128,0.011880932375788689,0.006180532025590397,0.005091432669927546,drift_rejected,0.3923781885592912,4.72248962149024
596,580,1826200,landscape,latent,2,-0.008999999612569809,0.008955332450568676,0.0038027977964015624,0.0032374503233853686,ok,69.94764288501645,7.447649763897061
597,581,1826200,landscape,tangent_direct,2,-0.008999999612569809,0.00891069695353508,0.0037881554666664057,0.003226284328670313,ok,69.94579837823571,7.2983876168727875
598,582,1826200,landscape,random_direct,2,-0.008999999612569809,0.00891069881618023,0.004635407476510061,0.0038185780371293395,flux_rejected,0.4773938208090024,5.455733295530081
599,583,1826200,landscape,latent,2,-0.006000000052154064,0.00595966586843133,0.0025315333523914475,0.0021554655719892178,ok,69.92470255826595,7.268664391711354
600,584,1826200,landscape,tangent_direct,2,-0.006000000052154064,0.005940467119216919,0.0025254427290332007,0.002150858757431954,ok,69.96174021092855,7.447385676205158
601,585,1826200,landscape,random_direct,2,-0.006000000052154064,0.00594046525657177,0.0030902565221280543,0.0025457083842281027,flux_rejected,0.4933882593079064,6.291574385017157
602,586,1826200,landscape,latent,2,-0.004000000189989805,0.003968487959355116,0.0016860875510543644,0.001435750125414516,ok,69.81225688216541,7.288707805797458
603,587,1826200,landscape,tangent_direct,2,-0.004000000189989805,0.003960310015827417,0.0016836291427156243,0.0014339061688881745,ok,69.87587437379497,7.26822760514915
604,588,1826200,landscape,random_direct,2,-0.004000000189989805,0.003960311412811279,0.002060166679357746,0.0016971363915820798,flux_rejected,0.4962353929486201,7.208814345300198
605,589,1826200,landscape,latent,2,-0.0020000000949949026,0.0019819571170955896,0.0008422384066802567,0.0007172579866670541,ok,69.66482594200981,7.299588894471526
606,590,1826200,landscape,tangent_direct,2,-0.0020000000949949026,0.0019801573362201452,0.0008418120120464848,0.0007169494954362291,ok,69.67607153748256,7.288250209763646
607,591,1826200,landscape,random_direct,2,-0.0020000000949949026,0.0019801557064056396,0.0010300740188596597,0.0008485633754033007,ok,68.15672230749377,7.274208035320044
608,592,1826200,landscape,latent,2,-0.0010000000474974513,0.0009904211619868875,0.00042094586976931326,0.0003584970976275715,ok,69.54522933911737,7.492426302284002
609,593,1826200,landscape,tangent_direct,2,-0.0010000000474974513,0.0009900785516947508,0.00042089856085510255,0.00035847180371408635,ok,69.54986930736712,7.3027288839221
610,594,1826200,landscape,random_direct,2,-0.0010000000474974513,0.0009900765726342797,0.0005150284674698196,0.0004242751020745776,ok,68.98052842354745,7.288709120824933
611,414,1826200,landscape,latent,2,0.0,1.0436745867536956e-07,4.4640317867836566e-08,3.318825207861222e-08,ok,69.39092581663293,7.28907142393291
612,368,1826200,landscape,tangent_direct,2,0.0,0.0,0.0,0.0,ok,69.39636564378334,7.512690830975771
613,368,1826200,landscape,random_direct,2,0.0,0.0,0.0,0.0,ok,69.39636564378334,7.512690830975771
614,595,1826200,landscape,latent,2,0.0010000000474974513,0.0009893678361549973,0.00042069336175087267,0.0003582990831652925,ok,69.21320700086308,7.377212680876255
615,596,1826200,landscape,tangent_direct,2,0.0010000000474974513,0.0009900785516947508,0.00042091708947710604,0.0003584823592381263,ok,69.24432027778819,7.447421075776219
616,597,1826200,landscape,random_direct,2,0.0010000000474974513,0.0009900765726342797,0.0005150388128216278,0.0004242845682492618,ok,69.47186215809154,7.2997060138732195
617,598,1826200,landscape,latent,2,0.0020000000949949026,0.001977654406800866,0.0008408672061490939,0.0007162230829078114,ok,69.03915412122394,7.2870424166321754
618,599,1826200,landscape,tangent_direct,2,0.0020000000949949026,0.0019801573362201452,0.0008418310077222542,0.0007169618773371996,ok,69.01295033907195,7.269757382571697
619,600,1826200,landscape,random_direct,2,0.0020000000949949026,0.0019801557064056396,0.0010300945431033028,0.0008485765728570929,ok,69.30556568272915,7.446511901915073
620,601,1826200,landscape,latent,2,0.004000000189989805,0.003951080143451691,0.0016803866491350847,0.0014314199225156621,ok,68.50113152910072,7.3010069616138935
621,602,1826200,landscape,tangent_direct,2,0.004000000189989805,0.003960309084504843,0.0016836216849562095,0.0014339006557028743,ok,68.48276757894602,7.28850207477808
622,603,1826200,landscape,random_direct,2,0.004000000189989805,0.003960311412811279,0.0020601918348422356,0.0016971534468152637,ok,72.91158258178764,6.396324165165424
623,604,1826200,landscape,latent,2,0.006000000052154064,0.005920412950217724,0.0025185073905294544,0.002145552601183716,ok,67.68243369162848,7.448817817494273
624,605,1826200,landscape,tangent_direct,2,0.006000000052154064,0.005940467119216919,0.0025254419734412285,0.002150858264421973,ok,67.69314684779914,7.3063186556100845
625,606,1826200,landscape,random_direct,2,0.006000000052154064,0.005940464790910482,0.0030902741619939222,0.0025457206115962684,ok,71.76898462965629,6.4057715348899364
626,607,1826200,landscape,latent,2,0.008999999612569809,0.008866896852850914,0.0037734276176639293,0.0032150411766329913,ok,66.16833759160922,7.278221337124705
627,608,1826200,landscape,tangent_direct,2,0.008999999612569809,0.00891069695353508,0.003788161955792747,0.0032262900529639806,ok,66.2822032422956,7.49753525853157
628,609,1826200,landscape,random_direct,2,0.008999999612569809,0.00891069881618023,0.00463541994702955,0.003818589865557571,ok,66.57820098823096,6.4198498241603374
629,610,1826200,landscape,latent,2,0.012000000104308128,0.011804739944636822,0.005025652119748703,0.004282520897681585,ok,64.19009207359194,7.28698942437768
630,611,1826200,landscape,tangent_direct,2,0.012000000104308128,0.011880932375788689,0.0050509013377083994,0.004301726316752548,ok,64.34491665151825,7.27630720846355
631,612,1826200,landscape,random_direct,2,0.012000000104308128,0.011880932375788689,0.006180534866887114,0.005091435750678119,ok,58.07571442686934,6.605703819543123
632,613,1826200,landscape,latent,2,0.017999999225139618,0.017656125128269196,0.007522984436689503,0.006412265729339912,ok,58.93638875508607,7.305688809603453
633,614,1826200,landscape,tangent_direct,2,0.017999999225139618,0.01782139763236046,0.007576321015660295,0.006452570175794221,ok,59.404621223703785,7.313252137973905
634,615,1826200,landscape,random_direct,2,0.017999999225139618,0.01782139576971531,0.009270809659362438,0.00763715838470627,ok,38.87095720486137,6.391560016199946
635,616,1826200,landscape,latent,2,0.024000000208616257,0.023477613925933838,0.010012213650039155,0.008536167229416008,ok,52.64631771140765,7.448229692876339
636,617,1826200,landscape,tangent_direct,2,0.024000000208616257,0.023761864751577377,0.010101765874549331,0.008603434520699496,ok,53.58490140913996,7.307627825066447
637,618,1826200,landscape,random_direct,2,0.024000000208616257,0.023761864751577377,0.012361081914239349,0.010182880842722935,ok,24.791162417955675,6.405708065256476
638,619,1826200,landscape,latent,2,0.029999999329447746,0.029272163286805153,0.01249463505034629,0.010655347295642893,ok,45.816706610299875,7.269316228106618
639,620,1826200,landscape,tangent_direct,2,0.029999999329447746,0.029702328145503998,0.012627209802888057,0.01075429029990703,ok,47.29138250396182,7.446953350678086
640,621,1826200,landscape,random_direct,2,0.029999999329447746,0.029702328145503998,0.015451338290703968,0.01272859052905842,ok,16.485874252398375,6.420553671196103
641,622,1826200,landscape,latent,2,0.04500000178813934,0.043659523129463196,0.018681318206852666,0.015941520978237745,ok,30.504690532735406,6.406698279082775
642,623,1826200,landscape,tangent_direct,2,0.04500000178813934,0.044553499668836594,0.01894079208237803,0.016131420820524482,ok,33.11901541163231,6.617631049826741
643,624,1826200,landscape,random_direct,2,0.04500000178813934,0.044553499668836594,0.023177000430151744,0.019092886398974874,ok,9.641982953401381,5.6431946232914925
644,625,1826200,landscape,latent,2,0.05999999865889549,0.057941265404224396,0.02485844457599532,0.021226383792548275,ok,19.928608185476726,8.523875137791038
645,626,1826200,landscape,tangent_direct,2,0.05999999865889549,0.059404660016298294,0.02525441421332767,0.021508576627701066,ok,22.899813127329256,6.404817085713148
646,627,1826200,landscape,random_direct,2,0.05999999865889549,0.059404660016298294,0.030902674335011322,0.02545717931232793,ok,8.29648889583181,4.625569147989154
647,628,1826200,landscape,latent,2,0.09000000357627869,0.08637063950300217,0.037279278897369005,0.03187376846283935,ok,10.587798048863958,5.647157460451126
648,629,1826200,landscape,tangent_direct,2,0.09000000357627869,0.08910699933767319,0.03788160840630022,0.0322628608611085,ok,12.643849131695388,5.53534634038806
649,630,1826200,landscape,random_direct,2,0.09000000357627869,0.08910699188709259,0.04635400644369964,0.03818576550612245,drift_rejected,0.35617457313506173,2.832070602104068
650,631,1826200,landscape,latent,2,0.11999999731779099,0.11497042328119278,0.04997870558471804,0.04278743822547319,ok,8.709430683297695,4.624899372458458
651,632,1826200,landscape,tangent_direct,2,0.11999999731779099,0.11880932003259659,0.050508830481940686,0.04301715885443315,ok,9.48414952917035,5.645025854930282
652,633,1826200,landscape,random_direct,2,0.11999999731779099,0.11880932003259659,0.061805329307323964,0.05091434872985601,drift_rejected,0.33819104742923195,2.767259381711483
653,634,1826200,landscape,latent,2,0.18000000715255737,0.17546091973781586,0.07786591044136308,0.06683855543062868,flux_rejected,0.38779389404489134,4.942470766603947
654,635,1826200,landscape,tangent_direct,2,0.18000000715255737,0.17821399867534637,0.07576322971677264,0.06452572658648362,flux_rejected,0.42008236078478944,8.96611805073917
655,636,1826200,landscape,random_direct,2,0.18000000715255737,0.17821399867534637,0.0927080037588932,0.07637152987454694,no_surface,0.3045639488686315,4.974225325509906
656,637,1826200,landscape,latent,2,0.23999999463558197,0.2653399109840393,0.12836577656495715,0.11039337933321282,drift_rejected,0.34275083328897404,2.7677329909056425
657,638,1826200,landscape,tangent_direct,2,0.23999999463558197,0.23761864006519318,0.10101764396899944,0.08603430493680343,flux_rejected,0.36392851574686236,6.943458363413811
658,639,1826200,landscape,random_direct,2,0.23999999463558197,0.23761864006519318,0.12361066067103516,0.10182869776132863,no_axis,0.10304034100733833,3.9251548051834106
659,640,1826200,landscape,latent,3,-0.23999999463558197,0.30262643098831177,0.1370190400296444,0.12318780665182787,no_axis,0.10550916254353555,4.041719073429704
660,641,1826200,landscape,tangent_direct,3,-0.23999999463558197,0.2490168809890747,0.08193224412900876,0.07083466919732231,ok,7.602472083402867,4.646888671442866
661,642,1826200,landscape,random_direct,3,-0.23999999463558197,0.2490168809890747,0.14306602314168015,0.1128071513845815,no_axis,0.10357353541706259,3.9396458752453327
662,643,1826200,landscape,latent,3,-0.18000000715255737,0.22019550204277039,0.0980595700562953,0.08904137115867182,drift_rejected,0.3662350614208145,4.048199437558651
663,644,1826200,landscape,tangent_direct,3,-0.18000000715255737,0.18676267564296722,0.061449188385361175,0.05312600431202342,ok,8.650872278215493,4.74280452542007
664,645,1826200,landscape,random_direct,3,-0.18000000715255737,0.18676267564296722,0.10729952685770001,0.08460537271603792,no_axis,0.10161767417313541,3.9502005744725466
665,646,1826200,landscape,latent,3,-0.11999999731779099,0.13168567419052124,0.05258427988837237,0.046931157758755976,flux_rejected,0.44539889837415925,5.234172919765115
666,647,1826200,landscape,tangent_direct,3,-0.11999999731779099,0.12450844049453735,0.040966126496194896,0.035417337102393476,ok,8.545976873868549,6.385827925056219
667,648,1826200,landscape,random_direct,3,-0.11999999731779099,0.12450843304395676,0.07153300325665489,0.05640357028169015,no_axis,0.10087742916714984,4.041564913466573
668,649,1826200,landscape,latent,3,-0.09000000357627869,0.09497281163930893,0.03551687005625596,0.03133294603290393,flux_rejected,0.48312795244217394,6.18150445073843
669,650,1826200,landscape,tangent_direct,3,-0.09000000357627869,0.09338134527206421,0.030724588729286233,0.026563001759364106,ok,9.616934045230417,6.405116081237793
670,651,1826200,landscape,random_direct,3,-0.09000000357627869,0.09338133782148361,0.05364976714482924,0.04230268897966183,no_axis,0.10350815076356666,3.9242532793432474
671,652,1826200,landscape,latent,3,-0.05999999865889549,0.06220371648669243,0.022078524064993638,0.019301154193053935,flux_rejected,0.48619088136689026,7.148320404812694
672,653,1826200,landscape,tangent_direct,3,-0.05999999865889549,0.06225422024726868,0.020483061243275483,0.017708667998938398,ok,14.688549701821216,6.511650087311864
673,654,1826200,landscape,random_direct,3,-0.05999999865889549,0.06225422024726868,0.03576651085368174,0.028201792414313344,no_surface,0.33866574517010445,2.7589658815413713
674,655,1826200,landscape,latent,3,-0.04500000178813934,0.0464925616979599,0.016145423840614945,0.014063981826475985,ok,21.60040161963898,7.266949685290456
675,656,1826200,landscape,tangent_direct,3,-0.04500000178813934,0.046690668910741806,0.015362288146778556,0.013281496818718395,ok,22.598412228382088,7.445708092302084
676,657,1826200,landscape,random_direct,3,-0.04500000178813934,0.046690668910741806,0.02682489111812957,0.021151347810952792,drift_rejected,0.3698881006033122,3.569793464615941
677,658,1826200,landscape,latent,3,-0.029999999329447746,0.030971040949225426,0.010545702540957061,0.009158538157749575,ok,36.39792626372241,7.288486838340759
678,659,1826200,landscape,tangent_direct,3,-0.029999999329447746,0.031127111986279488,0.010241530922787305,0.008854331708449013,ok,37.09696825148363,7.268999129533768
679,660,1826200,landscape,random_direct,3,-0.029999999329447746,0.03112710826098919,0.017883262751317013,0.014100898332062796,ok,9.72187143984692,5.642960412427783
680,661,1826200,landscape,latent,3,-0.024000000208616257,0.024785064160823822,0.008377431851978005,0.007267748266532158,ok,44.40574085550484,7.299401929602027
681,662,1826200,landscape,tangent_direct,3,-0.024000000208616257,0.02490168809890747,0.008193225744863664,0.007083467580521345,ok,44.90762321098188,7.286861073225737
682,663,1826200,landscape,random_direct,3,-0.024000000208616257,0.02490168996155262,0.0143066093945385,0.011280720906815044,ok,11.965441148759092,7.277101008221507
683,664,1826200,landscape,latent,3,-0.017999999225139618,0.018601123243570328,0.006242702288282019,0.00541044871711211,ok,52.99848823793737,7.445689931511879
684,665,1826200,landscape,tangent_direct,3,-0.017999999225139618,0.018676264211535454,0.006144907844393923,0.00531259388741831,ok,53.25112672173099,7.299468319863081
685,666,1826200,landscape,random_direct,3,-0.017999999225139618,0.018676264211535454,0.01072997082800766,0.008460548359565266,ok,18.703798806546647,7.2882806826382875
686,667,1826200,landscape,latent,3,-0.012000000104308128,0.012412888929247856,0.00413729502576299,0.0035824466983198832,ok,60.94987711831256,7.275997074320912
687,668,1826200,landscape,tangent_direct,3,-0.012000000104308128,0.012450844049453735,0.004096625114197666,0.0035417410159449708,ok,61.050871396916826,7.4472547471523285
688,669,1826200,landscape,random_direct,3,-0.012000000104308128,0.01245084498077631,0.007153297569840449,0.005640359953658195,ok,34.5169558666731,6.414836291223764
689,670,1826200,landscape,latent,3,-0.008999999612569809,0.009315190836787224,0.003094410132241412,0.002678264480195844,ok,64.18425239422622,7.287989903241396
690,671,1826200,landscape,tangent_direct,3,-0.008999999612569809,0.009338133037090302,0.003072459214088086,0.002656300503631397,ok,64.24772991657767,7.279062546789646
691,672,1826200,landscape,random_direct,3,-0.008999999612569809,0.009338131174445152,0.005364989778789966,0.004230276867065751,ok,47.15503270916707,6.629216244444251
692,673,1826200,landscape,latent,3,-0.006000000052154064,0.0062143332324922085,0.002057564366247417,0.0017801030806958139,ok,66.70092681148203,7.299397448077798
693,674,1826200,landscape,tangent_direct,3,-0.006000000052154064,0.006225423887372017,0.0020483026461483905,0.0017708620703195223,ok,66.72136712633787,7.28978281840682
694,675,1826200,landscape,random_direct,3,-0.006000000052154064,0.006225420627743006,0.0035766595069846164,0.0028201850092726593,ok,61.06036234012987,6.588090512901545
695,676,1826200,landscape,latent,3,-0.004000000189989805,0.0041449107229709625,0.001369427389629809,0.0011844368038809434,ok,67.93111520104905,7.447639396414161
696,677,1826200,landscape,tangent_direct,3,-0.004000000189989805,0.0041502793319523335,0.0013655319179000285,0.001180574529126,ok,67.9599470477523,7.298823669552803
697,678,1826200,landscape,random_direct,3,-0.004000000189989805,0.004150280728936195,0.0023844379945457844,0.0018801249850620807,ok,68.52713882193042,6.408139815554023
698,679,1826200,landscape,latent,3,-0.0020000000949949026,0.0020735226571559906,0.0006836277158391095,0.0005911133031145818,ok,68.82401670165939,7.2694353479892015
699,680,1826200,landscape,tangent_direct,3,-0.0020000000949949026,0.00207514432258904,0.0006827852665814728,0.0005902995503513478,ok,68.8410986837417,7.447559813037515
700,681,1826200,landscape,random_direct,3,-0.0020000000949949026,0.0020751410629600286,0.0011922240957950325,0.000940065364957646,ok,65.00020125778723,7.300881693139672
701,682,1826200,landscape,latent,3,-0.0010000000474974513,0.0010370590025559068,0.0003415211515354467,0.0002952739779274847,ok,69.16087615470833,7.285793831571937
702,683,1826200,landscape,tangent_direct,3,-0.0010000000474974513,0.0010375702986493707,0.0003413910363576958,0.0002951475278721804,ok,69.14238336180104,7.267200790345669
703,684,1826200,landscape,random_direct,3,-0.0010000000474974513,0.0010375709971413016,0.0005961127272469802,0.0004700346435355169,ok,67.94742246924915,7.446575257927179
704,414,1826200,landscape,latent,3,0.0,1.0436745867536956e-07,4.4640317867836566e-08,3.318825207861222e-08,ok,69.39092581663293,7.28907142393291
705,368,1826200,landscape,tangent_direct,3,0.0,0.0,0.0,0.0,ok,69.39636564378334,7.512690830975771
706,368,1826200,landscape,random_direct,3,0.0,0.0,0.0,0.0,ok,69.39636564378334,7.512690830975771
707,685,1826200,landscape,latent,3,0.0010000000474974513,0.00103757216129452,0.0003409360055750207,0.0002947016695202591,ok,69.64616247023719,7.312017420306802
708,686,1826200,landscape,tangent_direct,3,0.0010000000474974513,0.0010375702986493707,0.0003413898790031051,0.00029514691877943804,ok,69.60941800145152,7.289058160036802
709,687,1826200,landscape,random_direct,3,0.0010000000474974513,0.0010375709971413016,0.000596089257284451,0.0004700153171087335,ok,69.85697158181347,7.26705289259553
710,688,1826200,landscape,latent,3,0.0020000000949949026,0.0020757808815687895,0.0006813672572302855,0.000588897343119259,ok,69.7988723656409,7.503029648214579
711,689,1826200,landscape,tangent_direct,3,0.0020000000949949026,0.00207514432258904,0.0006827852552877159,0.0005902989550861366,ok,69.74493827702406,7.31269801594317
712,690,1826200,landscape,random_direct,3,0.0020000000949949026,0.0020751410629600286,0.0011922241710291227,0.0009400632501290624,ok,69.79879487807253,7.2874561958014965
713,691,1826200,landscape,latent,3,0.004000000189989805,0.004154224880039692,0.0013607064270961201,0.001175745352651434,ok,69.8867444256553,7.268011739477515
714,692,1826200,landscape,tangent_direct,3,0.004000000189989805,0.0041502793319523335,0.0013655209800105754,0.0011805701540603618,ok,69.91063731736973,7.450301792472601
715,693,1826200,landscape,random_direct,3,0.004000000189989805,0.004150280728936195,0.002384416437321818,0.0018801054352484987,flux_rejected,0.49516753843625105,7.064766939729452
716,694,1826200,landscape,latent,3,0.006000000052154064,0.006235341541469097,0.002038207567985622,0.0017607219588510498,ok,69.91713243110964,7.296685012057424
717,695,1826200,landscape,tangent_direct,3,0.006000000052154064,0.006225422956049442,0.002048296053419928,0.0017708606151295029,ok,69.96723914491632,7.267171418294311
718,696,1826200,landscape,random_direct,3,0.006000000052154064,0.006225420627743006,0.0035766405138741085,0.002820169750069928,flux_rejected,0.4782955439878027,5.7488740384578705
719,697,1826200,landscape,latent,3,0.008999999612569809,0.009362572804093361,0.003050955716040322,0.0026347025280601174,ok,69.93417796525615,7.298728922381997
720,698,1826200,landscape,tangent_direct,3,0.008999999612569809,0.009338133037090302,0.0030724594331713595,0.002656299522014133,ok,69.92369442788872,7.288614474236965
721,699,1826200,landscape,random_direct,3,0.008999999612569809,0.009338131174445152,0.005364959975165261,0.00423025540440316,drift_rejected,0.3948933440474066,4.726817399263382
722,700,1826200,landscape,latent,3,0.012000000104308128,0.012496979907155037,0.00406002610478001,0.0035049323220607952,ok,69.68800871297681,7.4553250558674335
723,701,1826200,landscape,tangent_direct,3,0.012000000104308128,0.012450844049453735,0.0040966050147509874,0.0035417284474358796,ok,69.69811771161038,7.2991127371788025
724,702,1826200,landscape,random_direct,3,0.012000000104308128,0.01245084498077631,0.007153291632110232,0.005640352417553004,no_axis,0.11190214986110572,3.9411225132644176
725,703,1826200,landscape,latent,3,0.017999999225139618,0.01878964714705944,0.0060678951431067845,0.005235045515302799,ok,67.70437039867898,7.269351517781615
726,704,1826200,landscape,tangent_direct,3,0.017999999225139618,0.018676262348890305,0.0061449064386421975,0.005312590058582674,ok,67.60085234451155,7.542069876566529
727,705,1826200,landscape,random_direct,3,0.017999999225139618,0.018676264211535454,0.01072993659061329,0.00846052443083335,no_axis,0.11161123999526706,3.951971363276243
728,706,1826200,landscape,latent,3,0.024000000208616257,0.025118300691246986,0.008064362394981955,0.006953495966554194,ok,62.60576137495476,7.287184547632933
729,707,1826200,landscape,tangent_direct,3,0.024000000208616257,0.02490168809890747,0.008193206949288833,0.007083456574038627,ok,62.40611495471195,7.27089886367321
730,708,1826200,landscape,random_direct,3,0.024000000208616257,0.02490168996155262,0.014306602489230505,0.011280714892099279,no_axis,0.11130321444987908,4.043565997853875
731,709,1826200,landscape,latent,3,0.029999999329447746,0.03148749843239784,0.010051602199555205,0.008662417725973355,ok,54.911019586554744,7.303066574037075
732,710,1826200,landscape,tangent_direct,3,0.029999999329447746,0.031127113848924637,0.01024153646127369,0.008854334071501503,ok,54.52655290902747,7.28852915763855
733,711,1826200,landscape,random_direct,3,0.029999999329447746,0.03112710826098919,0.017883236700296037,0.014100879780164506,no_axis,0.11095111858081164,3.929293442517519
734,712,1826200,landscape,latent,3,0.04500000178813934,0.04761962592601776,0.01499296833649101,0.012906029960861137,ok,52.5507032819912,6.554101817309856
735,713,1826200,landscape,tangent_direct,3,0.04500000178813934,0.046690668910741806,0.015362293277111702,0.013281500429724697,ok,51.96620774188969,6.421083487570286
736,714,1826200,landscape,random_direct,3,0.04500000178813934,0.046690668910741806,0.026824864696876213,0.02115133171517704,no_axis,0.11006771698983975,3.9401773046702147
737,715,1826200,landscape,latent,3,0.05999999865889549,0.06410761922597885,0.01991971043952863,0.017130953743006223,ok,36.53904738264101,6.432822048664093
738,716,1826200,landscape,tangent_direct,3,0.05999999865889549,0.062254223972558975,0.02048306620123629,0.01770867020013285,ok,35.85387559876287,6.5526805780828
739,717,1826200,landscape,random_direct,3,0.05999999865889549,0.06225422024726868,0.035766492916068586,0.02820177681050777,no_axis,0.10915949427663599,3.9506961572915316
740,718,1826200,landscape,latent,3,0.09000000357627869,0.09843407571315765,0.02983195457118614,0.025620217538396075,ok,16.955281970636637,6.406586743891239
741,719,1826200,landscape,tangent_direct,3,0.09000000357627869,0.09338133782148361,0.030724596097115725,0.02656300300819577,ok,16.74099373106526,6.4044975228607655
742,720,1826200,landscape,random_direct,3,0.09000000357627869,0.09338133782148361,0.05364973007195939,0.04230266345168293,ok,5.179724305543406,5.649466486647725
743,721,1826200,landscape,latent,3,0.11999999731779099,0.1350012868642807,0.039960655678982875,0.03428826525442782,ok,10.50596767673295,6.733810726553202
744,722,1826200,landscape,tangent_direct,3,0.11999999731779099,0.12450844049453735,0.040966123330024314,0.03541733350928693,ok,10.604448699128488,6.405193338170648
745,723,1826200,landscape,random_direct,3,0.11999999731779099,0.12450844049453735,0.07153299464678034,0.05640356185526889,ok,4.427750016576182,5.508016811683774
746,724,1826200,landscape,latent,3,0.18000000715255737,0.2166309356689453,0.0613668476231927,0.052603619306910425,ok,8.235467429827134,6.552873084321618
747,725,1826200,landscape,tangent_direct,3,0.18000000715255737,0.18676267564296722,0.06144917159668935,0.0531259970581732,ok,8.678224325453433,6.422159070149064
748,726,1826200,landscape,random_direct,3,0.18000000715255737,0.18676267564296722,0.10729949014567104,0.08460534779548316,ok,3.0078659372682672,5.521728811785579
749,727,1826200,landscape,latent,3,0.23999999463558197,0.3120502531528473,0.085643983553584,0.07334253681003315,ok,7.972981311235894,4.900820676237345
750,728,1826200,landscape,tangent_direct,3,0.23999999463558197,0.2490168809890747,0.08193224896123145,0.0708346714584768,ok,7.6587157813150535,7.44701324775815
751,729,1826200,landscape,random_direct,3,0.23999999463558197,0.2490168809890747,0.14306599050226615,0.11280712920122109,ok,2.1736182570746436,4.650751933455467
752,730,2419096,source_raw,,,,,2.383191797912103e-08,2.7832968671770665e-08,ok,62.973940126717366,7.504115253686905
753,731,2419096,source_flipped,,,,,0.0,0.0,ok,62.979714009702946,7.481871714815497
754,732,2419096,source_canonical,,,,,2.2633104884166635e-08,2.6650848750397724e-08,ok,62.870740914627,5.267340445891023
755,733,2419096,reconstruction,,,,0.0,0.0,0.0,ok,62.98526673454157,7.51516292989254
756,734,2419096,landscape,latent,0,-0.23999999463558197,0.2391924113035202,0.03995577118268983,0.041739507805037115,flux_rejected,0.4862393772815389,6.993705376982689
757,735,2419096,landscape,tangent_direct,0,-0.23999999463558197,0.2087671309709549,0.03212409388080959,0.03446763807887482,no_axis,0.11343297890752171,4.427979797124863
758,736,2419096,landscape,random_direct,0,-0.23999999463558197,0.2087671160697937,0.12652604347731217,0.12208701733418029,no_axis,0.10297387646419134,4.667800286784768
759,737,2419096,landscape,latent,0,-0.18000000715255737,0.16824090480804443,0.028140573751192985,0.02930228843041348,drift_rejected,0.4044750778866842,6.097990328446031
760,738,2419096,landscape,tangent_direct,0,-0.18000000715255737,0.15657535195350647,0.02409305424744122,0.02585071425978505,no_axis,0.1135736723934049,4.443332368507981
761,739,2419096,landscape,random_direct,0,-0.18000000715255737,0.15657535195350647,0.09489452926244941,0.09156526025002366,no_axis,0.10472516129216487,4.423640487715602
762,740,2419096,landscape,latent,0,-0.11999999731779099,0.10707204043865204,0.017479049565844573,0.01825163240390404,drift_rejected,0.406912039264661,6.231478426605463
763,741,2419096,landscape,tangent_direct,0,-0.11999999731779099,0.10438356548547745,0.016062040340787204,0.017233812710467537,no_axis,0.11367903296060665,4.4493531584739685
764,742,2419096,landscape,random_direct,0,-0.11999999731779099,0.10438355803489685,0.06326301168204929,0.0610435001044054,no_axis,0.10445654556194726,4.442809127271175
765,743,2419096,landscape,latent,0,-0.09000000357627869,0.07898587733507156,0.012674643725293182,0.013283278455015087,drift_rejected,0.40829039910473797,8.420771894976497
766,744,2419096,landscape,tangent_direct,0,-0.09000000357627869,0.07828767597675323,0.012046530336576019,0.012925361519595368,drift_rejected,0.40000140344279056,5.92628718726337
767,745,2419096,landscape,random_direct,0,-0.09000000357627869,0.07828767597675323,0.04744726228543191,0.04578262669345601,no_axis,0.10541007533479221,4.449863437563181
768,746,2419096,landscape,latent,0,-0.05999999865889549,0.05208945274353027,0.008210730406089044,0.008653104979662183,drift_rejected,0.40754834751815894,6.44973860681057
769,747,2419096,landscape,tangent_direct,0,-0.05999999865889549,0.052191782742738724,0.00803101877215451,0.008616905769495404,drift_rejected,0.4054336681896392,6.072747562080622
770,748,2419096,landscape,random_direct,0,-0.05999999865889549,0.052191779017448425,0.03163150232280246,0.03052174581338817,no_axis,0.10835138186216141,4.558578096330166
771,749,2419096,landscape,latent,0,-0.04500000178813934,0.03895623981952667,0.006089944483159294,0.006441273655651076,drift_rejected,0.40771508834847436,6.455535903573036
772,750,2419096,landscape,tangent_direct,0,-0.04500000178813934,0.03914383798837662,0.006023259962339214,0.006462673948428994,drift_rejected,0.4073890442777218,6.449524695053697
773,751,2419096,landscape,random_direct,0,-0.04500000178813934,0.03914383426308632,0.02372363685119768,0.022891314363257132,no_axis,0.11002674823313048,4.427077328786254
774,752,2419096,landscape,latent,0,-0.029999999329447746,0.025949055328965187,0.004027349220466939,0.004277567460888408,drift_rejected,0.4080593976424296,6.719967950135469
775,753,2419096,landscape,tangent_direct,0,-0.029999999329447746,0.026095891371369362,0.00401549191373245,0.004308436789264703,drift_rejected,0.4082546629573238,6.457452183589339
776,754,2419096,landscape,random_direct,0,-0.029999999329447746,0.026095889508724213,0.01581576951371106,0.01526088707459993,no_axis,0.11132925479627875,4.443851012736559
777,755,2419096,landscape,latent,0,-0.024000000208616257,0.020765069872140884,0.0032148174213290095,0.0034208331725197644,drift_rejected,0.40824406861433593,6.669496117159724
778,756,2419096,landscape,tangent_direct,0,-0.024000000208616257,0.020876716822385788,0.0032124076824286674,0.003446761855709214,drift_rejected,0.4084734518934333,6.844299713149667
779,757,2419096,landscape,random_direct,0,-0.024000000208616257,0.02087671123445034,0.012652614081645218,0.01220870875503141,no_axis,0.11186573790864447,4.451914623379707
780,758,2419096,landscape,latent,0,-0.017999999225139618,0.015583918429911137,0.0024074401760912543,0.0025666659523357963,drift_rejected,0.40826108184100107,6.688705222681165
781,759,2419096,landscape,tangent_direct,0,-0.017999999225139618,0.015657534822821617,0.0024093086844146024,0.002585070922892801,drift_rejected,0.4085941842565921,6.701000090688467
782,760,2419096,landscape,random_direct,0,-0.017999999225139618,0.015657534822821617,0.009489437733779658,0.009156513010497047,drift_rejected,0.3687192080553024,5.161819892004132
783,761,2419096,landscape,latent,0,-0.012000000104308128,0.010400138795375824,0.0016036584412485086,0.0017131783641638643,drift_rejected,0.40871612687635717,6.936539068818092
784,762,2419096,landscape,tangent_direct,0,-0.012000000104308128,0.010438354685902596,0.001606187304902938,0.0017233688347917336,drift_rejected,0.408490128160497,6.9264995492994785
785,763,2419096,landscape,random_direct,0,-0.012000000104308128,0.010438359342515469,0.006326306567197903,0.006104353239972932,ok,7.249341014082101,7.156525690108538
786,764,2419096,landscape,latent,0,-0.008999999612569809,0.007805282715708017,0.001202590029122019,0.0012860615992815955,drift_rejected,0.40880569239593084,7.084874771535397
787,765,2419096,landscape,tangent_direct,0,-0.008999999612569809,0.007828768342733383,0.001204644960430898,0.0012925283180082205,drift_rejected,0.40864316554881885,6.93692890740931
788,766,2419096,landscape,random_direct,0,-0.008999999612569809,0.007828767411410809,0.004744729090637532,0.004578264237320562,ok,14.084793752579776,6.26921951957047
789,767,2419096,landscape,latent,0,-0.006000000052154064,0.0052075800485908985,0.0008018238915110956,0.0008583865506322733,drift_rejected,0.4086541103347505,6.964540904387832
790,768,2419096,landscape,tangent_direct,0,-0.006000000052154064,0.005219179671257734,0.0008030872287975326,0.0008616781416608562,drift_rejected,0.4085827906383819,7.148971538990736
791,769,2419096,landscape,random_direct,0,-0.006000000052154064,0.005219177808612585,0.003163131509624136,0.0030521594481169602,ok,39.47439745398223,6.107336860150099
792,770,2419096,landscape,latent,0,-0.004000000189989805,0.0034736760426312685,0.0005346224604647299,0.0005727445178446393,ok,62.849117050271474,5.146572660654783
793,771,2419096,landscape,tangent_direct,0,-0.004000000189989805,0.0034794542007148266,0.0005353957191196696,0.0005744540499687095,ok,62.83728799571204,5.129262093454599
794,772,2419096,landscape,random_direct,0,-0.004000000189989805,0.003479454666376114,0.0021087552025488843,0.002034772342020025,ok,53.99442058298302,6.062809556722641
795,773,2419096,landscape,latent,0,-0.0020000000949949026,0.0017380088102072477,0.0002674097823837986,0.0002866867498204344,ok,62.863448265254746,5.151771550998092
796,774,2419096,landscape,tangent_direct,0,-0.0020000000949949026,0.001739727915264666,0.00026769272192235505,0.0002872231807935457,ok,62.87992008669645,5.147183768451214
797,775,2419096,landscape,random_direct,0,-0.0020000000949949026,0.001739725936204195,0.0010543755618290967,0.00101738388970107,ok,60.61376822278896,5.664626676589251
798,776,2419096,landscape,latent,0,-0.0010000000474974513,0.000869269366376102,0.00013370040515945695,0.00014339662096760715,ok,62.88205461762981,5.265632845461369
799,777,2419096,landscape,tangent_direct,0,-0.0010000000474974513,0.0008698632591404021,0.00013384846299170378,0.00014361405067826256,ok,62.87659529029747,5.400954585522413
800,778,2419096,landscape,random_direct,0,-0.0010000000474974513,0.0008698640740476549,0.0005271786212738574,0.0005086841997991781,ok,62.703549240055686,5.1453302931040525
801,779,2419096,landscape,latent,0,0.0,1.0723327648065606e-07,2.492013707629625e-08,2.9343866312690466e-08,ok,62.99036047124971,5.128705486655235
802,733,2419096,landscape,tangent_direct,0,0.0,0.0,0.0,0.0,ok,62.98526673454157,7.51516292989254
803,733,2419096,landscape,random_direct,0,0.0,0.0,0.0,0.0,ok,62.98526673454157,7.51516292989254
804,780,2419096,landscape,latent,0,0.0010000000474974513,0.0008699469035491347,0.00013382819554075018,0.0001436254472818555,ok,62.89912873891361,5.264057205989957
805,781,2419096,landscape,tangent_direct,0,0.0010000000474974513,0.0008698632591404021,0.00013386484120217167,0.00014362564880747238,ok,62.998622650909184,7.512886751443148
806,782,2419096,landscape,random_direct,0,0.0010000000474974513,0.0008698640740476549,0.0005272022845782477,0.0005087044462306047,drift_rejected,0.40080899747939924,6.149884082376957
807,783,2419096,landscape,latent,0,0.0020000000949949026,0.0017404358368366957,0.0002676573638761784,0.0002873659231213153,ok,62.89886447887008,5.179977787658572
808,784,2419096,landscape,tangent_direct,0,0.0020000000949949026,0.001739727915264666,0.0002676995211077225,0.00028723132559241467,ok,62.904842310684316,5.264254050329328
809,785,2419096,landscape,random_direct,0,0.0020000000949949026,0.001739725936204195,0.0010543707167759485,0.0010173842819308895,drift_rejected,0.39691051096591423,5.799424130469561
810,786,2419096,landscape,latent,0,0.004000000189989805,0.0034836074337363243,0.0005356099326432178,0.0005754972250257286,ok,62.930150726770094,5.141658345237374
811,787,2419096,landscape,tangent_direct,0,0.004000000189989805,0.0034794542007148266,0.000535416080534716,0.0005744726819310119,ok,62.924895519876834,5.12665281444788
812,788,2419096,landscape,random_direct,0,0.004000000189989805,0.0034794542007148266,0.0021087664794271414,0.0020347821675914314,drift_rejected,0.3891641220871918,5.438517156988382
813,789,2419096,landscape,latent,0,0.006000000052154064,0.005229666363447905,0.0008039310201796274,0.0008644713239973577,ok,62.94663951677893,5.171508636325598
814,790,2419096,landscape,tangent_direct,0,0.006000000052154064,0.005219180136919022,0.0008030980873946059,0.0008616895970965711,ok,62.9279691566344,5.141615314409137
815,791,2419096,landscape,random_direct,0,0.006000000052154064,0.005219177808612585,0.0031631478427875557,0.0030521752915895223,drift_rejected,0.37995328019705177,5.000582320615649
816,792,2419096,landscape,latent,0,0.008999999612569809,0.007855174131691456,0.0012074148041174482,0.0012998301095026995,ok,63.12289543101671,5.264355126768351
817,793,2419096,landscape,tangent_direct,0,0.008999999612569809,0.007828769274055958,0.0012046594863898343,0.0012925413212705066,ok,62.985933411451,5.150646436959505
818,794,2419096,landscape,random_direct,0,0.008999999612569809,0.007828768342733383,0.004744725713446982,0.004578263889631028,no_axis,0.11409766254373187,4.439934607595205
819,795,2419096,landscape,latent,0,0.012000000104308128,0.01048884354531765,0.001612294948993604,0.0017377391594292956,ok,63.016745973421145,5.126860486343503
820,796,2419096,landscape,tangent_direct,0,0.012000000104308128,0.01043835561722517,0.001606200307740795,0.0017233792767883574,ok,63.021926057376184,5.26500459946692
821,797,2419096,landscape,random_direct,0,0.012000000104308128,0.010438359342515469,0.0063262797465287405,0.00610433595771895,no_axis,0.11413994375957548,4.472349407151341
822,798,2419096,landscape,latent,0,0.017999999225139618,0.015785392373800278,0.0024275901166701205,0.00262273692984408,ok,63.14060020018952,5.142873419448733
823,799,2419096,landscape,tangent_direct,0,0.017999999225139618,0.015657534822821617,0.002409316860221746,0.002585082863243652,ok,63.07425243955113,5.178813407197595
824,800,2419096,landscape,random_direct,0,0.017999999225139618,0.015657532960176468,0.009489450204189304,0.009156524984661636,no_axis,0.11420740398516681,4.559209445491433
825,801,2419096,landscape,latent,0,0.024000000208616257,0.021127937361598015,0.00325284162655032,0.0035229103919529456,ok,63.223503955052614,5.176058469340205
826,802,2419096,landscape,tangent_direct,0,0.024000000208616257,0.02087671495974064,0.003212419791024382,0.0034467717349737506,ok,63.160553616351784,5.142572460696101
827,803,2419096,landscape,random_direct,0,0.024000000208616257,0.02087670937180519,0.012652586216496965,0.012208691228225177,no_axis,0.11430009656509882,4.420535897836089
828,804,2419096,landscape,latent,0,0.029999999329447746,0.026526154950261116,0.00409114703500791,0.004441826478059087,ok,63.35889946137942,5.2674023155122995
829,805,2419096,landscape,tangent_direct,0,0.029999999329447746,0.026095891371369362,0.004015510510723122,0.004308454193836882,ok,63.187227795561896,5.238974863663316
830,806,2419096,landscape,random_direct,0,0.029999999329447746,0.026095889508724213,0.01581576427302374,0.015260885551823655,no_axis,0.11435653256243844,4.439309554174542
831,807,2419096,landscape,latent,0,0.04500000178813934,0.040335867553949356,0.006268852066301112,0.006849248271473269,ok,63.961370864007016,5.127231650054455
832,808,2419096,landscape,tangent_direct,0,0.04500000178813934,0.03914383798837662,0.0060232850999763655,0.0064626941955984694,ok,63.45240159085358,5.266542054712772
833,809,2419096,landscape,random_direct,0,0.04500000178813934,0.03914383798837662,0.023723619460368994,0.02289130895837001,no_axis,0.11421531076473204,4.449180576950312
834,810,2419096,landscape,latent,0,0.05999999865889549,0.05475833639502525,0.008621439743184153,0.009479072710380357,ok,63.33874695807334,5.144203262403607
835,811,2419096,landscape,tangent_direct,0,0.05999999865889549,0.052191782742738724,0.008031037268838491,0.008616920865243563,ok,63.478472450638215,5.128654392436147
836,812,2419096,landscape,random_direct,0,0.05999999865889549,0.052191779017448425,0.0316315059310005,0.030521751861098383,no_axis,0.11383289930568563,4.558222118765116
837,813,2419096,landscape,latent,0,0.09000000357627869,0.08665498346090317,0.014287380429607158,0.015890615456828676,ok,61.39791617453843,5.148000508546829
838,814,2419096,landscape,tangent_direct,0,0.09000000357627869,0.07828767597675323,0.0120465483781945,0.012925377028538649,ok,63.36380593548868,5.141314808279276
839,815,2419096,landscape,random_direct,0,0.09000000357627869,0.07828767597675323,0.047447276023560844,0.04578264108939913,no_axis,0.11287939182392055,4.419131295755506
840,816,2419096,landscape,latent,0,0.11999999731779099,0.12706735730171204,0.022818695385881715,0.025590291927842023,ok,51.54758200154233,5.875116053968668
841,817,2419096,landscape,tangent_direct,0,0.11999999731779099,0.10438356548547745,0.01606205780820104,0.01723382816058236,ok,62.955655413824424,5.146363105624914
842,818,2419096,landscape,random_direct,0,0.11999999731779099,0.10438355803489685,0.06326301957273404,0.061043508169128145,no_axis,0.11172615538115155,4.436189528554678
843,819,2419096,landscape,latent,0,0.18000000715255737,0.5272201895713806,0.27890017880883344,0.3223470510111721,ok,5.300783883760309,6.089457623660564
844,820,2419096,landscape,tangent_direct,0,0.18000000715255737,0.15657535195350647,0.024093076779270518,0.025850734936146213,ok,59.48112630809711,5.8147588558495045
845,821,2419096,landscape,random_direct,0,0.18000000715255737,0.15657535195350647,0.09489453914453728,0.09156527356768507,no_axis,0.10878669212963775,4.4515608083456755
846,822,2419096,landscape,latent,0,0.23999999463558197,0.5867949724197388,0.299588892906507,0.34722544931158883,ok,4.703046677359755,6.098739422857761
847,823,2419096,landscape,tangent_direct,0,0.23999999463558197,0.2087671309709549,0.03212409806510564,0.03446764267132008,drift_rejected,0.4012184357781136,6.0129726734012365
848,824,2419096,landscape,random_direct,0,0.23999999463558197,0.2087671309709549,0.1265260205094853,0.12208700523659015,no_axis,0.10486574668440758,4.559364560991526
849,825,2419096,landscape,latent,1,-0.23999999463558197,0.4308752715587616,0.16983919620470153,0.19815739615881217,no_axis,0.10291072925705542,4.450657514855266
850,826,2419096,landscape,tangent_direct,1,-0.23999999463558197,0.20823857188224792,0.029075103823219504,0.03135175660495155,no_axis,0.1119884490300977,4.437061147764325
851,827,2419096,landscape,random_direct,1,-0.23999999463558197,0.20823857188224792,0.125406312961804,0.12372099830319183,no_surface,0.34140694525087534,3.0243495795875788
852,828,2419096,landscape,latent,1,-0.18000000715255737,0.2476774901151657,0.07175213036962903,0.08062024572887742,ok,9.925999153644725,7.987782062962651
853,829,2419096,landscape,tangent_direct,1,-0.18000000715255737,0.15617893636226654,0.021806327408379594,0.02351381768305198,no_axis,0.112734117628176,4.451156288385391
854,830,2419096,landscape,random_direct,1,-0.18000000715255737,0.15617895126342773,0.09405472666950672,0.092790744419306,drift_rejected,0.3525488700020417,3.935696616768837
855,831,2419096,landscape,latent,1,-0.11999999731779099,0.12840339541435242,0.024400736803763468,0.02735464327542665,no_axis,0.11177961963626418,4.418119823560119
856,832,2419096,landscape,tangent_direct,1,-0.11999999731779099,0.10411927849054337,0.014537550985125275,0.015675877156626283,drift_rejected,0.36793782899117267,4.951388277113438
857,833,2419096,landscape,random_direct,1,-0.11999999731779099,0.10411929339170456,0.06270314910668001,0.06186049479401359,drift_rejected,0.38121573872805037,4.846308233216405
858,834,2419096,landscape,latent,1,-0.09000000357627869,0.08862145245075226,0.014778447458559142,0.016511280119127367,no_axis,0.11320522889353675,4.434149963781238
859,835,2419096,landscape,tangent_direct,1,-0.09000000357627869,0.07808946818113327,0.01090316346547468,0.011756909983963209,drift_rejected,0.3812614985798609,4.942359423264861
860,836,2419096,landscape,random_direct,1,-0.09000000357627869,0.07808947563171387,0.04702736549074176,0.046395372563913226,ok,7.235687754027432,5.272395676001906
861,837,2419096,landscape,latent,1,-0.05999999865889549,0.05557292327284813,0.008448389159423681,0.009351226959148206,drift_rejected,0.390981903320502,5.3811826799064875
862,838,2419096,landscape,tangent_direct,1,-0.05999999865889549,0.05205964297056198,0.007268764334218823,0.007837933092246663,drift_rejected,0.392129400027013,5.367908043786883
863,839,2419096,landscape,random_direct,1,-0.05999999865889549,0.05205964297056198,0.031351564418148396,0.03093024023926514,ok,8.900107898192717,5.128183864057064
864,840,2419096,landscape,latent,1,-0.04500000178813934,0.04073478281497955,0.005991913527770916,0.006591371697544652,drift_rejected,0.3958277770768912,5.804610880091786
865,841,2419096,landscape,tangent_direct,1,-0.04500000178813934,0.039044737815856934,0.005451585661744536,0.0058784555429893135,drift_rejected,0.3960309088908198,5.681888559833169
866,842,2419096,landscape,random_direct,1,-0.04500000178813934,0.039044734090566635,0.023513701755349486,0.023197704494060428,ok,12.325355769362428,5.142637562006712
867,843,2419096,landscape,latent,1,-0.029999999329447746,0.02666427753865719,0.0038263673103000394,0.004181172371979532,drift_rejected,0.3993292209473279,5.953030280768871
868,844,2419096,landscape,tangent_direct,1,-0.029999999329447746,0.02602982521057129,0.003634399036864458,0.003918978408506097,drift_rejected,0.39937549172469394,6.049048094078898
869,845,2419096,landscape,random_direct,1,-0.029999999329447746,0.02602982521057129,0.01567577240604793,0.015465111771889249,ok,39.183429663568916,5.152406446635723
870,846,2419096,landscape,latent,1,-0.024000000208616257,0.021201489493250847,0.003018941908208971,0.0032899225674792453,drift_rejected,0.40123952020417886,6.1479258593171835
871,847,2419096,landscape,tangent_direct,1,-0.024000000208616257,0.02082386054098606,0.0029075058954583437,0.0031351735179849824,drift_rejected,0.4011467347991034,6.071272963657975
872,848,2419096,landscape,random_direct,1,-0.024000000208616257,0.02082386054098606,0.01254061378930116,0.012372087699442223,ok,47.167834130954155,5.265157992020249
873,849,2419096,landscape,latent,1,-0.017999999225139618,0.015814319252967834,0.0022369812933805467,0.0024311537760990233,drift_rejected,0.4039369244648101,6.337912835180759
874,850,2419096,landscape,tangent_direct,1,-0.017999999225139618,0.01561789121478796,0.0021806382338464196,0.0023513860686172105,drift_rejected,0.4052886204731769,6.3307580426335335
875,851,2419096,landscape,random_direct,1,-0.017999999225139618,0.01561789307743311,0.009405449936027328,0.009279057835385107,ok,54.21841519489926,5.270660622045398
876,852,2419096,landscape,latent,1,-0.012000000104308128,0.010491752997040749,0.0014758706258726723,0.001599672868939619,drift_rejected,0.4066233796303864,6.59910724312067
877,853,2419096,landscape,tangent_direct,1,-0.012000000104308128,0.010411928407847881,0.0014537519402936677,0.0015675863438657125,drift_rejected,0.4064386671856885,6.459135679528117
878,854,2419096,landscape,random_direct,1,-0.012000000104308128,0.010411926545202732,0.006270292246357061,0.0061860364091258025,ok,59.550773521316316,5.144998935982585
879,855,2419096,landscape,latent,1,-0.008999999612569809,0.007851439528167248,0.001101791542464554,0.0011926366461465488,drift_rejected,0.40823860742327284,6.492878712713718
880,856,2419096,landscape,tangent_direct,1,-0.008999999612569809,0.007808947004377842,0.0010903214345381119,0.0011756952485478273,drift_rejected,0.40800319607114316,6.660798007622361
881,857,2419096,landscape,random_direct,1,-0.008999999612569809,0.00780894560739398,0.0047027421080051614,0.004639540835368039,ok,61.41765469504697,5.153838707134128
882,858,2419096,landscape,latent,1,-0.006000000052154064,0.005223453044891357,0.0007314229099356332,0.0007906910238549475,drift_rejected,0.40942822375823057,6.689264180138707
883,859,2419096,landscape,tangent_direct,1,-0.006000000052154064,0.005205962341278791,0.0007268737544272112,0.0007837903502806398,drift_rejected,0.40972368940210313,6.671664051711559
884,860,2419096,landscape,random_direct,1,-0.006000000052154064,0.005205965135246515,0.003135162528420038,0.0030930283484758955,ok,62.53531154587072,5.265440139919519
885,861,2419096,landscape,latent,1,-0.004000000189989805,0.0034778350964188576,0.0004863826223676425,0.0005253316128240415,drift_rejected,0.4095384562336058,6.816133845597506
886,862,2419096,landscape,tangent_direct,1,-0.004000000189989805,0.003470643889158964,0.0004845990696055038,0.000522539903962863,drift_rejected,0.40916952347446484,6.819278806447983
887,863,2419096,landscape,random_direct,1,-0.004000000189989805,0.003470643423497677,0.002090092357870043,0.002062007880172695,ok,62.603482708778344,5.133583001792431
888,864,2419096,landscape,latent,1,-0.0020000000949949026,0.0017367390682920814,0.00024259016149682329,0.00026178847879939905,drift_rejected,0.40914092589922113,7.147278321906924
889,865,2419096,landscape,tangent_direct,1,-0.0020000000949949026,0.001735323341563344,0.00024230692627899255,0.0002612768547742924,drift_rejected,0.4088838404294169,6.996959213167429
890,866,2419096,landscape,random_direct,1,-0.0020000000949949026,0.001735321944579482,0.001045031871237979,0.0010309942970417045,drift_rejected,0.4056267156018507,6.809482889249921
891,867,2419096,landscape,latent,1,-0.0010000000474974513,0.0008678036974743009,0.00012114674646860272,0.0001306748548609172,ok,62.86514253608193,5.132511530071497
892,868,2419096,landscape,tangent_direct,1,-0.0010000000474974513,0.0008676605066284537,0.00012114684375493034,0.00013063430765098503,ok,62.86896516469166,5.2642614636570215
893,869,2419096,landscape,random_direct,1,-0.0010000000474974513,0.0008676615543663502,0.0005224992852673343,0.0005154882470867123,drift_rejected,0.41012164078699354,6.696109116077423
894,779,2419096,landscape,latent,1,0.0,1.0723327648065606e-07,2.492013707629625e-08,2.9343866312690466e-08,ok,62.99036047124971,5.128705486655235
895,733,2419096,landscape,tangent_direct,1,0.0,0.0,0.0,0.0,ok,62.98526673454157,7.51516292989254
896,733,2419096,landscape,random_direct,1,0.0,0.0,0.0,0.0,ok,62.98526673454157,7.51516292989254
897,870,2419096,landscape,latent,1,0.0010000000474974513,0.0008668231312185526,0.00012086672543978281,0.00013027449481750914,ok,62.920059399633715,5.146405743435025
898,871,2419096,landscape,tangent_direct,1,0.0010000000474974513,0.0008676606230437756,0.00012114323710021436,0.0001306285096765008,ok,62.917283977441855,5.132826097309589
899,872,2419096,landscape,random_direct,1,0.0010000000474974513,0.0008676615543663502,0.0005225432351802889,0.0005155162670096923,ok,63.89096222310183,5.265637964010239
900,873,2419096,landscape,latent,1,0.0020000000949949026,0.0017326987581327558,0.00024149412547350363,0.00026017364525101185,ok,62.9045339373014,5.153556482866406
901,874,2419096,landscape,tangent_direct,1,0.0020000000949949026,0.0017353239236399531,0.0002422874071839947,0.0002612613481503017,ok,62.90882274597741,5.145230885595083
902,875,2419096,landscape,random_direct,1,0.0020000000949949026,0.001735321944579482,0.0010450373320999159,0.001030997502493979,no_axis,0.113737300594423,4.427701769396663
903,876,2419096,landscape,latent,1,0.004000000189989805,0.0034617187920957804,0.00048208803078249513,0.0005189240401854879,ok,62.94332662076636,5.265378836542368
904,877,2419096,landscape,tangent_direct,1,0.004000000189989805,0.003470643889158964,0.0004845722007399988,0.0005225207083849588,ok,62.97226058458518,5.153219284489751
905,878,2419096,landscape,random_direct,1,0.004000000189989805,0.003470643423497677,0.0020901128572083545,0.0020620214166062957,no_axis,0.11373145585046265,4.444088064134121
906,879,2419096,landscape,latent,1,0.006000000052154064,0.005187355913221836,0.000721762025247094,0.0007762917150077867,ok,63.00718835189431,5.131404127925634
907,880,2419096,landscape,tangent_direct,1,0.006000000052154064,0.005205961875617504,0.0007268696835367632,0.0007837839580949501,ok,63.10532322700726,7.68302645906806
908,881,2419096,landscape,random_direct,1,0.006000000052154064,0.005205965135246515,0.0031351609331011594,0.003093025424798646,no_axis,0.11371959005910424,4.453070390969515
909,882,2419096,landscape,latent,1,0.008999999612569809,0.007770014461129904,0.0010799654694684567,0.0011601131671377162,ok,63.27199665949691,5.147273186594248
910,883,2419096,landscape,tangent_direct,1,0.008999999612569809,0.007808947470039129,0.001090295190330282,0.0011756742897982334,ok,63.27488155998191,5.131862334907055
911,884,2419096,landscape,random_direct,1,0.008999999612569809,0.007808946073055267,0.004702744967453369,0.004639540792148739,no_axis,0.11370178679819605,4.571364335715771
912,885,2419096,landscape,latent,1,0.012000000104308128,0.01034650020301342,0.0014367918557732042,0.0015415799786260133,ok,63.56098291022794,5.153887201100588
913,886,2419096,landscape,tangent_direct,1,0.012000000104308128,0.010411929339170456,0.0014537442916255458,0.0015675787221154263,ok,63.466216697437936,5.2737846579402685
914,887,2419096,landscape,random_direct,1,0.012000000104308128,0.010411926545202732,0.0062703280499854346,0.00618605895045507,no_axis,0.11365547003669688,4.479355379939079
915,888,2419096,landscape,latent,1,0.017999999225139618,0.015484909527003765,0.002147659192931159,0.0022989493032739587,ok,62.70159548618404,5.2644706051796675
916,889,2419096,landscape,tangent_direct,1,0.017999999225139618,0.01561789121478796,0.0021806277750738667,0.00235137721107913,ok,62.82824919218696,5.151862755417824
917,890,2419096,landscape,random_direct,1,0.017999999225139618,0.015617894008755684,0.009405484917885145,0.009279079221702367,no_axis,0.11351836007060637,4.442617349326611
918,891,2419096,landscape,latent,1,0.024000000208616257,0.020609037950634956,0.002856631613080824,0.003051087472783555,ok,61.6850484893999,5.131857067346573
919,892,2419096,landscape,tangent_direct,1,0.024000000208616257,0.020823856815695763,0.002907513757493131,0.0031351785638056725,ok,61.79499228862947,5.26378758251667
920,893,2419096,landscape,random_direct,1,0.024000000208616257,0.020823858678340912,0.012540639695065508,0.012372104086148531,drift_rejected,0.3966863529859169,4.906462922692299
921,894,2419096,landscape,latent,1,0.029999999329447746,0.02572523057460785,0.0035658179849236736,0.0038005064786880544,ok,60.778540974419755,5.145819764584303
922,895,2419096,landscape,tangent_direct,1,0.029999999329447746,0.02602982334792614,0.0036343810016196175,0.003918963422438018,ok,60.85485910776604,5.128307547420263
923,896,2419096,landscape,random_direct,1,0.029999999329447746,0.02602982521057129,0.015675766543421538,0.015465108053948504,drift_rejected,0.3830612389407604,4.950163584202528
924,897,2419096,landscape,latent,1,0.04500000178813934,0.03851580247282982,0.005350395568745221,0.005675327865052773,ok,53.733127728782044,5.808707393705845
925,898,2419096,landscape,tangent_direct,1,0.04500000178813934,0.039044737815856934,0.005451574585605752,0.005878446626947348,ok,53.635359402161995,5.922453014180064
926,899,2419096,landscape,random_direct,1,0.04500000178813934,0.039044734090566635,0.023513700056388902,0.023197698871589702,drift_rejected,0.37668090246206143,3.3654367681592703
927,900,2419096,landscape,latent,1,0.05999999865889549,0.051364798098802567,0.007168114131664325,0.007572563632835728,ok,48.300355501998,5.75464086048305
928,901,2419096,landscape,tangent_direct,1,0.05999999865889549,0.05205964297056198,0.0072687718061639085,0.007837935550496418,ok,48.913162426052,5.8104384038597345
929,902,2419096,landscape,random_direct,1,0.05999999865889549,0.05205964297056198,0.03135158537982133,0.03093025219497447,no_axis,0.112311292849766,4.443296482786536
930,903,2419096,landscape,latent,1,0.09000000357627869,0.07746505737304688,0.010958021027519058,0.011505362969135543,ok,25.001114751042984,6.142179416492581
931,904,2419096,landscape,tangent_direct,1,0.09000000357627869,0.07808946818113327,0.010903156958749808,0.011756905042183814,ok,38.354186522208714,5.8153762593865395
932,905,2419096,landscape,random_direct,1,0.09000000357627869,0.07808946818113327,0.047027368317662535,0.046395372067690586,no_axis,0.11108564214735983,4.451660141348839
933,906,2419096,landscape,latent,1,0.11999999731779099,0.10437175631523132,0.015000516408437749,0.0156883631614566,ok,8.22793530787762,6.642375886440277
934,907,2419096,landscape,tangent_direct,1,0.11999999731779099,0.10411928594112396,0.014537533676730902,0.015675864837991108,ok,29.617086820151137,5.666023271158338
935,908,2419096,landscape,random_direct,1,0.11999999731779099,0.10411928594112396,0.06270314321040961,0.0618604879354969,no_axis,0.10972612650769197,4.558216631412506
936,909,2419096,landscape,latent,1,0.18000000715255737,0.16139815747737885,0.023882328532877396,0.024898761564946123,no_axis,0.11301213129062843,4.450791392475367
937,910,2419096,landscape,tangent_direct,1,0.18000000715255737,0.15617893636226654,0.02180631542500945,0.02351380714427315,ok,31.540160576793166,5.146281210705638
938,911,2419096,landscape,random_direct,1,0.18000000715255737,0.15617895126342773,0.09405474298351474,0.0927907555265882,no_axis,0.105624214292801,4.423969574272633
939,912,2419096,landscape,latent,1,0.23999999463558197,0.22354891896247864,0.0337150554829199,0.03517421099874613,no_axis,0.11238403412958096,4.557424480095506
940,913,2419096,landscape,tangent_direct,1,0.23999999463558197,0.20823857188224792,0.029075088378753056,0.03135174465468739,no_axis,0.11287068697628432,4.461399948224425
941,914,2419096,landscape,random_direct,1,0.23999999463558197,0.20823857188224792,0.12540633473144033,0.12372100879342308,no_axis,0.10379328498708043,4.4431351739913225
942,915,2419096,landscape,latent,2,-0.23999999463558197,0.5441495180130005,0.25806168653465117,0.2992437120427048,ok,10.195042494660537,6.084684520959854
943,916,2419096,landscape,tangent_direct,2,-0.23999999463558197,0.2600872814655304,0.044284220951496076,0.04875371214161478,no_axis,0.11302000475265404,4.5571245942264795
944,917,2419096,landscape,random_direct,2,-0.23999999463558197,0.2600872814655304,0.12441684127458681,0.1260138547149952,drift_rejected,0.27949478035874603,3.043596178293228
945,918,2419096,landscape,latent,2,-0.18000000715255737,0.5251477360725403,0.25886251042242175,0.30022851650768284,ok,11.339062048614917,6.101965084671974
946,919,2419096,landscape,tangent_direct,2,-0.18000000715255737,0.19506549835205078,0.03321316928592484,0.03656528889245112,no_axis,0.11312676742470298,4.4225706569850445
947,920,2419096,landscape,random_direct,2,-0.18000000715255737,0.1950654834508896,0.0933126264688895,0.09451038752675683,ok,5.7536180318845505,5.265102002769709
948,921,2419096,landscape,latent,2,-0.11999999731779099,0.13340924680233002,0.025049999983065657,0.027846634326695475,no_axis,0.11325689302333074,4.448389323428273
949,922,2419096,landscape,tangent_direct,2,-0.11999999731779099,0.1300436407327652,0.02214212232786655,0.024376867367325604,no_axis,0.11339805335092756,4.439711315557361
950,923,2419096,landscape,random_direct,2,-0.11999999731779099,0.1300436407327652,0.0622084162879771,0.06300692353625137,ok,6.385699859140188,6.084359792992473
951,924,2419096,landscape,latent,2,-0.09000000357627869,0.091839499771595,0.01617129228776419,0.017824621655790896,no_axis,0.11357120943305399,4.557600220665336
952,925,2419096,landscape,tangent_direct,2,-0.09000000357627869,0.09753274917602539,0.016606587004440482,0.018282648928492455,no_axis,0.11352105784395446,4.44921207241714
953,926,2419096,landscape,random_direct,2,-0.09000000357627869,0.09753274917602539,0.04665631324102062,0.047255193733324014,ok,7.075294174058845,5.609917674213648
954,927,2419096,landscape,latent,2,-0.05999999865889549,0.061411052942276,0.010582491681766974,0.01164239242713203,no_axis,0.11367367391010763,4.419541919603944
955,928,2419096,landscape,tangent_direct,2,-0.05999999865889549,0.0650218203663826,0.011071053494518871,0.012188427241495211,no_axis,0.11364777855202322,4.610074518248439
956,929,2419096,landscape,random_direct,2,-0.05999999865889549,0.0650218203663826,0.031104216834303366,0.03150346749703858,ok,8.293617088928828,5.148316675797105
957,930,2419096,landscape,latent,2,-0.04500000178813934,0.046523503959178925,0.007974145809773955,0.008770434297492628,drift_rejected,0.38361182690672313,4.833278823643923
958,931,2419096,landscape,tangent_direct,2,-0.04500000178813934,0.048766374588012695,0.008303293211665995,0.009141326525453831,drift_rejected,0.3842852341540271,4.823711555451155
959,932,2419096,landscape,random_direct,2,-0.04500000178813934,0.0487663671374321,0.023328150629661027,0.023627589691118875,ok,8.122177715685945,6.243742210790515
960,933,2419096,landscape,latent,2,-0.029999999329447746,0.031431932002305984,0.005369257793171226,0.005905652769118106,drift_rejected,0.39637837262169784,5.500232780352235
961,934,2419096,landscape,tangent_direct,2,-0.029999999329447746,0.0325109139084816,0.005535531974646704,0.006094217957062237,drift_rejected,0.39693164929610236,5.490476293489337
962,935,2419096,landscape,random_direct,2,-0.029999999329447746,0.0325109101831913,0.015552109483737744,0.015751736261614125,ok,9.973001879817488,5.13051993586123
963,936,2419096,landscape,latent,2,-0.024000000208616257,0.02529814839363098,0.004317331537939871,0.004749077866026495,drift_rejected,0.4023573811848043,6.451581872999668
964,937,2419096,landscape,tangent_direct,2,-0.024000000208616257,0.026008732616901398,0.004428423000569978,0.004875373686331425,drift_rejected,0.4022687311443279,6.097302911803126
965,938,2419096,landscape,random_direct,2,-0.024000000208616257,0.02600872702896595,0.012441676311143887,0.012601377943659519,ok,13.66634665995154,5.142112726345658
966,939,2419096,landscape,latent,2,-0.017999999225139618,0.019095543771982193,0.0032562668429568288,0.003582388373692396,ok,55.04086340867791,6.455280566588044
967,940,2419096,landscape,tangent_direct,2,-0.017999999225139618,0.01950654946267605,0.0033213257933107066,0.003656532404168899,ok,55.07966182322458,6.669573849067092
968,941,2419096,landscape,random_direct,2,-0.017999999225139618,0.01950654573738575,0.009331255306621542,0.009451031818172865,ok,22.349420239877297,5.151526475325227
969,942,2419096,landscape,latent,2,-0.012000000104308128,0.01281641237437725,0.0021841207528922454,0.0024032920299685815,ok,60.84650431064008,5.678923035040498
970,943,2419096,landscape,tangent_direct,2,-0.012000000104308128,0.013004365377128124,0.0022142205250170123,0.002437691794917655,ok,60.871209615559216,5.67293849401176
971,944,2419096,landscape,random_direct,2,-0.012000000104308128,0.013004366308450699,0.006220841255943663,0.006300692949023254,ok,37.972156343144015,5.265144003555179
972,945,2419096,landscape,latent,2,-0.008999999612569809,0.00964569766074419,0.0016433252279328553,0.0018084179410900627,ok,62.16787099541197,5.931391904130578
973,946,2419096,landscape,tangent_direct,2,-0.008999999612569809,0.00975327380001545,0.0016606601103701924,0.0018282656711914604,ok,62.00673919490309,5.917533768340945
974,947,2419096,landscape,random_direct,2,-0.008999999612569809,0.00975327380001545,0.004665629444521691,0.004725519283035971,ok,46.96582463950723,5.1276912447065115
975,948,2419096,landscape,latent,2,-0.006000000052154064,0.006453322246670723,0.001099142790903565,0.001209702489895616,ok,63.05655266018424,5.263984572142363
976,949,2419096,landscape,tangent_direct,2,-0.006000000052154064,0.006502183154225349,0.0011071230978332164,0.001218857394636499,ok,63.08311659489633,5.159861925989389
977,950,2419096,landscape,random_direct,2,-0.006000000052154064,0.0065021817572414875,0.0031104105910604524,0.003150336083906831,ok,59.26846923181221,5.1433586198836565
978,951,2419096,landscape,latent,2,-0.004000000189989805,0.004312695469707251,0.0007344902688889501,0.0008084285852460009,ok,64.1829270046894,5.129792811349034
979,952,2419096,landscape,tangent_direct,2,-0.004000000189989805,0.004334790166467428,0.0007380704134482828,0.0008125601194007223,ok,64.27724388538832,7.680918168276548
980,953,2419096,landscape,random_direct,2,-0.004000000189989805,0.004334788769483566,0.002073617544449187,0.0021002357119947095,ok,61.852259259940915,5.156878907233477
981,954,2419096,landscape,latent,2,-0.0020000000949949026,0.00216166814789176,0.0003680845861004117,0.0004051724616563654,ok,63.214804547110724,5.141795748844743
982,955,2419096,landscape,tangent_direct,2,-0.0020000000949949026,0.0021673941519111395,0.0003690427078318054,0.00040628607293117434,ok,63.212774388802636,5.127648152410984
983,956,2419096,landscape,random_direct,2,-0.0020000000949949026,0.0021673934534192085,0.001036808901719398,0.0010501147117818147,ok,60.471981230799884,5.9365971442312
984,957,2419096,landscape,latent,2,-0.0010000000474974513,0.0010819989256560802,0.00018424018840495018,0.00020281187753637967,ok,63.0352771500519,5.1559039782732725
985,958,2419096,landscape,tangent_direct,2,-0.0010000000474974513,0.0010836963774636388,0.00018453141376475115,0.00020315145963228115,ok,63.01165723812861,5.141797203570604
986,959,2419096,landscape,random_direct,2,-0.0010000000474974513,0.0010836974252015352,0.0005184104281853862,0.0005250632366058446,drift_rejected,0.40537619652104157,6.489238055422902
987,779,2419096,landscape,latent,2,0.0,1.0723327648065606e-07,2.492013707629625e-08,2.9343866312690466e-08,ok,62.99036047124971,5.128705486655235
988,733,2419096,landscape,tangent_direct,2,0.0,0.0,0.0,0.0,ok,62.98526673454157,7.51516292989254
989,733,2419096,landscape,random_direct,2,0.0,0.0,0.0,0.0,ok,62.98526673454157,7.51516292989254
990,960,2419096,landscape,latent,2,0.0010000000474974513,0.0010846200166270137,0.00018461697165994654,0.00020324778937665049,drift_rejected,0.40906055424142046,7.086767869070172
991,961,2419096,landscape,tangent_direct,2,0.0010000000474974513,0.0010836964938789606,0.00018451692659351653,0.00020314086857353667,drift_rejected,0.40926764523927706,6.937238547950983
992,962,2419096,landscape,random_direct,2,0.0010000000474974513,0.001083697541616857,0.0005184055010992502,0.0005250603766236038,ok,61.08992943202795,5.798645246773958
993,963,2419096,landscape,latent,2,0.0020000000949949026,0.00217198533937335,0.00036970271936043105,0.0004070411171878029,drift_rejected,0.4097042863388272,6.711174611002207
994,964,2419096,landscape,tangent_direct,2,0.0020000000949949026,0.0021673941519111395,0.0003690362071457431,0.00040628187518780237,drift_rejected,0.41088047621047663,9.262395003810525
995,965,2419096,landscape,random_direct,2,0.0020000000949949026,0.002167393686249852,0.0010368120257367801,0.0010501200794579967,no_axis,0.11378201166685727,4.485781729221344
996,966,2419096,landscape,latent,2,0.004000000189989805,0.004355158191174269,0.0007412509689126242,0.0008161882653285691,drift_rejected,0.40729007876965917,6.448410354554653
997,967,2419096,landscape,tangent_direct,2,0.004000000189989805,0.0043347906321287155,0.0007380541376972645,0.0008125478824982518,drift_rejected,0.40742939274071593,6.427555387839675
998,968,2419096,landscape,random_direct,2,0.004000000189989805,0.004334788769483566,0.002073611821766395,0.0021002277369999507,no_axis,0.11381508661209408,4.558635352179408
999,969,2419096,landscape,latent,2,0.006000000052154064,0.006549391895532608,0.0011145920564714885,0.0012273945358604274,drift_rejected,0.40529379777454655,6.4558616783469915
1000,970,2419096,landscape,tangent_direct,2,0.006000000052154064,0.006502182688564062,0.0011070985081872485,0.0012188396857052135,drift_rejected,0.4055209972323466,6.635037664324045
1001,971,2419096,landscape,random_direct,2,0.006000000052154064,0.006502182222902775,0.003110425583506788,0.003150349265247243,no_axis,0.11385013427216624,4.419148616492748
1002,972,2419096,landscape,latent,2,0.008999999612569809,0.00986225064843893,0.00167814542479017,0.001848279659695933,drift_rejected,0.4018718286450918,6.4778406247496605
1003,973,2419096,landscape,tangent_direct,2,0.008999999612569809,0.00975327380001545,0.001660657946138108,0.0018282622542973863,drift_rejected,0.4015998386237007,6.338063839823008
1004,974,2419096,landscape,random_direct,2,0.008999999612569809,0.009753272868692875,0.004665632982355787,0.004725521845940339,no_axis,0.11390371831178786,4.437355063855648
1005,975,2419096,landscape,latent,2,0.012000000104308128,0.013201040215790272,0.0022458956265561116,0.002474038416241856,drift_rejected,0.4003994852066288,6.326677247881889
1006,976,2419096,landscape,tangent_direct,2,0.012000000104308128,0.013004365377128124,0.002214207166514347,0.002437684921063303,drift_rejected,0.4007537797891278,6.477723704650998
1007,977,2419096,landscape,random_direct,2,0.012000000104308128,0.013004366308450699,0.006220840333316467,0.006300691797589017,no_axis,0.11395439103182839,4.448970651254058
1008,978,2419096,landscape,latent,2,0.017999999225139618,0.01996028609573841,0.0033948720585315994,0.0037411660269350503,drift_rejected,0.3994375129281974,6.148073982447386
1009,979,2419096,landscape,tangent_direct,2,0.017999999225139618,0.01950654946267605,0.003321308879954474,0.0036565221351999517,drift_rejected,0.39982283938462404,6.011457646265626
1010,980,2419096,landscape,random_direct,2,0.017999999225139618,0.01950654573738575,0.00933126642954749,0.009451040516290667,no_axis,0.11400124691528452,4.629410948604345
1011,981,2419096,landscape,latent,2,0.024000000208616257,0.02683267556130886,0.004562424780813493,0.0050299754304538495,drift_rejected,0.39880470929843,6.216546455398202
1012,982,2419096,landscape,tangent_direct,2,0.024000000208616257,0.026008732616901398,0.004428417238649484,0.004875365563721298,drift_rejected,0.3982345940654841,6.2074818182736635
1013,983,2419096,landscape,random_direct,2,0.024000000208616257,0.02600872702896595,0.012441686583469565,0.012601388965628724,drift_rejected,0.37121954920258315,5.367485463619232
1014,984,2419096,landscape,latent,2,0.029999999329447746,0.03382302448153496,0.005749315965425743,0.006341521294955879,drift_rejected,0.3985001364039117,6.365254702046514
1015,985,2419096,landscape,tangent_direct,2,0.029999999329447746,0.0325109139084816,0.005535528422841093,0.0060942163885259314,drift_rejected,0.39821955165728645,6.217730697244406
1016,986,2419096,landscape,random_direct,2,0.029999999329447746,0.0325109101831913,0.015552100388324677,0.015751726964050097,no_axis,0.1141333551561161,4.442767344415188
1017,987,2419096,landscape,latent,2,0.04500000178813934,0.05184660479426384,0.008805429346689998,0.009725990795860874,drift_rejected,0.3967702834274495,6.488865979015827
1018,988,2419096,landscape,tangent_direct,2,0.04500000178813934,0.048766374588012695,0.008303282683421603,0.00914131465449002,drift_rejected,0.3958518693838968,6.536261839792132
1019,989,2419096,landscape,random_direct,2,0.04500000178813934,0.0487663671374321,0.02332817137463113,0.023627608275323328,no_axis,0.11399385314072304,4.4488515723496675
1020,990,2419096,landscape,latent,2,0.05999999865889549,0.07071445137262344,0.011994895122350939,0.013271749102503658,ok,59.18010863425686,5.142212873324752
1021,991,2419096,landscape,tangent_direct,2,0.05999999865889549,0.0650218278169632,0.011071042328716167,0.01218841784454127,ok,58.42551875424493,5.127740500494838
1022,992,2419096,landscape,random_direct,2,0.05999999865889549,0.0650218203663826,0.031104209384131706,0.031503463117185423,no_axis,0.1135145051201913,4.558843636885285
1023,993,2419096,landscape,latent,2,0.09000000357627869,0.11129559576511383,0.018792944229246492,0.020889811086263754,ok,57.584052861148045,5.154159935191274
1024,994,2419096,landscape,tangent_direct,2,0.09000000357627869,0.09753274917602539,0.016606581919503163,0.018282641551109147,drift_rejected,0.3946981508625634,6.689120972529054
1025,995,2419096,landscape,random_direct,2,0.09000000357627869,0.09753274917602539,0.04665632288579374,0.047255200705308906,no_axis,0.1124268258055958,4.421667726710439
1026,996,2419096,landscape,latent,2,0.11999999731779099,0.15633046627044678,0.026172594072000534,0.029289446033430172,ok,54.79267729723536,5.281664721667767
1027,997,2419096,landscape,tangent_direct,2,0.11999999731779099,0.1300436556339264,0.02214209274099244,0.024376843431610055,drift_rejected,0.3776340299372967,5.97836396843195
1028,998,2419096,landscape,random_direct,2,0.11999999731779099,0.1300436407327652,0.06220842349408312,0.06300692845543432,no_axis,0.11094089034193705,4.463675132021308
1029,999,2419096,landscape,latent,2,0.18000000715255737,0.26926079392433167,0.044561644485757744,0.05107292312507838,drift_rejected,0.3866424764255483,5.299235969781876
1030,1000,2419096,landscape,tangent_direct,2,0.18000000715255737,0.19506549835205078,0.03321315551476172,0.03656527729407423,drift_rejected,0.3901563271884902,4.977780770510435
1031,1001,2419096,landscape,random_direct,2,0.18000000715255737,0.1950654834508896,0.09331264509433322,0.09451039961042837,no_axis,0.1057975201427886,4.45154495164752
1032,1002,2419096,landscape,latent,2,0.23999999463558197,0.6028315424919128,0.22091085100407934,0.25712096719524286,no_axis,0.10334239035220638,4.444424241781235
1033,1003,2419096,landscape,tangent_direct,2,0.23999999463558197,0.2600873112678528,0.04428421041574635,0.04875370515987865,no_axis,0.1124604092283351,4.424146192148328
1034,1004,2419096,landscape,random_direct,2,0.23999999463558197,0.2600872814655304,0.12441685018148564,0.1260138573973453,no_axis,0.10478251944387816,4.558881876990199
1035,1005,2419096,landscape,latent,3,-0.23999999463558197,0.25123131275177,0.04356265688251614,0.04959304724195845,drift_rejected,0.3699107889142026,3.723550932481885
1036,1006,2419096,landscape,tangent_direct,3,-0.23999999463558197,0.24373087286949158,0.02836615437757821,0.031040877839783845,no_axis,0.11407880119510952,4.443328373134136
1037,1007,2419096,landscape,random_direct,3,-0.23999999463558197,0.24373087286949158,0.1726925997757686,0.1556854066519814,ok,5.423096989446872,5.129321463406086
1038,1008,2419096,landscape,latent,3,-0.18000000715255737,0.17681606113910675,0.025180009018994046,0.02853512351319052,no_axis,0.11371504268496935,4.559312699362636
1039,1009,2419096,landscape,tangent_direct,3,-0.18000000715255737,0.18279814720153809,0.02127460221963236,0.023280647716899736,no_axis,0.11429034280613473,4.44893996976316
1040,1010,2419096,landscape,random_direct,3,-0.18000000715255737,0.18279817700386047,0.1295194557003459,0.11676406030599518,drift_rejected,0.3890319548656903,4.458071226254106
1041,1011,2419096,landscape,latent,3,-0.11999999731779099,0.11503282189369202,0.014438566393384403,0.016143305420180037,no_axis,0.1141399941917422,4.4239551685750484
1042,1012,2419096,landscape,tangent_direct,3,-0.11999999731779099,0.12186543643474579,0.014183077771768953,0.015520439319832383,no_axis,0.1142591319825726,4.557579144835472
1043,1013,2419096,landscape,random_direct,3,-0.11999999731779099,0.12186543643474579,0.08634630462081654,0.07784270800733631,no_axis,0.10918629715469114,4.4510887917131186
1044,1014,2419096,landscape,latent,3,-0.09000000357627869,0.08644189685583115,0.010449878262647197,0.011603833902859873,drift_rejected,0.3976108605681385,5.557205190882087
1045,1015,2419096,landscape,tangent_direct,3,-0.09000000357627869,0.09139908850193024,0.010637302917897619,0.011640324810769456,drift_rejected,0.4002503381526829,5.71482958085835
1046,1016,2419096,landscape,random_direct,3,-0.09000000357627869,0.09139908850193024,0.06475972904008719,0.05838203092058209,no_axis,0.11081808046435625,4.556886121630669
1047,1017,2419096,landscape,latent,3,-0.05999999865889549,0.058235544711351395,0.006875457939719436,0.007588158976166075,ok,51.02283523834958,6.467893490567803
1048,1018,2419096,landscape,tangent_direct,3,-0.05999999865889549,0.060932718217372894,0.007091540083677922,0.007760221886149457,ok,50.562878694818835,6.581439089030027
1049,1019,2419096,landscape,random_direct,3,-0.05999999865889549,0.060932718217372894,0.04317313941043514,0.03892134323439211,no_axis,0.11254692719659487,4.423950206488371
1050,1020,2419096,landscape,latent,3,-0.04500000178813934,0.0440409779548645,0.005162014835178872,0.005681966437763125,ok,60.081148155137235,5.992382038384676
1051,1021,2419096,landscape,tangent_direct,3,-0.04500000178813934,0.04569954425096512,0.0053186537611612855,0.005820165984809111,ok,60.2172114719252,5.689929075539112
1052,1022,2419096,landscape,random_direct,3,-0.04500000178813934,0.04569954425096512,0.03237985272806571,0.02919100664229081,no_axis,0.1131510601245543,4.44332991540432
1053,1023,2419096,landscape,latent,3,-0.029999999329447746,0.02966444380581379,0.0034609763424805528,0.003800681414873958,ok,62.691039881855076,5.127877973020077
1054,1024,2419096,landscape,tangent_direct,3,-0.029999999329447746,0.030466357246041298,0.0035457674788016164,0.00388010765258634,ok,62.81161478228882,5.266961915418506
1055,1025,2419096,landscape,random_direct,3,-0.029999999329447746,0.030466359108686447,0.021586564381184264,0.019460666565453744,drift_rejected,0.38652913789608445,4.582722514867783
1056,1026,2419096,landscape,latent,3,-0.024000000208616257,0.02384243905544281,0.0027784673504702008,0.0030486296907018345,ok,63.15091355429327,5.14551542326808
1057,1027,2419096,landscape,tangent_direct,3,-0.024000000208616257,0.024373086169362068,0.0028366193433153617,0.0031040919695435394,ok,63.318547785838945,5.126599360257387
1058,1028,2419096,landscape,random_direct,3,-0.024000000208616257,0.024373088032007217,0.01726924051012107,0.015568524645454674,drift_rejected,0.37574077145694856,5.161008235067129
1059,1029,2419096,landscape,latent,3,-0.017999999225139618,0.017971066758036613,0.002092522569244574,0.0022942026209506576,ok,64.06450109827105,5.153650064021349
1060,1030,2419096,landscape,tangent_direct,3,-0.017999999225139618,0.01827981323003769,0.002127459922354246,0.0023280652761842576,ok,64.34594473378786,5.1416113786399364
1061,1031,2419096,landscape,random_direct,3,-0.017999999225139618,0.01827981509268284,0.012951947337360844,0.011676407227844793,drift_rejected,0.3731767092753266,5.971677888184786
1062,1032,2419096,landscape,latent,3,-0.012000000104308128,0.0120442109182477,0.0014017460874408505,0.0015357445317322038,ok,63.613385781432896,5.265548361465335
1063,1033,2419096,landscape,tangent_direct,3,-0.012000000104308128,0.012186544947326183,0.0014183046093488054,0.001552041388965458,ok,63.44541953845679,5.153551457449794
1064,1034,2419096,landscape,random_direct,3,-0.012000000104308128,0.012186543084681034,0.008634632220870728,0.0077842720960305005,ok,28.96283900357877,5.145531661808491
1065,1035,2419096,landscape,latent,3,-0.008999999612569809,0.009058181196451187,0.0010540835084236358,0.0011544602049251404,ok,63.23941030157528,5.127196563407779
1066,1036,2419096,landscape,tangent_direct,3,-0.008999999612569809,0.009139909408986568,0.0010637340403715687,0.001164037297083274,ok,63.221024473595676,5.26692165620625
1067,1037,2419096,landscape,random_direct,3,-0.008999999612569809,0.009139906615018845,0.0064759851535673195,0.005838211816430628,ok,36.94369588751431,5.630198124796152
1068,1038,2419096,landscape,latent,3,-0.006000000052154064,0.006055844482034445,0.000704688891481985,0.0007715488848039709,ok,63.074536553684894,5.143662326037884
1069,1039,2419096,landscape,tangent_direct,3,-0.006000000052154064,0.006093272008001804,0.0007091551675906582,0.0007760212408638378,ok,63.092936239924235,5.127448448911309
1070,1040,2419096,landscape,random_direct,3,-0.006000000052154064,0.006093273404985666,0.004317316127306577,0.0038921363062736298,drift_rejected,0.39351263658060476,6.599789889529347
1071,1041,2419096,landscape,latent,3,-0.004000000189989805,0.0040451530367136,0.00047068287106351753,0.0005152395723194123,ok,62.990996737943384,5.151446020230651
1072,1042,2419096,landscape,tangent_direct,3,-0.004000000189989805,0.004062179941684008,0.00047277856502483175,0.0005173548754887719,ok,63.00803726613659,5.143239630386233
1073,1043,2419096,landscape,random_direct,3,-0.004000000189989805,0.004062180407345295,0.0028781953516132355,0.0025947459951203493,drift_rejected,0.39410167746471186,6.0726241283118725
1074,1044,2419096,landscape,latent,3,-0.0020000000949949026,0.0020265427883714437,0.00023582519797172674,0.0002580999662057663,ok,62.94763212281185,5.265077518299222
1075,1045,2419096,landscape,tangent_direct,3,-0.0020000000949949026,0.0020310936961323023,0.00023638815957112395,0.0002586783079138444,ok,62.95024783872545,5.151638049632311
1076,1046,2419096,landscape,random_direct,3,-0.0020000000949949026,0.002031092531979084,0.0014390884344097194,0.0012973662040893217,drift_rejected,0.39852921837943006,6.0327549409121275
1077,1047,2419096,landscape,latent,3,-0.0010000000474974513,0.0010142475366592407,0.00011802201413835069,0.00012915489079334615,ok,62.90309503451315,5.128249945119023
1078,1048,2419096,landscape,tangent_direct,3,-0.0010000000474974513,0.0010155434720218182,0.00011819106272682931,0.00012933911681813702,ok,62.91640401151623,5.265449706465006
1079,1049,2419096,landscape,random_direct,3,-0.0010000000474974513,0.0010155446361750364,0.0007195629676778171,0.0006486955703943434,drift_rejected,0.40104494031122173,6.337406393140554
1080,779,2419096,landscape,latent,3,0.0,1.0723327648065606e-07,2.492013707629625e-08,2.9343866312690466e-08,ok,62.99036047124971,5.128705486655235
1081,733,2419096,landscape,tangent_direct,3,0.0,0.0,0.0,0.0,ok,62.98526673454157,7.51516292989254
1082,733,2419096,landscape,random_direct,3,0.0,0.0,0.0,0.0,ok,62.98526673454157,7.51516292989254
1083,1050,2419096,landscape,latent,3,0.0010000000474974513,0.0010162565158680081,0.00011827544803083298,0.00012940832675439374,ok,62.86939847822813,5.145850844681263
1084,1051,2419096,landscape,tangent_direct,3,0.0010000000474974513,0.0010155434720218182,0.00011819165270083993,0.00012933567861270862,ok,62.87919915778142,5.127857068553567
1085,1052,2419096,landscape,random_direct,3,0.0010000000474974513,0.0010155446361750364,0.0007195523807474368,0.0006486891930823489,ok,61.30365910069346,6.059705251827836
1086,1053,2419096,landscape,latent,3,0.0020000000949949026,0.0020346969831734896,0.000236841085729066,0.00025910773483531284,ok,62.83497785642983,5.154119925573468
1087,1054,2419096,landscape,tangent_direct,3,0.0020000000949949026,0.0020310936961323023,0.0002363845732723215,0.00025867602649653473,ok,62.84410594875444,5.146888021379709
1088,1055,2419096,landscape,random_direct,3,0.0020000000949949026,0.002031092531979084,0.0014391070428193427,0.0012973795620604283,ok,48.226865059455854,6.379640065133572
1089,1056,2419096,landscape,latent,3,0.004000000189989805,0.004077867139130831,0.0004746718397717405,0.0005192176086596112,drift_rejected,0.40902508294615125,7.087170019745827
1090,1057,2419096,landscape,tangent_direct,3,0.004000000189989805,0.00406218133866787,0.00047277422847413005,0.0005173521441306863,drift_rejected,0.4089639698971415,6.932169463485479
1091,1058,2419096,landscape,random_direct,3,0.004000000189989805,0.004062180407345295,0.002878229779686745,0.0025947730117555764,drift_rejected,0.38745177575954504,5.263501631096005
1092,1059,2419096,landscape,latent,3,0.006000000052154064,0.0061297244392335415,0.0007136146621581002,0.0007804526716267536,drift_rejected,0.40910006492286827,6.905677122995257
1093,1060,2419096,landscape,tangent_direct,3,0.006000000052154064,0.006093272008001804,0.0007091508831985306,0.0007760176851559126,drift_rejected,0.408841077676228,7.090448182076216
1094,1061,2419096,landscape,random_direct,3,0.006000000052154064,0.006093274336308241,0.004317317978470414,0.003892136436603795,no_axis,0.11389791673332764,4.45757058635354
1095,1062,2419096,landscape,latent,3,0.008999999612569809,0.00922404509037733,0.0010741251874143865,0.001174460671560985,drift_rejected,0.4087781954590054,6.749927328899503
1096,1063,2419096,landscape,tangent_direct,3,0.008999999612569809,0.009139908477663994,0.0010637313028616926,0.001164031738737521,drift_rejected,0.4089548956260034,6.831701248884201
1097,1064,2419096,landscape,random_direct,3,0.008999999612569809,0.009139906615018845,0.006475976012414999,0.005838205332373681,no_axis,0.11395403926229708,4.559164443984628
1098,1065,2419096,landscape,latent,3,0.012000000104308128,0.012339525856077671,0.0014374247247353213,0.001571348337617683,drift_rejected,0.4091107901415435,6.694517821073532
1099,1066,2419096,landscape,tangent_direct,3,0.012000000104308128,0.012186544947326183,0.0014183091328692293,0.0015520447372597893,drift_rejected,0.4090530864119124,6.690793264657259
1100,1067,2419096,landscape,random_direct,3,0.012000000104308128,0.012186543084681034,0.00863464858515977,0.007784285935958624,no_axis,0.1139550645719874,4.4234826266765594
1101,1068,2419096,landscape,latent,3,0.017999999225139618,0.018636031076312065,0.00217265871242449,0.002374203754860415,drift_rejected,0.40875162162232287,6.845441499724984
1102,1069,2419096,landscape,tangent_direct,3,0.017999999225139618,0.01827981323003769,0.002127458473620261,0.002328062066270831,drift_rejected,0.4089584977263465,6.516504162922502
1103,1070,2419096,landscape,random_direct,3,0.017999999225139618,0.018279816955327988,0.012951978966425139,0.011676432086611928,no_axis,0.11398292322787346,4.444920344278216
1104,1071,2419096,landscape,latent,3,0.024000000208616257,0.02502618357539177,0.0029206130383428505,0.0031905738360286408,drift_rejected,0.40899759982191175,6.548804732039571
1105,1072,2419096,landscape,tangent_direct,3,0.024000000208616257,0.024373086169362068,0.0028366182201712904,0.003104089172088621,drift_rejected,0.4079055391230322,6.601179141551256
1106,1073,2419096,landscape,random_direct,3,0.024000000208616257,0.024373088032007217,0.017269271245998315,0.01556854813050066,no_axis,0.11391715615730358,4.451316883787513
1107,1074,2419096,landscape,latent,3,0.029999999329447746,0.03151670843362808,0.0036824647846488753,0.004021943291964729,drift_rejected,0.4091065859461382,6.569060023874044
1108,1075,2419096,landscape,tangent_direct,3,0.029999999329447746,0.030466357246041298,0.0035457578799604037,0.0038801002146506944,drift_rejected,0.40650650255656384,6.431170303374529
1109,1076,2419096,landscape,random_direct,3,0.029999999329447746,0.030466359108686447,0.021586586586291135,0.019460683729413158,no_axis,0.1139044489444169,4.5594123005867
1110,1077,2419096,landscape,latent,3,0.04500000178813934,0.04823193699121475,0.005655833515419018,0.006175951429889541,drift_rejected,0.4092436921878062,6.695851843804121
1111,1078,2419096,landscape,tangent_direct,3,0.04500000178813934,0.04569954425096512,0.0053186493692060815,0.005820158545768087,drift_rejected,0.40403633931512806,6.451070811599493
1112,1079,2419096,landscape,random_direct,3,0.04500000178813934,0.04569954425096512,0.03237989272108431,0.029191036643248028,no_axis,0.11392663804403014,4.423604162409902
1113,1080,2419096,landscape,latent,3,0.05999999865889549,0.06574801355600357,0.007743181693027509,0.00845814508168831,ok,61.623489338160006,5.265404501929879
1114,1081,2419096,landscape,tangent_direct,3,0.05999999865889549,0.060932718217372894,0.0070915394940896425,0.007760217515756684,drift_rejected,0.4026307160464371,6.514578124508262
1115,1082,2419096,landscape,random_direct,3,0.05999999865889549,0.060932718217372894,0.04317314036143344,0.03892134505182187,no_axis,0.11400430796258564,4.444160804152489
1116,1083,2419096,landscape,latent,3,0.09000000357627869,0.10382028669118881,0.012355840092352601,0.013532972847883061,ok,59.31410009791948,5.127675011754036
1117,1084,2419096,landscape,tangent_direct,3,0.09000000357627869,0.09139908850193024,0.010637312668072881,0.011640332438845415,drift_rejected,0.4036152703246864,7.266983250156045
1118,1085,2419096,landscape,random_direct,3,0.09000000357627869,0.09139908850193024,0.06475973716408416,0.05838203864477531,no_axis,0.11383767366826947,4.451980708166957
1119,1086,2419096,landscape,latent,3,0.11999999731779099,0.1476220041513443,0.017868013301856743,0.01970083009443793,ok,57.917768656199414,5.144795969128609
1120,1087,2419096,landscape,tangent_direct,3,0.11999999731779099,0.12186543643474579,0.014183073706637133,0.015520435646631355,ok,53.59096808874268,5.904301716014743
1121,1088,2419096,landscape,random_direct,3,0.11999999731779099,0.12186543643474579,0.08634633002852457,0.0778427261554274,no_axis,0.11210145134198116,4.560250988230109
1122,1089,2419096,landscape,latent,3,0.18000000715255737,0.3433057367801666,0.10199176055401173,0.11572512133685497,no_axis,0.10559583120317786,4.45160093344748
1123,1090,2419096,landscape,tangent_direct,3,0.18000000715255737,0.18279816210269928,0.0212746118563182,0.02328065252389704,ok,54.761571183145676,5.150902949273586
1124,1091,2419096,landscape,random_direct,3,0.18000000715255737,0.18279817700386047,0.12951947788391244,0.11676407852028851,no_axis,0.10522599987441164,4.421700201928616
1125,1092,2419096,landscape,latent,3,0.23999999463558197,0.5757564306259155,0.2197254054229386,0.253282545958135,drift_rejected,0.3900004582727672,5.267772346735001
1126,1093,2419096,landscape,tangent_direct,3,0.23999999463558197,0.24373087286949158,0.02836614592464318,0.031040868970267768,ok,48.319870209749205,5.152785744518042
1127,1094,2419096,landscape,random_direct,3,0.23999999463558197,0.24373087286949158,0.1726926219127447,0.1556854232167266,no_axis,0.10329542681774889,4.4440297689288855
