rk4_steps,learning_rate,step,score,score_delta,g_dot_update,gradient_update_cosine,consecutive_gradient_cosine,step_rms,arc_length,surface_level
64,0.003,1,85.94199445635373,0.08141523965181818,0.33559542251540164,0.632647673280628,0.9997156194726362,0.003000010987772159,0.003000010987772159,0.25
64,0.003,2,86.04590137523292,0.1039069188791899,0.3328595117405734,0.6358734248320247,0.9997049275356075,0.002976159463735701,0.00597617045150786,0.25
64,0.003,3,86.11116228533004,0.06526091009712331,0.329956232888894,0.6384572747776046,0.9989850246156604,0.0029545847669048674,0.008930755218412727,0.25
64,0.003,4,86.16817346960829,0.05701118427825236,0.3331151061035722,0.6465522714049874,0.9986003147833633,0.0029255080802410116,0.01185626329865374,0.25
64,0.003,5,86.21476383125997,0.04659036165168118,0.3212301878924343,0.643322159896779,0.999387698402452,0.002902587218832329,0.014758850517486068,0.25
64,0.003,6,87.3510521958262,1.1362883645662265,0.32077298485516853,0.644416620174567,0.9995811821028323,0.0028971186961492,0.01765596921363527,0.36
64,0.003,7,87.44587166146015,0.09481946563394672,0.3149467227529924,0.6450011315668761,0.9996679179716691,0.0028890418833913112,0.02054501109702658,0.36
64,0.003,8,87.60646107083842,0.16058940937827515,0.3164622026546685,0.6431481382494497,0.9996559045338703,0.002904139713342667,0.023449150810369246,0.36
64,0.003,9,87.73808350649209,0.13162243565366794,0.3188498715891521,0.6413368227431929,0.9996458038457529,0.002927936224134317,0.026377087034503564,0.36
64,0.003,10,87.87507819536879,0.13699468887669752,0.32260828243151474,0.6399168928699495,0.999619407778916,0.0029581629048261986,0.02933524993932976,0.36
64,0.003,11,87.98024675821648,0.1051685628476946,0.32710251352380487,0.6388649407358556,0.9995906318239444,0.0029926824685865957,0.03232793240791636,0.36
64,0.003,12,88.07478499832018,0.09453824010370226,0.33235114818460965,0.6380088204660734,0.9995709315706698,0.0030316197496402866,0.035359552157556644,0.36
64,0.003,13,88.18934320379068,0.11455820547050166,0.33801323522598364,0.6372243562090054,0.9995509577531174,0.0030729381902759594,0.0384324903478326,0.36
64,0.003,14,88.29996640129836,0.11062319750767813,0.34388499586009025,0.636554623651351,0.9992957534739687,0.003116048978057667,0.04154853932589027,0.36
64,0.003,15,88.39818983968414,0.09822343838577297,0.3445917648794862,0.6351316236770904,0.9995292509901498,0.0031478026719798276,0.04469634199787009,0.36
64,0.003,16,88.49220972067816,0.09401988099402558,0.3469943121280705,0.6348632485548875,0.9992555619772837,0.0031772159852718543,0.04787355798314195,0.36
64,0.003,17,88.60050180414903,0.1082920834708716,0.35149407240987474,0.635606542303033,0.9994638728649918,0.003213170133564471,0.05108672811670642,0.36
64,0.003,18,88.72399147311322,0.1234896689641829,0.3458844870114288,0.6364697007480974,0.9992137809515705,0.0032147598798491707,0.05430148799655559,0.36
64,0.003,19,88.82846797971312,0.1044765065999087,0.3305357833640511,0.6368188656822958,0.9981368760503387,0.0031808049572679136,0.057482292953823504,0.36
64,0.003,20,88.92640109174037,0.09793311202724908,0.30132958650515107,0.6371584142649295,0.9965574729321729,0.00309202084455499,0.06057431379837849,0.36
64,0.003,21,89.01251147585536,0.08611038411498839,0.2645133729482241,0.6372562553169788,0.9933997343198069,0.002964749242131398,0.0635390630405099,0.36
64,0.003,22,89.07559505879203,0.06308358293667027,0.2263624689984541,0.6330311677405028,0.9919026443231187,0.0028472522708082766,0.06638631531131817,0.36
64,0.003,23,89.2182937100562,0.14269865126416903,0.19691883661726517,0.6260787968625001,0.9953024651060081,0.002776528254449027,0.0691628435657672,0.36
64,0.003,24,88.262708604298,-0.9555851057582032,0.17829406438319242,0.6196801470595075,0.9908832494035714,0.002736089962895095,0.07189893352866229,0.25
64,0.003,25,88.3746124877943,0.11190388349629643,0.17717618537878468,0.6063793150102843,0.9981240738772265,0.0026623598384915305,0.07456129336715382,0.25
64,0.003,26,88.46444201783432,0.0898295300400207,0.16633526925603348,0.612020739546975,0.9982327276301347,0.002616712427155262,0.07717800579430908,0.25
64,0.003,27,88.56378646804032,0.09934445020600435,0.15633840382469444,0.6141788401288673,0.9957312274557812,0.0025833218196336877,0.07976132761394278,0.25
64,0.003,28,88.65528501305076,0.09149854501043819,0.1442025517416196,0.6091132034873294,0.9988292275850953,0.002504548740326133,0.08226587635426891,0.25
64,0.003,29,88.7170760133037,0.06179100025293849,0.13677031180577554,0.6134157039038446,0.999150986906803,0.0024698015904667005,0.0847356779447356,0.25
64,0.003,30,88.78148549066772,0.06440947736402336,0.13002510353053842,0.6156255940241055,0.9994779530319181,0.002442323215089099,0.0871780011598247,0.25
64,0.003,31,88.82918388341713,0.047698392749410345,0.12393053412933926,0.6174208776072392,0.9994968084237354,0.0024109553826891445,0.08958895654251385,0.25
64,0.003,32,88.85647343640292,0.027289552985791943,0.11789847892367786,0.6199181270456,0.9905829984253115,0.002373426550278565,0.09196238309279242,0.25
64,0.003,33,88.89726881492444,0.04079537852152271,0.10110523358898185,0.6192479070804189,0.9960982970817068,0.0021860441776880746,0.09414842727048049,0.25
64,0.003,34,88.97255495267765,0.07528613775320991,0.09782722000799995,0.6364985236861523,0.9977229546945486,0.002123966500814228,0.09627239377129472,0.25
64,0.003,35,89.01949914948415,0.046944196806492755,0.09147871140188776,0.6346712725159424,0.9986933204236197,0.002040526249779003,0.09831292002107372,0.25
64,0.003,36,89.03089143875918,0.01139228927503666,0.08544400345498293,0.6373022406052324,0.9968535750511658,0.0019554628408163808,0.1002683828618901,0.25
64,0.003,37,89.0503778711048,0.019486432345615867,0.07697123900504119,0.646497259058519,0.9986655868681034,0.0018539832261155287,0.10212236608800564,0.25
64,0.003,38,89.0638049039224,0.013427032817602935,0.07000917720352005,0.6518643574284471,0.9953264946461671,0.0017783779626650406,0.10390074405067068,0.25
64,0.003,39,89.0815368360371,0.01773193211469959,0.06578023212586162,0.6519447649342118,0.9991836535798994,0.0017317938512420147,0.1056325379019127,0.25
64,0.003,40,89.07225244901153,-0.009284387025573437,0.06064123994561492,0.6545374050309741,0.9932896076060119,0.0016903606215209152,0.10732289852343362,0.25
64,0.003,41,89.08842650205979,0.01617405304826036,0.05323757774594243,0.6529576750795688,0.9993191765172423,0.0016214489509798413,0.10894434747441346,0.25
64,0.003,42,89.12361793035569,0.03519142829590294,0.04923488576496998,0.6494906671071438,0.9992494544055068,0.0015911555539899103,0.11053550302840337,0.25
64,0.003,43,89.15531657783278,0.03169864747708573,0.045783904994091476,0.6459294527226882,0.9990629671225001,0.0015617240287895482,0.11209722705719292,0.25
64,0.003,44,89.19012888952346,0.034812311690686215,0.04272599043478281,0.6462760910120425,0.9953214008684562,0.0015326213497012912,0.11362984840689422,0.25
64,0.003,45,89.19844614719834,0.008317257674875123,0.03935387589185745,0.6629137796915769,0.9978090600170875,0.0014421367439823548,0.11507198515087658,0.25
64,0.003,46,89.24700254403709,0.04855639683874813,0.03711827622933607,0.6727915216232472,0.9983509873333655,0.0014118996869856041,0.11648388483786218,0.25
64,0.003,47,89.2767509116291,0.029748367592006275,0.03516647885017295,0.6747851161358933,0.9989539153566489,0.0013956524446076225,0.1178795372824698,0.25
64,0.003,48,89.31728205640853,0.04053114477943609,0.033434810869351066,0.6739384224209253,0.9934641276905696,0.0013812341319420596,0.11926077141441187,0.25
64,0.003,49,89.35663441036041,0.039352353951883856,0.03218914339498524,0.6763349235552232,0.9929444935866195,0.0013743296157878785,0.12063510103019974,0.25
64,0.003,50,89.4233824285021,0.06674801814168063,0.03058106764773819,0.674036731090992,0.9987621487666165,0.0013502350736192047,0.12198533610381894,0.25
64,0.003,51,89.45970364523968,0.03632121673759059,0.029570885951581215,0.6758771669342597,0.9984471267033903,0.0013426159789252168,0.12332795208274415,0.25
64,0.003,52,89.50226277925918,0.0425591340194984,0.028699919629017672,0.6770910597136365,0.991963578060082,0.0013374595598684613,0.1246654116426126,0.25
64,0.003,53,89.55510610389284,0.05284332463365615,0.027578797064540347,0.6774469906160504,0.9949591399023717,0.0013294234578436744,0.12599483510045628,0.25
64,0.003,54,89.60472375041175,0.049617646518910874,0.02670575918325945,0.6763617844958363,0.9988587268444655,0.0013118327540785817,0.12730666785453487,0.25
64,0.003,55,89.66381683273264,0.05909308232088506,0.02630183595056955,0.6776975265212831,0.99363425786179,0.0013095913949981513,0.12861625924953302,0.25
64,0.003,56,89.71894895012458,0.05513211739194901,0.02632521692430792,0.6785758275736388,0.9974511510854492,0.0013248851309970143,0.12994114438053003,0.25
64,0.003,57,89.75987404488538,0.04092509476079442,0.026750832440257562,0.678320311637033,0.9957681277932144,0.0013445275465548932,0.13128567192708493,0.25
64,0.003,58,89.83007309999442,0.07019905510904323,0.02667546171011083,0.6728016128852136,0.9926298461409228,0.0013624142790033345,0.13264808620608826,0.25
64,0.003,59,89.86930643460441,0.0392333346099889,0.026680527296980984,0.6836947045712006,0.9907761383546775,0.0013309631112396962,0.13397904931732796,0.25
64,0.003,60,89.92826077347661,0.05895433887219781,0.026846828998081253,0.6817003402881461,0.9895264885452824,0.0013507469335668342,0.13532979625089478,0.25
64,0.003,61,89.95483988933704,0.026579115860428715,0.026902914332130132,0.6851681432235005,0.9906895754416152,0.0013674321124738625,0.13669722836336864,0.25
64,0.003,62,90.01937597006425,0.0645360807272084,0.028135468942354445,0.6755679297181242,0.9811692782362941,0.0014029768693740248,0.13810020523274266,0.25
64,0.003,63,90.08110803976223,0.06173206969798173,0.03025747800750694,0.6768368625150842,0.9902885414912863,0.001392729988608092,0.13949293522135076,0.25
64,0.003,64,90.14642919175223,0.06532115199000543,0.030082163300495193,0.6827838928773705,0.9992177025054465,0.001424529624521938,0.1409174648458727,0.25
64,0.003,65,90.17606130356086,0.029632111808624018,0.03050951828820366,0.6753108178168056,0.9903369913333355,0.0014492263422858866,0.1423666911881586,0.25
64,0.003,66,90.23888986296663,0.06282855940577292,0.03126250996138886,0.6774397866755301,0.9897988787004965,0.0014148179173389059,0.1437815091054975,0.25
64,0.003,67,90.28517072108231,0.04628085811567928,0.030536775469217896,0.6814804777580391,0.9988563464748489,0.001427303728657849,0.14520881283415535,0.25
64,0.003,68,90.32398553036882,0.0388148092865066,0.031149553895104962,0.6729440936820357,0.989860391219208,0.001444836156198994,0.14665364899035435,0.25
64,0.003,69,90.35778699195689,0.033801461588069515,0.03234347527325688,0.6761606653477338,0.9919033928742593,0.0014111783988270104,0.14806482738918136,0.25
64,0.003,70,90.38138689948858,0.023599907531689723,0.03190320137485479,0.6801797566005617,0.9995086746790444,0.0014260504742186683,0.14949087786340004,0.25
64,0.003,71,90.40541199853077,0.0240250990421913,0.032274731612932116,0.6730227621668889,0.9925658402906936,0.0014407752327975454,0.15093165309619758,0.25
64,0.003,72,90.42619825617268,0.020786257641915995,0.033205735451420956,0.678510879440327,0.9994089857010658,0.001409144109982047,0.15234079720617963,0.25
64,0.003,73,90.43973251391122,0.013534257738541555,0.03256240568802124,0.6815583272716238,0.9940725243426343,0.0013981617976993569,0.153738959003879,0.25
64,0.003,74,90.47329648359066,0.033563969679434535,0.03119125378649876,0.684203711176971,0.9937925576799542,0.0013617273116587807,0.15510068631553778,0.25
64,0.003,75,90.50223490739752,0.02893842380686351,0.0301713780039805,0.6855305296869814,0.9943408182517671,0.0013417941552327608,0.15644248047077053,0.25
64,0.003,76,90.48650853616772,-0.01572637122980325,0.029287638460385314,0.6812736183578686,0.9886290354462145,0.0013270469925252826,0.1577695274632958,0.25
64,0.003,77,90.5205298139568,0.03402127778907982,0.02777312431353334,0.6751187509606945,0.9939773408790349,0.001282704136264549,0.15905223159956036,0.25
64,0.003,78,90.55135903503263,0.030829221075833857,0.026629487635517736,0.6728743286687757,0.9904363945169585,0.0012706440633358839,0.16032287566289624,0.25
64,0.003,79,90.55905935169079,0.007700316658159068,0.02493029343551778,0.6731970565434064,0.9951812362988933,0.0012402973490373075,0.16156317301193354,0.25
64,0.003,80,90.48214371216382,-0.07691563952697322,0.023125366190218544,0.6644770917655981,0.9949516872474646,0.0012222376932202073,0.16278541070515376,0.25
64,0.003,81,90.58555809289783,0.10341438073400866,0.021730631362773988,0.649855952932952,0.9983241549750186,0.0012158851664279724,0.16400129587158174,0.25
64,0.003,82,90.58655177479233,0.000993681894499332,0.020998140186007024,0.6395099856635025,0.9936373546574722,0.0012147032484053442,0.16521599911998708,0.25
64,0.003,83,90.59145391559143,0.004902140799103449,0.02102602945901986,0.6484063122415153,0.9905807976299703,0.0011960493366061713,0.16641204845659324,0.25
64,0.003,84,90.58877592835553,-0.0026779872358986267,0.020695754014366047,0.6394359372994238,0.9995312660099849,0.0012062421406615618,0.1676182905972548,0.25
64,0.003,85,90.60785076767046,0.01907483931492493,0.020526136498948522,0.6312989662087112,0.998578824304477,0.0012222170405570506,0.16884050763781186,0.25
64,0.003,86,90.51892546991415,-0.08892529775630464,0.020216908655975054,0.6250928625685227,0.9928876473812539,0.0012272224919994096,0.17006773012981127,0.25
64,0.003,87,90.61750575083573,0.09858028092158122,0.02036684481811524,0.636282583264328,0.989435538486035,0.001206372296806701,0.17127410242661797,0.25
64,0.003,88,90.59795154115537,-0.01955420968036492,0.020200078641734547,0.6416443029111482,0.9963482160620029,0.0011868360011560565,0.17246093842777402,0.25
64,0.003,89,90.62729046488256,0.029338923727195265,0.020130525858569812,0.6349388558916066,0.9986138102611642,0.0012090983730843395,0.17367003680085835,0.25
64,0.003,90,90.61631399432264,-0.010976470559924678,0.0199650014432419,0.6259123368664818,0.9915898185932738,0.0012260209070414764,0.17489605770789982,0.25
64,0.003,91,90.62254903943693,0.006235045114294735,0.02011630365020667,0.6326449560817445,0.9793574337217275,0.001213425470004229,0.17610948317790404,0.25
64,0.003,92,90.60038360636904,-0.02216543306789731,0.020024938288993648,0.6311112502213647,0.9867228269451439,0.0012254371982065482,0.1773349203761106,0.25
64,0.003,93,90.61158791842993,0.011204312060897337,0.019825491264548085,0.6205233142000125,0.9818705036888778,0.0012246240045017279,0.17855954438061233,0.25
64,0.003,94,90.61035311507587,-0.0012348033540661163,0.01901323787976343,0.6322235916330854,0.9800191167495141,0.0011546027810168636,0.1797141471616292,0.25
64,0.003,95,90.60447265986213,-0.005880455213741698,0.018718991712733328,0.6343256194148139,0.9977393847414509,0.001146154852525822,0.180860302014155,0.25
64,0.003,96,90.59247801600851,-0.01199464385361182,0.019039163675810364,0.6336703935363656,0.9990133228043153,0.0011573817701547636,0.18201768378430977,0.25
64,0.003,97,90.56250766870804,-0.029970347300476874,0.019062460591055617,0.6312272083969953,0.9869947791988064,0.0011666718268109363,0.1831843556111207,0.25
64,0.003,98,90.58429710165814,0.021789432950100718,0.019126296291304738,0.6315538296700233,0.9882901189783588,0.001160266281049174,0.18434462189216988,0.25
64,0.003,99,90.58378940750282,-0.00050769415531704,0.018731860614652533,0.630015442090997,0.9828305295535577,0.0011645123124894062,0.18550913420465928,0.25
64,0.003,100,90.56836148523392,-0.015427922268898442,0.020559006465773976,0.6421222110352139,0.9777852815009949,0.0012350562773012974,0.1867441904819606,0.25
64,0.003,101,90.5588623533495,-0.009499131884425083,0.020167241637100423,0.623179218049986,0.9960860935005417,0.001237382677944842,0.18798157315990544,0.25
64,0.003,102,90.53611323605604,-0.022749117293457743,0.020076020876241444,0.6183624796468828,0.9725874915788878,0.001253915471745367,0.1892354886316508,0.25
64,0.003,103,90.54306962905817,0.00695639300212747,0.019344708427200215,0.6302023724133408,0.9908073860458111,0.0011843557155155288,0.19041984434716633,0.25
64,0.003,104,90.53901900900185,-0.004050620056318621,0.019491683305000014,0.6398467128490921,0.9851550632212934,0.001173068211347494,0.19159291255851382,0.25
64,0.003,105,90.5352831193403,-0.0037358896615415915,0.019826469412397674,0.6430290517619537,0.9865729169801954,0.0011613720858599148,0.19275428464437375,0.25
64,0.003,106,90.53534301289609,5.989355578606137e-05,0.01976879657263322,0.6507013622526373,0.9870702442405772,0.0011535309212214874,0.19390781556559522,0.25
64,0.003,107,90.49448452690135,-0.04085848599474673,0.019817070509192618,0.6533215597245565,0.9672670521512352,0.0011633368733024625,0.1950711524388977,0.25
64,0.003,108,90.47031971701576,-0.024164809885590444,0.019948184671458355,0.6458188046978798,0.968283036504565,0.0011717446244012453,0.19624289706329895,0.25
64,0.003,109,90.4958673317804,0.02554761476464762,0.019494052236859648,0.6489817682152522,0.9883567416794442,0.0011634503380121687,0.1974063474013111,0.25
64,0.003,110,90.46771898054794,-0.028148351232459845,0.019522161404053502,0.6459483932131636,0.9886581027593915,0.0011701438519454222,0.19857649125325652,0.25
64,0.003,111,90.42659303438295,-0.04112594616499621,0.019674102406406248,0.647349935763659,0.9692399792741285,0.0011750038487024473,0.19975149510195897,0.25
64,0.003,112,90.41453140702957,-0.01206162735337557,0.02013070886069651,0.6427777403729207,0.889608177190379,0.0011888387897632077,0.20094033389172217,0.25
64,0.003,113,90.42073402996166,0.0062026229320935045,0.0214357459766054,0.6645906008455189,0.8804880280533398,0.0012090119209193695,0.20214934581264155,0.25
64,0.003,114,90.4255738024032,0.004839772441542323,0.01985272681534348,0.6395045725150149,0.9993960425907739,0.0011721769949774605,0.203321522807619,0.25
64,0.003,115,90.43036571034148,0.004791907938269446,0.020648549614444265,0.6424362817638684,0.9510228383026162,0.0012176423104926423,0.20453916511811165,0.25
64,0.003,116,90.37936704694981,-0.05099866339166681,0.021450451767839093,0.6397620597861429,0.9724971899638298,0.0012999538842862531,0.2058391190023979,0.25
64,0.003,117,90.37764456703903,-0.0017224799107822264,0.019617394010283853,0.6247112923619411,0.999908522497214,0.0012299039028957513,0.20706902290529366,0.25
64,0.003,118,90.33500649146121,-0.04263807557781263,0.019832755615177354,0.6356360047823396,0.9857681826562351,0.0012199078926611146,0.20828893079795477,0.25
64,0.003,119,90.32972836457651,-0.005278126884704193,0.01962775967247259,0.6399714217920583,0.960980342395076,0.0011930417166104226,0.20948197251456518,0.25
64,0.003,120,90.32130475334817,-0.00842361122833779,0.019922624554905802,0.6514735051613728,0.9270080313322773,0.0012042155979049747,0.21068618811247017,0.25
64,0.003,121,90.29174532156651,-0.029559431781663648,0.02012110068650019,0.6416911821744766,0.9393491621180448,0.0011963037258799689,0.21188249183835015,0.25
64,0.003,122,90.26100627071838,-0.030739050848126226,0.019484672845112648,0.6509178825613791,0.9958740678130398,0.0011956430726872966,0.21307813491103744,0.25
64,0.003,123,90.23386596939412,-0.027140301324266147,0.019651241078220007,0.6481114023808069,0.932807333057418,0.0012193697598963603,0.2142975046709338,0.25
64,0.003,124,90.24735421089439,0.013488241500269282,0.020751965449641616,0.6421366188493586,0.9188924912671823,0.0012372138933588717,0.21553471856429268,0.25
64,0.003,125,87.25465337706737,-2.9927008338270156,0.01919468514151582,0.6459122680258176,0.8881687147968904,0.0012103709062885777,0.21674508947058127,0.16
64,0.003,126,87.25061175821608,-0.004041618851289286,0.017530216578745136,0.6294241532655909,0.9482031068277897,0.001151473280401799,0.21789656275098307,0.16
64,0.003,127,87.23338876923296,-0.017222988983121468,0.017171585863003408,0.631719932203111,0.9522183361994586,0.0011637699445755678,0.21906033269555863,0.16
64,0.003,128,87.21746207302915,-0.015926696203806046,0.01652569184522696,0.6420602423200434,0.9156367942028166,0.0011029656502572886,0.2201632983458159,0.16
64,0.003,129,87.1823075437656,-0.03515452926355067,0.014937250783427017,0.6471348859360954,0.9980737242097256,0.0010584375219324837,0.2212217358677484,0.16
64,0.003,130,87.20823015682682,0.02592261306121202,0.014922368052291704,0.6525492417104233,0.9512800399428802,0.0010674870151902037,0.22228922288293862,0.16
64,0.003,131,87.17462958313321,-0.033600573693604474,0.014666824636181562,0.6394881637292499,0.9578375991470263,0.001053306114329915,0.22334252899726853,0.16
64,0.003,132,87.21022939188185,0.03559980874864266,0.014496271567374418,0.6496246962930962,0.9437465634868485,0.00105737461276955,0.2243999036100381,0.16
64,0.003,133,87.21685706289864,0.006627671016786962,0.01478857146715511,0.638841419777606,0.9331978576757982,0.0010568403836994623,0.22545674399373755,0.16
64,0.003,134,87.19052405365565,-0.026333009242989647,0.014530805863040064,0.6510556712218888,0.9798829984706997,0.0010578850222328449,0.2265146290159704,0.16
64,0.003,135,87.19740732987623,0.006883276220577272,0.014542711167407286,0.6452623908568809,0.951437792600584,0.0010746803727564968,0.22758930938872687,0.16
64,0.003,136,87.09183330365539,-0.105574026220836,0.01511714997570903,0.6341762025472523,0.9246551891385094,0.0011137171716389552,0.22870302656036584,0.16
64,0.003,137,87.09452344032553,0.002690136670139509,0.014278515061976419,0.6353111321878683,0.952566605106221,0.001057612942501463,0.2297606395028673,0.16
64,0.003,138,87.07272306843484,-0.021800371890691395,0.014831371342698026,0.6550940382770386,0.8982323757975963,0.0010799299749212233,0.23084056947778853,0.16
64,0.003,139,87.09759993703123,0.02487686859639382,0.014489155926099404,0.6333216562274973,0.9123721041414647,0.0010895110333446556,0.23193008051113317,0.16
64,0.003,140,87.19751095051012,0.09991101347888787,0.014471168829576088,0.6463234720762158,0.9108840191562413,0.0010792120737127605,0.23300929258484593,0.16
64,0.003,141,87.18879518173497,-0.008715768775147126,0.014953940812664691,0.6306555228561302,0.9287644445584022,0.0011264733739658483,0.23413576595881178,0.16
64,0.003,142,87.15573689365539,-0.03305828807958733,0.01458648447692101,0.6363126339398205,0.9559845898902669,0.0010782611439755917,0.23521402710278735,0.16
64,0.003,143,87.16680221206101,0.011065318405627522,0.0150722635435876,0.6545095412335146,0.8970045376229566,0.0010989614325558241,0.2363129885353432,0.16
64,0.003,144,87.08763285113227,-0.07916936092874494,0.014675174903049228,0.633580177662059,0.91360801317285,0.0011004828795588087,0.237413471414902,0.16
64,0.003,145,87.04782704874563,-0.039805802386638334,0.014659879523638496,0.6483020377471562,0.9107731390206871,0.0010878847909600122,0.238501356205862,0.16
64,0.003,146,87.14104196013922,0.09321491139358784,0.015197240582470415,0.6336376523499505,0.9286046828963473,0.0011348589704926278,0.2396362151763546,0.16
64,0.003,147,87.02359126683517,-0.11745069330405045,0.014771167891493103,0.6376196478988855,0.9703898328683052,0.0010884882109456452,0.24072470338730026,0.16
64,0.003,148,87.12933555285115,0.10574428601597674,0.014537910943122016,0.6387723591479076,0.9653070846114956,0.0010892251735042046,0.24181392856080447,0.16
64,0.003,149,87.02636244063662,-0.10297311221452787,0.015480659539846757,0.6550227801601972,0.8914904833029638,0.0011199484365614872,0.24293387699736596,0.16
64,0.003,150,87.01668984877699,-0.009672591859626323,0.015300422932671176,0.6392651200372865,0.9698984488325523,0.0011226182957770683,0.24405649529314302,0.16
64,0.003,151,87.10057405994118,0.08388421116418954,0.01494673478858826,0.6363742986054999,0.9960006591871416,0.0011211269583363572,0.24517762225147938,0.16
64,0.003,152,86.98947131192205,-0.11110274801913533,0.01501309979801593,0.6320112993568164,0.9772240929256037,0.00113451865623519,0.24631214090771456,0.16
64,0.003,153,87.01049240480481,0.021021092882762105,0.015359555964952061,0.6364094607056908,0.9329470733838643,0.0011235381687741278,0.2474356790764887,0.16
64,0.003,154,87.00658608564696,-0.003906319157849225,0.015652145528374534,0.6476817505531969,0.9989876713767611,0.0011287897864752743,0.24856446886296396,0.16
64,0.003,155,87.00624387324083,-0.0003422124061245313,0.016366877023898378,0.6378529657374046,0.9277395745866664,0.0012051903867750938,0.24976965924973907,0.16
64,0.003,156,87.04098715837985,0.034743285139015256,0.015299163765378961,0.6379415400685979,0.9997762036297769,0.0011166982021776758,0.25088635745191673,0.16
64,0.003,157,86.975753184163,-0.06523397421685218,0.01594071937339569,0.64841985086726,0.973374832731978,0.0011438312361823659,0.2520301886880991,0.16
64,0.003,158,86.94793536944817,-0.027817814714822475,0.015413455816255996,0.6388653077530522,0.9996864224556697,0.0011394411449393658,0.2531696298330385,0.16
64,0.003,159,87.00860004317146,0.06066467372328077,0.015711474547307133,0.6359484755194562,0.9712554176373156,0.0011619935269260961,0.25433162335996456,0.16
64,0.003,160,87.00376136795478,-0.004838675216674915,0.01663539201684378,0.647451989493486,0.9313514595019163,0.0011826788940670259,0.2555143022540316,0.16
64,0.003,161,86.94598501596735,-0.05777635198742814,0.015819663743412815,0.6420814330783345,0.9994453657289855,0.0011337259832260556,0.25664802823725763,0.16
64,0.003,162,86.93361510884657,-0.012369907120785228,0.016409882364814256,0.6492165762849285,0.9330958219572798,0.0011575379817106858,0.25780556621896833,0.16
64,0.003,163,86.95620026810657,0.022585159260003707,0.016911964127315087,0.6525821836383704,0.9708031161777574,0.0011780862280603194,0.25898365244702864,0.16
64,0.003,164,86.90655342965772,-0.04964683844885087,0.016300503431645873,0.6445453584492542,0.9767067383580178,0.0011725770359099171,0.26015622948293854,0.16
64,0.003,165,86.92242585325752,0.015872423599802232,0.016443938370405198,0.6463121051221212,0.999466606528827,0.0011639083291192461,0.26132013781205776,0.16
64,0.003,166,86.90558249833477,-0.016843354922755793,0.016877149616495904,0.6473377185678529,0.9333338205617304,0.0011870311982114484,0.2625071690102692,0.16
64,0.003,167,86.90054261068771,-0.0050398876470580944,0.017515746977379787,0.6538130441132487,0.970812427979391,0.0012006835025694786,0.2637078525128387,0.16
64,0.003,168,86.91021658030797,0.00967396962026612,0.016953998704257574,0.6454478191279615,0.9738495733716399,0.001200940737576108,0.2649087932504148,0.16
64,0.003,169,86.87365518864998,-0.03656139165799743,0.01678855290287415,0.648130871483457,0.9548409960757017,0.0011699298816714243,0.2660787231320862,0.16
64,0.003,170,86.85879675716475,-0.014858431485222923,0.018638436775150105,0.6704298920326522,0.8960675108312588,0.0012096759938954563,0.2672883991259816,0.16
64,0.003,171,86.8455008451764,-0.013295911988350895,0.017757997547780884,0.6580389055410589,0.9349599846980705,0.001201965292409509,0.26849036441839114,0.16
64,0.003,172,86.80357965004457,-0.041921195131834565,0.017024383652999645,0.6524399588791722,0.9772178114736293,0.0011713987688162437,0.26966176318720736,0.16
64,0.003,173,86.81216245739459,0.008582807350023813,0.017471637706270082,0.6546739314271832,0.978991748149751,0.0011992205869663817,0.2708609837741737,0.16
64,0.003,174,86.80811700841488,-0.004045448979709931,0.017841789321014052,0.6522121562937454,0.9754122265919063,0.0012119995242148955,0.27207298329838864,0.16
64,0.003,175,86.76945113927974,-0.03866586913514425,0.017918161381310728,0.648373705133984,0.9996848497023985,0.0012328648881670386,0.2733058481865557,0.16
64,0.003,176,86.76920598432699,-0.00024515495275068133,0.018266830185561356,0.6438868511034065,0.9770050706005574,0.001264879748765263,0.27457072793532095,0.16
64,0.003,177,86.76374437546959,-0.0054616088574022115,0.018161514944821995,0.6440466440209006,0.9993014079448151,0.0012419014548311672,0.2758126293901521,0.16
64,0.003,178,86.7480357510456,-0.015708624423979245,0.01868840900915565,0.6492155486203705,0.9533690838425983,0.001255774267352246,0.27706840365750435,0.16
64,0.003,179,86.7377670055069,-0.010268745538709823,0.020890605105356095,0.667677322268788,0.8976956507267401,0.0012991457075790024,0.27836754936508334,0.16
64,0.003,180,86.7034316090029,-0.03433539650399098,0.021533120592667026,0.6490905975409146,0.9251676589202703,0.0013869726749454025,0.27975452204002876,0.16
64,0.003,181,86.70019110345952,-0.0032405055433883945,0.020879274789734656,0.6488201894987191,0.8730405678917724,0.0013735366838703857,0.2811280587238992,0.16
64,0.003,182,80.98000030899945,-5.720190794460066,0.018195177914261042,0.6470926733902693,0.5673690947077706,0.0012809909172468964,0.28240904964114605,0.08
64,0.003,183,80.93509963403363,-0.044900674965816734,0.0266731221863688,0.6873429183010505,0.7890485615652857,0.00137757384077611,0.2837866234819222,0.08
64,0.003,184,80.88480659679718,-0.050293037236457394,0.017333224744915946,0.6584191498420624,0.8925263179595854,0.001219636004695572,0.28500625948661773,0.08
64,0.003,185,80.86999431903796,-0.014812277759219228,0.014428992841651002,0.64722494912033,0.9959876687461142,0.0011742707352571965,0.28618053022187495,0.08
64,0.003,186,80.8839220368552,0.013927717817239227,0.01469546502454643,0.6398546504642324,0.7536874508559969,0.0012500100776308707,0.2874305402995058,0.08
64,0.003,187,80.77989453814058,-0.10402749871461481,0.01375644747095494,0.6379835663798357,0.8087569294896301,0.0011071590969993815,0.2885376993965052,0.08
64,0.003,188,80.88092186926364,0.10102733112306339,0.01410945320860094,0.6572259488460211,0.7307808442412881,0.0010973970767902644,0.28963509647329544,0.08
64,0.003,189,80.88338327280765,0.002461403544003815,0.01671868103001945,0.6804913990480246,0.7207312359189406,0.0011815015162776688,0.2908165979895731,0.08
64,0.003,190,80.74368878536501,-0.13969448744263957,0.013417355224528558,0.6557928798944175,0.8866001120140322,0.0010578996818107484,0.29187449767138385,0.08
64,0.003,191,80.84741364873108,0.10372486336606812,0.014837535987994682,0.6645021964107175,0.6716625610106636,0.001173462022918994,0.29304795969430286,0.08
64,0.003,192,80.78852866270147,-0.058884986029610786,0.012649798708022901,0.6527501238785054,0.7776166883573736,0.0010444679363007016,0.29409242763060356,0.08
64,0.003,193,80.88156986887084,0.09304120616937439,0.012579170142552241,0.6653044019735029,0.9284757808156847,0.0010492631505631376,0.2951416907811667,0.08
64,0.003,194,80.8656531592349,-0.01591670963594538,0.012910690908144022,0.6436980262054413,0.7409454680321709,0.0011157170632598201,0.2962574078444265,0.08
64,0.003,195,80.73693754157986,-0.1287156176550326,0.013908295226754111,0.6655229025358118,0.8844030397939057,0.0010921500019515941,0.2973495578463781,0.08
64,0.003,196,80.87519628822172,0.13825874664185278,0.016165487740186477,0.6678537897274951,0.7547553113874377,0.001211152074296315,0.29856070992067446,0.08
64,0.003,197,80.78544503081082,-0.08975125741089585,0.012904507066316523,0.6494588310634803,0.9673602502165101,0.0010589669410341319,0.2996196768617086,0.08
64,0.003,198,80.84649152986422,0.06104649905340409,0.014130143526713587,0.6640412834094401,0.6758107445124087,0.0011766393226744095,0.300796316184383,0.08
64,0.003,199,80.86274129437626,0.016249764512039633,0.01413425132381177,0.6491458279154726,0.6204644516731889,0.0011497419501726878,0.3019460581345557,0.08
64,0.003,200,80.84815654966091,-0.014584744715349984,0.013723593079723973,0.6558034337557267,0.7942996172475905,0.0010907029412165722,0.30303676107577227,0.08
64,0.01,1,86.14813176914204,0.287552552440161,1.1186464436745847,0.6326477048595296,0.9957564759404002,0.009999991745382393,0.009999991745382393,0.25
64,0.01,2,87.39117703705507,1.2430452679130326,1.10162448855275,0.6500398466690424,0.9945961521018881,0.009662196564179734,0.019662188309562127,0.36
64,0.01,3,87.83577658405174,0.44459954699667037,1.0324645089398494,0.6574531843849674,0.9962694350674753,0.009412407699996192,0.02907459600955832,0.36
64,0.01,4,88.21023546082247,0.3744588767707313,1.0409577507766576,0.6610562479649432,0.9961247105056427,0.00942323007782021,0.038497826087378534,0.36
64,0.01,5,88.53705542434183,0.3268199635193554,1.0701826655932203,0.6632373551410388,0.9959336506258543,0.009574806256207373,0.04807263234358591,0.36
64,0.01,6,88.92535612567093,0.38830070132910066,1.0830053572885543,0.6640741078410669,0.9951485081753263,0.009772134743196902,0.05784476708678281,0.36
64,0.01,7,89.17261047355385,0.24725434788291523,1.01957985065985,0.6692856786470359,0.9252625013134833,0.009745840442907333,0.06759060752969014,0.36
64,0.01,8,88.24719739174068,-0.9254130818131614,0.6423873844326851,0.6783256218378221,0.6792378263550867,0.008651938169026386,0.07624254569871652,0.25
64,0.01,9,88.77214698119988,0.5249495894591973,0.5140417846893677,0.6666800131291469,0.8896028539430559,0.008229562451730768,0.0844721081504473,0.25
64,0.01,10,89.1681791822276,0.3960322010277224,0.43837308492475857,0.6791472174537019,0.8719794001320119,0.007919632733931849,0.09239174088437915,0.25
64,0.01,11,89.22019150400926,0.052012321781660376,0.4191893615730975,0.6288819689850087,0.9089358996646735,0.007337949519070004,0.09972969040344916,0.25
64,0.01,12,89.03784138603567,-0.18235011797359846,0.29276292716221075,0.6875826660746969,0.5223831147975823,0.006784493333858936,0.10651418373730809,0.25
64,0.01,13,89.49390122915841,0.4560598431227447,0.260507079090693,0.6402586828377522,0.25876288838135747,0.006243884249857523,0.11275806798716562,0.25
64,0.01,14,89.62894383849795,0.1350426093395356,0.1761780504888025,0.5979029269379238,0.8140080583936243,0.0050902756150400475,0.11784834360220567,0.25
64,0.01,15,89.42308711094631,-0.20585672755163387,0.1486955942519978,0.6431978840301299,0.08238752560337835,0.0046716231391411185,0.12251996674134678,0.25
64,0.01,16,89.56740343684321,0.14431632589689514,0.15145813961592164,0.6516896089982137,0.5681508616900937,0.0046785851075358854,0.12719855184888268,0.25
64,0.01,17,89.94995533810663,0.382551901263426,0.15238205850406303,0.6483808832387348,0.07504854532148433,0.004476671576068745,0.13167522342495142,0.25
64,0.01,18,90.02839137254185,0.07843603443521374,0.12768102226419104,0.595230818257658,0.43512610024744297,0.004613017700815346,0.13628824112576676,0.25
64,0.01,19,89.97246581340751,-0.05592555913433728,0.09742162189945176,0.6124317475395405,0.19542166666055208,0.00398589965117229,0.14027414077693906,0.25
64,0.01,20,90.09506164003703,0.12259582662952084,0.1194520528152056,0.6221310388213893,0.7362664682327885,0.004036371166007844,0.14431051194294692,0.25
64,0.01,21,90.3563438840925,0.2612822440554652,0.21344804231994888,0.6940446734201234,0.6878110565675554,0.004764183257609204,0.14907469520055613,0.25
64,0.01,22,90.44717872592909,0.09083484183659607,0.09773596459599407,0.7054908862689723,0.49237297854509476,0.004452546381312069,0.1535272415818682,0.25
64,0.01,23,90.49323240208233,0.0460536761532353,0.08065792785566969,0.6178144747338364,0.4146401263704905,0.003750416020404825,0.15727765760227302,0.25
64,0.01,24,90.47011161434247,-0.02312078773985604,0.10417036368970733,0.6662288365707074,0.962373693132598,0.0037893540513043215,0.16106701165357734,0.25
64,0.01,25,90.60040396032728,0.1302923459848131,0.16059946949107268,0.7083153270972815,0.7816246946770506,0.004433208886074819,0.16550022053965216,0.25
64,0.01,26,90.61937793199843,0.01897397167114434,0.08140122550601253,0.6794794930967208,0.9818484533514825,0.0038238665221517905,0.16932408706180396,0.25
64,0.01,27,90.63968042875231,0.02030249675388518,0.06955415024490397,0.6780650559127794,0.9354278150237013,0.003586793123370257,0.17291088018517423,0.25
64,0.01,28,90.64469877341757,0.005018344665259633,0.07175708877540303,0.6771299935002411,0.9588765808153796,0.00358490876709408,0.1764957889522683,0.25
64,0.01,29,90.62043060492832,-0.02426816848925739,0.06275891196692798,0.664858857296991,0.9474049702263508,0.0035609267779761478,0.18005671573024445,0.25
64,0.01,30,90.61375316869183,-0.006677436236486756,0.05903696800010377,0.6605731642606485,0.9103625808432485,0.0034003148506872023,0.18345703058093166,0.25
64,0.01,31,90.60208121883811,-0.011671949853720776,0.06008984224646714,0.6676691937993581,0.9853896177818372,0.0033811670511675407,0.1868381976320992,0.25
64,0.01,32,90.57070130790657,-0.03137991093153403,0.06132715238415923,0.677331899842909,0.9650394878097451,0.003412682718021843,0.19025088035012103,0.25
64,0.01,33,90.51108075203302,-0.05962055587355053,0.06224682579199414,0.6670502697553862,0.9684815987432065,0.003381991841770452,0.1936328721918915,0.25
64,0.01,34,90.48773254652556,-0.023348205507460307,0.06782545561502461,0.6742353604451212,0.9365555331188207,0.0036198182130206093,0.19725269040491208,0.25
64,0.01,35,90.42536028881514,-0.062372257710421763,0.060162109890819424,0.6664255536995323,0.9961208408914176,0.003492253443969328,0.20074494384888142,0.25
64,0.01,36,90.35225354465706,-0.07310674415808194,0.06138349341585716,0.6745469199166515,0.9807760262511158,0.0034931394414244514,0.20423808329030588,0.25
64,0.01,37,90.29482691272548,-0.05742663193157682,0.06415232378829688,0.6716496032936362,0.9875911760428077,0.003510515367348799,0.2077485986576547,0.25
64,0.01,38,90.19584688508976,-0.09898002763571867,0.06435171418122895,0.6812567138625896,0.9742090936140047,0.0035437357364711416,0.21129233439412584,0.25
64,0.01,39,87.19907298945748,-2.9967738956322876,0.06833055347562567,0.6746108057567239,0.8916415536733439,0.0037953159398168425,0.21508765033394267,0.16
64,0.01,40,87.16011658185917,-0.03895640759830599,0.0569089334178831,0.6650363967133047,0.8991558675358278,0.0034729727532222484,0.21856062308716492,0.16
64,0.01,41,87.12783053705468,-0.032286044804493486,0.05372793016700206,0.6640916726356478,0.9464565620191178,0.0032812535721012006,0.22184187665926614,0.16
64,0.01,42,87.09813298155174,-0.029697555502934847,0.05233440544442447,0.6768211197660124,0.8514698309289249,0.003369118677433589,0.22521099533669972,0.16
64,0.01,43,87.08768248771668,-0.0104504938350658,0.05282610980707338,0.6885863015893331,0.8447374963935538,0.0033709963831180852,0.2285819917198178,0.16
64,0.01,44,86.96191096919304,-0.125771518523635,0.0480097417185065,0.6592233537666761,0.967885000392115,0.0031971028794393038,0.2317790945992571,0.16
64,0.01,45,87.04400672151323,0.08209575232018551,0.05484849348123955,0.6869133335361216,0.962283775032486,0.0034479736626269386,0.23522706826188405,0.16
64,0.01,46,86.90882407209324,-0.13518264941998837,0.049224270695585354,0.6626798720380066,0.89093235291649,0.003377664296416727,0.23860473255830078,0.16
64,0.01,47,86.91856175390146,0.009737681808218213,0.05532694043784439,0.6916026116290388,0.8682512453647674,0.0034894500767743675,0.24209418263507515,0.16
64,0.01,48,86.89734493132417,-0.021216822577287076,0.049857544187968755,0.6569800547014056,0.9809767392116228,0.003354452469218668,0.24544863510429382,0.16
64,0.01,49,86.88160884854128,-0.015736082782893845,0.05270162576890372,0.6706046483444174,0.9555260465574988,0.0033971187277633576,0.24884575383205718,0.16
64,0.01,50,86.847840120658,-0.033768727883270344,0.059288209222296606,0.6872776144551626,0.6985724727564481,0.003692252786023862,0.252538006618081,0.16
64,0.01,51,86.7183746858478,-0.1294654348102,0.05603115061836987,0.6909945465335641,0.9261339359182377,0.0034680944442645107,0.2560061010623455,0.16
64,0.01,52,86.78763325191174,0.06925856606393666,0.05287831746420152,0.675555152978957,0.895071408949769,0.0035458756005791784,0.2595519766629247,0.16
64,0.01,53,86.74848179846643,-0.03915145344531368,0.053890657718467794,0.6688771962375438,0.9839004169536425,0.003521062413093701,0.26307303907601837,0.16
64,0.01,54,86.6728606739723,-0.07562112449413405,0.05494776480476916,0.6739443386958558,0.9410542299736747,0.0036228984879223976,0.2666959375639408,0.16
64,0.01,55,86.56933726344589,-0.10352341052640668,0.05612078826921952,0.6874755051240616,0.9365345899761016,0.003642960524516944,0.27033889808845774,0.16
64,0.01,56,86.38385102865192,-0.18548623479397008,0.06657427158459533,0.6988042993272447,0.8430967863557836,0.0039700126125991626,0.2743089107010569,0.16
64,0.01,57,80.84063454339574,-5.543216485256181,0.057423120642167785,0.6523739731006833,0.8034740659374732,0.003753404717215146,0.27806231541827203,0.08
64,0.01,58,80.83155399292752,-0.009080550468212323,0.07023031544051175,0.6653568007453429,0.698137507533128,0.0038700258902263575,0.28193234130849837,0.08
64,0.01,59,80.81154108640838,-0.020012906519141893,0.04540893713169042,0.6499804989741237,0.747794284991729,0.003680743366527673,0.28561308467502605,0.08
64,0.01,60,80.8333623150123,0.02182122860391189,0.044025671220788445,0.6840260355478491,0.7306684055444266,0.0033400444961735115,0.2889531291711996,0.08
64,0.01,61,80.79393615752082,-0.03942615749147649,0.039235520354343176,0.6711409574956112,0.991349639868419,0.0032638816258055564,0.29221701079700513,0.08
64,0.01,62,80.81937172583285,0.02543556831203375,0.0407892017426366,0.6753808972272187,0.7079643543958162,0.003465327493129278,0.2956823382901344,0.08
64,0.01,63,80.81111075755244,-0.008260968280410452,0.04643402233907086,0.7026654031562569,0.7994287061437733,0.0033862534959190212,0.29906859178605344,0.08
64,0.01,64,80.78813897154367,-0.02297178600876748,0.038337563397421295,0.6637883716824915,0.937128312161362,0.0033482022982729578,0.3024167940843264,0.08
64,0.01,65,80.76478197555456,-0.023356995989118445,0.048975383503086764,0.6964490741729938,0.7395384352181094,0.003670019806462769,0.3060868138907892,0.08
64,0.01,66,80.77213282243406,0.007350846879504047,0.043338307655827676,0.6628880707887574,0.9904928889770697,0.0033157646041031656,0.30940257849489233,0.08
64,0.01,67,80.74128503593587,-0.030847786498185314,0.05456605804114213,0.6899141345939857,0.7228328558637315,0.003846305972629531,0.31324888446752186,0.08
64,0.01,68,80.71552592716505,-0.025759108770827766,0.05352793713820721,0.6781387053944279,0.8653510922093042,0.0035691989875721243,0.316818083455094,0.08
64,0.01,69,80.69791004951676,-0.017615877648282208,0.059096979036840615,0.6922226144434894,0.9149291002379448,0.004006420643502792,0.3208245040985968,0.08
64,0.01,70,80.57434699363316,-0.12356305588360783,0.05539170716579425,0.6662300819791356,0.8077877484198321,0.003956532897516817,0.3247810369961136,0.08
64,0.03,1,87.8953940983507,2.0348148816488276,3.355939873589852,0.6326477094001023,0.9703546450142475,0.029999979871032242,0.029999979871032242,0.36
64,0.03,2,88.91196692267121,1.0165728243205052,3.0217466492497858,0.6653729933150262,0.9708687441596373,0.02779040470381926,0.0577903845748515,0.36
64,0.03,3,88.05763124941971,-0.854335673251498,3.028745028490595,0.681489120844169,-0.2849606711007191,0.027657801674671127,0.08544818624952263,0.25
64,0.03,4,89.64779461404405,1.5901633646243312,1.815180406334366,0.5678970473715196,-0.3642935557793135,0.02161678290571867,0.1070649691552413,0.25
64,0.03,5,89.12479078954877,-0.5230038244952766,1.2607326975713642,0.5714695555652851,-0.6510780793988267,0.01835023051370511,0.1254151996689464,0.25
64,0.03,6,86.37145685377942,-2.753333935769348,1.229466838510945,0.5537405714852434,0.31454961839041207,0.017491012411137166,0.14290621208008358,0.36
64,0.03,7,89.35399837793126,2.9825415241518414,48.48063702073103,0.6915579879228715,-0.36927106482617894,0.0361420939030152,0.1790483059830988,0.25
64,0.03,8,88.96671756820454,-0.3872808097267182,-0.14233350057672517,-0.04444219599152181,0.9905961403580945,0.019379899166239542,0.19842820514933834,0.25
64,0.03,9,89.12719845995939,0.16048089175484392,0.8071893220779986,0.34377526913468587,0.9984164924115668,0.01423114561149323,0.21265935076083156,0.25
64,0.03,10,89.47389862570373,0.3467001657443376,1.1363540168895774,0.5551659005007933,0.9895577082108357,0.01362158722956832,0.2262809379903999,0.25
64,0.03,11,89.73926669308563,0.26536806738189966,1.0556578557282876,0.6347646012810394,0.9823773015044306,0.013234956253756308,0.2395158942441562,0.25
64,0.03,12,87.05570531701329,-2.6835613760723334,0.8212543819034156,0.6682581163882612,0.9895860099331799,0.012382575428409304,0.2518984696725655,0.16
64,0.03,13,87.27832803324382,0.2226227162305321,0.7072565412002537,0.6695583258404475,0.9646722694290676,0.011845566042251681,0.2637440357148172,0.16
64,0.03,14,87.343302345728,0.06497431248418195,0.5501728177022984,0.6510296996563376,0.944233854978395,0.010806780983264227,0.2745508166980814,0.16
64,0.03,15,87.3042749766691,-0.03902736905889981,0.44681052424576684,0.6387549271349037,0.9605605013107918,0.009617549440053084,0.2841683661381345,0.16
64,0.03,16,87.20215828460934,-0.10211669205976648,0.27165540578061004,0.6582810030560244,0.8037079442406099,0.008203493575603992,0.2923718597137385,0.16
64,0.03,17,87.0759930223683,-0.12616526224104518,0.16385933569533148,0.6554749797091344,0.9072027719383016,0.006890606606314529,0.29926246632005304,0.16
64,0.03,18,86.84991224275542,-0.22608077961287165,0.19774732104271014,0.6600970927110329,0.895682795520379,0.006728533125723941,0.305990999445777,0.16
64,0.03,19,86.36037630505471,-0.48953593770070825,0.3476334055878619,0.648643626911714,0.9879952333492938,0.007757344221206725,0.31374834366698373,0.16
64,0.03,20,80.27339027401955,-6.086986031035167,0.49477695034762936,0.6697594874672963,0.9676432817903042,0.009070866810522858,0.3228192104775066,0.08
64,0.05,1,88.52666782804025,2.6660886113383384,5.593235308360184,0.6326477494162452,0.9259224706987701,0.049999982827997426,0.049999982827997426,0.36
64,0.05,2,87.95133176526633,-0.5753360627739141,4.880356791291909,0.6769063731185172,-0.4342739237387306,0.04534489419540262,0.09534487702340005,0.25
64,0.05,3,89.77240276784279,1.8210710025764598,4.802210126982339,0.6150016179701141,-0.665416555314144,0.03644777124329745,0.1317926482666975,0.25
64,0.05,4,90.06575026745955,0.29334749961675755,2.1315810608292742,0.5005812363145861,-0.7829686163178318,0.027018582848713935,0.15881123111541146,0.25
64,0.05,5,90.22753520993139,0.16178494247184005,0.919229261420358,0.43049332031849263,0.7920806005659368,0.01879167966566372,0.17760291078107518,0.25
64,0.05,6,88.44910539856554,-1.7784298113658537,2.1230432675017266,0.7106877818890658,0.6870020094620274,0.023445195124216854,0.20104810590529204,0.36
64,0.05,7,89.19502976987279,0.7459243713072539,8.132131310423617,0.7381404952045985,-0.8256084693371497,0.040003293630314095,0.24105139953560614,0.25
64,0.05,8,89.18451955355222,-0.010510216320568588,2.195861910901203,0.4218725844026621,0.9530853847976646,0.023841275146567437,0.2648926746821736,0.25
64,0.05,9,89.91601434037395,0.7314947868217274,2.8220780199827353,0.6212241849197792,0.7842643756044321,0.02746365188621989,0.2923563265683935,0.25
64,0.05,10,90.25217234198442,0.33615800161047105,1.7177304081079234,0.6805293756248733,0.5599202745491672,0.025549836031670565,0.31790616260006405,0.25
64,0.05,11,90.41649619294897,0.16432385096454993,0.8230610533811489,0.58394955979482,0.14757124994164975,0.021041969119128864,0.3389481317191929,0.25
64,0.05,12,87.4886523802553,-2.9278438126936663,0.2773173500033109,0.45136882350073654,0.7364947220052458,0.014771356313068572,0.3537194880322615,0.16
64,0.05,13,87.35372860984984,-0.13492377040546444,0.4404170332781686,0.5550304645018777,0.5940883962137445,0.013952099486624465,0.36767158751888596,0.16
64,0.05,14,87.12968538560038,-0.22404322424945633,0.5833279610064207,0.5906818163912786,0.8991353902150433,0.014856589144772423,0.3825281766636584,0.16
64,0.05,15,86.93110799025706,-0.19857739534332097,0.39160755302768424,0.6845114027730577,0.8738670089042035,0.01420495292362352,0.3967331295872819,0.16
64,0.05,16,86.75774555787852,-0.1733624323785392,0.2665275359698837,0.7231478418089511,0.8172343642217363,0.01307494297164392,0.4098080725589258,0.16
64,0.05,17,80.96273444103532,-5.795011116843199,0.2270708769043706,0.668519559874069,0.917457536492367,0.012096106917901283,0.4219041794768271,0.08
64,0.05,18,80.8003656300988,-0.16236881093652755,0.29844022351013966,0.6383461428644612,0.8653081159351529,0.012776948754847296,0.43468112823167443,0.08
64,0.05,19,80.75497246564711,-0.0453931644516814,0.2110954069209335,0.6763885849963178,0.9162354398377617,0.011866610504510683,0.44654773873618514,0.08
64,0.05,20,80.579998841688,-0.17497362395911864,0.17538076434030309,0.6786173440281332,0.9234789151648283,0.011146503357351014,0.45769424209353615,0.08
64,0.1,1,88.76987463052889,2.909295413826996,11.186473080388136,0.6326477618740862,0.6182166358521072,0.09999998571046621,0.09999998571046621,0.25
64,0.1,2,20.562183675498606,-68.20769095503029,5.44641159155158,0.6924486761090431,-0.2337747529042825,0.07814006100462788,0.1781400467150941,0.008
64,0.1,3,83.25073463763529,62.68855096213669,614.5915370256519,0.6152582355900401,-0.20233263448865987,0.09769639888387616,0.27583644559897025,0.16
64,0.1,4,83.11992284248687,-0.1308117951484178,-1.001625443966315,-0.1303584554088377,0.9941088639515414,0.05235693724413344,0.3281933828431037,0.16
64,0.1,5,77.86509512477348,-5.254827717713397,0.16770114981952983,0.040844974730685116,0.9966073370666481,0.031254180595725205,0.3594475634388289,0.08
64,0.1,6,78.67635261814897,0.8112574933754928,0.6458916479166679,0.23229767173915097,0.9920831070747841,0.02284670450671999,0.3822942679455489,0.08
64,0.1,7,79.3614708251436,0.6851182069946304,0.7581382503816265,0.3637928276590943,0.9595099631072873,0.019577653153785433,0.40187192109933434,0.08
64,0.1,8,79.71765725332958,0.35618642818597834,0.5457141626687412,0.4385179908803598,0.732689297662985,0.016229025474082885,0.41810094657341723,0.08
64,0.1,9,79.8692942367604,0.15163698343081933,0.25124749717344375,0.4278661480653041,0.7232862242975009,0.011740516029548216,0.42984146260296546,0.08
64,0.1,10,79.84224659557856,-0.02704764118183789,0.17490276130129334,0.3633329792843988,0.9694473077914432,0.008886503439682392,0.43872796604264785,0.08
64,0.1,11,79.99010812042894,0.14786152485038428,0.21979154040154225,0.40160378793272167,0.9964551922039327,0.009419378250139256,0.44814734429278713,0.08
64,0.1,12,80.11244669938658,0.12233857895763833,0.21114382630190587,0.4196535959756589,0.9712356721058978,0.010099203123062709,0.45824654741584986,0.08
64,0.1,13,80.13874329671654,0.026296597329960036,0.14338780431808928,0.4248196558597162,0.9205786891775812,0.009370403278984437,0.4676169506948343,0.08
64,0.1,14,80.18044295133507,0.04169965461852598,0.08937895741014529,0.4213257078199754,0.9507773425651742,0.007994531773504272,0.47561148246833856,0.08
64,0.1,15,80.14699221537965,-0.03345073595541237,0.06975347898894396,0.426204819264628,0.9689225003916346,0.0070750476678139934,0.48268653013615254,0.08
64,0.1,16,80.17743056955071,0.03043835417105356,0.06333986713288214,0.43522585940928304,0.9830298545865906,0.006790863469077373,0.4894773936052299,0.08
128,0.003,1,86.07204156762668,0.16063105416176882,0.3364663999387643,0.6324268822359286,0.9997159087601691,0.003000010987772159,0.003000010987772159,0.25
128,0.003,2,86.0919085451293,0.019866977502616123,0.3336728142798079,0.6349352043097202,0.9996995931312848,0.002979616468212268,0.005979627455984427,0.25
128,0.003,3,86.16551280978348,0.07360426465417902,0.330744145633343,0.6380935476375236,0.9989819945510569,0.0029553867525993287,0.008935014208583756,0.25
128,0.003,4,86.22382420797958,0.05831139819609632,0.33392287439139356,0.646013683124193,0.9986059109966877,0.0029274810893676617,0.011862495297951418,0.25
128,0.003,5,86.2123845477059,-0.011439660273680374,0.322120004960605,0.6420376388986233,0.9993809165460505,0.0029088060259008066,0.014771301323852223,0.25
128,0.003,6,87.3894288303961,1.1770442826902041,0.32156481249478325,0.6428574619798026,0.9995713667872803,0.002904142870303009,0.017675444194155232,0.36
128,0.003,7,87.50195747131868,0.11252864092257653,0.3152756621040217,0.6440304940122403,0.9996632394071138,0.002891822085580949,0.02056726627973618,0.36
128,0.003,8,87.64403242508644,0.1420749537677608,0.3167185561631268,0.6431646887755746,0.999652563204573,0.002901980726350539,0.02346924700608672,0.36
128,0.003,9,87.81073398432379,0.16670155923735308,0.31906395423725675,0.6420102784508575,0.9996451477829043,0.0029225230582876835,0.026391770064374404,0.36
128,0.003,10,87.91689432013203,0.1061603358082408,0.322726768140435,0.6408361511928311,0.9996218985996727,0.0029511492369446754,0.02934291930131908,0.36
128,0.003,11,88.02346603384689,0.10657171371485674,0.3270181405408711,0.6397012097199796,0.9996025158672017,0.002985219112145142,0.03232813841346422,0.36
128,0.003,12,88.14951935161952,0.12605331777263018,0.3318890936816826,0.6386197358094226,0.9995755721510263,0.0030232481525446406,0.03535138656600886,0.36
128,0.003,13,88.22216589042668,0.0726465388071631,0.33706589832544576,0.6375521330076206,0.999564696024749,0.0030643944784309023,0.03841578104443977,0.36
128,0.003,14,88.3372291978194,0.11506330739271675,0.34220907661727995,0.636605868768832,0.9993067477687332,0.0031059121529581437,0.04152169319739791,0.36
128,0.003,15,88.42882644781267,0.09159724999327068,0.3419404356337147,0.6350666595409507,0.9995476743869139,0.003134228346907955,0.044655921544305865,0.36
128,0.003,16,88.54989815862909,0.1210717108164232,0.3430662265580967,0.6345081718782305,0.9992816543983158,0.0031598714989092814,0.04781579304321515,0.36
128,0.003,17,88.65335037174168,0.10345221311258967,0.34587652812530106,0.6348012210823714,0.9994658389756141,0.0031913495965074142,0.051007142639722565,0.36
128,0.003,18,88.76759093883045,0.11424056708877117,0.33855098787708005,0.6347082219907788,0.9991781782677244,0.0031903188018232533,0.054197461441545816,0.36
128,0.003,19,88.87111333811315,0.10352239928269569,0.32177248771425626,0.6344612515087058,0.9980206689353754,0.003152113154132872,0.05734957459567869,0.36
128,0.003,20,88.97070550147707,0.09959216336392274,0.2921628440583406,0.6352532468912729,0.996500355544555,0.0030566032898221903,0.06040617788550088,0.36
128,0.003,21,89.07006273147303,0.09935722999595953,0.2566084087001053,0.6347221663106891,0.9937794778015615,0.002934287022782672,0.06334046490828354,0.36
128,0.003,22,89.14736311600132,0.0773003845282858,0.22116708828504356,0.6297858192878926,0.9929475845683723,0.0028286635504993756,0.06616912845878292,0.36
128,0.003,23,89.2343668132897,0.08700369728838098,0.19418765671209953,0.6230702965184063,0.9960930537160386,0.0027645796897961504,0.06893370814857908,0.36
128,0.003,24,89.37843280280939,0.14406598951968874,0.17674812465955606,0.6170306480770702,0.9989002517737439,0.002724462447641314,0.07165817059622039,0.36
128,0.003,25,88.41351561777522,-0.9649171850341673,0.16490812461725562,0.6116306256424556,0.9841830113265622,0.002676597105800667,0.07433476770202105,0.25
128,0.003,26,88.54281416645286,0.1292985486776388,0.16729024056716682,0.6011102218807381,0.9986135990214606,0.002570986057359839,0.07690575375938088,0.25
128,0.003,27,88.60427784078743,0.06146367433457556,0.15886464949298934,0.6135265077289697,0.9954741548640073,0.0025255537742202884,0.07943130753360117,0.25
128,0.003,28,88.6707955390064,0.06651769821897346,0.145647320052921,0.6137956730712671,0.9953032802200195,0.002468985549629298,0.08190029308323046,0.25
128,0.003,29,88.72810222990294,0.057306690896538726,0.1360731356309808,0.6170908656950831,0.997877098433132,0.002463479242275367,0.08436377232550583,0.25
128,0.003,30,88.77495709827632,0.04685486837337294,0.12930817311165713,0.6170746226281559,0.9995796178650279,0.0024654925687791437,0.08682926489428498,0.25
128,0.003,31,88.84770932421083,0.07275222593450792,0.123399009815197,0.6154616315866345,0.9931438561592901,0.002443930352083419,0.0892731952463684,0.25
128,0.003,32,88.89836774845546,0.05065842424463085,0.10726414259977415,0.6113060843579959,0.9973273431800633,0.002258791828171956,0.09153198707454036,0.25
128,0.003,33,88.95433052027344,0.055962771817988255,0.10400161347691214,0.6274513378898918,0.9985359134773386,0.0021896491498451854,0.09372163622438553,0.25
128,0.003,34,89.0103588345789,0.05602831430545052,0.09762098482765509,0.6285027077918847,0.99935222741856,0.0021044547902179457,0.09582609101460349,0.25
128,0.003,35,89.03599573805877,0.025636903479878015,0.09129920346821255,0.6333159623439649,0.9969024041545373,0.0020209974016559954,0.09784708841625948,0.25
128,0.003,36,89.08081285877073,0.04481712071195432,0.0824026343533853,0.6427823340516808,0.9996415140086767,0.0019171375940110382,0.09976422601027052,0.25
128,0.003,37,89.11164594853582,0.030833089765096133,0.07611385452412417,0.6489003815262626,0.9995966714303939,0.001849527122437415,0.10161375313270793,0.25
128,0.003,38,88.97033929433694,-0.14130665419888544,0.07024936537883308,0.6509235313303593,0.9963197448465146,0.001795877994229547,0.10340963112693748,0.25
128,0.003,39,89.13181617866961,0.1614768843326715,0.06499017850566055,0.6524200427595992,0.9949005841254225,0.0017488615506554138,0.10515849267759289,0.25
128,0.003,40,89.1547762231136,0.022960044443991023,0.05728489768275189,0.6497338205702293,0.9994541278827092,0.001672751969967384,0.10683124464756028,0.25
128,0.003,41,89.17610284901312,0.02132662589951906,0.052880769670565556,0.6467399834319816,0.9992426807469097,0.0016377089943118714,0.10846895364187215,0.25
128,0.003,42,89.2165896618246,0.04048681281147992,0.049083649921527556,0.6442107169837884,0.9989554102612774,0.0016060498126734303,0.11007500345454557,0.25
128,0.003,43,89.2320875441217,0.015497882297097476,0.04571462189495692,0.6451028054467385,0.9956210821416607,0.0015752763188827544,0.11165027977342833,0.25
128,0.003,44,89.25141422595303,0.01932668183133046,0.04208127150308481,0.6618741376132152,0.9977399182328465,0.0014830180317435726,0.1131332978051719,0.25
128,0.003,45,89.31056514148631,0.05915091553328011,0.03960800298559088,0.6715984153763592,0.998254230970693,0.0014519578706624569,0.11458525567583436,0.25
128,0.003,46,89.32836737016802,0.01780222868171677,0.03742883689294296,0.6735861795665788,0.9987682815864702,0.0014346735552438325,0.11601992923107819,0.25
128,0.003,47,89.39132934515968,0.06296197499165146,0.03549427518210089,0.6730776826281332,0.9936454965028979,0.0014191076452482855,0.11743903687632648,0.25
128,0.003,48,89.40172230498698,0.01039295982729982,0.03407078413241421,0.6759173648758188,0.9932404803996726,0.0014102161687100975,0.11884925304503657,0.25
128,0.003,49,89.46449353940312,0.06277123441614663,0.03228385152648146,0.6737467501565344,0.9986722910656315,0.0013846005629633237,0.1202338536079999,0.25
128,0.003,50,89.5134804579827,0.0489869185795726,0.03113417402041716,0.6754755740974275,0.9982661121118769,0.0013755755485023117,0.12160942915650222,0.25
128,0.003,51,89.55513150798228,0.041651049999586576,0.030162994189652993,0.6768687438025351,0.9919333360454649,0.0013694080193225448,0.12297883717582477,0.25
128,0.003,52,89.61047896613547,0.055347458153192974,0.028948727885807525,0.6777914316516758,0.9988647938646493,0.001358982237310456,0.12433781941313522,0.25
128,0.003,53,89.6589642370387,0.048485270903228184,0.028500737842945233,0.6713826650834085,0.9979527911218995,0.0013773893486433843,0.1257152087617786,0.25
128,0.003,54,89.70499627277346,0.04603203573475412,0.02845441815738818,0.6715882940987847,0.990959734934805,0.001385604209519627,0.12710081297129824,0.25
128,0.003,55,89.77778885700387,0.07279258423041313,0.027890503745130937,0.6809033769008912,0.9969623159395038,0.0013485109632842154,0.12844932393458247,0.25
128,0.003,56,89.8280171857246,0.050228328720734794,0.02812137925608557,0.6851136972647822,0.9905264406320993,0.0013573237279129124,0.1298066476624954,0.25
128,0.003,57,89.867380702711,0.039363516986398395,0.027882395333594854,0.6835107255133508,0.998949636528177,0.0013615733144461389,0.13116822097694153,0.25
128,0.003,58,89.94307195774589,0.07569125503488294,0.027976213644891643,0.6789205034196149,0.9892185683080046,0.0013809097792080228,0.13254913075614955,0.25
128,0.003,59,89.956345835553,0.013273877807108647,0.027826064522753817,0.6832054982812535,0.9734222765919799,0.0013908473907366743,0.1339399781468862,0.25
128,0.003,60,90.03315159488832,0.07680575933532907,0.02920041857610841,0.671871547654218,0.9936601622957452,0.0014021660228059852,0.1353421441696922,0.25
128,0.003,61,90.10007555584424,0.06692396095591846,0.02994965127093824,0.6852135212574556,0.9991849743377003,0.0013876265299260615,0.13672977069961825,0.25
128,0.003,62,90.15406036685218,0.05398481100793617,0.03016611377257087,0.6862409360608216,0.9935189262058741,0.0013983525029755367,0.1381281232025938,0.25
128,0.003,63,90.19742159804497,0.04336123119279023,0.029865357761167343,0.6849818048882322,0.9993228396237431,0.0013901341123057206,0.1395182573148995,0.25
128,0.003,64,90.24911863450367,0.05169703645870527,0.02984594312196557,0.6806271964865418,0.999346882415296,0.0013992231478161582,0.14091748046271566,0.25
128,0.003,65,90.27489234488384,0.025773710380164516,0.029928247220784424,0.6759536664849998,0.994195070420927,0.0014048544468158656,0.14232233490953153,0.25
128,0.003,66,90.31760496750731,0.04271262262346909,0.030157021890164552,0.6850024028963037,0.9984310724412747,0.001372867010251218,0.14369520191978274,0.25
128,0.003,67,90.35276358797776,0.035158620470454593,0.03118306152023457,0.6838145773704594,0.9935437638617755,0.001387422078453742,0.1450826239982365,0.25
128,0.003,68,90.35574728575766,0.002983697779896488,0.03173623084472471,0.6831004307009594,0.9996579326312716,0.0013834869208445518,0.14646611091908104,0.25
128,0.003,69,90.3977138747507,0.041966588993048504,0.03198262237585717,0.6808795922170972,0.9996575123816624,0.0013953570970640405,0.14786146801614508,0.25
128,0.003,70,90.45092039385929,0.05320651910858487,0.03167700571430894,0.6772932037615651,0.9948384344077453,0.0013976718718751889,0.14925913988802028,0.25
128,0.003,71,90.43588667346181,-0.015033720397482853,0.031062005651370482,0.6858091182239253,0.9948751662354892,0.0013591779976217999,0.1506183178856421,0.25
128,0.003,72,90.48116180925754,0.045275135795733945,0.03093624847608896,0.6817279469531247,0.9997695766795577,0.0013600066752882346,0.15197832456093033,0.25
128,0.003,73,90.50317472998208,0.02201292072453498,0.03055103173975554,0.6758493838687086,0.9997204087086431,0.0013632694669574522,0.15334159402788777,0.25
128,0.003,74,90.5119287779266,0.008754047944520948,0.02990643869806727,0.6707989076307871,0.9997800324611328,0.0013594758198985347,0.1547010698477863,0.25
128,0.003,75,90.49967578355914,-0.012252994367457859,0.029222189534522068,0.6667418024268686,0.9998301492212767,0.0013520481366656473,0.15605311798445196,0.25
128,0.003,76,90.56229907338944,0.06262328983029875,0.028583912115204925,0.6631787583262195,0.9927727395753346,0.0013442244936672587,0.1573973424781192,0.25
128,0.003,77,90.57722191783454,0.014922844445095507,0.027294125966529362,0.6539427884680146,0.9986995261569172,0.0013105797083130411,0.15870792218643226,0.25
128,0.003,78,90.57777889326032,0.0005569754257805926,0.026121108253576254,0.6536959463030203,0.9942022495185164,0.0012979093926204879,0.16000583157905274,0.25
128,0.003,79,90.60491031360286,0.0271314203425419,0.024103923906692207,0.6530440540312175,0.9959608514153121,0.0012554206000907656,0.1612612521791435,0.25
128,0.003,80,90.59837262534201,-0.006537688260848995,0.02264377058630921,0.6448776940694277,0.9976250522560559,0.001242370687856094,0.1625036228669996,0.25
128,0.003,81,90.63635515819718,0.037982532855167506,0.021669843370768598,0.6359610271282999,0.9993926778183054,0.0012353252937653528,0.16373894816076495,0.25
128,0.003,82,90.61481259622586,-0.021542561971315877,0.021159694199798067,0.6297340714685382,0.9996921993018676,0.001233692518424228,0.16497264067918918,0.25
128,0.003,83,90.63803052685067,0.023217930624809924,0.02088493468927574,0.6253200677400156,0.9997797935034166,0.0012348609102610388,0.16620750158945022,0.25
128,0.003,84,90.62834911685236,-0.0096814099983078,0.020688821447048075,0.6221621655695203,0.9964039025892445,0.0012364462365547545,0.16744394782600497,0.25
128,0.003,85,90.62577897248678,-0.0025701443655776757,0.02067555891267324,0.627341306531895,0.9960837932086751,0.0012277610096017107,0.16867170883560667,0.25
128,0.003,86,90.64532924096869,0.01955026848190755,0.02034195089120387,0.6226526488022417,0.9996480363564363,0.0012288384231830712,0.16990054725878975,0.25
128,0.003,87,90.6401853140081,-0.005143926960599288,0.020201543271990238,0.6195168050721616,0.9996628791668046,0.0012343502729990365,0.1711348975317888,0.25
128,0.003,88,90.61178509747775,-0.028400216530343414,0.020070723134417955,0.6169291898433773,0.9998604229128373,0.0012374420094484124,0.1723723395412372,0.25
128,0.003,89,90.60760693818109,-0.004178159296657213,0.019990882757510275,0.6154548795807697,0.9964406517058632,0.0012397054356564515,0.17361204497689367,0.25
128,0.003,90,90.64463783422165,0.03703089604056231,0.020140206652333563,0.6204884769114816,0.9870305242244397,0.0012371335195072856,0.17484917849640094,0.25
128,0.003,91,90.62802171305634,-0.016616121165313302,0.019732166991759663,0.6331775835723387,0.9761887792395592,0.00117531960221143,0.17602449809861237,0.25
128,0.003,92,90.63737813211313,0.00935641905678608,0.019090280130905544,0.6339298365681586,0.9872092689564842,0.0011479182986970774,0.17717241639730943,0.25
128,0.003,93,90.6072795155331,-0.030098616580033877,0.019160258102102076,0.6353671161573062,0.9972810166248862,0.0011575760004056731,0.1783299923977151,0.25
128,0.003,94,90.62057504053365,0.013295525000557973,0.01901552776411821,0.6292592282165298,0.9836662352335294,0.0011699586591563844,0.1794999510568715,0.25
128,0.003,95,90.60373442093942,-0.016840619594233885,0.018929412710025226,0.6267191146702428,0.9890597509822873,0.0011576521901124992,0.180657603246984,0.25
128,0.003,96,90.57766813139952,-0.02606628953989798,0.018665701580187002,0.6266414938185043,0.9997363157771171,0.001160687057601244,0.18181829030458524,0.25
128,0.003,97,90.62734782948111,0.04967969808159012,0.01873805181946281,0.6249027625838565,0.9886427022458766,0.0011669465766386722,0.18298523688122392,0.25
128,0.003,98,90.58979755431041,-0.03755027517070175,0.019017410987947493,0.6261913823112625,0.9881280834879524,0.0011657527164686756,0.1841509895976926,0.25
128,0.003,99,90.60600717460828,0.016209620297871652,0.01864269962007697,0.6250125812016659,0.9995521247435947,0.0011702660028592882,0.1853212556005519,0.25
128,0.003,100,90.58105116956037,-0.024956005047911844,0.01856485207692121,0.6223745805576615,0.999689941315167,0.0011765445658916958,0.1864978001664436,0.25
128,0.003,101,90.56695707837528,-0.0140940911850862,0.01853038089609719,0.6202792161752876,0.9999000057249776,0.0011794782636357886,0.1876772784300794,0.25
128,0.003,102,90.57407459878279,0.007117520407504685,0.018574698982270082,0.6196105528870717,0.9889832104884829,0.0011817058717024835,0.18885898430178188,0.25
128,0.003,103,90.54098800884582,-0.03308658993697122,0.018957445366062566,0.6230133134490605,0.987171098782065,0.0011812009303537405,0.19004018523213562,0.25
128,0.003,104,90.55762446162299,0.016636452777177624,0.01859352776406701,0.6215461030429188,0.9996063627102652,0.0011867843899655158,0.19122696962210115,0.25
128,0.003,105,90.5384638103855,-0.019160651237498882,0.018587686335124354,0.6193408441672248,0.9884367184448463,0.001195628508133135,0.19242259813023427,0.25
128,0.003,106,90.52284309524197,-0.015620715143526809,0.019152405484666648,0.6277009761303974,0.9877628432250088,0.0011864102392390898,0.19360900836947337,0.25
128,0.003,107,90.50378321872685,-0.019059876515115093,0.01942865825970278,0.631523724374051,0.9881667396949649,0.00118293823254972,0.1947919466020231,0.25
128,0.003,108,90.5175444577582,0.013761239031353512,0.01966537095480713,0.6363453763335336,0.9888362340483859,0.001193493531386957,0.19598544013341004,0.25
128,0.003,109,90.49767390763415,-0.01987055012405392,0.019801431977504502,0.6343699218690316,0.9229474625257394,0.0011964722239897212,0.19718191235739976,0.25
128,0.003,110,90.49477001134477,-0.0029038962893821463,0.021745863430169085,0.655093504563953,0.8801759797503999,0.0012444379321908294,0.1984263502895906,0.25
128,0.003,111,90.49189060548531,-0.0028794058594598937,0.01965006300768157,0.633130440669154,0.9988343567364165,0.0011669816456074322,0.19959333193519804,0.25
128,0.003,112,90.44687529469226,-0.04501531079304755,0.02056722361263496,0.6407708721120635,0.9325632502251265,0.0012091863748608944,0.20080251831005894,0.25
128,0.003,113,90.43462197480292,-0.01225331988933931,0.0202979408106719,0.6510079453772253,0.956981910015211,0.0011907053983060674,0.201993223708365,0.25
128,0.003,114,90.42601553665352,-0.008606438149399764,0.01990503362947383,0.6382945692591331,0.9888837574008892,0.001199016363205353,0.20319224007157036,0.25
128,0.003,115,90.41384024900526,-0.012175287648261701,0.020349168839177957,0.6378345672414898,0.9634854004192357,0.0012236596623105796,0.20441589973388094,0.25
128,0.003,116,90.37957505761436,-0.034265191390900895,0.019598675342894823,0.6374625879127142,0.9999035455368098,0.0012048579042694507,0.20562075763815038,0.25
128,0.003,117,90.37184151710005,-0.0077335405143088565,0.019873567937239493,0.637714091727739,0.9873393164124815,0.0012221619513077958,0.20684291958945816,0.25
128,0.003,118,90.35336820579273,-0.018473311307317886,0.019556073746890966,0.6353974808530859,0.9654199004270179,0.0012054096181182872,0.20804832920757646,0.25
128,0.003,119,90.33973953405528,-0.013628671737450304,0.019837512305034513,0.6438173234044389,0.9470756424806268,0.0012257430429274076,0.20927407225050387,0.25
128,0.003,120,90.16520504568976,-0.17453448836552354,0.019625828878081526,0.6342544955766677,0.94061962745474,0.0011999204927627466,0.2104739927432666,0.25
128,0.003,121,90.27990098142733,0.11469593573757209,0.021856744030040794,0.659603668089761,0.8863026684497887,0.0012529184448860295,0.21172691118815265,0.25
128,0.003,122,90.2774699909276,-0.0024309904997323883,0.02022783273502442,0.6345228057858913,0.9966890266914792,0.0011976856658114496,0.2129245968539641,0.25
128,0.003,123,90.2382376248751,-0.03923236605250224,0.021242890368828298,0.6425799975487722,0.9340271244765428,0.001241040199661396,0.21416563705362548,0.25
128,0.003,124,90.22825062697258,-0.009986997902515782,0.020888272862476187,0.6545609958516238,0.9166204150243971,0.0012170623003681046,0.2153826993539936,0.25
128,0.003,125,90.21909938304314,-0.009151243929437669,0.02027767879532881,0.6425351337438733,0.8828507186125223,0.0012294988563103656,0.21661219821030397,0.25
128,0.003,126,87.20677607077411,-3.0123233122690323,0.02165615028448588,0.6612040813079656,0.7515838654044504,0.0012571278391141324,0.2178693260494181,0.16
128,0.003,127,87.22627366528033,0.019497594506219684,0.018379687180735477,0.6246926913746691,0.9287510551186587,0.0011433988059356354,0.21901272485535375,0.16
128,0.003,128,87.21176356271846,-0.014510102561871463,0.017715245616662628,0.6565924559537984,0.92043815439883,0.001116423162482363,0.22012914801783612,0.16
128,0.003,129,87.19453029798605,-0.017233264732411158,0.01761315217172793,0.6525667196205608,0.8496878744322437,0.0011255996249842336,0.22125474764282035,0.16
128,0.003,130,87.17087288933081,-0.023657408655239465,0.01721140236223583,0.6676596548599372,0.760710737707947,0.0011054183487628677,0.22236016599158323,0.16
128,0.003,131,87.19754735383651,0.0266744645057031,0.01764830444369162,0.6505336525481533,0.7253023038620068,0.0011462993182748342,0.22350646530985807,0.16
128,0.003,132,87.18810314852617,-0.009444205310344955,0.016216809573822676,0.6594996230212183,0.7429975595724392,0.0010862424887840602,0.22459270779864213,0.16
128,0.003,133,87.16517695138062,-0.02292619714555144,0.016646465559223007,0.6389517143551036,0.7156932060839261,0.0011533879096962208,0.22574609570833834,0.16
128,0.003,134,87.19488390226381,0.029706950883195304,0.0163387552278654,0.6554971744124386,0.9389359329178094,0.0011083290656291717,0.2268544247739675,0.16
128,0.003,135,87.07491471244983,-0.11996918981398608,0.014794918498283724,0.6294362270248155,0.9543770251379482,0.001108499974645947,0.22796292474861346,0.16
128,0.003,136,87.09206651071416,0.01715179826433655,0.014891976413347342,0.6332067075193104,0.9798547840476527,0.001082135424596801,0.22904506017321027,0.16
128,0.003,137,87.17900790250387,0.08694139178970772,0.014754741807166015,0.6358115628074903,0.9826014934228399,0.0010885478541042247,0.2301336080273145,0.16
128,0.003,138,87.05546645443614,-0.12354144806772638,0.014657759302464284,0.6349065452465851,0.9971765812297065,0.0010934674561992265,0.23122707548351373,0.16
128,0.003,139,87.17099870112881,0.11553224669266626,0.014762210710911229,0.6304304546199954,0.9289282362650696,0.0011125643259154742,0.2323396398094292,0.16
128,0.003,140,87.14060540289785,-0.030393298230961818,0.015328381433805842,0.6351664132969377,0.9392436067758221,0.001130701389840965,0.23347034119927018,0.16
128,0.003,141,87.16470358252175,0.02409817962390548,0.014531321398024169,0.6294003136884246,0.9082611049863637,0.0010949859193487505,0.23456532711861894,0.16
128,0.003,142,87.12798449701619,-0.036719085505566795,0.01722705132672261,0.6660405548521358,0.7807011520948528,0.001151973670174448,0.23571730078879338,0.16
128,0.003,143,87.02356514425881,-0.10441935275737535,0.014796488229434301,0.6292690240462369,0.9993735017251953,0.0011038539853841008,0.23682115477417748,0.16
128,0.003,144,87.0597975680919,0.036232423833084226,0.01600215212526819,0.6337882690697576,0.7804492639137678,0.0011928963646293687,0.23801405113880686,0.16
128,0.003,145,87.12337163473939,0.06357406664749021,0.016748355072611666,0.6533655642216963,0.9012137749348934,0.0011385670722784537,0.2391526182110853,0.16
128,0.003,146,87.0267911348661,-0.09658049987328354,0.014717991930925083,0.634477814205806,0.9430193958680432,0.0010974129136870907,0.2402500311247724,0.16
128,0.003,147,87.11685468121318,0.09006354634708202,0.015341018655215581,0.6408236457771392,0.9414628957306306,0.0011283573599559097,0.2413783884847283,0.16
128,0.003,148,87.01535138809034,-0.10150329312284612,0.01485031359682994,0.6356830056816465,0.9997868798931384,0.0011023476093967343,0.24248073609412504,0.16
128,0.003,149,87.03260573668405,0.01725434859370978,0.015252110912739522,0.6415743751109565,0.9138682439028303,0.0011192810758115738,0.24360001716993662,0.16
128,0.003,150,86.99448617042431,-0.03811956625973778,0.017971269656288865,0.6717429634302027,0.7867979616703387,0.001181917687286909,0.24478193485722352,0.16
128,0.003,151,87.00256748272469,0.008081312300376453,0.015083876446051143,0.6327903888014977,0.9992995915337772,0.0011099980256072937,0.24589193288283082,0.16
128,0.003,152,86.984376967415,-0.01819051530968352,0.01636567636724094,0.64084485869883,0.9967039838917027,0.0011933856014080765,0.2470853184842389,0.16
128,0.003,153,86.98257865155912,-0.0017983158558791956,0.016783589821094985,0.6314325072624096,0.7857055102457695,0.0012524368268397687,0.24833775531107866,0.16
128,0.003,154,87.04381867441452,0.061240022855400866,0.017680858057613137,0.6553858513661818,0.9280307358072178,0.0011718554581073167,0.24950961076918599,0.16
128,0.003,155,87.01532197053318,-0.028496703881344843,0.015906224132101257,0.6342409877247592,0.9724805263040595,0.0011783837209886129,0.2506879944901746,0.16
128,0.003,156,87.0149418473194,-0.00038012321377323133,0.01501184966583173,0.6272943565432786,0.9982117498606993,0.0011436936370432648,0.25183168812721785,0.16
128,0.003,157,86.87156317245986,-0.14337867485954803,0.015299430245135637,0.6295768669829854,0.9995481729268156,0.0011542780897540216,0.2529859662169719,0.16
128,0.003,158,86.9960318291067,0.12446865664684026,0.015548009970239404,0.6283674412057599,0.9824065470181813,0.0011695898123659308,0.2541555560293378,0.16
128,0.003,159,86.93439102196432,-0.06164080714238196,0.01586373670950774,0.6389849497618949,0.9688804175683623,0.0011422315972693517,0.25529778762660715,0.16
128,0.003,160,86.94539810253241,0.011007080568091965,0.015993120949163796,0.6434482196401403,0.853510211714238,0.001160159415000109,0.25645794704160724,0.16
128,0.003,161,86.93600972057888,-0.009388381953527869,0.01818279148091644,0.6733600579221373,0.8418312050760622,0.001171444755595892,0.2576293917972031,0.16
128,0.003,162,86.9581685667933,0.02215884621442399,0.015688528082292316,0.6381656015742008,0.9996183496501881,0.0011426992871788567,0.258772091084382,0.16
128,0.003,163,86.89626186368318,-0.06190670311012525,0.016489005593625018,0.638131872542284,0.9571300993545344,0.0011986810699886252,0.2599707721543706,0.16
128,0.003,164,86.91435443090387,0.01809256722069108,0.015915859977499364,0.6376895015307624,0.9615846242684897,0.0011482567593882828,0.2611190289137589,0.16
128,0.003,165,86.90069854462568,-0.013655886278186813,0.01714533453398506,0.6578088606727704,0.9279421513038748,0.0011865036272423772,0.26230553254100125,0.16
128,0.003,166,86.91048845645176,0.009789911826075581,0.016572115592165794,0.6472047771444217,0.9715975115659674,0.0011618299553494082,0.26346736249635067,0.16
128,0.003,167,86.88202990473674,-0.028458551715019098,0.016697736882637294,0.6457835362781055,0.8503054576302035,0.0011903629783116877,0.2646577254746624,0.16
128,0.003,168,86.85407376814926,-0.027956136587476976,0.019379550664720094,0.6748363408999658,0.9187127446857546,0.001219291191798505,0.2658770166664609,0.16
128,0.003,169,86.83921885901063,-0.014854909138634298,0.020006733237754905,0.6380828966693308,0.9715734465692554,0.0013709863031133407,0.26724800296957424,0.16
128,0.003,170,86.86316774943568,0.023948890425046443,0.01707674461739491,0.6156812090479897,0.9991694611519472,0.0012707047954598485,0.2685187077650341,0.16
128,0.003,171,86.82417025861041,-0.03899749082526682,0.017400825321257495,0.6283194502103527,0.99858347436689,0.0012639746921851221,0.26978268245721926,0.16
128,0.003,172,86.82043883280465,-0.0037314258057534744,0.017463822578865626,0.6298656267644052,0.9815144197663551,0.0012613873158862018,0.27104406977310547,0.16
128,0.003,173,86.80106739554265,-0.019371437262009294,0.017227683847364096,0.635243933672376,0.945332514034129,0.0012204470575510873,0.27226451683065656,0.16
128,0.003,174,86.73935746251021,-0.06170993303243222,0.019189930463476435,0.6654321785648757,0.9338357828468481,0.0012356182684208619,0.2735001350990774,0.16
128,0.003,175,86.76344720801963,0.02408974550941423,0.017401328514363885,0.6438235340969333,0.9769403415394268,0.0012136218690199036,0.2747137569680973,0.16
128,0.003,176,86.66500254656714,-0.09844466145248987,0.017662339130306293,0.6446522958857436,0.9964221846507408,0.0012276712808066625,0.27594142824890394,0.16
128,0.003,177,86.75824280320485,0.09324025663771351,0.01802891907319575,0.6421684306960849,0.9826699776487802,0.0012473068119292442,0.2771887350608332,0.16
128,0.003,178,86.70940326349724,-0.048839539707614676,0.01801177017196104,0.6450850398262542,0.9999771659494521,0.00122737670910584,0.278416111769939,0.16
128,0.003,179,86.73144990180127,0.022046638304033195,0.018394938269062973,0.6504739953627212,0.9842637949647698,0.0012389537173107554,0.2796550654872498,0.16
128,0.003,180,86.73587927938128,0.004429377580009941,0.018562216019309012,0.6483251487856605,0.9998273184201105,0.0012562245292563822,0.28091129001650617,0.16
128,0.003,181,86.6855198024603,-0.05035947692097409,0.01890757160872317,0.6447018603640122,0.8618152714345751,0.0012855931743688536,0.282196883190875,0.16
128,0.003,182,86.65026472939643,-0.03525507306387965,0.02464364177010927,0.6648045920714722,0.8521933234322095,0.0014380727806828325,0.2836349559715578,0.16
128,0.003,183,80.90007657261582,-5.7501881567806095,0.02173774225613507,0.647285832020694,0.7215773049946317,0.0013763693857051615,0.285011325357263,0.08
128,0.003,184,80.87189697605433,-0.028179596561486164,0.02818524569702017,0.6655045240314261,0.8328879265448293,0.0014335605971694493,0.2864448859544324,0.08
128,0.003,185,80.85604282535766,-0.015854150696668512,0.017818176782581137,0.6476487588158832,0.9479652089879769,0.001290236802271399,0.2877351227567038,0.08
128,0.003,186,80.86630022389032,0.010257398532658613,0.016812772571396975,0.645400654423285,0.9188540742521533,0.0013140974042704938,0.28904922016097434,0.08
128,0.003,187,80.81411142723125,-0.05218879665906684,0.014062375890499964,0.6201252171679974,0.9863018444646099,0.0012007158193585905,0.29024993598033294,0.08
128,0.003,188,80.84635357926518,0.03224215203393044,0.014033704120505634,0.6423267861351708,0.8187224361701144,0.0011486468092978847,0.2913985827896308,0.08
128,0.003,189,80.85658518910006,0.010231609834875144,0.015023178778223052,0.6566181064159021,0.7555800677381342,0.0011674654565149182,0.29256604824614574,0.08
128,0.003,190,80.83812817618733,-0.018457012912733717,0.012830231893958198,0.6403056433471626,0.7648267207681704,0.0010888150938425762,0.2936548633399883,0.08
128,0.003,191,80.821302080452,-0.016826095735325453,0.014890593184318323,0.652531991609881,0.578184091796923,0.001186719016561998,0.2948415823565503,0.08
128,0.003,192,80.8451249963351,0.023822915883101814,0.014419509252270032,0.6702066260418386,0.4275468576986394,0.001088650298793125,0.2959302326553434,0.08
128,0.003,193,80.8225494341281,-0.022575562206995414,0.01640182181184857,0.696331181919088,0.44681629811921697,0.0011822223375299089,0.2971124549928733,0.08
128,0.003,194,80.71247336935622,-0.11007606477188858,0.011997668853683523,0.6666001098866792,0.9885751731669626,0.0009794504963190705,0.2980919054891924,0.08
128,0.003,195,80.83489869514753,0.12242532579131193,0.01448149572682193,0.6865398560748673,0.5058469111149799,0.001179733386695837,0.29927163887588826,0.08
128,0.003,196,80.82707612142674,-0.007822573720787318,0.014488209547606674,0.6528293269400475,0.6635558778820758,0.001129869443536079,0.30040150831942436,0.08
128,0.003,197,80.77724158162954,-0.04983453979720309,0.016684916250521785,0.6744446285839187,0.6007740816093404,0.0011701811987004256,0.3015716895181248,0.08
128,0.003,198,80.79339910116451,0.016157519534971243,0.01509381691024856,0.6639322607678116,0.8910444126521313,0.0011246899719847853,0.3026963794901096,0.08
128,0.003,199,80.80768144486316,0.014282343698653222,0.015105953661725837,0.6727045870840509,0.452893449941614,0.0012246642654878057,0.30392104375559736,0.08
128,0.003,200,80.82935278017978,0.021671335316611362,0.015583415756140017,0.6784664141320303,0.8499099598339395,0.0011459125512089335,0.3050669563068063,0.08
128,0.01,1,86.26596934355229,0.3545588300873703,1.1215496914166923,0.6324269403715497,0.9957563200968432,0.009999991348020506,0.009999991348020506,0.25
128,0.01,2,87.43719164975724,1.1712223062049532,1.1038346600063489,0.649811109879448,0.9945550346218031,0.00966313068105756,0.019663122029078065,0.36
128,0.01,3,87.90668745849545,0.46949580873821617,1.0329683722729692,0.6568365663906833,0.9962218358195636,0.00941617722395519,0.029079299253033257,0.36
128,0.01,4,88.25032091742946,0.34363345893400776,1.040679773693265,0.6609787056732028,0.9961686163720604,0.009417046322121867,0.038496345575155126,0.36
128,0.01,5,88.57505013459114,0.3247292171616749,1.0672961547362565,0.6629976580397086,0.996063266732059,0.009564389168273275,0.0480607347434284,0.36
128,0.01,6,88.94458961081787,0.3695394762267341,1.0721420817435345,0.664030327316332,0.9949212882352915,0.00973457459089185,0.057795309334320255,0.36
128,0.01,7,89.21580812610955,0.27121851529167884,0.9921834551285551,0.6695705124303013,0.9157707128532381,0.009652411496472757,0.067447720830793,0.36
128,0.01,8,88.27984677215554,-0.9359613539540135,0.6205060635436439,0.6766336495858545,0.7335899074390552,0.00858051117042654,0.07602823200121955,0.25
128,0.01,9,88.82464889654142,0.5448021243858818,0.5106790749165016,0.6712459587698328,0.8714987663193978,0.008241216554201843,0.0842694485554214,0.25
128,0.01,10,89.17687019402707,0.3522212974856558,0.42224773291857653,0.6657863138419803,0.9445117563727344,0.007825444552438844,0.09209489310786025,0.25
128,0.01,11,89.21684494478158,0.03997475075451007,0.4047217516260653,0.6443810790641674,0.883351682667147,0.007445173951939249,0.0995400670597995,0.25
128,0.01,12,89.16367063862228,-0.053174306159306184,0.2797118171316961,0.6876604527070123,0.5872926225620133,0.006768602552720496,0.10630866961251999,0.25
128,0.01,13,89.68099366966261,0.5173230310403341,0.27712157292335127,0.6520635909467001,-0.03957742489986302,0.006143351081543415,0.1124520206940634,0.25
128,0.01,14,89.6201785658611,-0.06081510380151656,0.2354553446173152,0.5790089904909143,0.5535382976183064,0.005315144801154835,0.11776716549521823,0.25
128,0.01,15,89.47867018852548,-0.1415083773356116,0.13857882139960037,0.6858538252989853,0.28472932780493504,0.004667875273130598,0.12243504076834884,0.25
128,0.01,16,89.75502032334731,0.2763501348218256,0.17943592076657827,0.6222891797303525,0.49601596854702207,0.004953799345834636,0.12738884011418347,0.25
128,0.01,17,90.06996913729753,0.3149488139502239,0.16827542479134966,0.6697185098156002,0.08749038832674066,0.0048314510298901455,0.1322202911440736,0.25
128,0.01,18,90.08794726476931,0.017978127471778294,0.10911458967318466,0.5397411066639592,0.4554371736633032,0.00436585470667935,0.13658614585075296,0.25
128,0.01,19,90.09090582105355,0.0029585562842413538,0.10378915664222779,0.6600755244056998,0.2739149791992309,0.0040065320522337635,0.1405926779029867,0.25
128,0.01,20,90.26719645023574,0.17629062918219063,0.14953676455730586,0.6284622012864436,0.8579164503248733,0.004177267313258602,0.1447699452162453,0.25
128,0.01,21,90.44732942277479,0.1801329725390417,0.20924390134984097,0.7119241575011952,0.3775550323526004,0.004988909740841395,0.1497588549570867,0.25
128,0.01,22,90.49967038485028,0.05234096207549044,0.07037233223174251,0.6109350089420789,0.9017833765578123,0.00395713044035795,0.15371598539744466,0.25
128,0.01,23,90.53300107541868,0.03333069056840543,0.08089370583336244,0.6673745970970607,0.5566937358347845,0.0036763440153025025,0.15739232941274717,0.25
128,0.01,24,90.58410531198223,0.051104236563546124,0.13030313203255872,0.685295711438889,0.9315931963947638,0.004166644799223607,0.16155897421197077,0.25
128,0.01,25,90.62881315549349,0.04470784351126156,0.21909321112611774,0.7083111367562468,0.8630516387548441,0.004887058555599927,0.1664460327675707,0.25
128,0.01,26,90.66562444168784,0.036811286194350146,0.10985327033440495,0.6986399536638068,0.7898685557182182,0.004210942927981049,0.17065697569555174,0.25
128,0.01,27,90.69142316523825,0.02579872355040891,0.06446812891979489,0.6284247083910066,0.9208170791005383,0.0035251628436384548,0.1741821385391902,0.25
128,0.01,28,90.68029143192796,-0.011131733310293157,0.06172567087843695,0.6666733728553658,0.9629825546401463,0.003507445620618992,0.1776895841598092,0.25
128,0.01,29,90.66126658202647,-0.01902484990148423,0.06130291007856983,0.6549632116110465,0.9671601449127794,0.0035666846702625456,0.18125626883007176,0.25
128,0.01,30,90.64560711099537,-0.01565947103109977,0.05949608077100305,0.6604783419573987,0.8705019181533682,0.003475558509243641,0.1847318273393154,0.25
128,0.01,31,90.62781954594823,-0.017787565047143516,0.06106624514931937,0.6530124263943625,0.9577102172334406,0.0034382395854370344,0.18817006692475244,0.25
128,0.01,32,90.59541824258166,-0.03240130336656932,0.05682354804821859,0.6528101420523666,0.9483632181977477,0.003332349014083155,0.1915024159388356,0.25
128,0.01,33,90.57185914029972,-0.02355910228193636,0.061951491211082864,0.6738990946692023,0.991293483852114,0.0035442040963965566,0.19504662003523215,0.25
128,0.01,34,90.51881272936349,-0.053046410936232746,0.06308027095342988,0.6578795793698446,0.9496878033984659,0.003697410170292499,0.19874403020552464,0.25
128,0.01,35,90.42895328767918,-0.08985944168431104,0.060784277497518406,0.6508728049280861,0.9434757413035127,0.0034728858882099073,0.20221691609373454,0.25
128,0.01,36,90.36859962827778,-0.06035365940140025,0.06208189693409462,0.6667285035930302,0.9847190819734005,0.003460666195152658,0.2056775822888872,0.25
128,0.01,37,90.27690389352877,-0.09169573474900972,0.061277604911851094,0.6734672698714692,0.9425559121419753,0.00349643362585603,0.20917401591474322,0.25
128,0.01,38,90.23975040711261,-0.0371534864161589,0.06673244074409161,0.6926745047692998,0.8558597114766663,0.0035872060612810322,0.21276122197602426,0.25
128,0.01,39,90.15268052800315,-0.08706987910946395,0.06630227354546112,0.6665540867841373,0.9374038259548194,0.003485512240059114,0.21624673421608337,0.25
128,0.01,40,87.16347315274456,-2.9892073752585873,0.07356706857486353,0.6886367608827757,0.9132758085597957,0.003727413163580107,0.21997414737966348,0.16
128,0.01,41,87.11850439310714,-0.044968759637413314,0.053118433145875665,0.670988518485495,0.9809722064483124,0.003331574437805033,0.22330572181746852,0.16
128,0.01,42,87.10544012901357,-0.013064264093571865,0.05096019526191953,0.6856208500239184,0.9306636689409494,0.0032583541093678904,0.22656407592683642,0.16
128,0.01,43,87.06266091664101,-0.04277921237256521,0.04878994712939493,0.6714512790237857,0.9708394141954483,0.0031663887822522283,0.22973046470908864,0.16
128,0.01,44,87.04585973887474,-0.016801177766268438,0.05010883512818303,0.6800978260495594,0.8654824864558937,0.003276769942961719,0.23300723465205037,0.16
128,0.01,45,87.01510456358034,-0.030755175294402193,0.045664087634981795,0.6651247868195538,0.9812351044018522,0.0031886833220718014,0.23619591797412218,0.16
128,0.01,46,86.97873288008279,-0.036371683497549157,0.047285778232540834,0.6778444492049622,0.9418616468992137,0.0032497079510281877,0.23944562592515037,0.16
128,0.01,47,86.94072382575,-0.03800905433278956,0.045615814840134425,0.661343514980461,0.9983798754134994,0.003222852412352284,0.24266847833750266,0.16
128,0.01,48,86.96996345597276,0.029239630222761548,0.04705820855491573,0.6613851477013735,0.9992472586825488,0.0032865959759874,0.24595507431349006,0.16
128,0.01,49,86.9037185709275,-0.06624488504526482,0.04801387974524086,0.6618226961557347,0.976090203710933,0.0033585031168431884,0.24931357743033325,0.16
128,0.01,50,86.83189110428954,-0.0718274666379557,0.04930968895011216,0.6712416964612848,0.9676608859944079,0.0033371094440842763,0.25265068687441755,0.16
128,0.01,51,86.81551821721445,-0.01637288707509299,0.0522024880560681,0.6845468005085197,0.9244408684881029,0.003430222342294582,0.2560809092167121,0.16
128,0.01,52,86.74746136355571,-0.0680568536587316,0.05999929601830857,0.6906695863806092,0.8593739694545082,0.00371428235938402,0.25979519157609615,0.16
128,0.01,53,86.72968385431948,-0.017777509236239553,0.05628741949352817,0.6540541420155862,0.967396752001418,0.0035305700136787055,0.26332576158977483,0.16
128,0.01,54,86.66691301759461,-0.06277083672486583,0.06341008650681802,0.680522444035361,0.9526071244268212,0.003628518713726586,0.26695428030350143,0.16
128,0.01,55,86.60796877768144,-0.0589442399131741,0.06360223704413608,0.6926731404789457,0.8547487067900261,0.00385338571280523,0.2708076660163067,0.16
128,0.01,56,86.47286600515298,-0.13510277252845526,0.05579354232528584,0.6751236369999118,0.9301413241902651,0.0036638000825829956,0.27447146609888967,0.16
128,0.01,57,86.41429788972495,-0.058568115428030865,0.0681072264031343,0.7030966449190367,0.8379044113923473,0.003973387154967194,0.27844485325385687,0.16
128,0.01,58,80.77378932173663,-5.64050856798832,0.055864246070713316,0.6641893070915242,0.513937593749829,0.0038107529476511296,0.282255606201508,0.08
128,0.01,59,80.78992058177695,0.016131260040324946,0.08746231061838936,0.6686116617196208,0.30681513012791456,0.004133953638424194,0.2863895598399322,0.08
128,0.01,60,80.79422785653752,0.004307274760563473,0.046596002369298214,0.6208921538707025,0.758786243225862,0.003577774712911139,0.28996733455284335,0.08
128,0.01,61,80.76299270640627,-0.031235150131252,0.044243593396634445,0.6686238967908156,0.8857865335418762,0.003526708495958484,0.29349404304880183,0.08
128,0.01,62,80.77268612859969,0.009693422193421952,0.041317047146189195,0.669953386222115,0.8189472219672729,0.003229376310346505,0.29672341935914837,0.08
128,0.01,63,80.75674744133221,-0.015938687267478713,0.0376283985697464,0.6706025178614429,0.9393914683781083,0.0032340663236299304,0.2999574856827783,0.08
128,0.01,64,80.74617978177972,-0.010567659552492614,0.04839763461489319,0.7053309594605028,0.8847071383157552,0.003668600737810607,0.3036260864205889,0.08
128,0.01,65,80.77866268060637,0.03248289882665745,0.051980876585883906,0.6941188246461462,0.7181174749924244,0.003764230899376548,0.30739031731996547,0.08
128,0.01,66,80.75228500074043,-0.02637767986594497,0.042637365244581185,0.6463112768336776,0.7308125807037996,0.0034670026217522147,0.31085731994171767,0.08
128,0.01,67,80.72192175022732,-0.030363250513104845,0.05522731278601252,0.6907351866150828,0.5060214511640033,0.0035441801946594557,0.31440150013637713,0.08
128,0.01,68,80.7240644467104,0.0021426964830766337,0.04156733296249686,0.6846831966070136,0.7709518762953844,0.003182646870488137,0.31758414700686527,0.08
128,0.01,69,80.68345507304602,-0.04060937366438111,0.04318472096196693,0.6982067197629411,0.7106218144755124,0.003326076158250033,0.3209102231651153,0.08
128,0.01,70,80.5996886995468,-0.08376637349921623,0.053387019182903755,0.7037458967377053,0.47321933138796546,0.0034258609690441823,0.3243360841341595,0.08
128,0.01,71,80.45207860337607,-0.1476100961707374,0.06395249355789775,0.698870347445159,0.5483123318801585,0.003979357533616214,0.3283154416677757,0.08
128,0.03,1,87.94502437757158,2.0336138641066555,3.3646496184505286,0.6324269329115193,0.9702439685434983,0.029999979250152208,0.029999979250152208,0.36
128,0.03,2,88.96624936358728,1.021224986015696,3.019473421765629,0.6645698737670683,0.9713123972271507,0.027808805390560302,0.05780878464071251,0.36
128,0.03,3,88.04692241504793,-0.91932694853935,2.9942583439996113,0.6810539195918351,-0.3247954264870257,0.027604171951970607,0.08541295659268312,0.25
128,0.03,4,89.67572601147808,1.6288035964301457,1.9695004874170023,0.570459862540706,-0.4402979216245618,0.021679259653376998,0.10709221624606012,0.25
128,0.03,5,89.36649314910991,-0.3092328623681624,1.2870672915283141,0.5607332971073367,-0.6213454687603109,0.01805598556610708,0.1251482018121672,0.25
128,0.03,6,82.36838677563502,-6.998106373474897,0.8076820571395036,0.5111805802485996,0.2533457133206781,0.015965365611515833,0.14111356742368303,0.36
128,0.03,7,89.49017224605478,7.121785470419766,65.65131867889147,0.676954652284187,-0.35366848784484645,0.03715371413658231,0.17826728156026533,0.25
128,0.03,8,89.0877588573844,-0.40241338867038223,-0.20851108253976589,-0.06567816025269738,0.9913402089180683,0.020234466494525247,0.1985017480547906,0.25
128,0.03,9,89.14251990176972,0.05476104438531593,0.598409847405377,0.275028916748833,0.9990810188763052,0.013909842117876383,0.21241159017266698,0.25
128,0.03,10,89.41399404195396,0.2714741401842389,0.8814890518139676,0.5009364295030423,0.9931341859753738,0.012418551382167338,0.2248301415548343,0.25
128,0.03,11,86.71116565724905,-2.702828384704901,0.8290270605352948,0.5952982949086592,0.9845195517272356,0.011744741453435034,0.23657488300826934,0.16
128,0.03,12,86.96521417375133,0.2540485165022801,0.7338766656785338,0.629365746539003,0.9924942026397947,0.011200306006016974,0.24777518901428633,0.16
128,0.03,13,87.18179047051673,0.21657629676539614,0.5640161483312289,0.6487131015542877,0.9808160222937015,0.010374969931506668,0.258150158945793,0.16
128,0.03,14,87.32336992916355,0.14157945864681665,0.4143758189677003,0.6412228657647081,0.9568021834731536,0.009361518872171844,0.26751167781796487,0.16
128,0.03,15,87.32866321720087,0.005293288037321986,0.30817206564776084,0.6245593088564309,0.970814382895861,0.008207692434093332,0.27571937025205817,0.16
128,0.03,16,87.36713082828479,0.03846761108391661,0.22109734113574242,0.6419883609072414,0.9157294114401706,0.007106043465953879,0.28282541371801206,0.16
128,0.03,17,87.35511009602625,-0.012020732258534395,0.14140550357357348,0.6633521544357388,0.9402085116886578,0.006056031493470642,0.2888814452114827,0.16
128,0.03,18,87.36139667247343,0.006286576447180892,0.10805850146641849,0.656045933598535,0.9239009876832565,0.00532633154999998,0.2942077767614827,0.16
128,0.03,19,87.30968394260124,-0.05171272987219311,0.11163986312935886,0.6572649523103833,0.9243349712524553,0.005182406571792542,0.2993901833332752,0.16
128,0.03,20,87.2432442285242,-0.06643971407703475,0.13467687713943255,0.6242219856543347,0.9954916465877056,0.005352938755596776,0.304743122088872,0.16
128,0.03,21,87.16263551182486,-0.080608716699345,0.14867680889672188,0.6364873348934318,0.9778395844636146,0.005625444051393198,0.3103685661402652,0.16
128,0.03,22,87.06657698140657,-0.09605853041828993,0.1348801524171436,0.6511532339849964,0.9851519604806305,0.00561642263534161,0.3159849887756068,0.16
128,0.03,23,87.0056266512417,-0.0609503301648715,0.11687442789187039,0.6532125487486766,0.9901767243302011,0.005465658440323332,0.32145064721593014,0.16
128,0.03,24,86.95254863656027,-0.05307801468143225,0.10165365019797801,0.6499777775918962,0.9524501202912441,0.005278834120740114,0.32672948133667024,0.16
128,0.03,25,86.97809192758977,0.02554329102950703,0.08269903646981477,0.6400388896375587,0.6750208084146436,0.004940696005704767,0.331670177342375,0.16
128,0.03,26,87.08872912799961,0.11063720040984037,0.0655654306974794,0.538283694303907,0.812493852560256,0.0044610838907979174,0.33613126123317294,0.16
128,0.03,27,87.21668785089089,0.12795872289127885,0.13324093819898752,0.5445718972660764,0.9614995678587571,0.005044356845711176,0.34117561807888414,0.16
128,0.03,28,87.33167103354779,0.11498318265689988,0.34745618939233025,0.6231909387058566,0.9852389248833295,0.007311878762225871,0.34848749684111,0.16
128,0.03,29,87.34767671738963,0.01600568384183987,0.6147625535660116,0.6512133474493603,0.9897537162172331,0.00998395083297563,0.3584714476740857,0.16
128,0.03,30,87.244801490785,-0.10287522660463821,0.766957496091369,0.6602053346676351,0.9945320168946011,0.01188549559480549,0.3703569432688912,0.16
128,0.03,31,87.06770006420061,-0.177101426584386,0.7391766761799283,0.6663523171104249,0.9939009106524459,0.012300865996007023,0.38265780926489823,0.16
128,0.03,32,81.08795187415359,-5.979748190047019,0.6106074278486804,0.6717944472843004,0.9895546378193024,0.011748567755084876,0.3944063770199831,0.08
128,0.03,33,81.05955929288228,-0.028392581271305062,0.6894138357746268,0.6781983726632125,0.9844660606549112,0.01203418941859314,0.40644056643857623,0.08
128,0.03,34,80.9802704913931,-0.07928880148918438,0.4530289286259854,0.6839920013094519,0.9849015893018304,0.010602655439506031,0.4170432218780823,0.08
128,0.03,35,80.9856482429118,0.005377751518693685,0.2855821284550134,0.6856682844056698,0.9818859920914232,0.008913558049331896,0.4259567799274142,0.08
128,0.03,36,80.96644579027556,-0.01920245263623599,0.20106228940585552,0.6815609950700504,0.9848012545297077,0.007641769191233721,0.4335985491186479,0.08
128,0.03,37,80.95617148524515,-0.01027430503040705,0.15461619005745453,0.6849567332926875,0.9900897271400149,0.006829150378541203,0.44042769949718913,0.08
128,0.03,38,80.87910744622363,-0.07706403902152204,0.13202607170640712,0.6828318412333692,0.9855691331403384,0.0064022612902457435,0.44682996078743487,0.08
128,0.05,1,88.59208179771474,2.6806712842498257,5.607751546802966,0.6324269733174555,0.9257599941311051,0.04999998168402286,0.04999998168402286,0.36
128,0.05,2,87.89672115903076,-0.6953606386839795,4.8573672675121795,0.6764633497849418,-0.45671589815438174,0.0453275618698371,0.09532754355385996,0.25
128,0.05,3,89.77457431788132,1.8778531588505558,5.25006229026331,0.6210500044265987,-0.6760775503810034,0.036676140706698224,0.1320036842605582,0.25
128,0.05,4,90.21162191541109,0.4370475975297694,1.9122391869985067,0.47303508158773533,-0.5984734676888974,0.02650687591299605,0.15851056017355425,0.25
128,0.05,5,90.06262955389275,-0.1489923615183386,0.6635542791777014,0.4047592004046229,0.588365841929564,0.019565855939180022,0.17807641611273428,0.25
128,0.05,6,86.25707656573545,-3.8055529881573023,2.5977158156080975,0.7187387280390168,0.24604568161201645,0.02416831102417866,0.20224472713691294,0.36
128,0.05,7,89.06985273522771,2.812776169492267,27.442264091869617,0.7518485168121504,-0.4232106220655765,0.0518873860339163,0.25413211317082923,0.25
128,0.05,8,89.02041372388172,-0.04943901134599571,0.4457071135583489,0.10107454733471069,0.9809638547822987,0.02674467275403174,0.280876785924861,0.25
128,0.05,9,89.53038700481072,0.5099732809290032,1.5059704813247956,0.5128548330594198,0.721362235706117,0.022492812845279694,0.3033695987701407,0.25
128,0.05,10,89.90287321385901,0.3724862090482901,0.9728091423036872,0.6201681294949308,0.7895662794401141,0.019434768773541587,0.3228043675436823,0.25
128,0.05,11,87.27695534907771,-2.6259178647813,0.6331599315402079,0.6150153700211674,0.4604681784710293,0.01706289888638296,0.33986726643006526,0.16
128,0.05,12,87.28675523479093,0.009799885713221101,0.22543150973774762,0.5868137748252548,0.5312969858413129,0.012868446278094393,0.3527357127081597,0.16
128,0.05,13,87.19824432087806,-0.08851091391287014,0.17972993537227686,0.4981156865218243,0.2761728079199649,0.009962957507299605,0.36269867021545926,0.16
128,0.05,14,87.02078544582199,-0.17745887505607527,0.1906679697653522,0.5196893883982691,0.9706549409097732,0.009163215687895682,0.37186188590335495,0.16
128,0.05,15,86.86570631872131,-0.15507912710067728,0.21608653720704527,0.6622262865093592,0.8319798499451716,0.009867736618570046,0.381729622521925,0.16
128,0.05,16,86.70130415416875,-0.16440216455255552,0.18538981146559064,0.7112787065783635,0.9379132963766404,0.010021930802451263,0.3917515533243763,0.16
128,0.05,17,80.91276198152309,-5.788542172645663,0.18187570465852843,0.7012352814910549,0.8415050480396137,0.010267991475950063,0.40201954480032637,0.08
128,0.05,18,80.74766730193615,-0.16509467958694302,0.2295971126545227,0.6250907774364108,0.9366573787696065,0.01086181283501866,0.412881357635345,0.08
128,0.05,19,80.74041381486255,-0.007253487073597853,0.18853624576124225,0.6589218646958864,0.9746013706828498,0.010549935485309317,0.4234312931206543,0.08
128,0.05,20,80.55984756056282,-0.18056625429973394,0.17377122368829317,0.6774070818966494,0.9844201475128502,0.010352748990725476,0.4337840421113798,0.08
128,0.1,1,88.82394008340907,2.9125295699441693,11.215505579891065,0.6324269752592948,0.5868663292446606,0.09999998522928097,0.09999998522928097,0.25
128,0.1,2,70.85575291664031,-17.968187166768757,5.178473226338536,0.6940434267783726,-0.20653492817464533,0.07723999536280292,0.1772399805920839,0.08
128,0.1,3,82.92224411770887,12.066491201068558,97.48471584502656,0.6323228863739749,-0.1796110726216844,0.09323227836834164,0.27047225896042554,0.16
128,0.1,4,84.21521396458483,1.2929698468759625,0.8840066028106204,0.11659774876208702,0.9881669174871375,0.05208616917233399,0.32255842813275953,0.16
128,0.1,5,85.56089856019281,1.3456845956079775,2.2016063441178586,0.43211690688932397,0.40801729509827084,0.040603837421949986,0.36316226555470954,0.16
128,0.1,6,79.65008342434689,-5.910815135845922,0.5430564074083388,0.4340658033568014,0.18350654791196067,0.026875374143242453,0.390037639697952,0.08
128,0.1,7,80.31317079522522,0.6630873708783298,1.1892534533200294,0.5274805314783065,0.9830216554470892,0.020858309678368495,0.4108959493763205,0.08
128,0.1,8,80.4562023817174,0.14303158649218517,0.9827930362878008,0.6426029722343698,-0.5836117223702033,0.02281251066064507,0.43370846003696556,0.08
128,0.1,9,80.34688354146175,-0.10931884025565353,0.0766891388487099,0.1746954586643726,0.9747092683601769,0.012432435068326614,0.4461408951052922,0.08
256,0.003,1,86.01408126078816,0.13813392441483074,0.33589513208101196,0.6325948892778689,0.9997162140570025,0.0030000107890952627,0.0030000107890952627,0.25
256,0.003,2,86.08947596045677,0.07539469966860679,0.3330846696642176,0.6358558965851415,0.9997051866733471,0.0029758529914439,0.0059758637805391625,0.25
256,0.003,3,86.20675614122948,0.11728018077270974,0.3301063472027497,0.6384023836160505,0.9989867077559241,0.002954316283792301,0.008930180064331463,0.25
256,0.003,4,86.22565619692861,0.018900055699134555,0.33321122565149464,0.6463368837567476,0.9985965192447462,0.0029260348111080333,0.011856214875439496,0.25
256,0.003,5,86.22521228436196,-0.0004439125666522159,0.32129910660496475,0.6427163508056833,0.9993864555371627,0.002905019061770222,0.014761233937209718,0.25
256,0.003,6,87.40532563515436,1.1801133507923964,0.32076828422697823,0.6437402421230609,0.9995719119741076,0.002899638581339749,0.01766087251854947,0.36
256,0.003,7,87.50183571407814,0.09651007892378516,0.3138884986990442,0.6447876179708215,0.9996674085130983,0.0028863670316043527,0.02054723955015382,0.36
256,0.003,8,87.66133556221888,0.15949984814074014,0.315867764950497,0.6432641642153061,0.9996597048070289,0.00290076672499627,0.02344800627515009,0.36
256,0.003,9,87.79371919683446,0.13238363461557867,0.3181546276024647,0.6414316953169018,0.9996514372814281,0.0029245807614970113,0.0263725870366471,0.36
256,0.003,10,87.92349951599742,0.12978031916296118,0.3217239855491313,0.6400191687095637,0.9996272967775623,0.002954243403683706,0.029326830440330808,0.36
256,0.003,11,88.01232664274742,0.08882712675000448,0.3259459576176137,0.638945753707588,0.9996015802373824,0.0029879545547103928,0.0323147849950412,0.36
256,0.003,12,88.1136924785188,0.10136583577137515,0.3308081723523818,0.6379625106074355,0.9995844848957949,0.003026146355066267,0.03534093135010747,0.36
256,0.003,13,88.24465183000271,0.13095935148390936,0.33596286154896593,0.6370698052929431,0.9995676712338957,0.0030661461659096277,0.038407077516017095,0.36
256,0.003,14,88.32054988669721,0.07589805669449845,0.34116076592071864,0.6363507297493877,0.9993071372849511,0.0031070113728133195,0.04151408888883042,0.36
256,0.003,15,88.44795433448338,0.12740444778617643,0.3410564099900326,0.6348865931538179,0.9995491476783129,0.0031358539074083556,0.044649942796238774,0.36
256,0.003,16,88.55627377228016,0.10831943779678,0.3423892352335888,0.6345737380983263,0.999273810112835,0.0031614049943728953,0.04781134779061167,0.36
256,0.003,17,88.64372077025101,0.08744699797084365,0.3455995348485552,0.6351164353379718,0.9994707738770902,0.003193497544868768,0.05100484533548044,0.36
256,0.003,18,88.78214371439343,0.13842294414241962,0.3387223804465306,0.6356319830786659,0.9991958786822075,0.003191483195441905,0.05419632853092235,0.36
256,0.003,19,88.89993538020924,0.11779166581581535,0.3224563122759873,0.6355400569864827,0.9980879728842069,0.003154876644903315,0.05735120517582566,0.36
256,0.003,20,88.97407840745957,0.0741430272503294,0.2933820263787002,0.636044148899033,0.9966039389423295,0.0030632465113611357,0.060414451687186795,0.36
256,0.003,21,89.07200562739233,0.09792721993275677,0.25803282841468456,0.6356463216713626,0.9938642425134625,0.002941502997626326,0.06335595468481311,0.36
256,0.003,22,89.15620947106302,0.08420384367069289,0.22233230912850954,0.6308824554668154,0.9928791054941556,0.0028341823314236643,0.06619013701623679,0.36
256,0.003,23,89.2658560281211,0.10964655705808468,0.1948774868270805,0.6240806510660291,0.9958844689224556,0.0027686456286197462,0.06895878264485653,0.36
256,0.003,24,89.39198801420748,0.12613198608637788,0.17703678752947552,0.6179193227689045,0.9962763109343841,0.002728460314685912,0.07168724295954244,0.36
256,0.003,25,88.45715302894365,-0.9348349852638336,0.16569295934086525,0.610279049011552,0.9852861837840026,0.002685649680828249,0.0743728926403707,0.25
256,0.003,26,88.5565041545649,0.09935112562125425,0.16682824482908462,0.6013817346027368,0.9985401273399909,0.0025818242661289513,0.07695471690649965,0.25
256,0.003,27,88.64163899290284,0.085134838337936,0.15816398302945023,0.6134808438783246,0.9955302416068592,0.002533514755367502,0.07948823166186715,0.25
256,0.003,28,88.71022565366206,0.06858666075922315,0.14502636265592067,0.6138727162076122,0.9957312816283277,0.0024723066459539293,0.08196053830782107,0.25
256,0.003,29,88.76561631238947,0.05539065872740423,0.1358073037890655,0.6176227329409544,0.9981181067188801,0.002463412578937835,0.08442395088675891,0.25
256,0.003,30,88.82952760088202,0.06391128849254812,0.12888457373318346,0.6177796132074946,0.9995635852056588,0.0024594660605395096,0.08688341694729843,0.25
256,0.003,31,88.87812444611669,0.04859684523466967,0.12295086375642633,0.6166613036599576,0.9939718618140116,0.00243553744073949,0.08931895438803791,0.25
256,0.003,32,88.93291964450032,0.054795198383629895,0.10724653489546725,0.6126414892979598,0.9971665062294066,0.002256872407643867,0.09157582679568178,0.25
256,0.003,33,89.00972802106563,0.07680837656531025,0.1040321070413465,0.6285612052686497,0.9987795576973975,0.002192421785225062,0.09376824858090685,0.25
256,0.003,34,89.04871929751613,0.03899127645050271,0.09769585781758783,0.6295183087286153,0.9993875821933551,0.002111738260736265,0.09587998684164312,0.25
256,0.003,35,89.10621867386504,0.057499376348914666,0.09133403134834944,0.633879030163861,0.9968232615192639,0.0020299205735055835,0.0979099074151487,0.25
256,0.003,36,89.13016470395551,0.023946030090471027,0.08235700267029858,0.6426329835780974,0.9996594868536908,0.001925699097305239,0.09983560651245393,0.25
256,0.003,37,89.13782512318238,0.007660419226866111,0.07607097603303112,0.6487595941273485,0.9996162651748358,0.0018571831029662233,0.10169278961542015,0.25
256,0.003,38,89.16162210795328,0.023796984770896756,0.07023372181141549,0.6508798408677013,0.9963436271344571,0.001802637173958668,0.10349542678937881,0.25
256,0.003,39,89.17589898410078,0.01427687614750539,0.06502679657097031,0.6526079771350523,0.9948915057936989,0.001754498206661642,0.10524992499604045,0.25
256,0.003,40,89.20754987682723,0.0316508927264465,0.05733466763015231,0.6503222456818917,0.9994225244594075,0.001677043779261959,0.10692696877530242,0.25
256,0.003,41,89.22411712494689,0.016567248119656597,0.05295220646176363,0.647721183382737,0.9992197252071823,0.0016417255095141415,0.10856869428481655,0.25
256,0.003,42,89.27173063306039,0.04761350811349985,0.04918050346995752,0.6453033938875942,0.9989366535586726,0.0016102604360294893,0.11017895472084605,0.25
256,0.003,43,89.3058672141178,0.03413658105741035,0.04583402132236428,0.6462496970139566,0.9955678040197533,0.0015798191694683496,0.1117587738903144,0.25
256,0.003,44,89.29954458976923,-0.006322624348570116,0.04222467206757331,0.6626454193900986,0.9976842550736023,0.0014894125222512154,0.11324818641256561,0.25
256,0.003,45,89.33936276767349,0.039818177904265895,0.039775999417360694,0.672229805019458,0.9982128069637254,0.0014589917563635807,0.11470717816892918,0.25
256,0.003,46,89.37397555884463,0.03461279117114202,0.03762645705944577,0.6742228083660159,0.9987447903809274,0.001442105369110696,0.11614928353803988,0.25
256,0.003,47,89.45109980083423,0.07712424198959411,0.035711553931507406,0.6737624238640403,0.9936293639744505,0.0014267851653553898,0.11757606870339528,0.25
256,0.003,48,89.49238425129307,0.04128445045884632,0.03431008445157821,0.6766363233097911,0.9932785964792132,0.0014178999972253264,0.11899396870062061,0.25
256,0.003,49,89.53788799828281,0.04550374698973769,0.032547920387970546,0.6744769998310679,0.9986308039210241,0.0013928342920014726,0.12038680299262208,0.25
256,0.003,50,89.58791998593792,0.050031987655103194,0.03141245759041387,0.6763220689710079,0.998198418636926,0.0013839358573736714,0.12177073884999576,0.25
256,0.003,51,89.60617348576727,0.0182534998293562,0.030452496665048574,0.677816873171813,0.9919360139175382,0.0013777993583630546,0.12314853820835882,0.25
256,0.003,52,89.65922026520921,0.05304677944194225,0.029248545066055013,0.67880938719046,0.9988983133162926,0.0013669543351753877,0.12451549254353421,0.25
256,0.003,53,89.73425443746343,0.07503417225422027,0.02879861368575467,0.6726038334290437,0.9979787239236989,0.0013845238737387512,0.12590001641727297,0.25
256,0.003,54,89.77083699745427,0.036582559990833374,0.028752784082322198,0.6726232089770384,0.991067159691168,0.0013926423081359707,0.12729265872540893,0.25
256,0.003,55,89.82494628817864,0.05410929072436943,0.028194165073369748,0.6816067466626127,0.990085707632043,0.0013560578158132264,0.12864871654122215,0.25
256,0.003,56,89.88219280849823,0.05724652031959465,0.028154835932519565,0.6807164007673044,0.9929372193255085,0.001373285465878675,0.13002200200710082,0.25
256,0.003,57,89.91784714247054,0.03565433397230322,0.028224449102664542,0.6861084967302106,0.9910009350961765,0.0013610269341382927,0.1313830289412391,0.25
256,0.003,58,89.99196737266459,0.07412023019405467,0.028222167249860118,0.6834343379476977,0.9900542839519841,0.0013734920923256576,0.13275652103356475,0.25
256,0.003,59,89.90503728103306,-0.08693009163152965,0.028295760303704613,0.6862581336966302,0.9910925368079943,0.001393870927964438,0.1341503919615292,0.25
256,0.003,60,90.0635887723924,0.15855149135933289,0.029714720427867516,0.676480363037059,0.9788237374100718,0.0014347366255672682,0.13558512858709645,0.25
256,0.003,61,90.11876404824251,0.055175275850118055,0.03174415312490978,0.6696081071662233,0.9893815256641626,0.0014368217354808438,0.1370219503225773,0.25
256,0.003,62,90.18854360203075,0.06977955378823708,0.031167088728685025,0.6792965077798288,0.9912917534994422,0.0014555496571347928,0.1384774999797121,0.25
256,0.003,63,90.24638354357305,0.05783994154229788,0.031583629220740275,0.6742344132723557,0.9884631628594404,0.001439541257093463,0.13991704123680557,0.25
256,0.003,64,90.28794053971893,0.041556996145885705,0.030610741397223206,0.6799051849291123,0.9977775152012959,0.0014413663833214563,0.14135840762012702,0.25
256,0.003,65,90.31398171765332,0.026041177934388315,0.03147122388081096,0.6719237772833683,0.9868359683440224,0.0014589754992499178,0.14281738311937694,0.25
256,0.003,66,90.36126533273901,0.047283615085689235,0.03299505407816282,0.6699900791118139,0.9994904691444959,0.0014342603856875218,0.14425164350506448,0.25
256,0.003,67,90.37445446347188,0.013189130732868648,0.03301249725209979,0.6767568214231251,0.9904527894275608,0.0014316574922933326,0.1456833009973578,0.25
256,0.003,68,90.41322759944973,0.03877313597784848,0.03168362712165988,0.6813696900108265,0.9987144275648807,0.0014231367615892708,0.14710643775894708,0.25
256,0.003,69,90.44739244786876,0.03416484841903866,0.03244432118310314,0.6734248316488601,0.9904062494825084,0.0014396900781110933,0.14854612783705817,0.25
256,0.003,70,90.46324202252457,0.015849574655803167,0.03369392021923942,0.6729075951246465,0.9922976944993528,0.0014159613852798025,0.14996208922233797,0.25
256,0.003,71,90.42881996011876,-0.034422062405809584,0.03318960401277351,0.6789068912314652,0.9993029560491558,0.0014287277466662625,0.15139081696900425,0.25
256,0.003,72,90.51203196112422,0.08321200100546378,0.03325123236339347,0.6711484733143706,0.9996155009974407,0.001436793710046924,0.15282761067905118,0.25
256,0.003,73,90.5234702213115,0.011438260187276228,0.033493106222251504,0.6676745896891644,0.9997723723269984,0.0014403662660126331,0.1542679769450638,0.25
256,0.003,74,90.52801002454314,0.004539803231637052,0.033366576719277896,0.6663748854855298,0.999839342276058,0.0014364362651847393,0.15570441321024855,0.25
256,0.003,75,90.55432370458678,0.026313680043642762,0.03295728564023241,0.6658212936907661,0.9937195327096079,0.001427441044264773,0.15713185425451331,0.25
256,0.003,76,90.55326001738284,-0.001063687203938457,0.03184109123507408,0.6717821607623932,0.9952351912471319,0.0013650998627215184,0.15849695411723483,0.25
256,0.003,77,90.57347626711241,0.0202162497295717,0.029083091489822584,0.6707754507589179,0.9963522038740761,0.0013259343173923574,0.1598228884346272,0.25
256,0.003,78,90.59932506187256,0.025848794760150895,0.02672716636615957,0.6639442695742547,0.9991515906646835,0.001291996707467407,0.1611148851420946,0.25
256,0.003,79,90.59942171260869,9.665073612552533e-05,0.02543778164744285,0.6571810196244094,0.9842224965535498,0.0012751828594820694,0.16239006800157668,0.25
256,0.003,80,90.59817070115731,-0.0012510114513730741,0.02458078748867886,0.6644666040238469,0.9834043980587653,0.0012371824529971666,0.16362725045457385,0.25
256,0.003,81,90.61328626379633,0.015115562639010705,0.024325975097852986,0.6513075454348147,0.9946461129066612,0.0012407038538477942,0.16486795430842166,0.25
256,0.003,82,90.63668667226943,0.023400408473108314,0.02287427804894599,0.6420265863277571,0.9727396932672939,0.0012479385174578935,0.16611589282587955,0.25
256,0.003,83,90.62946925129573,-0.007217420973702815,0.021698961692167062,0.6481741423134718,0.9878402253286055,0.0012293750975555416,0.1673452679234351,0.25
256,0.003,84,90.64561384811054,0.016144596814811507,0.02086409501893771,0.6307836866941772,0.9986381066869419,0.0012254832610494632,0.16857075118448456,0.25
256,0.003,85,90.63603321017432,-0.009580637936224434,0.02057738857159288,0.6229093871818426,0.9872567409135332,0.0012414787058141012,0.16981222989029865,0.25
256,0.003,86,90.62523403820335,-0.01079917197097302,0.020477155224359486,0.6185738227304753,0.9865761673703001,0.0012590921829018615,0.1710713220732005,0.25
256,0.003,87,90.63839015109329,0.013156112889944893,0.020063622180948155,0.6095475215401944,0.9995283042657059,0.0012486036418692884,0.1723199257150698,0.25
256,0.003,88,90.63513017532888,-0.003259975764407841,0.02005822974888983,0.6107775047359666,0.9994076992244536,0.001248797333146162,0.17356872304821597,0.25
256,0.003,89,90.62749859249573,-0.007631582833155903,0.020053606672612675,0.6110023140729249,0.9788633372903242,0.001253662572056129,0.1748223856202721,0.25
256,0.003,90,90.6339868045968,0.006488212101075419,0.02060674994774077,0.6333204910383772,0.9718927589662717,0.0012478775076245469,0.17607026312789664,0.25
256,0.003,91,90.63700919130257,0.0030223867057657117,0.020429502125263163,0.619626853480085,0.9929808790524944,0.00123949922803642,0.17730976235593307,0.25
256,0.003,92,90.63044542813428,-0.006563763168287551,0.020162629236319653,0.6202347962379208,0.977205137550262,0.0012356643616403286,0.1785454267175734,0.25
256,0.003,93,90.63462260902264,0.004177180888362386,0.01839659696284222,0.6237032174441189,0.9980208538175275,0.001154928995748729,0.17970035571332213,0.25
256,0.003,94,90.62391706608042,-0.010705542942218926,0.01846618318150895,0.6284549118607624,0.9797858855239261,0.0011496286290316288,0.18084998434235375,0.25
256,0.003,95,90.61096530402142,-0.012951762059003613,0.020406667945504973,0.6302953294846746,0.9841862574388774,0.0012312584478276587,0.1820812427901814,0.25
256,0.003,96,90.60715181100703,-0.003813493014391156,0.020324666654294346,0.6106378745845636,0.9812451776495331,0.0012664869206383518,0.18334772971081975,0.25
256,0.003,97,90.59913982249064,-0.008011988516386737,0.019412820012757556,0.6259508511644771,0.9928884377410355,0.0011753620162677297,0.18452309172708747,0.25
256,0.003,98,90.59647089156178,-0.0026689309288627783,0.019436962106803696,0.6379932868374466,0.9829758454136285,0.0011604255206056125,0.18568351724769308,0.25
256,0.003,99,90.5926742971378,-0.0037965944239743976,0.019756709582485557,0.6460008925831792,0.9994053973746285,0.0011594007998062647,0.18684291804749933,0.25
256,0.003,100,90.56808406592684,-0.02459023121096493,0.019974809969048064,0.6464061215983463,0.9853160064040728,0.0011733238039717017,0.18801624185147103,0.25
256,0.003,101,90.58042804753937,0.012343981612531252,0.019625925912808317,0.6415691310831042,0.9998518610917432,0.0011577082340870203,0.18917395008555804,0.25
256,0.003,102,90.55911971324414,-0.021308334295227382,0.0197139224532999,0.6438896513717286,0.9887403602444096,0.001162646882413182,0.19033659696797123,0.25
256,0.003,103,90.56637631459866,0.007256601354512782,0.019599265799344477,0.6459912352845948,0.9698132367097808,0.0011640320019617898,0.19150062896993303,0.25
256,0.003,104,90.55603107858549,-0.010345236013165504,0.01975853500393992,0.6431978706538108,0.9534497951992106,0.001163153408038432,0.19266378237797147,0.25
256,0.003,105,90.54960951038917,-0.00642156819631623,0.020895781062749558,0.6444149230424641,0.9519776246043632,0.0012513609258989046,0.19391514330387036,0.25
256,0.003,106,90.50381601762669,-0.04579349276248479,0.019043341693373152,0.6276608345265207,0.9876832761993578,0.0011782807978682841,0.19509342410173863,0.25
256,0.003,107,90.54100156166464,0.03718554403795338,0.01924973623694428,0.6391432402980245,0.9825592947429194,0.001170042702281171,0.1962634668040198,0.25
256,0.003,108,90.49444615497971,-0.046555406684930745,0.019331969899152986,0.6390399478237426,0.9855315278704133,0.0011662942062865662,0.19742976101030635,0.25
256,0.003,109,90.4699150708349,-0.024531084144811643,0.019729375167044077,0.6421259156072158,0.9865079049996379,0.0011678452147647182,0.19859760622507105,0.25
256,0.003,110,90.46406218893823,-0.005852881896672102,0.019637392867185924,0.6429127604543105,0.9860299031849948,0.0011772215127067755,0.19977482773777783,0.25
256,0.003,111,90.4450118491438,-0.019050339794432603,0.019514286169622388,0.644743065662581,0.9991017880012956,0.001175288910379734,0.20095011664815757,0.25
256,0.003,112,90.42035867292606,-0.02465317621773977,0.01961562057720037,0.6426706490976196,0.9871089666275762,0.0011860649035627233,0.20213618155172028,0.25
256,0.003,113,90.40100839398255,-0.019350278943505828,0.020196045617847092,0.6497306503373709,0.9589831403044022,0.0011965616796865608,0.20333274323140685,0.25
256,0.003,114,90.41123932023598,0.010230926253427697,0.019761671086128745,0.6389920730895249,0.9683930549051636,0.001176221060264034,0.20450896429167087,0.25
256,0.003,115,90.3640816984717,-0.04715762176428484,0.019663160109415267,0.6444258035652283,0.9915703348382469,0.0011928337714702014,0.20570179806314107,0.25
256,0.003,116,90.32907975127172,-0.03500194719997296,0.019608572154777855,0.6378173512813825,0.9092868503248631,0.0012222690888019168,0.20692406715194298,0.25
256,0.003,117,90.31825059773236,-0.010829153539361869,0.021081726860790215,0.6547195012096652,0.9165772418733665,0.0012173051032200414,0.20814137225516302,0.25
256,0.003,118,90.32592906226041,0.007678464528055429,0.019920034906506998,0.6353767971989581,0.954665651334296,0.0012026502033355444,0.20934402245849856,0.25
256,0.003,119,90.29210935703865,-0.03381970522175948,0.019429610437710472,0.6425260522187155,0.9876872099209834,0.0011960460814110006,0.21054006853990956,0.25
256,0.003,120,90.27142666138103,-0.020682695657626482,0.01951855921699809,0.6451863321668002,0.9917848069269899,0.001212955600554802,0.21175302414046437,0.25
256,0.003,121,90.24630827462671,-0.02511838675431477,0.019404689681900022,0.6409391980122705,0.9569524963749255,0.0012166032965636934,0.21296962743702808,0.25
256,0.003,122,90.23160978342017,-0.014698491206544873,0.020429604978771422,0.636884751432207,0.9449299389780653,0.0012221087992732179,0.2141917362363013,0.25
256,0.003,123,90.22406815506135,-0.00754162835882255,0.019275629069746454,0.6437688595532066,0.9968059331166504,0.0012083350580224961,0.2154000712943238,0.25
256,0.003,124,87.22311339729059,-3.0009547577707565,0.019388393118179685,0.6455946913884253,0.8607717960025699,0.0012242911045230857,0.2166243623988469,0.16
256,0.003,125,87.21390121485618,-0.009212182434410465,0.0166082495400926,0.6191883627158327,0.9466290486007679,0.001106132114581151,0.21773049451342805,0.16
256,0.003,126,87.21987143114839,0.0059702162922121715,0.016229353219155838,0.6496777829766313,0.9865734755527378,0.0010845200213903978,0.21881501453481844,0.16
256,0.003,127,87.2100110143818,-0.009860416766585445,0.015343339276474677,0.6492715864406158,0.9526071516013045,0.0010742962083078382,0.2198893107431263,0.16
256,0.003,128,87.20507555408605,-0.004935460295754979,0.01518310842943004,0.6416683852123567,0.9496667726351739,0.0010565976276454621,0.22094590837077174,0.16
256,0.003,129,87.18613750084828,-0.01893805323777542,0.014593020723604173,0.6490662611666421,0.9489762624505524,0.0010477328782217638,0.2219936412489935,0.16
256,0.003,130,87.20433368622939,0.01819618538111456,0.014902704124897798,0.6413136850137454,0.9344996135916313,0.0010473614180221491,0.22304100266701565,0.16
256,0.003,131,87.19117442048302,-0.013159265746367055,0.014595134681560193,0.6519990217318139,0.9522343864106346,0.0010512656887049893,0.22409226835572063,0.16
256,0.003,132,87.18238997636429,-0.008784444118731471,0.01534109969591585,0.6548233629771191,0.8262079364075371,0.00107115777672579,0.22516342613244641,0.16
256,0.003,133,87.20956069702554,0.02717072066124615,0.016302406391300067,0.6492079813944637,0.9220375977755625,0.0011050024130939524,0.22626842854554036,0.16
256,0.003,134,87.11102806401595,-0.09853263300958304,0.013852168953173595,0.6327987258894707,0.954032790272465,0.0010552466897753936,0.22732367523531574,0.16
256,0.003,135,87.10248241025441,-0.008545653761544258,0.014489074133325371,0.6506584864019888,0.9845413617134618,0.0010635006671711688,0.22838717590248692,0.16
256,0.003,136,87.17759095982287,0.07510854956845492,0.014772633225181655,0.6464926484814678,0.9505570268821797,0.0010968264614297694,0.2294840023639167,0.16
256,0.003,137,87.04238620136638,-0.1352047584564815,0.015157006609880386,0.6287995858458918,0.9192783681345428,0.0011124456151422359,0.23059644797905893,0.16
256,0.003,138,87.11512104308729,0.0727348417209015,0.014524037041880771,0.6317330024231053,0.8944825374986906,0.0010857150708535113,0.23168216304991243,0.16
256,0.003,139,87.06850948296191,-0.04661156012537049,0.014466718053435508,0.6456978396612852,0.9044499813825272,0.0010650547725859366,0.23274721782249838,0.16
256,0.003,140,87.16587869500388,0.09736921204196847,0.01462827142454896,0.6317581634560381,0.8124949601565074,0.0011042851609243216,0.2338515029834227,0.16
256,0.003,141,87.06689577326509,-0.09898292173879497,0.016651657226778867,0.6693680666891064,0.8113601798774122,0.0011052209530419436,0.23495672393646463,0.16
256,0.003,142,87.09548111242874,0.02858533916365502,0.01432951885833465,0.6337671342805136,0.9974817222237959,0.0010748070997328653,0.2360315310361975,0.16
256,0.003,143,87.07410109943012,-0.02138001299861969,0.015103080484715677,0.6302825360309164,0.9056698036004773,0.0011445026821195474,0.23717603371831705,0.16
256,0.003,144,87.05988048715092,-0.014220612279203237,0.014633767343963471,0.6426831145904626,0.9306589225997934,0.0010881379938700048,0.23826417171218706,0.16
256,0.003,145,87.10711325622675,0.0472327690758334,0.01785958717706545,0.6721754730115244,0.8042215792067838,0.0011754141831815598,0.23943958589536862,0.16
256,0.003,146,87.01937371956035,-0.08773953666640466,0.014504534865622275,0.6283663018191802,0.9923921911865555,0.0010853941685744944,0.24052498006394313,0.16
256,0.003,147,87.02808819348212,0.008714473921770605,0.015386306835688883,0.6334383316042622,0.9034873003577915,0.0011484592613307694,0.2416734393252739,0.16
256,0.003,148,87.11059378240289,0.08250558892076754,0.01502738671668659,0.6463105188585977,0.9009781628293269,0.0010992191421860095,0.2427726584674599,0.16
256,0.003,149,87.00279674829908,-0.10779703410381103,0.015236148161670914,0.6341062469936979,0.8163079842786523,0.0011423799888260527,0.24391503845628595,0.16
256,0.003,150,87.05695874149376,0.05416199319468262,0.01752853928809322,0.6728368732151114,0.9352512918995767,0.0011451045817291268,0.24506014303801507,0.16
256,0.003,151,87.08131525503698,0.024356513543224878,0.015290266362360342,0.6491680677491654,0.9979657366543393,0.0011292464867982024,0.24618938952481328,0.16
256,0.003,152,87.00870272814475,-0.07261252689222886,0.015301867902531144,0.6475072713510728,0.9630992468905897,0.0011307694332342068,0.2473201589580475,0.16
256,0.003,153,87.06915165359553,0.060448925450771185,0.015587199696462157,0.6328677468032683,0.9268835137477993,0.0011344857244388203,0.24845464468248632,0.16
256,0.003,154,86.95852577570365,-0.11062587789187717,0.016326009440662228,0.6455861769060351,0.8900904955774498,0.0011409122254249524,0.24959555690791127,0.16
256,0.003,155,87.00968638594999,0.051160610246341776,0.01567150965050454,0.6539635940275069,0.9868324346562686,0.001105555004305178,0.25070111191221645,0.16
256,0.003,156,86.96054863072303,-0.049137755226965396,0.015649063696255204,0.6579357422751043,0.9205766877198831,0.001126274040708087,0.25182738595292453,0.16
256,0.003,157,86.95316709892667,-0.007381531796355034,0.015699092409789967,0.6400972173317693,0.9531544847644758,0.0011393701465553106,0.25296675609947983,0.16
256,0.003,158,86.93828828942748,-0.01487880949919429,0.015607078466500446,0.6409902560921044,0.9454153764540544,0.001127952282592734,0.25409470838207254,0.16
256,0.003,159,86.92576450301215,-0.012523786415329141,0.015968953138859678,0.6586308998683492,0.9294894878343224,0.00112410259629203,0.2552188109783646,0.16
256,0.003,160,86.9358295292725,0.010065026260349441,0.015729886809466284,0.6435814797138758,0.9996247467273636,0.0011370723141077316,0.25635588329247233,0.16
256,0.003,161,86.92927043758685,-0.006559091685645058,0.016351419730189942,0.6380020248162985,0.9326731811011209,0.0011951366633521153,0.25755101995582447,0.16
256,0.003,162,86.91774165487463,-0.0115287827122188,0.015869215394337464,0.6494778709539383,0.9558988555383868,0.0011407721919570824,0.25869179214778154,0.16
256,0.003,163,86.93629038484576,0.018548729971129774,0.01605175931250396,0.6465492161195848,0.96296403434309,0.0011435964975326839,0.25983538864531425,0.16
256,0.003,164,86.91119782030567,-0.025092564540088347,0.016320970619313226,0.6589337985040045,0.9026064537521559,0.0011576196318601867,0.2609930082771744,0.16
256,0.003,165,86.88333932286403,-0.027858497441641816,0.017118925851790666,0.6493987315190595,0.9301587257680348,0.0011906053188837703,0.2621836135960582,0.16
256,0.003,166,86.91963982314877,0.036300500284738746,0.016231319205354467,0.6406102202307377,0.9598178454598804,0.0011580112344881368,0.2633416248305463,0.16
256,0.003,167,86.85814366535816,-0.06149615779061435,0.016906925172746296,0.6641875821408363,0.9262760939050743,0.001164074183047225,0.2645056990135935,0.16
256,0.003,168,86.85674176102582,-0.0014019043323401092,0.01658023306754534,0.6474127588579408,0.8567656586634823,0.0011785696345490491,0.26568426864814254,0.16
256,0.003,169,86.85450656278319,-0.0022351982426300765,0.01947862904853149,0.6780307769652163,0.8038739071465759,0.0012311222970410555,0.2669153909451836,0.16
256,0.003,170,86.84409954049735,-0.010407022285832568,0.017262093290603672,0.6471092023696634,0.9969113356210088,0.0011906357891691977,0.2681060267343528,0.16
256,0.003,171,86.82848981987189,-0.015609720625462842,0.018669145862570034,0.6502656971438925,0.7895778983896916,0.0012764752583173866,0.26938250199267016,0.16
256,0.003,172,86.83372170713183,0.005231887259938617,0.01948500406864088,0.6778807731538107,0.8496678315747531,0.0011991278029580658,0.2705816297956282,0.16
256,0.003,173,86.79684166191004,-0.03688004522179256,0.016665127519405062,0.6544994592421294,0.9997963722770259,0.001158893526215748,0.27174052332184395,0.16
256,0.003,174,86.79945983708802,0.002618175177985904,0.017384043554745175,0.6524831152807244,0.9616929663876392,0.0012091954787932162,0.2729497188006372,0.16
256,0.003,175,86.76271301507278,-0.03674682201524604,0.017317973520506527,0.6536664208833026,0.9798773112889955,0.0011786165781349101,0.27412833537877207,0.16
256,0.003,176,86.76046100772787,-0.0022520073449072697,0.02073800464549561,0.6545094989264844,0.9340576598634694,0.001352347737610447,0.2754806831163825,0.16
256,0.003,177,86.72321531674596,-0.037245690981905,0.018968270664683092,0.6419901260253369,0.8982162547641999,0.0012956208341265963,0.2767763039505091,0.16
256,0.003,178,86.74797632450166,0.024761007755699893,0.019452467330599882,0.666222275028502,0.9106002161488571,0.0012436323395748944,0.27801993629008404,0.16
256,0.003,179,86.7427524731118,-0.005223851389857259,0.01787277553087595,0.6550650926076546,0.9628709429034858,0.0012250280811444074,0.2792449643712284,0.16
256,0.003,180,86.69127106311412,-0.051481409997691685,0.01803810566301839,0.6548098474943579,0.8590697705864697,0.0012151506366982812,0.2804601150079267,0.16
256,0.003,181,86.65069211858774,-0.04057894452637356,0.023600549513326567,0.6807257598173858,0.8572732343390065,0.0013810445769945033,0.28184115958492123,0.16
256,0.003,182,80.88655066003027,-5.764141458557475,0.017808525348300526,0.6399704338421165,0.7589433736211146,0.00122601236665367,0.2830671719515749,0.08
256,0.003,183,80.88885808860746,0.0023074285771969016,0.02435212342283773,0.6732763866005183,0.8342686520997982,0.0013266603426607278,0.2843938322942356,0.08
256,0.003,184,80.88479727137248,-0.0040608172349863025,0.01756167244229155,0.6634979141500903,0.8969818268125197,0.0012613964919634853,0.2856552287861991,0.08
256,0.003,185,80.87493920843357,-0.009858062938903345,0.013942425295421322,0.6330567015751047,0.9652936705860643,0.0011825160545000186,0.2868377448406991,0.08
256,0.003,186,80.86111357340582,-0.013825635027757244,0.012972493926736073,0.629832505462353,0.9799050888309566,0.0011338047362554938,0.28797154957695464,0.08
256,0.003,187,80.86730796532294,0.006194391917119901,0.013208994355318072,0.6424246147512565,0.8206483366967056,0.0011021762056835954,0.28907372578263824,0.08
256,0.003,188,80.87950321752248,0.012195252199546758,0.01684017416311481,0.6744033629012612,0.7359516579017882,0.001181876089535248,0.2902556018721735,0.08
256,0.003,189,80.86025857291399,-0.019244644608491512,0.012608368303117581,0.6463036182618931,0.9897528288439126,0.0010430339222284948,0.29129863579440196,0.08
256,0.003,190,80.85284694436567,-0.007411628548325666,0.013052447524948697,0.6537714066028251,0.9436111558632881,0.0011120356665181217,0.2924106714609201,0.08
256,0.003,191,80.85471470774652,0.001867763380857923,0.012504699615190011,0.6329087926905514,0.751730837102831,0.0010992281790503386,0.29350989963997043,0.08
256,0.003,192,80.87255553827427,0.017840830527745766,0.014080459575685298,0.6676552136891285,0.643585850035316,0.0011100669213090523,0.2946199665612795,0.08
256,0.003,193,80.85765275369141,-0.01490278458285843,0.013409563324675834,0.6703389192877345,0.8147790149715245,0.0010388445022445941,0.2956588110635241,0.08
256,0.003,194,80.80836885376392,-0.04928389992748805,0.012649141378274423,0.646551188249722,0.5641274863897383,0.0011109702793523886,0.29676978134287646,0.08
256,0.003,195,80.86528219393446,0.05691334017053862,0.01664739589149191,0.68551911171531,0.5714071462651155,0.0011752475549066707,0.2979450288977831,0.08
256,0.003,196,80.81988305577228,-0.045399138162181885,0.012259970859005986,0.6533946256464094,0.8893611586014448,0.0010135409693117672,0.2989585698670949,0.08
256,0.003,197,80.83939733209259,0.019514276320308,0.013264135317946239,0.6518713977302593,0.681065687383446,0.001123663386390258,0.30008223325348515,0.08
256,0.003,198,80.81040906390541,-0.02898826818717737,0.012239133168785781,0.6544308739741113,0.996006957587177,0.0010249023298249792,0.30110713558331015,0.08
256,0.003,199,80.8302792434921,0.019870179586689574,0.014733885215153134,0.6659475890792087,0.7134779160893402,0.0011851628837488233,0.30229229846705896,0.08
256,0.003,200,80.85796125682214,0.02768201333003617,0.013047917891427965,0.6353886847606148,0.913513565703702,0.0010689905627940762,0.30336128902985304,0.08
256,0.01,1,86.19035906289807,0.3144117265247388,1.1196454725683629,0.6325949237639266,0.9957667016865848,0.009999991050012551,0.009999991050012551,0.25
256,0.01,2,87.46335820697703,1.272999144078966,1.101882649401972,0.6499210548642499,0.9945596453513298,0.009662692848571583,0.019662683898584134,0.36
256,0.01,3,87.88564251550584,0.42228430852880194,1.0310267084037341,0.657399318775082,0.9962982114899506,0.009408953558098704,0.029071637456682838,0.36
256,0.01,4,88.26750622856333,0.38186371305749844,1.0380251296325582,0.6607724108389827,0.9962165392664944,0.009419927972741892,0.03849156542942473,0.36
256,0.01,5,88.59782230784897,0.33031607928563744,1.0639587249528804,0.6626068928020767,0.9960667947485518,0.009569122547442934,0.04806068797686766,0.36
256,0.01,6,88.95813094238048,0.3603086345315063,1.0693785707294856,0.6636160111731814,0.9950238182469892,0.00974431752416051,0.05780500550102817,0.36
256,0.01,7,89.22978640882454,0.27165546644405936,0.9923513206114913,0.6691193618679588,0.9188439646117494,0.009670990590418361,0.06747599609144653,0.36
256,0.01,8,88.34602100812891,-0.8837654006956228,0.6235307012413986,0.6772692156702879,0.7279830604892138,0.008594975014151095,0.07607097110559763,0.25
256,0.01,9,88.88305596588448,0.5370349577555658,0.50893446193469,0.6712880248886888,0.8769156138725626,0.008240416489714821,0.08431138759531245,0.25
256,0.01,10,89.22039784517106,0.33734187928658343,0.4206750597397277,0.6677100374529895,0.9395659230810842,0.007830274648345969,0.09214166224365843,0.25
256,0.01,11,89.2817190035911,0.06132115842004282,0.40218220916853,0.6441063788613537,0.9073188941332996,0.0074282271314878605,0.09956988937514628,0.25
256,0.01,12,89.27628163421892,-0.0054373693721885274,0.2718370581780964,0.6838444462787951,0.693202535521985,0.006678753538027199,0.10624864291317349,0.25
256,0.01,13,89.63373108327728,0.3574494490583646,0.2315564142782633,0.6617438989931429,0.41780244632106006,0.005942206498854327,0.11219084941202781,0.25
256,0.01,14,89.71740563201669,0.08367454873940972,0.1726884804492489,0.6147687204195389,0.7194944830515666,0.0051345742045223455,0.11732542361655016,0.25
256,0.01,15,89.6553595794755,-0.06204605254119144,0.12712624393001848,0.6795848314458752,0.3605195171458239,0.004618322111909659,0.12194374572845981,0.25
256,0.01,16,89.85969163366062,0.2043320541851159,0.14582160905966707,0.6426657535172422,0.6802681614018553,0.004760988342426844,0.12670473407088664,0.25
256,0.01,17,90.11761080996331,0.2579191763026927,0.15314683229677467,0.6671312408616416,0.20803102607986307,0.00474887106165659,0.13145360513254323,0.25
256,0.01,18,90.1912028384279,0.07359202846458857,0.0977428107076607,0.5710111216871343,0.5469261042547698,0.0044472278167996294,0.13590083294934285,0.25
256,0.01,19,90.20651331182056,0.015310473392659674,0.09900828623260313,0.6634426229412933,0.2653317122111222,0.004080253125297563,0.1399810860746404,0.25
256,0.01,20,90.35298440879443,0.14647109697386895,0.16499732815552137,0.6390470484439262,0.9240039314035582,0.004361051445863585,0.14434213752050398,0.25
256,0.01,21,90.50774396730087,0.1547595585064414,0.19289649507023682,0.709625370096075,0.25979531735138156,0.005112124183078241,0.14945426170358223,0.25
256,0.01,22,90.54256328295726,0.03481931565639229,0.06992142277409386,0.5718459762170922,0.8923477718903127,0.0038948784658423153,0.15334914016942455,0.25
256,0.01,23,90.58331857455894,0.04075529160168401,0.08265696965319412,0.686777905320748,0.6718709701632609,0.003801792868215999,0.15715093303764055,0.25
256,0.01,24,90.63634404686567,0.053025472306728716,0.1335442620158665,0.6743532895745126,0.9280178495880157,0.00418165965457027,0.1613325926922108,0.25
256,0.01,25,90.65824439109929,0.021900344233614533,0.09517578270596946,0.6982973608887674,0.9219266453020772,0.003960860226014649,0.16529345291822548,0.25
256,0.01,26,90.6927322610302,0.03448786993091346,0.07332796729561583,0.6779746610068793,0.9377801217202199,0.003655887000788273,0.16894933991901376,0.25
256,0.01,27,90.66397092075675,-0.0287613402734479,0.07597786611368587,0.6851578150581723,0.9587280473679977,0.0037142756271404563,0.17266361554615423,0.25
256,0.01,28,90.68368191290874,0.01971099215198535,0.06640700387715817,0.6526878852977247,0.9671980911674242,0.003692424931387387,0.1763560404775416,0.25
256,0.01,29,90.6596239575831,-0.024057955325645253,0.05996694558784742,0.6544380123724399,0.9341163149060117,0.003472361807416294,0.17982840228495792,0.25
256,0.01,30,90.64950152482888,-0.010122432754215538,0.0621008974847367,0.6656175090413726,0.9499918821541207,0.0034772939711595345,0.18330569625611745,0.25
256,0.01,31,90.60963486415713,-0.03986666067174838,0.062164551742474705,0.6627332533655783,0.9444201113293982,0.0036490797213662935,0.18695477597748375,0.25
256,0.01,32,90.58922752870373,-0.0204073354533989,0.06492671924759313,0.6406486596635266,0.9218826584368208,0.0037761214517352416,0.190730897429219,0.25
256,0.01,33,90.50324767494654,-0.08597985375719475,0.06425071378841861,0.6476418721275948,0.9485947279559647,0.003862524820430985,0.19459342224964998,0.25
256,0.01,34,90.43537230945898,-0.06787536548755213,0.06140224049871765,0.6386458962222491,0.8833979367169351,0.0036032239695142315,0.19819664621916422,0.25
256,0.01,35,90.37730644582169,-0.058065863637295934,0.06840148885505834,0.6812775975724931,0.8403365223033865,0.00367445280908987,0.2018710990282541,0.25
256,0.01,36,90.28520703159651,-0.09209941422517431,0.06634869159510129,0.6585538335490927,0.9759408607190266,0.003512440784976272,0.20538353981323038,0.25
256,0.01,37,90.22431628546487,-0.06089074613164769,0.07073504398849878,0.6742510450055501,0.9056387249372775,0.0036778863513652568,0.20906142616459564,0.25
256,0.01,38,90.1043445044761,-0.11997178098876304,0.06541897347882814,0.6859582370644922,0.8486681079854093,0.0036722440133676506,0.2127336701779633,0.25
256,0.01,39,87.13317688444778,-2.971167620028325,0.06440153821430232,0.6570754185713654,0.8826119196303776,0.0036638222945758903,0.2163974924725392,0.16
256,0.01,40,87.16477107452582,0.031594190078038764,0.051321807233490564,0.6502175298259074,0.8992186110119882,0.003389120076197102,0.2197866125487363,0.16
256,0.01,41,87.14119609231803,-0.02357498220779064,0.05299567292108311,0.6532011570458802,0.9636452451066094,0.0032479105556198562,0.22303452310435615,0.16
256,0.01,42,87.03348054651295,-0.10771554580507825,0.050820928644636915,0.684175181785258,0.8974720738900279,0.003240252540387489,0.22627477564474363,0.16
256,0.01,43,87.03717120710138,0.0036906605884325927,0.04624333381090459,0.668446554900576,0.9949519251430513,0.003213534468692846,0.22948831011343648,0.16
256,0.01,44,86.99114673222995,-0.04602447487143024,0.04743647040656758,0.6695059915853616,0.920989283191962,0.00328909721712848,0.23277740733056496,0.16
256,0.01,45,87.02387685614426,0.03273012391430541,0.04908171100196326,0.6613220209038599,0.974926025540625,0.0033000443652427425,0.2360774516958077,0.16
256,0.01,46,86.9740843347789,-0.04979252136536161,0.04714198749671379,0.6614033694353101,0.9603161863152369,0.003364274990568053,0.23944172668637576,0.16
256,0.01,47,86.94459286370653,-0.02949147107236172,0.04816014762566377,0.6636200404872024,0.9573403459581307,0.0033650181140487774,0.24280674480042452,0.16
256,0.01,48,86.90330274977363,-0.04129011393290227,0.04823800880304541,0.6586294427264797,0.9996152290641218,0.0034127468563509306,0.24621949165677545,0.16
256,0.01,49,86.86230007443393,-0.0410026753396977,0.04969680034439131,0.656563880967966,0.9757064440015739,0.0034969841287567954,0.24971647578553224,0.16
256,0.01,50,86.81482583398736,-0.04747424044657578,0.05094502414638866,0.6625882129480082,0.9704392965935712,0.0034859022418479084,0.25320237802738016,0.16
256,0.01,51,86.7891536469277,-0.025672187059655016,0.05224238892614257,0.6605471994119021,0.9772167365878023,0.0035592994143392987,0.25676167744171946,0.16
256,0.01,52,86.74211360987763,-0.047040037050066985,0.05367792759043971,0.6661979415288417,0.9773407593247863,0.003585752805523803,0.26034743024724327,0.16
256,0.01,53,86.66616737435791,-0.0759462355197229,0.05475722595585936,0.6639197429094484,0.9665565132776152,0.0036661452220363277,0.2640135754692796,0.16
256,0.01,54,86.60081014992244,-0.06535722443547343,0.056739775338056166,0.677205840382086,0.9435434751406445,0.003708710664175618,0.2677222861334552,0.16
256,0.01,55,86.53749964499012,-0.06331050493231771,0.05876138863686069,0.6658132566655633,0.9395109607978296,0.0037952879016740237,0.27151757403512927,0.16
256,0.01,56,86.44761826333416,-0.08988138165595672,0.06753819711064946,0.68135022526847,0.9543064896715667,0.0040954972552526584,0.27561307129038193,0.16
256,0.01,57,80.81456391207847,-5.633054351255694,0.061664859873191785,0.6663960300497002,0.8435782706752885,0.0039956720042097675,0.2796087432945917,0.08
256,0.01,58,80.80467608806795,-0.009887824010519353,0.06746033927332419,0.6744577672308764,0.6126492905546441,0.004136615614068382,0.28374535890866004,0.08
256,0.01,59,80.80594473190293,0.0012686438349760465,0.044620710666709286,0.6257522929780419,0.7029206400219833,0.00367953777677222,0.28742489668543225,0.08
256,0.01,60,80.7915616734413,-0.014383058461632459,0.04245307412321862,0.6483730705373331,0.9251774634544435,0.0034119730487686224,0.29083686973420086,0.08
256,0.01,61,80.78925538033225,-0.0023062931090436223,0.04782000760968721,0.6971000290994323,0.891603818575616,0.0037034205747540645,0.29454029030895496,0.08
256,0.01,62,80.80563705821815,0.016381677885902945,0.04057484742201711,0.6571975319640446,0.7709001077668254,0.0035602458645912034,0.29810053617354615,0.08
256,0.01,63,80.80344145197273,-0.0021956062454222547,0.046355820700006094,0.7001540053319906,0.4491333240298221,0.0034562299421438303,0.30155676611569,0.08
256,0.01,64,80.69830819389433,-0.10513325807839635,0.04590066720328548,0.6812915546047504,0.3572679896401215,0.0033192934428458065,0.3048760595585358,0.08
256,0.01,65,80.73051546262462,0.03220726873028923,0.08105456883762897,0.6791901647025907,0.6373292507249108,0.004106537455020287,0.30898259701355607,0.08
256,0.01,66,80.75164096988968,0.021125507265054466,0.04391333401522293,0.6622151361378938,0.7043239791368454,0.003294106705193647,0.3122767037187497,0.08
256,0.01,67,80.70562920025922,-0.046011769630453614,0.05980228454322876,0.6892906080643066,0.2583598255916459,0.003986614690789903,0.31626331840953964,0.08
256,0.01,68,80.68606061406358,-0.019568586195646276,0.07310128072120292,0.6774415599241659,0.7477703489977747,0.004049752545179681,0.32031307095471934,0.08
256,0.01,69,80.61502296470968,-0.07103764935389734,0.05535687532366623,0.6637093554999642,0.869997718540981,0.0040042246697465965,0.32431729562446593,0.08
256,0.03,1,87.94036290566322,2.064415569289906,3.358936960968092,0.6325949231073175,0.9703740635036665,0.029999978033270553,0.029999978033270553,0.36
256,0.03,2,88.96191470120164,1.0215517955384144,3.0155087310382616,0.6646775803417342,0.9716565637542957,0.027807934056517748,0.057807912089788305,0.36
256,0.03,3,88.11648283877751,-0.845431862424121,2.9835889598589636,0.6810272102262939,-0.31559538383918545,0.027607378694845273,0.08541529078463359,0.25
256,0.03,4,89.70414413489081,1.5876612961132963,1.9359147429223906,0.570395155918719,-0.4162618803805805,0.021686502456135726,0.10710179324076931,0.25
256,0.03,5,89.43054185015541,-0.2736022847354036,1.2581761018322275,0.5617207851955851,-0.6295391005037567,0.01813463364219748,0.1252364268829668,0.25
256,0.03,6,83.02136422177864,-6.409177628376767,0.8707436863272451,0.517917988344481,0.2625721416911775,0.01620946785248453,0.14144589473545133,0.36
256,0.03,7,89.44023172269887,6.4188675009202285,63.088266860666494,0.6784193007597555,-0.35189312717261256,0.03700770792039883,0.17845360265585014,0.25
256,0.03,8,89.08395237643211,-0.35627934626675994,-0.19927639087536914,-0.06329233062178892,0.9918491405432744,0.020143916441007267,0.1985975190968574,0.25
256,0.03,9,89.1757754819137,0.09182310548159478,0.6190119348954064,0.2842331150245907,0.9987939748548829,0.013996122617077196,0.2125936417139346,0.25
256,0.03,10,89.44863008383342,0.2728546019197182,0.8937232435038701,0.5070406216204035,0.9912629832916711,0.012593567454301395,0.225187209168236,0.25
256,0.03,11,86.72251031233749,-2.726119771495931,0.8232779072892407,0.5987973876878943,0.9814509881389093,0.011886879923439866,0.23707408909167588,0.16
256,0.03,12,87.00741758236619,0.28490727002869676,0.716419804889354,0.6325824107025029,0.9924565577379569,0.011282731064949947,0.24835682015662583,0.16
256,0.03,13,87.14491409672803,0.13749651436184251,0.5478632701421873,0.6517636637698254,0.9777314583129653,0.010440241722196823,0.2587970618788227,0.16
256,0.03,14,87.3376466395882,0.1927325428601705,0.4045769914855398,0.6419699193410665,0.9437257628272973,0.009404028847169973,0.26820109072599263,0.16
256,0.03,15,87.40080246458793,0.0631558249997255,0.30272104904282965,0.6208090055980232,0.967701767904813,0.008246137018277602,0.2764472277442702,0.16
256,0.03,16,87.37422749714004,-0.026574967447885456,0.20868620729572707,0.643335748209767,0.8610321390696316,0.007101863483947385,0.2835490912282176,0.16
256,0.03,17,87.4120615017413,0.03783400460126529,0.1240390707613073,0.6540424828180523,0.9356200098958726,0.005922966757159377,0.28947205798537695,0.16
256,0.03,18,87.40903039482984,-0.003031106911464576,0.09650485375071934,0.6426082353946005,0.8579022892159756,0.0051690258859407295,0.29464108387131765,0.16
256,0.03,19,87.37590934747202,-0.03312104735782384,0.09603336758045362,0.6541721689182783,0.9458501728955786,0.0049435110493478525,0.2995845949206655,0.16
256,0.03,20,87.36133981144499,-0.014569536027025265,0.11048345983609575,0.6296145593337511,0.9917405093893937,0.005089207880221069,0.3046738028008866,0.16
256,0.03,21,87.36063292142231,-0.0007068900226840924,0.10603092025367035,0.6444754162539473,0.942749901230063,0.005142885635517943,0.30981668843640453,0.16
256,0.03,22,87.31852641713128,-0.042106504291027136,0.08636334320262837,0.6513036056033173,0.9661076205084205,0.004902987629656743,0.31471967606606127,0.16
256,0.03,23,87.3530531187086,0.034526701577320296,0.08469668011264576,0.6649030631498398,0.8453811382067804,0.004833859193738099,0.31955353525979935,0.16
256,0.03,24,87.38118190415173,0.0281287854431298,0.06337025982507555,0.6004859793742922,0.9007915025110727,0.004437467617313168,0.3239910028771125,0.16
256,0.03,25,87.4291755615332,0.047993657381468324,0.07071094523179472,0.5681417350313287,0.9235242344964324,0.004387039496319901,0.32837804237343243,0.16
256,0.03,26,87.4380391164467,0.008863554913503435,0.11274264183678828,0.5725397803020406,0.9566007832303733,0.004940744942696506,0.33331878731612896,0.16
256,0.03,27,87.44370038559299,0.005661269146287395,0.2074732096366371,0.608347363690053,0.9912195179527206,0.006308235432370627,0.3396270227484996,0.16
256,0.03,28,87.28525516353015,-0.15844522206283784,0.3002336562861383,0.6312504105849778,0.9920304124581543,0.0077440359784155255,0.3473710587269151,0.16
256,0.03,29,87.27734021376872,-0.007914949761428147,0.3717123777172505,0.639862087202719,0.9936997776439909,0.008802530389520603,0.3561735891164357,0.16
256,0.03,30,87.08565625049275,-0.19168396327597748,0.4028916913028178,0.6496648648348899,0.9966773990091632,0.00938144706284396,0.36555503617927965,0.16
256,0.03,31,81.1541454636859,-5.931510786806854,0.377838150140813,0.6584412269223912,0.9806030461500148,0.009422409322352766,0.3749774455016324,0.08
256,0.03,32,81.09963308811889,-0.054512375567000504,0.48623618580218947,0.6655184474451359,0.9789503455973932,0.01022395587263669,0.3852014013742691,0.08
256,0.03,33,81.01652134372397,-0.08311174439492675,0.36162558982236254,0.674265370660695,0.9749975745022905,0.009622238235016947,0.39482363960928607,0.08
256,0.03,34,81.04072062251964,0.024199278795677515,0.27000767806324283,0.6758863092358728,0.985102740594715,0.008644705650852015,0.4034683452601381,0.08
256,0.03,35,81.01328862761407,-0.027431994905569468,0.2006358721076706,0.6763456432981074,0.9827512242446685,0.007706499651153981,0.4111748449112921,0.08
256,0.03,36,80.95295877221292,-0.06032985540115021,0.1564058075550963,0.6829998276207994,0.991406774511743,0.0070063437832443305,0.4181811886945364,0.08
256,0.05,1,88.57828374286267,2.7023364064893656,5.598230452874476,0.6325949636309213,0.9261552070847023,0.049999979697284515,0.049999979697284515,0.36
256,0.05,2,87.9685302135631,-0.6097535292995673,4.852272925281762,0.6767076896530287,-0.4528677725248774,0.04531850046339929,0.09531848016068381,0.25
256,0.05,3,89.80556611396206,1.8370359003989591,5.180450642584713,0.6205208444703418,-0.6753279161580341,0.03666554221594388,0.1319840223766277,0.25
256,0.05,4,90.21503713240436,0.4094710184423036,1.9303131043401778,0.47604948850152745,-0.6347536664007379,0.026511426319915803,0.1584954486965435,0.25
256,0.05,5,90.07106359060043,-0.14397354180393052,0.6826697340280177,0.4035616482085843,0.6054185708904736,0.019343490043184478,0.17783893873972798,0.25
256,0.05,6,86.93828751332744,-3.132776077272993,2.513544258119923,0.7197040611730572,0.5110943203478281,0.023991893222575732,0.2018308319623037,0.36
256,0.05,7,89.20471093329951,2.266423419972071,11.723643198423058,0.7697603020979134,-0.7075389777253912,0.04351602533740161,0.24534685729970532,0.25
256,0.05,8,89.29232789679143,0.08761696349192505,0.8606015582724913,0.21684146423688505,0.9778533406762759,0.022162387003981196,0.2675092443036865,0.25
256,0.05,9,89.8891325864343,0.596804689642866,2.028075722173833,0.5965064885930218,0.7597785856159827,0.024304676558339226,0.29181392086202573,0.25
256,0.05,10,90.23409004767576,0.34495746124146365,1.2582538256158464,0.6662965784220244,0.7633614246601524,0.02238096296988856,0.3141948838319143,0.25
256,0.05,11,90.31479962190971,0.08070957423394987,0.5714137840034713,0.6325376765972832,0.16638597728465102,0.01821375051027715,0.3324086343421914,0.25
256,0.05,12,87.42392107892542,-2.8908785429842965,0.21569266972138185,0.4653024219828229,0.7166004015256032,0.012577029241525284,0.3449856635837167,0.16
256,0.05,13,87.22095966453104,-0.2029614143943803,0.26696982011387116,0.5332988621017166,0.7846569039057384,0.011337441452060388,0.3563231050357771,0.16
256,0.05,14,87.00034885788517,-0.2206108066458654,0.3461185198481205,0.6097337093204617,0.8669720519181712,0.012165515836070607,0.3684886208718477,0.16
256,0.05,15,86.86927927691923,-0.13106958096594212,0.25259792328071434,0.7049317696182728,0.9345911270217909,0.011941630352503842,0.38043025122435153,0.16
256,0.05,16,86.62666620142693,-0.24261307549230082,0.1986323274130203,0.7168840622811893,0.9167827253443092,0.011329004680017159,0.3917592559043687,0.16
256,0.05,17,80.92004537858405,-5.706620822842879,0.18697863910914853,0.6840914070046581,0.879592315145862,0.011063213237308363,0.4028224691416771,0.08
256,0.05,18,80.73724870472768,-0.1827966738563731,0.24701662097278748,0.6549169654376524,0.9501972129868728,0.011975176718274489,0.41479764585995155,0.08
256,0.05,19,80.66902751454427,-0.068221190183408,0.22228776115644802,0.6623794903021286,0.9585317836331597,0.0118027261778162,0.42660037203776774,0.08
256,0.05,20,80.42931629952628,-0.23971121501799075,0.2115557351271158,0.6786116602524795,0.9780005447678553,0.011663382332435301,0.43826375437020304,0.08
256,0.1,1,88.83068909756801,2.954741761194697,11.196463375733988,0.6325949768112655,0.5834393132795852,0.09999997937143315,0.09999997937143315,0.25
256,0.1,2,73.64056560280738,-15.190123494760627,5.242941905292843,0.6945735746057135,-0.24099380846474933,0.07729340116163305,0.1772933805330662,0.08
256,0.1,3,83.29312445038325,9.652558847575861,85.92905469182989,0.6341735036639263,-0.15705595908989445,0.09201993914412382,0.26931331967719,0.16
256,0.1,4,84.88096682758618,1.5878423772029322,1.2735239036503143,0.16644737988708416,0.9758646285304344,0.05288538607215608,0.3221987057493461,0.16
256,0.1,5,85.50681084506783,0.6258440174816542,2.023476096886115,0.45297469314009614,-0.4372829540527393,0.040730407727077325,0.3629291134764234,0.16
256,0.1,6,79.75400976650161,-5.752801078566222,0.3761060686957983,0.2578849407023832,0.8998803609146359,0.023031851464002887,0.3859609649404263,0.08
256,0.1,7,80.49253383675332,0.7385240702517137,1.6032121587149888,0.6033662647369927,0.7584780125995685,0.025167039267360178,0.4111280042077865,0.08
256,0.1,8,80.29397705426771,-0.19855678248561048,0.38010424996391534,0.630597851829691,-0.20124759336457115,0.019532643609751068,0.43066064781753755,0.08
